Gene,Non-unique Gene name,Annotation,No. isolates,No. sequences
FAM_P1,1_453,hypothetical protein,6,6
FAM_P2,1_485,hypothetical protein,6,6
FAM_P3,1_549,hypothetical protein,6,6
FAM_P4,1_581,hypothetical protein,6,6
FAM_P5,1_709,hypothetical protein,6,6
FAM_P6,1_741,hypothetical protein,3,3
FAM_P7,1_837,hypothetical protein,6,6
FAM_P8,1_869,hypothetical protein,6,6
FAM_P9,1_901,hypothetical protein,6,6
FAM_P10,1_965,hypothetical protein,6,6
FAM_P11,1_1029,hypothetical protein,6,6
FAM_P12,1_1093,hypothetical protein,2,4
FAM_P13,1_1125,hypothetical protein,6,6
FAM_P14,1_1157,hypothetical protein,4,6
FAM_P15,1_1221,hypothetical protein,6,7
FAM_P16,1_1349,hypothetical protein,3,3
FAM_P17,1_1573,hypothetical protein,3,5
FAM_P18,1_1797,hypothetical protein,4,4
FAM_P19,1_1829,hypothetical protein,6,6
FAM_P20,1_1319,hypothetical protein,6,6
FAM_P21,1_1396,hypothetical protein,6,6
FAM_P22,1_1430,hypothetical protein,6,6
FAM_P23,1_1457,hypothetical protein,6,6
FAM_P24,1_1487,hypothetical protein,5,5
FAM_P25,1_1516,hypothetical protein,6,6
FAM_P26,1_2149,hypothetical protein,2,4
FAM_P27,1_1494,hypothetical protein,2,9
FAM_P28,1_1580,hypothetical protein,6,6
FAM_P29,1_1610,hypothetical protein,6,6
FAM_P30,1_1642,hypothetical protein,6,6
FAM_P31,1_1674,hypothetical protein,6,6
FAM_P32,1_1707,hypothetical protein,6,6
FAM_P33,1_1739,hypothetical protein,6,6
FAM_P34,1_1767,hypothetical protein,6,6
FAM_P35,1_1798,hypothetical protein,6,6
FAM_P36,1_2565,hypothetical protein,2,2
FAM_P37,1_1894,hypothetical protein,6,6
FAM_P38,1_1926,hypothetical protein,6,6
FAM_P39,1_1087,hypothetical protein,3,9
FAM_P40,1_2106,hypothetical protein,6,6
FAM_P41,1_2132,hypothetical protein,6,6
FAM_P42,1_2165,hypothetical protein,6,6
FAM_P43,1_2203,hypothetical protein,6,6
FAM_P44,1_2230,hypothetical protein,6,6
FAM_P45,1_2267,hypothetical protein,6,6
FAM_P46,1_2299,hypothetical protein,6,6
FAM_P47,1_2335,hypothetical protein,6,7
FAM_P48,1_1408,hypothetical protein,4,7
FAM_P49,1_2442,hypothetical protein,6,6
FAM_P50,1_2474,hypothetical protein,6,6
FAM_P51,1_2502,hypothetical protein,6,6
FAM_P52,1_2533,hypothetical protein,6,6
FAM_P53,1_2655,hypothetical protein,6,6
FAM_P54,1_3525,hypothetical protein,3,3
FAM_P55,1_2720,hypothetical protein,6,6
FAM_P56,1_2747,hypothetical protein,6,6
FAM_P57,1_2779,hypothetical protein,6,6
FAM_P58,1_3653,hypothetical protein,3,3
FAM_P59,1_2824,hypothetical protein,5,5
FAM_P60,1_2857,hypothetical protein,6,6
FAM_P61,1_3013,hypothetical protein,6,6
FAM_P62,1_3045,hypothetical protein,6,6
FAM_P63,1_3102,hypothetical protein,6,6
FAM_P64,1_3134,hypothetical protein,6,6
FAM_P65,1_3173,hypothetical protein,6,6
FAM_P66,1_3205,hypothetical protein,6,6
FAM_P67,1_3237,hypothetical protein,6,6
FAM_P68,1_3283,hypothetical protein,6,6
FAM_P69,1_3322,hypothetical protein,6,6
FAM_P70,1_3352,hypothetical protein,6,6
FAM_P71,1_3474,hypothetical protein,6,6
FAM_P72,1_3502,hypothetical protein,6,6
FAM_P73,1_3541,hypothetical protein,6,6
FAM_P74,1_3576,hypothetical protein,6,6
FAM_P75,1_3613,hypothetical protein,6,7
FAM_P76,1_3650,hypothetical protein,6,7
FAM_P77,1_3680,hypothetical protein,6,6
FAM_P78,1_3712,hypothetical protein,6,6
FAM_P79,1_3774,hypothetical protein,6,6
FAM_P80,1_3805,hypothetical protein,6,6
FAM_P81,1_3860,hypothetical protein,6,6
FAM_P82,1_3890,hypothetical protein,6,6
FAM_P83,1_3961,hypothetical protein,6,6
FAM_P84,1_3994,hypothetical protein,6,6
FAM_P85,1_4025,hypothetical protein,6,6
FAM_P86,1_4057,hypothetical protein,6,6
FAM_P87,1_4091,hypothetical protein,6,6
FAM_P88,1_4154,hypothetical protein,6,6
FAM_P89,1_4242,hypothetical protein,3,3
FAM_P90,1_4272,hypothetical protein,6,6
FAM_P91,1_4304,hypothetical protein,6,6
FAM_P92,3_45,hypothetical protein,3,3
FAM_P93,1_3246,hypothetical protein,6,6
FAM_P94,1_473,hypothetical protein,2,2
FAM_P95,1_2895,hypothetical protein,6,6
SING_P878,1_921,hypothetical protein,1,1
SING_P8CK,1_1113,hypothetical protein,1,1
FAM_P96,1_277,hypothetical protein,6,8
SING_P8KK,1_1401,hypothetical protein,1,1
SING_P8LG,1_1433,hypothetical protein,1,1
FAM_P97,1_2155,hypothetical protein,6,6
SING_P8V8,1_1785,hypothetical protein,1,1
FAM_P98,1_1596,hypothetical protein,5,5
SING_P9K4,1_2681,hypothetical protein,1,1
SING_P9QC,1_2905,hypothetical protein,1,1
SING_P9VO,1_3097,hypothetical protein,1,1
SING_PA10,1_3289,hypothetical protein,1,1
SING_PAIS,1_3929,hypothetical protein,1,1
SING_PALG,1_4025,hypothetical protein,1,1
SING_PAN8,1_4089,hypothetical protein,1,1
SING_PAPW,1_4185,hypothetical protein,1,1
SING_PATG,1_4313,hypothetical protein,1,1
SING_PAUC,1_4345,hypothetical protein,1,1
FAM_P99,1_4473,hypothetical protein,2,2
SING_PAZO,1_4537,hypothetical protein,1,1
SING_PB1G,1_4601,hypothetical protein,1,1
SING_PB50,2_13,hypothetical protein,1,1
SING_PB6S,2_77,hypothetical protein,1,1
FAM_P100,1_1064,hypothetical protein,2,4
FAM_P101,1_1498,hypothetical protein,6,6
FAM_P102,1_1467,hypothetical protein,5,5
FAM_P103,1_1407,hypothetical protein,6,6
FAM_P104,1_1357,hypothetical protein,6,6
FAM_P105,1_1584,hypothetical protein,6,6
FAM_P106,1_1614,hypothetical protein,6,6
FAM_P107,1_1646,hypothetical protein,6,6
FAM_P108,1_1678,hypothetical protein,6,6
FAM_P109,1_1743,hypothetical protein,6,6
FAM_P110,1_1802,hypothetical protein,6,6
FAM_P111,1_1832,hypothetical protein,6,6
FAM_P112,1_1864,hypothetical protein,6,6
FAM_P113,1_1930,hypothetical protein,6,6
FAM_P114,1_1351,hypothetical protein,4,6
FAM_P115,1_2027,hypothetical protein,6,6
FAM_P116,1_2063,hypothetical protein,6,6
FAM_P117,1_791,hypothetical protein,4,8
FAM_P118,1_2108,hypothetical protein,6,6
FAM_P119,1_2140,hypothetical protein,6,6
FAM_P120,1_2173,hypothetical protein,6,6
FAM_P121,1_2207,hypothetical protein,6,6
FAM_P122,1_2341,hypothetical protein,6,6
FAM_P123,1_2375,hypothetical protein,6,6
FAM_P124,1_2417,hypothetical protein,6,6
FAM_P125,1_2449,hypothetical protein,5,5
FAM_P126,1_2481,hypothetical protein,6,6
FAM_P127,1_2509,hypothetical protein,5,5
FAM_P128,1_2540,hypothetical protein,6,6
FAM_P129,1_2573,hypothetical protein,6,6
FAM_P130,1_2630,hypothetical protein,6,6
FAM_P131,1_2662,hypothetical protein,6,6
FAM_P132,1_2696,hypothetical protein,6,6
FAM_P133,1_2725,hypothetical protein,6,6
FAM_P134,1_2831,hypothetical protein,5,5
FAM_P135,1_2890,hypothetical protein,6,6
FAM_P136,1_2955,hypothetical protein,6,6
FAM_P137,1_2982,hypothetical protein,6,6
FAM_P138,1_3020,hypothetical protein,6,6
FAM_P139,1_3052,hypothetical protein,6,6
FAM_P140,1_3086,hypothetical protein,6,6
FAM_P141,1_3157,hypothetical protein,6,6
FAM_P142,1_3189,hypothetical protein,6,6
FAM_P143,1_3221,hypothetical protein,6,6
FAM_P144,1_4117,hypothetical protein,3,3
FAM_P145,1_3338,hypothetical protein,6,6
FAM_P146,1_3409,hypothetical protein,6,6
FAM_P147,1_3437,hypothetical protein,6,6
FAM_P148,1_3464,hypothetical protein,6,6
FAM_P149,1_3491,hypothetical protein,6,6
FAM_P150,1_3532,hypothetical protein,6,6
FAM_P151,1_4442,hypothetical protein,4,4
FAM_P152,1_3641,hypothetical protein,6,6
FAM_P153,1_3669,hypothetical protein,6,6
FAM_P154,1_3701,hypothetical protein,6,6
FAM_P155,1_3733,hypothetical protein,6,6
FAM_P156,1_3763,hypothetical protein,6,6
FAM_P157,1_3795,hypothetical protein,5,5
FAM_P158,1_3824,hypothetical protein,6,6
FAM_P159,1_3853,hypothetical protein,6,6
FAM_P160,1_3911,hypothetical protein,6,6
FAM_P161,1_3973,hypothetical protein,6,6
FAM_P162,1_4102,hypothetical protein,6,6
FAM_P163,1_4133,hypothetical protein,6,6
FAM_P164,1_5200,hypothetical protein,3,3
FAM_P165,1_4251,hypothetical protein,6,6
FAM_P166,1_4283,hypothetical protein,6,6
FAM_P167,1_4315,hypothetical protein,6,6
FAM_P168,1_29,hypothetical protein,6,6
FAM_P169,1_57,hypothetical protein,6,6
FAM_P170,1_89,hypothetical protein,6,6
FAM_P171,1_121,hypothetical protein,6,6
FAM_P172,1_157,hypothetical protein,6,6
FAM_P173,1_253,hypothetical protein,6,6
FAM_P174,1_317,hypothetical protein,3,19
FAM_P175,1_381,hypothetical protein,6,6
FAM_P176,1_413,hypothetical protein,6,6
FAM_P177,1_477,hypothetical protein,6,6
FAM_P178,1_509,hypothetical protein,6,6
FAM_P179,1_541,hypothetical protein,6,6
FAM_P180,1_573,hypothetical protein,6,6
FAM_P181,1_636,hypothetical protein,6,6
FAM_P182,1_700,hypothetical protein,6,6
FAM_P183,1_764,hypothetical protein,6,6
FAM_P184,1_860,hypothetical protein,6,6
FAM_P185,1_892,hypothetical protein,6,6
FAM_P186,1_1052,hypothetical protein,2,4
FAM_P187,1_1117,hypothetical protein,6,6
FAM_P188,1_1149,hypothetical protein,4,6
FAM_P189,1_1309,hypothetical protein,4,4
FAM_P190,1_1373,hypothetical protein,6,6
FAM_P191,1_1405,hypothetical protein,4,4
FAM_P192,1_1437,hypothetical protein,6,6
FAM_P193,1_1469,hypothetical protein,2,6
FAM_P194,1_1742,hypothetical protein,2,5
FAM_P195,1_1185,hypothetical protein,5,7
FAM_P196,1_1661,hypothetical protein,6,6
FAM_P197,1_1693,hypothetical protein,6,6
FAM_P198,1_318,hypothetical protein,3,21
FAM_P199,1_1789,hypothetical protein,6,6
FAM_P200,3_57,hypothetical protein,2,2
SING_PFGK,1_97,hypothetical protein,1,1
SING_PFIC,1_161,hypothetical protein,1,1
FAM_P201,1_3243,hypothetical protein,6,6
SING_PFS4,1_513,hypothetical protein,1,1
FAM_P202,1_758,hypothetical protein,2,2
SING_PG9W,1_1153,hypothetical protein,1,1
FAM_P203,1_2470,hypothetical protein,6,6
SING_PGQS,1_1761,hypothetical protein,1,1
FAM_P204,1_1938,hypothetical protein,6,6
FAM_P205,1_1458,hypothetical protein,6,6
SING_PH8K,1_2401,hypothetical protein,1,1
SING_PHC4,1_2529,hypothetical protein,1,1
SING_PHES,1_2625,hypothetical protein,1,1
SING_PHMS,1_2913,hypothetical protein,1,1
SING_PHNO,1_2945,hypothetical protein,1,1
SING_PHT0,1_3137,hypothetical protein,1,1
SING_PHXG,1_3297,hypothetical protein,1,1
FAM_P206,1_1559,hypothetical protein,6,6
FAM_P207,1_322,hypothetical protein,4,4
SING_PI6C,1_3617,hypothetical protein,1,1
FAM_P208,1_3877,hypothetical protein,2,2
FAM_P209,1_3965,hypothetical protein,6,6
SING_PIN8,1_4225,hypothetical protein,1,1
FAM_P210,2_12,hypothetical protein,2,2
FAM_P211,2_44,hypothetical protein,2,2
SING_PIZO,2_108,hypothetical protein,1,1
FAM_P212,1_2649,hypothetical protein,2,2
SING_PJ8K,4_2,hypothetical protein,1,1
SING_PJ9G,4_34,hypothetical protein,1,1
SING_PJAC,4_66,hypothetical protein,1,1
FAM_P213,1_3635,hypothetical protein,6,6
FAM_P214,1_3511,hypothetical protein,3,3
FAM_P215,1_3479,hypothetical protein,6,6
FAM_P216,1_3449,hypothetical protein,6,6
SING_PJIC,1_228,hypothetical protein,1,1
FAM_P217,1_3327,hypothetical protein,6,6
FAM_P218,1_3295,hypothetical protein,6,6
FAM_P219,1_3263,hypothetical protein,3,3
FAM_P220,1_3200,hypothetical protein,6,6
FAM_P221,1_3168,hypothetical protein,6,6
FAM_P222,1_3070,hypothetical protein,6,6
FAM_P223,1_3040,hypothetical protein,6,6
FAM_P224,1_3008,hypothetical protein,6,6
FAM_P225,1_2942,hypothetical protein,6,6
FAM_P226,1_2907,hypothetical protein,6,6
FAM_P227,1_2875,hypothetical protein,6,6
FAM_P228,1_2362,hypothetical protein,2,8
FAM_P229,1_2792,hypothetical protein,6,6
FAM_P230,1_2760,hypothetical protein,6,6
FAM_P231,1_2728,hypothetical protein,6,6
FAM_P232,1_2697,hypothetical protein,6,6
FAM_P233,1_2665,hypothetical protein,6,6
FAM_P234,1_2631,hypothetical protein,6,6
SING_PK5G,1_1060,hypothetical protein,1,1
FAM_P235,1_2438,hypothetical protein,6,6
FAM_P236,1_2397,hypothetical protein,6,6
FAM_P237,1_2295,hypothetical protein,6,6
FAM_P238,1_2263,hypothetical protein,6,6
FAM_P239,1_2231,hypothetical protein,6,6
FAM_P240,1_2199,hypothetical protein,6,6
FAM_P241,1_2167,hypothetical protein,6,6
FAM_P242,1_2134,hypothetical protein,6,6
SING_PKLG,1_1636,hypothetical protein,1,1
FAM_P243,1_1967,hypothetical protein,6,11
FAM_P244,1_1874,hypothetical protein,3,3
FAM_P245,1_1874,hypothetical protein,6,6
SING_PKPW,1_1796,hypothetical protein,1,1
FAM_P246,1_1821,hypothetical protein,6,6
FAM_P247,1_1790,hypothetical protein,6,6
FAM_P248,1_1758,hypothetical protein,6,6
FAM_P249,1_1694,hypothetical protein,6,6
FAM_P250,1_1662,hypothetical protein,6,6
FAM_P251,1_1630,hypothetical protein,6,6
FAM_P252,1_1598,hypothetical protein,6,6
FAM_P253,1_1567,hypothetical protein,6,6
FAM_P254,1_1438,hypothetical protein,6,8
FAM_P255,1_1326,hypothetical protein,5,5
FAM_P256,1_1832,hypothetical protein,6,6
FAM_P257,1_1639,hypothetical protein,6,6
FAM_P258,1_2638,hypothetical protein,4,4
FAM_P259,1_1519,hypothetical protein,6,6
FAM_P260,1_1424,hypothetical protein,6,6
FAM_P261,1_1392,hypothetical protein,6,6
FAM_P262,1_2053,hypothetical protein,4,9
FAM_P263,1_1121,hypothetical protein,6,6
FAM_P264,1_2948,hypothetical protein,3,3
FAM_P265,1_935,hypothetical protein,6,6
FAM_P266,1_3128,hypothetical protein,2,3
FAM_P267,1_3166,hypothetical protein,3,3
FAM_P268,1_560,hypothetical protein,6,6
FAM_P269,1_520,hypothetical protein,6,6
FAM_P270,1_454,hypothetical protein,6,6
FAM_P271,1_417,hypothetical protein,6,6
FAM_P272,1_382,hypothetical protein,6,6
SING_PLYC,1_3396,hypothetical protein,1,1
FAM_P273,1_160,hypothetical protein,6,6
FAM_P274,1_128,hypothetical protein,6,6
FAM_P275,1_92,hypothetical protein,6,6
FAM_P276,1_60,hypothetical protein,6,6
SING_PM90,1_3780,hypothetical protein,1,1
FAM_P277,1_4135,hypothetical protein,6,6
FAM_P278,1_4071,hypothetical protein,6,6
FAM_P279,1_4039,hypothetical protein,6,6
FAM_P280,1_4007,hypothetical protein,4,4
FAM_P281,1_3975,hypothetical protein,6,6
FAM_P282,1_3943,hypothetical protein,4,4
FAM_P283,1_3879,hypothetical protein,6,6
FAM_P284,1_3847,hypothetical protein,6,6
FAM_P285,1_3814,hypothetical protein,6,6
FAM_P286,1_3782,hypothetical protein,6,6
FAM_P287,1_3750,hypothetical protein,6,6
FAM_P288,1_3718,hypothetical protein,6,6
FAM_P289,1_3654,hypothetical protein,3,3
SING_PMQS,2_81,hypothetical protein,1,1
SING_PMRO,2_113,hypothetical protein,1,1
SING_PMTG,3_27,hypothetical protein,1,1
FAM_P290,2_43,hypothetical protein,2,2
FAM_P291,2_11,hypothetical protein,2,2
FAM_P292,1_101,hypothetical protein,6,6
FAM_P293,1_168,hypothetical protein,6,6
FAM_P294,1_293,hypothetical protein,4,4
FAM_P295,1_431,hypothetical protein,6,6
FAM_P296,1_467,hypothetical protein,6,6
FAM_P297,1_499,hypothetical protein,6,6
FAM_P298,1_1525,hypothetical protein,4,5
FAM_P299,1_925,hypothetical protein,6,6
FAM_P300,1_960,hypothetical protein,6,6
FAM_P301,1_1023,hypothetical protein,6,6
FAM_P302,1_1385,hypothetical protein,6,6
FAM_P303,1_1417,hypothetical protein,6,6
FAM_P304,1_2778,hypothetical protein,4,4
SING_PV9,1_1125,hypothetical protein,1,1
FAM_P305,1_1620,hypothetical protein,6,6
FAM_P306,1_1784,hypothetical protein,6,6
FAM_P307,1_1821,hypothetical protein,6,9
FAM_P308,1_1413,hypothetical protein,6,6
FAM_P309,1_1445,hypothetical protein,6,6
FAM_P310,1_1477,hypothetical protein,6,6
FAM_P311,1_1509,hypothetical protein,6,6
FAM_P312,1_1573,hypothetical protein,6,6
FAM_P313,1_1605,hypothetical protein,6,6
FAM_P314,1_1637,hypothetical protein,6,6
FAM_P315,1_1669,hypothetical protein,6,6
FAM_P316,1_1701,hypothetical protein,6,6
FAM_P317,1_1733,hypothetical protein,6,6
FAM_P318,1_1957,hypothetical protein,6,6
FAM_P319,1_2117,hypothetical protein,6,6
FAM_P320,1_2149,hypothetical protein,6,6
FAM_P321,1_71,hypothetical protein,6,6
FAM_P322,1_103,hypothetical protein,6,6
FAM_P323,1_135,hypothetical protein,3,3
FAM_P324,1_170,hypothetical protein,6,6
FAM_P325,1_202,hypothetical protein,6,6
SING_P7B,1_263,hypothetical protein,1,1
FAM_P326,1_371,hypothetical protein,6,6
FAM_P327,1_404,hypothetical protein,6,6
FAM_P328,1_433,hypothetical protein,6,6
FAM_P329,1_469,hypothetical protein,6,6
FAM_P330,1_928,hypothetical protein,6,6
FAM_P331,1_992,hypothetical protein,6,6
FAM_P332,1_1025,hypothetical protein,6,6
FAM_P333,1_2960,hypothetical protein,4,4
FAM_P334,1_1239,hypothetical protein,6,6
FAM_P335,1_1387,hypothetical protein,6,6
FAM_P336,1_1419,hypothetical protein,6,6
FAM_P337,1_1449,hypothetical protein,6,6
FAM_P338,1_1622,hypothetical protein,6,6
FAM_P339,1_1689,hypothetical protein,6,6
FAM_P340,1_1825,hypothetical protein,6,6
FAM_P341,1_1351,hypothetical protein,6,6
FAM_P342,1_1383,hypothetical protein,5,5
FAM_P343,1_1415,hypothetical protein,5,5
FAM_P344,1_1511,hypothetical protein,6,6
SING_P16V,1_1543,hypothetical protein,1,1
FAM_P345,1_1575,hypothetical protein,6,6
FAM_P346,1_1703,hypothetical protein,6,6
FAM_P347,1_1959,hypothetical protein,6,6
FAM_P348,1_2087,hypothetical protein,6,8
FAM_P349,1_2119,hypothetical protein,6,6
FAM_P350,1_2151,hypothetical protein,6,6
FAM_P351,1_2215,hypothetical protein,6,6
FAM_P352,1_2247,hypothetical protein,6,6
FAM_P353,1_2279,hypothetical protein,6,6
FAM_P354,1_2311,hypothetical protein,6,6
SING_P1UV,1_2407,hypothetical protein,1,1
SING_P207,1_2599,hypothetical protein,1,1
FAM_P355,1_2951,hypothetical protein,6,6
FAM_P356,1_3079,hypothetical protein,4,4
FAM_P357,1_3111,hypothetical protein,6,6
FAM_P358,1_3143,hypothetical protein,6,6
FAM_P359,1_3175,hypothetical protein,6,6
FAM_P360,1_1933,hypothetical protein,6,6
FAM_P361,1_1870,hypothetical protein,6,6
SING_PKPY,1_1798,hypothetical protein,1,1
FAM_P362,1_1819,hypothetical protein,6,6
FAM_P363,1_1788,hypothetical protein,6,6
FAM_P364,1_1692,hypothetical protein,6,6
FAM_P365,1_1660,hypothetical protein,6,6
FAM_P366,1_1628,hypothetical protein,6,6
FAM_P367,1_1596,hypothetical protein,6,6
FAM_P368,1_1324,hypothetical protein,5,5
FAM_P369,1_2640,hypothetical protein,4,4
FAM_P370,1_1517,hypothetical protein,6,6
FAM_P371,1_1422,hypothetical protein,6,6
FAM_P372,1_1390,hypothetical protein,6,6
FAM_P373,1_2822,hypothetical protein,1,2
FAM_P374,1_558,hypothetical protein,6,6
SING_PLYE,1_3398,hypothetical protein,1,1
SING_PLZA,1_3430,hypothetical protein,1,1
FAM_P375,1_189,hypothetical protein,6,6
SING_PM92,1_3782,hypothetical protein,1,1
FAM_P376,1_3652,hypothetical protein,2,2
SING_PMP2,2_19,hypothetical protein,1,1
SING_PMPY,2_51,hypothetical protein,1,1
FAM_P377,1_1872,hypothetical protein,4,27
SING_PMRQ,2_115,hypothetical protein,1,1
SING_PMTI,3_29,hypothetical protein,1,1
FAM_P378,2_41,hypothetical protein,2,2
FAM_P379,2_9,hypothetical protein,2,2
FAM_P380,1_172,hypothetical protein,6,6
SING_PIG6,1_3971,hypothetical protein,1,1
FAM_P381,1_4178,hypothetical protein,2,2
SING_PIME,1_4195,hypothetical protein,1,1
SING_PINA,1_4227,hypothetical protein,1,1
FAM_P382,2_14,hypothetical protein,2,2
FAM_P383,2_46,hypothetical protein,2,2
SING_PIZQ,2_110,hypothetical protein,1,1
FAM_P384,1_2651,hypothetical protein,2,2
FAM_P385,2_10,hypothetical protein,2,2
SING_PJ8M,4_4,hypothetical protein,1,1
SING_PJ9I,4_36,hypothetical protein,1,1
SING_PJAE,4_68,hypothetical protein,1,1
SING_PJBA,4_100,hypothetical protein,1,1
FAM_P386,1_3633,hypothetical protein,6,6
FAM_P387,1_3601,hypothetical protein,6,6
FAM_P388,1_3509,hypothetical protein,4,4
FAM_P389,1_3477,hypothetical protein,6,6
FAM_P390,1_3447,hypothetical protein,6,6
SING_PJIE,1_230,hypothetical protein,1,1
FAM_P391,1_3390,hypothetical protein,6,6
FAM_P392,1_3357,hypothetical protein,6,6
FAM_P393,1_3293,hypothetical protein,6,6
FAM_P394,1_3261,hypothetical protein,3,3
FAM_P395,1_3230,hypothetical protein,6,6
FAM_P396,1_3166,hypothetical protein,6,6
FAM_P397,1_3038,hypothetical protein,6,6
FAM_P398,1_3006,hypothetical protein,6,6
FAM_P399,1_2940,hypothetical protein,6,6
FAM_P400,1_2905,hypothetical protein,6,6
FAM_P401,1_2873,hypothetical protein,6,6
FAM_P402,1_2841,hypothetical protein,6,6
SING_PK5I,1_1062,hypothetical protein,1,1
FAM_P403,1_2395,hypothetical protein,6,6
FAM_P404,1_2361,hypothetical protein,6,6
FAM_P405,1_1802,hypothetical protein,2,2
FAM_P406,1_2293,hypothetical protein,6,6
FAM_P407,1_2261,hypothetical protein,6,6
FAM_P408,1_2197,hypothetical protein,6,6
FAM_P409,1_2101,hypothetical protein,6,6
SING_PKLI,1_1638,hypothetical protein,1,1
SING_PB64,2_53,hypothetical protein,1,1
FAM_P410,1_1622,hypothetical protein,5,5
FAM_P411,1_1686,hypothetical protein,6,6
FAM_P412,1_1779,hypothetical protein,5,5
FAM_P413,1_1809,hypothetical protein,6,6
FAM_P414,1_1840,hypothetical protein,6,6
FAM_P415,1_1906,hypothetical protein,4,5
FAM_P416,1_1946,hypothetical protein,6,6
FAM_P417,1_2349,hypothetical protein,6,6
FAM_P418,1_2425,hypothetical protein,6,6
FAM_P419,1_2457,hypothetical protein,5,5
FAM_P420,1_2516,hypothetical protein,6,6
FAM_P421,1_2548,hypothetical protein,6,6
FAM_P422,1_3444,hypothetical protein,3,3
FAM_P423,1_2639,hypothetical protein,6,6
FAM_P424,1_2670,hypothetical protein,6,6
FAM_P425,1_2704,hypothetical protein,6,6
FAM_P426,1_2962,hypothetical protein,6,7
FAM_P427,1_2996,hypothetical protein,6,6
FAM_P428,1_3028,hypothetical protein,6,6
FAM_P429,1_3059,hypothetical protein,6,6
FAM_P430,1_3094,hypothetical protein,6,6
FAM_P431,1_3126,hypothetical protein,6,6
FAM_P432,1_3229,hypothetical protein,6,6
FAM_P433,1_3314,hypothetical protein,6,6
FAM_P434,1_3346,hypothetical protein,6,6
FAM_P435,1_4285,hypothetical protein,3,3
FAM_P436,1_4317,hypothetical protein,4,4
FAM_P437,1_4482,hypothetical protein,2,2
FAM_P438,1_141,hypothetical protein,6,6
FAM_P439,1_269,hypothetical protein,3,3
FAM_P440,1_365,hypothetical protein,5,5
FAM_P441,1_461,hypothetical protein,6,6
FAM_P442,1_493,hypothetical protein,6,6
FAM_P443,1_525,hypothetical protein,3,3
FAM_P444,1_589,hypothetical protein,3,3
FAM_P445,1_621,hypothetical protein,6,6
FAM_P446,1_653,hypothetical protein,6,6
FAM_P447,1_685,hypothetical protein,6,6
FAM_P448,1_717,hypothetical protein,6,6
FAM_P449,1_749,hypothetical protein,3,3
FAM_P450,1_845,hypothetical protein,6,6
FAM_P451,1_877,hypothetical protein,6,6
FAM_P452,1_909,hypothetical protein,6,6
FAM_P453,1_941,hypothetical protein,6,6
FAM_P454,1_973,hypothetical protein,6,6
FAM_P455,1_1101,hypothetical protein,6,6
FAM_P456,1_1165,hypothetical protein,2,4
FAM_P457,1_1549,hypothetical protein,3,3
FAM_P458,1_1581,hypothetical protein,4,4
FAM_P459,1_1613,hypothetical protein,6,6
FAM_P460,1_1645,hypothetical protein,6,6
FAM_P461,1_1805,hypothetical protein,6,6
FAM_P462,1_1299,hypothetical protein,6,6
FAM_P463,1_1327,hypothetical protein,5,5
FAM_P464,1_1555,hypothetical protein,4,6
FAM_P465,1_2573,hypothetical protein,2,2
FAM_P466,1_2765,hypothetical protein,2,2
FAM_P467,1_1811,hypothetical protein,6,6
FAM_P468,1_1842,hypothetical protein,6,6
FAM_P469,1_1942,hypothetical protein,6,6
FAM_P470,1_1971,hypothetical protein,6,6
FAM_P471,1_2034,hypothetical protein,6,6
FAM_P472,1_2183,hypothetical protein,6,6
FAM_P473,1_2351,hypothetical protein,6,6
FAM_P474,1_2386,hypothetical protein,6,6
FAM_P475,1_2427,hypothetical protein,6,6
FAM_P476,1_2459,hypothetical protein,6,6
FAM_P477,1_2518,hypothetical protein,6,6
FAM_P478,1_2550,hypothetical protein,6,6
FAM_P479,1_2608,hypothetical protein,5,8
FAM_P480,1_2641,hypothetical protein,6,6
FAM_P481,1_2672,hypothetical protein,6,6
FAM_P482,1_2998,hypothetical protein,6,6
FAM_P483,1_3030,hypothetical protein,6,6
FAM_P484,1_3061,hypothetical protein,6,6
SING_PCTQ,1_2092,hypothetical protein,1,1
FAM_P485,1_3316,hypothetical protein,6,6
FAM_P486,1_3376,hypothetical protein,6,6
FAM_P487,1_3414,hypothetical protein,6,6
FAM_P488,1_4484,hypothetical protein,2,2
FAM_P489,1_4516,hypothetical protein,2,2
FAM_P490,1_4676,hypothetical protein,2,2
FAM_P491,1_3983,hypothetical protein,6,6
FAM_P492,1_4080,hypothetical protein,6,6
FAM_P493,1_4112,hypothetical protein,6,6
FAM_P494,1_4143,hypothetical protein,6,6
FAM_P495,1_4175,hypothetical protein,6,6
FAM_P496,1_4293,hypothetical protein,6,6
FAM_P497,1_135,hypothetical protein,2,2
FAM_P498,1_295,hypothetical protein,2,2
FAM_P499,1_806,hypothetical protein,2,2
FAM_P500,1_1062,hypothetical protein,2,2
FAM_P501,1_1159,hypothetical protein,2,2
FAM_P502,1_1191,hypothetical protein,2,2
FAM_P503,1_1255,hypothetical protein,2,2
FAM_P504,1_1287,hypothetical protein,2,2
FAM_P505,1_1799,hypothetical protein,4,4
FAM_P506,3_35,hypothetical protein,3,4
FAM_P507,3_14,hypothetical protein,2,2
SING_PFGU,1_107,hypothetical protein,1,1
SING_PG0E,1_811,hypothetical protein,1,1
SING_PGA6,1_1163,hypothetical protein,1,1
FAM_P508,1_2355,hypothetical protein,6,6
FAM_P509,1_2085,hypothetical protein,6,6
SING_PGOE,1_1675,hypothetical protein,1,1
SING_PGR2,1_1771,hypothetical protein,1,1
SING_PGRY,1_1803,hypothetical protein,1,1
FAM_P510,1_1448,hypothetical protein,5,5
SING_PH8U,1_2411,hypothetical protein,1,1
SING_PHE6,1_2603,hypothetical protein,1,1
SING_PHN2,1_2923,hypothetical protein,1,1
FAM_P511,1_696,hypothetical protein,6,6
FAM_P512,1_562,hypothetical protein,6,6
SING_PI9A,1_3723,hypothetical protein,1,1
FAM_P513,1_4296,hypothetical protein,6,8
SING_PINI,1_4235,hypothetical protein,1,1
FAM_P514,1_2181,hypothetical protein,6,6
FAM_P515,1_2213,hypothetical protein,6,6
FAM_P516,1_2245,hypothetical protein,6,6
FAM_P517,1_2277,hypothetical protein,6,6
FAM_P518,1_2309,hypothetical protein,4,4
FAM_P519,1_2437,hypothetical protein,6,6
FAM_P520,1_2469,hypothetical protein,6,6
FAM_P521,1_2661,hypothetical protein,4,4
FAM_P522,1_2757,hypothetical protein,6,6
FAM_P523,1_2789,hypothetical protein,6,6
FAM_P524,1_2853,hypothetical protein,6,6
FAM_P525,1_2885,hypothetical protein,6,6
FAM_P526,1_2949,hypothetical protein,6,6
FAM_P527,1_3077,hypothetical protein,4,4
FAM_P528,1_3109,hypothetical protein,6,6
FAM_P529,1_3141,hypothetical protein,6,6
FAM_P530,1_3269,hypothetical protein,6,6
FAM_P531,1_3301,hypothetical protein,4,4
FAM_P532,1_3333,hypothetical protein,6,6
FAM_P533,1_3365,hypothetical protein,6,6
FAM_P534,1_3397,hypothetical protein,6,6
FAM_P535,1_3429,hypothetical protein,6,6
FAM_P536,1_3493,hypothetical protein,6,6
FAM_P537,1_3525,hypothetical protein,6,6
SING_P2QT,1_3557,hypothetical protein,1,1
FAM_P538,1_3621,hypothetical protein,6,6
FAM_P539,1_3653,hypothetical protein,3,3
FAM_P540,1_3717,hypothetical protein,6,6
FAM_P541,1_3749,hypothetical protein,6,6
FAM_P542,1_3781,hypothetical protein,6,6
FAM_P543,1_3813,hypothetical protein,6,6
FAM_P544,1_3845,hypothetical protein,6,6
FAM_P545,1_4005,hypothetical protein,4,4
FAM_P546,1_4037,hypothetical protein,6,6
FAM_P547,1_4069,hypothetical protein,6,6
SING_P3AD,1_4261,hypothetical protein,1,1
FAM_P548,1_6,hypothetical protein,6,6
FAM_P549,1_38,hypothetical protein,6,6
FAM_P550,1_230,hypothetical protein,3,3
FAM_P551,1_262,hypothetical protein,6,6
FAM_P552,1_326,hypothetical protein,5,5
FAM_P553,1_358,hypothetical protein,3,3
FAM_P554,1_390,hypothetical protein,5,5
FAM_P555,1_422,hypothetical protein,6,6
FAM_P556,1_486,hypothetical protein,6,6
FAM_P557,1_518,hypothetical protein,6,6
FAM_P558,1_550,hypothetical protein,6,6
FAM_P559,1_582,hypothetical protein,6,6
FAM_P560,1_646,hypothetical protein,6,6
FAM_P561,1_710,hypothetical protein,6,6
FAM_P562,1_742,hypothetical protein,3,3
FAM_P563,1_838,hypothetical protein,6,6
FAM_P564,1_870,hypothetical protein,6,6
FAM_P565,1_902,hypothetical protein,6,6
FAM_P566,1_934,hypothetical protein,6,6
FAM_P567,1_966,hypothetical protein,5,5
FAM_P568,1_1094,hypothetical protein,2,19
FAM_P569,1_1222,hypothetical protein,6,6
FAM_P570,1_1574,hypothetical protein,3,5
FAM_P571,1_1606,hypothetical protein,6,6
FAM_P572,1_1493,hypothetical protein,2,13
FAM_P573,1_1798,hypothetical protein,4,4
FAM_P574,1_1830,hypothetical protein,6,6
FAM_P575,1_1749,hypothetical protein,2,6
FAM_P576,1_1397,hypothetical protein,4,4
FAM_P577,1_1488,hypothetical protein,5,5
FAM_P578,1_1517,hypothetical protein,6,6
FAM_P579,1_1068,hypothetical protein,2,6
FAM_P580,1_2150,hypothetical protein,2,4
FAM_P581,1_1704,hypothetical protein,2,4
FAM_P582,1_2566,hypothetical protein,2,2
FAM_P583,1_2918,hypothetical protein,3,3
FAM_P584,1_2107,hypothetical protein,6,6
FAM_P585,1_2133,hypothetical protein,6,6
FAM_P586,1_2166,hypothetical protein,6,6
FAM_P587,1_2204,hypothetical protein,6,6
FAM_P588,1_2268,hypothetical protein,6,6
FAM_P589,1_2300,hypothetical protein,6,6
FAM_P590,1_2336,hypothetical protein,6,6
FAM_P591,1_2443,hypothetical protein,6,6
FAM_P592,1_2475,hypothetical protein,6,6
FAM_P593,1_798,hypothetical protein,2,4
FAM_P594,1_2656,hypothetical protein,6,6
FAM_P595,1_3526,hypothetical protein,3,3
FAM_P596,1_2748,hypothetical protein,6,6
FAM_P597,1_2780,hypothetical protein,6,6
FAM_P598,1_3654,hypothetical protein,3,3
FAM_P599,1_2825,hypothetical protein,5,5
FAM_P600,1_2858,hypothetical protein,6,6
FAM_P601,1_3750,hypothetical protein,4,4
FAM_P602,1_3014,hypothetical protein,6,6
FAM_P603,1_3046,hypothetical protein,6,6
FAM_P604,1_3174,hypothetical protein,6,6
FAM_P605,1_3238,hypothetical protein,6,6
FAM_P606,1_3284,hypothetical protein,6,6
FAM_P607,1_3323,hypothetical protein,6,6
FAM_P608,1_3353,hypothetical protein,6,6
FAM_P609,1_3382,hypothetical protein,6,6
FAM_P610,1_3421,hypothetical protein,6,6
FAM_P611,1_3475,hypothetical protein,6,6
FAM_P612,1_3503,hypothetical protein,6,6
FAM_P613,1_3542,hypothetical protein,6,6
FAM_P614,1_3577,hypothetical protein,6,6
FAM_P615,1_3614,hypothetical protein,6,6
FAM_P616,1_4582,hypothetical protein,3,3
FAM_P617,1_3681,hypothetical protein,6,6
FAM_P618,1_3713,hypothetical protein,6,6
FAM_P619,1_3743,hypothetical protein,6,6
FAM_P620,1_3775,hypothetical protein,6,6
FAM_P621,1_3806,hypothetical protein,6,6
FAM_P622,1_3835,hypothetical protein,6,6
FAM_P623,1_3861,hypothetical protein,6,6
FAM_P624,1_3891,hypothetical protein,6,6
FAM_P625,1_3924,hypothetical protein,6,6
FAM_P626,1_3995,hypothetical protein,6,6
FAM_P627,1_4026,hypothetical protein,6,6
FAM_P628,1_4058,hypothetical protein,6,6
FAM_P629,1_4092,hypothetical protein,6,6
FAM_P630,1_4123,hypothetical protein,6,6
FAM_P631,1_4155,hypothetical protein,6,6
FAM_P632,1_4243,hypothetical protein,5,5
FAM_P633,1_4273,hypothetical protein,5,5
FAM_P634,1_4305,hypothetical protein,6,6
FAM_P635,1_3585,hypothetical protein,6,6
FAM_P636,1_3396,hypothetical protein,6,6
SING_P879,1_922,hypothetical protein,1,1
SING_P8DH,1_1146,hypothetical protein,1,1
FAM_P637,1_1178,hypothetical protein,2,5
SING_P8LH,1_1434,hypothetical protein,1,1
SING_P8V9,1_1786,hypothetical protein,1,1
FAM_P638,1_1792,hypothetical protein,6,6
SING_P9K5,1_2682,hypothetical protein,1,1
SING_P9LX,1_2746,hypothetical protein,1,1
SING_P9VP,1_3098,hypothetical protein,1,1
SING_PA11,1_3290,hypothetical protein,1,1
SING_PABP,1_3674,hypothetical protein,1,1
SING_PAMD,1_4058,hypothetical protein,1,1
SING_PAN9,1_4090,hypothetical protein,1,1
SING_PAPX,1_4186,hypothetical protein,1,1
SING_PATH,1_4314,hypothetical protein,1,1
SING_PAUD,1_4346,hypothetical protein,1,1
FAM_P639,1_4474,hypothetical protein,2,2
SING_PAZP,1_4538,hypothetical protein,1,1
SING_PB1H,1_4602,hypothetical protein,1,1
FAM_P640,1_3657,hypothetical protein,3,3
SING_PB51,2_14,hypothetical protein,1,1
SING_PB5X,2_46,hypothetical protein,1,1
SING_PB6T,2_78,hypothetical protein,1,1
FAM_P641,1_1497,hypothetical protein,6,6
FAM_P642,1_1406,hypothetical protein,6,6
FAM_P643,1_1356,hypothetical protein,6,6
FAM_P644,1_1585,hypothetical protein,6,6
FAM_P645,1_1615,hypothetical protein,6,6
FAM_P646,1_1647,hypothetical protein,6,6
FAM_P647,1_1679,hypothetical protein,6,6
FAM_P648,1_1712,hypothetical protein,6,6
FAM_P649,1_1744,hypothetical protein,6,6
FAM_P650,1_1772,hypothetical protein,6,6
FAM_P651,1_1803,hypothetical protein,6,6
FAM_P652,1_1833,hypothetical protein,6,6
FAM_P653,1_1865,hypothetical protein,6,6
FAM_P654,1_1899,hypothetical protein,6,6
FAM_P655,1_1931,hypothetical protein,6,6
FAM_P656,1_1352,hypothetical protein,4,6
FAM_P657,1_2014,hypothetical protein,6,8
FAM_P658,1_2028,hypothetical protein,6,6
FAM_P659,1_2064,hypothetical protein,6,6
FAM_P660,1_2090,hypothetical protein,6,6
FAM_P661,1_790,hypothetical protein,3,7
FAM_P662,1_2109,hypothetical protein,6,6
FAM_P663,1_2141,hypothetical protein,6,6
FAM_P664,1_2174,hypothetical protein,6,6
FAM_P665,1_2208,hypothetical protein,6,6
FAM_P666,1_2342,hypothetical protein,6,6
FAM_P667,1_2418,hypothetical protein,6,6
FAM_P668,1_2450,hypothetical protein,5,5
FAM_P669,1_2482,hypothetical protein,6,6
FAM_P670,1_2510,hypothetical protein,6,6
FAM_P671,1_2541,hypothetical protein,6,6
FAM_P672,1_2574,hypothetical protein,6,6
FAM_P673,1_2663,hypothetical protein,6,6
FAM_P674,1_2726,hypothetical protein,6,6
FAM_P675,1_3661,hypothetical protein,3,3
FAM_P676,1_2832,hypothetical protein,5,5
FAM_P677,1_2866,hypothetical protein,4,4
FAM_P678,1_2891,hypothetical protein,6,6
FAM_P679,1_2983,hypothetical protein,6,6
FAM_P680,1_3021,hypothetical protein,6,6
FAM_P681,1_3053,hypothetical protein,6,6
FAM_P682,1_3087,hypothetical protein,6,6
FAM_P683,1_3158,hypothetical protein,6,6
FAM_P684,1_3190,hypothetical protein,6,6
FAM_P685,1_3222,hypothetical protein,6,6
FAM_P686,1_3339,hypothetical protein,6,6
FAM_P687,1_3363,hypothetical protein,6,6
FAM_P688,1_4278,hypothetical protein,3,3
FAM_P689,1_4310,hypothetical protein,4,4
FAM_P690,1_3492,hypothetical protein,6,6
FAM_P691,1_3533,hypothetical protein,6,6
FAM_P692,1_4443,hypothetical protein,4,4
FAM_P693,1_1360,hypothetical protein,4,7
FAM_P694,1_3642,hypothetical protein,6,6
FAM_P695,1_3670,hypothetical protein,6,6
FAM_P696,1_3702,hypothetical protein,6,6
FAM_P697,1_3734,hypothetical protein,6,6
FAM_P698,1_3764,hypothetical protein,6,6
FAM_P699,1_3796,hypothetical protein,5,5
FAM_P700,1_3825,hypothetical protein,6,6
FAM_P701,1_3854,hypothetical protein,6,6
FAM_P702,1_3974,hypothetical protein,6,6
FAM_P703,1_4103,hypothetical protein,6,6
FAM_P704,1_4134,hypothetical protein,6,6
FAM_P705,1_4166,hypothetical protein,6,6
FAM_P706,1_5201,hypothetical protein,3,3
FAM_P707,1_4252,hypothetical protein,6,6
FAM_P708,1_4284,hypothetical protein,6,6
FAM_P709,1_4316,hypothetical protein,6,6
FAM_P710,1_30,hypothetical protein,6,6
FAM_P711,1_58,hypothetical protein,6,6
FAM_P712,1_90,hypothetical protein,6,6
FAM_P713,1_122,hypothetical protein,6,6
FAM_P714,1_158,hypothetical protein,6,6
FAM_P715,1_222,hypothetical protein,4,4
FAM_P716,1_254,hypothetical protein,6,6
FAM_P717,1_478,hypothetical protein,6,6
FAM_P718,1_510,hypothetical protein,6,6
FAM_P719,1_542,hypothetical protein,6,6
FAM_P720,1_574,hypothetical protein,5,5
FAM_P721,1_605,hypothetical protein,6,6
FAM_P722,1_637,hypothetical protein,6,6
FAM_P723,1_669,hypothetical protein,5,5
FAM_P724,1_701,hypothetical protein,6,6
FAM_P725,1_765,hypothetical protein,6,6
FAM_P726,1_797,hypothetical protein,2,4
FAM_P727,1_861,hypothetical protein,6,6
FAM_P728,1_893,hypothetical protein,6,6
FAM_P729,1_957,hypothetical protein,6,6
FAM_P730,1_989,hypothetical protein,6,6
FAM_P731,1_1053,hypothetical protein,2,4
FAM_P732,1_1118,hypothetical protein,6,6
FAM_P733,1_1150,hypothetical protein,4,6
FAM_P734,1_1310,hypothetical protein,4,4
FAM_P735,1_1374,hypothetical protein,6,6
FAM_P736,1_1406,hypothetical protein,6,6
FAM_P737,1_1438,hypothetical protein,6,6
FAM_P738,1_1502,hypothetical protein,2,9
FAM_P739,1_1630,hypothetical protein,6,6
FAM_P740,1_1662,hypothetical protein,6,6
FAM_P741,1_1694,hypothetical protein,6,6
FAM_P742,1_1790,hypothetical protein,6,6
SING_PFGL,1_98,hypothetical protein,1,1
FAM_P743,1_4326,hypothetical protein,4,4
FAM_P744,1_3242,hypothetical protein,6,6
FAM_P745,1_695,hypothetical protein,2,2
SING_PG9X,1_1154,hypothetical protein,1,1
SING_PGBP,1_1218,hypothetical protein,1,1
FAM_P746,1_1881,hypothetical protein,6,6
SING_PHC5,1_2530,hypothetical protein,1,1
SING_PHET,1_2626,hypothetical protein,1,1
SING_PHT1,1_3138,hypothetical protein,1,1
FAM_P747,1_1558,hypothetical protein,4,4
FAM_P748,1_173,hypothetical protein,6,6
FAM_P749,1_108,hypothetical protein,6,6
FAM_P750,1_4029,hypothetical protein,6,6
SING_PIN9,1_4226,hypothetical protein,1,1
FAM_P751,2_13,hypothetical protein,2,2
FAM_P752,2_45,hypothetical protein,2,2
SING_PIZP,2_109,hypothetical protein,1,1
FAM_P753,1_2650,hypothetical protein,2,2
SING_PJ7P,3_145,hypothetical protein,1,1
SING_PJ8L,4_3,hypothetical protein,1,1
SING_PJ9H,4_35,hypothetical protein,1,1
SING_PJAD,4_67,hypothetical protein,1,1
FAM_P754,1_3634,hypothetical protein,6,6
FAM_P755,1_3602,hypothetical protein,6,6
FAM_P756,1_3510,hypothetical protein,3,3
FAM_P757,1_3478,hypothetical protein,6,6
SING_PJID,1_229,hypothetical protein,1,1
FAM_P758,1_3358,hypothetical protein,6,6
FAM_P759,1_3326,hypothetical protein,6,6
FAM_P760,1_3294,hypothetical protein,6,6
FAM_P761,1_3262,hypothetical protein,3,3
FAM_P762,1_3231,hypothetical protein,6,6
FAM_P763,1_3167,hypothetical protein,6,6
FAM_P764,1_3936,hypothetical protein,5,6
FAM_P765,1_3039,hypothetical protein,6,6
FAM_P766,1_3007,hypothetical protein,6,6
FAM_P767,1_2941,hypothetical protein,6,6
FAM_P768,1_2906,hypothetical protein,6,6
FAM_P769,1_2874,hypothetical protein,6,6
FAM_P770,1_2842,hypothetical protein,6,6
FAM_P771,1_2791,hypothetical protein,6,6
FAM_P772,1_2759,hypothetical protein,6,6
FAM_P773,1_2727,hypothetical protein,6,6
FAM_P774,1_2664,hypothetical protein,6,6
FAM_P775,1_2396,hypothetical protein,6,6
FAM_P776,1_2364,hypothetical protein,6,6
SING_PKCL,1_1317,hypothetical protein,1,1
FAM_P777,1_2294,hypothetical protein,6,6
FAM_P778,1_2262,hypothetical protein,6,6
FAM_P779,1_2198,hypothetical protein,6,6
FAM_P780,1_2102,hypothetical protein,6,6
FAM_P781,1_2071,hypothetical protein,6,6
SING_PKLH,1_1637,hypothetical protein,1,1
SING_PKPX,1_1797,hypothetical protein,1,1
FAM_P782,1_1820,hypothetical protein,6,6
FAM_P783,1_1789,hypothetical protein,6,6
FAM_P784,1_1757,hypothetical protein,6,6
FAM_P785,1_1725,hypothetical protein,6,6
FAM_P786,1_1693,hypothetical protein,6,6
FAM_P787,1_1661,hypothetical protein,6,6
FAM_P788,1_1629,hypothetical protein,6,6
FAM_P789,1_1597,hypothetical protein,6,6
FAM_P790,1_1566,hypothetical protein,6,6
FAM_P791,1_1437,hypothetical protein,5,5
FAM_P792,1_1831,hypothetical protein,6,6
FAM_P793,1_1793,hypothetical protein,6,6
FAM_P794,1_1638,hypothetical protein,6,6
FAM_P795,1_2639,hypothetical protein,4,4
FAM_P796,1_1518,hypothetical protein,6,6
FAM_P797,1_1423,hypothetical protein,6,6
FAM_P798,1_1391,hypothetical protein,6,6
FAM_P799,1_2054,hypothetical protein,6,13
FAM_P800,1_2821,hypothetical protein,1,2
FAM_P801,1_559,hypothetical protein,6,6
FAM_P802,1_519,hypothetical protein,6,6
FAM_P803,1_416,hypothetical protein,6,6
FAM_P804,1_343,hypothetical protein,6,6
SING_PLYD,1_3397,hypothetical protein,1,1
SING_PLZ9,1_3429,hypothetical protein,1,1
FAM_P805,1_190,hypothetical protein,6,6
FAM_P806,1_159,hypothetical protein,6,6
FAM_P807,1_91,hypothetical protein,6,6
FAM_P808,1_59,hypothetical protein,6,6
SING_PM91,1_3781,hypothetical protein,1,1
FAM_P809,1_3989,hypothetical protein,2,2
FAM_P810,1_4070,hypothetical protein,6,6
FAM_P811,1_4038,hypothetical protein,4,4
FAM_P812,1_4006,hypothetical protein,4,4
FAM_P813,1_3942,hypothetical protein,6,6
FAM_P814,1_3846,hypothetical protein,6,6
SING_PMPX,2_50,hypothetical protein,1,1
SING_PMRP,2_114,hypothetical protein,1,1
FAM_P815,2_42,hypothetical protein,2,2
FAM_P816,2_10,hypothetical protein,2,2
FAM_P817,2_50,hypothetical protein,3,3
FAM_P818,1_70,hypothetical protein,6,6
FAM_P819,1_102,hypothetical protein,6,6
FAM_P820,1_134,hypothetical protein,3,3
FAM_P821,1_169,hypothetical protein,6,6
FAM_P822,1_201,hypothetical protein,6,6
SING_P7A,1_262,hypothetical protein,1,1
FAM_P823,1_370,hypothetical protein,6,6
FAM_P824,1_403,hypothetical protein,6,6
FAM_P825,1_432,hypothetical protein,6,6
FAM_P826,1_468,hypothetical protein,6,6
FAM_P827,1_500,hypothetical protein,6,6
FAM_P828,1_2577,hypothetical protein,3,3
FAM_P829,1_927,hypothetical protein,6,6
FAM_P830,1_961,hypothetical protein,6,6
FAM_P831,1_991,hypothetical protein,6,6
FAM_P832,1_1024,hypothetical protein,6,6
FAM_P833,1_1238,hypothetical protein,6,6
FAM_P834,1_1386,hypothetical protein,6,6
FAM_P835,1_1418,hypothetical protein,6,6
FAM_P836,1_2777,hypothetical protein,4,4
SING_PVA,1_1126,hypothetical protein,1,1
FAM_P837,1_1621,hypothetical protein,6,6
FAM_P838,1_1688,hypothetical protein,6,6
FAM_P839,1_1785,hypothetical protein,6,6
FAM_P840,1_1382,hypothetical protein,6,6
FAM_P841,1_1414,hypothetical protein,5,5
FAM_P842,1_1574,hypothetical protein,6,6
FAM_P843,1_1638,hypothetical protein,6,6
FAM_P844,1_1670,hypothetical protein,6,6
FAM_P845,1_1702,hypothetical protein,6,6
FAM_P846,1_1734,hypothetical protein,6,6
FAM_P847,1_1958,hypothetical protein,6,6
FAM_P848,1_2118,hypothetical protein,6,6
FAM_P849,1_2150,hypothetical protein,6,6
FAM_P850,1_2246,hypothetical protein,6,6
FAM_P851,1_2278,hypothetical protein,6,6
FAM_P852,1_2310,hypothetical protein,6,6
SING_P1UU,1_2406,hypothetical protein,1,1
SING_P206,1_2598,hypothetical protein,1,1
FAM_P853,1_2758,hypothetical protein,6,6
FAM_P854,1_2886,hypothetical protein,6,6
FAM_P855,1_2950,hypothetical protein,6,6
FAM_P856,1_3078,hypothetical protein,4,4
FAM_P857,1_3110,hypothetical protein,6,6
FAM_P858,1_3142,hypothetical protein,6,6
FAM_P859,1_3206,hypothetical protein,6,6
FAM_P860,1_3302,hypothetical protein,4,4
FAM_P861,1_3334,hypothetical protein,6,6
FAM_P862,1_3366,hypothetical protein,6,6
FAM_P863,1_3398,hypothetical protein,6,6
FAM_P864,1_3430,hypothetical protein,6,6
FAM_P865,1_3494,hypothetical protein,6,6
FAM_P866,1_3526,hypothetical protein,6,6
SING_P2QU,1_3558,hypothetical protein,1,1
FAM_P867,1_3622,hypothetical protein,6,6
SING_P3AE,1_4262,hypothetical protein,1,1
FAM_P868,1_7,hypothetical protein,6,6
FAM_P869,1_36,hypothetical protein,6,6
FAM_P870,1_3468,hypothetical protein,6,6
FAM_P871,1_3537,hypothetical protein,6,6
FAM_P872,1_3570,hypothetical protein,6,6
FAM_P873,1_3607,hypothetical protein,5,5
FAM_P874,1_3644,hypothetical protein,6,6
FAM_P875,1_3674,hypothetical protein,6,6
FAM_P876,1_3706,hypothetical protein,6,6
FAM_P877,1_4671,hypothetical protein,4,4
FAM_P878,1_3768,hypothetical protein,6,6
FAM_P879,1_3799,hypothetical protein,5,5
FAM_P880,1_3883,hypothetical protein,6,6
FAM_P881,1_3916,hypothetical protein,6,6
FAM_P882,1_4107,hypothetical protein,6,6
FAM_P883,1_4170,hypothetical protein,6,6
FAM_P884,1_4288,hypothetical protein,6,6
FAM_P885,1_290,hypothetical protein,2,2
FAM_P886,1_609,hypothetical protein,6,6
FAM_P887,1_769,hypothetical protein,6,6
FAM_P888,1_801,hypothetical protein,5,6
FAM_P889,1_833,hypothetical protein,6,6
FAM_P890,1_865,hypothetical protein,6,6
FAM_P891,1_897,hypothetical protein,6,6
FAM_P892,1_1154,hypothetical protein,2,2
FAM_P893,1_1186,hypothetical protein,2,2
FAM_P894,1_1218,hypothetical protein,2,2
FAM_P895,1_1250,hypothetical protein,2,2
FAM_P896,1_1282,hypothetical protein,2,2
FAM_P897,1_1506,hypothetical protein,2,2
FAM_P898,1_1538,hypothetical protein,2,2
FAM_P899,1_1602,hypothetical protein,2,2
FAM_P900,1_1762,hypothetical protein,2,2
FAM_P901,3_62,hypothetical protein,4,4
SING_PFGP,1_102,hypothetical protein,1,1
FAM_P902,1_699,hypothetical protein,2,2
SING_PG09,1_806,hypothetical protein,1,1
SING_PG15,1_838,hypothetical protein,1,1
SING_PGA1,1_1158,hypothetical protein,1,1
FAM_P903,1_2250,hypothetical protein,6,6
FAM_P904,1_1398,hypothetical protein,2,2
SING_PGRT,1_1798,hypothetical protein,1,1
SING_PGUH,1_1894,hypothetical protein,1,1
FAM_P905,1_1717,hypothetical protein,6,6
FAM_P906,1_1652,hypothetical protein,6,6
SING_PH55,1_2278,hypothetical protein,1,1
FAM_P907,1_1423,hypothetical protein,6,6
SING_PH8P,1_2406,hypothetical protein,1,1
FAM_P908,1_1333,hypothetical protein,4,4
FAM_P909,1_1297,hypothetical protein,6,6
SING_PHEX,1_2630,hypothetical protein,1,1
SING_PHMX,1_2918,hypothetical protein,1,1
FAM_P910,1_819,hypothetical protein,4,8
FAM_P911,1_1903,hypothetical protein,4,4
FAM_P912,1_531,hypothetical protein,4,4
SING_PI4P,1_3558,hypothetical protein,1,1
SING_PI95,1_3718,hypothetical protein,1,1
SING_PIG9,1_3974,hypothetical protein,1,1
SING_PIND,1_4230,hypothetical protein,1,1
SING_PITL,1_4454,hypothetical protein,1,1
FAM_P913,3_21,hypothetical protein,2,3
SING_PJ61,3_85,hypothetical protein,1,1
SING_PJ6X,3_117,hypothetical protein,1,1
SING_PJ8P,4_7,hypothetical protein,1,1
SING_PJ9L,4_39,hypothetical protein,1,1
SING_PJAH,4_71,hypothetical protein,1,1
SING_PJBD,4_103,hypothetical protein,1,1
FAM_P914,1_3630,hypothetical protein,4,4
FAM_P915,1_3598,hypothetical protein,6,6
FAM_P916,1_3571,hypothetical protein,6,6
FAM_P917,1_3445,hypothetical protein,5,5
FAM_P918,1_3387,hypothetical protein,6,6
FAM_P919,1_3290,hypothetical protein,6,6
FAM_P920,1_3258,hypothetical protein,3,3
FAM_P921,1_3227,hypothetical protein,6,6
FAM_P922,1_3195,hypothetical protein,6,6
FAM_P923,1_3163,hypothetical protein,6,6
FAM_P924,1_3129,hypothetical protein,6,6
FAM_P925,1_3097,hypothetical protein,6,6
FAM_P926,1_3035,hypothetical protein,6,6
FAM_P927,1_3003,hypothetical protein,6,6
FAM_P928,1_2969,hypothetical protein,6,6
FAM_P929,1_2937,hypothetical protein,6,6
FAM_P930,1_2902,hypothetical protein,6,6
FAM_P931,1_2870,hypothetical protein,6,6
FAM_P932,1_2838,hypothetical protein,6,6
FAM_P933,1_3659,hypothetical protein,3,5
FAM_P934,1_2560,hypothetical protein,6,6
FAM_P935,1_2528,hypothetical protein,6,6
FAM_P936,1_2392,hypothetical protein,6,6
FAM_P937,1_2358,hypothetical protein,6,6
FAM_P938,1_2319,hypothetical protein,2,2
FAM_P939,1_2290,hypothetical protein,6,6
FAM_P940,1_2226,hypothetical protein,6,6
FAM_P941,1_2193,hypothetical protein,6,8
FAM_P942,1_2098,hypothetical protein,6,6
SING_PKLL,1_1641,hypothetical protein,1,1
FAM_P943,1_1806,hypothetical protein,2,2
SING_PKQ1,1_1801,hypothetical protein,1,1
FAM_P944,1_1816,hypothetical protein,6,6
FAM_P945,1_1785,hypothetical protein,6,6
FAM_P946,1_1753,hypothetical protein,6,6
FAM_P947,1_1721,hypothetical protein,6,6
FAM_P948,1_1657,hypothetical protein,6,6
FAM_P949,1_1625,hypothetical protein,6,6
FAM_P950,1_1562,hypothetical protein,6,6
FAM_P951,1_1433,hypothetical protein,4,4
FAM_P952,1_1403,hypothetical protein,6,6
FAM_P953,1_3129,hypothetical protein,2,3
FAM_P954,1_880,hypothetical protein,6,6
FAM_P955,1_848,hypothetical protein,6,6
FAM_P956,1_554,hypothetical protein,6,6
FAM_P957,1_377,hypothetical protein,5,5
FAM_P958,1_334,hypothetical protein,6,6
SING_PM95,1_3785,hypothetical protein,1,1
FAM_P959,1_3970,hypothetical protein,2,2
SING_PMP5,2_22,hypothetical protein,1,1
SING_PMQX,2_86,hypothetical protein,1,1
SING_PMRT,2_118,hypothetical protein,1,1
SING_PMTL,3_32,hypothetical protein,1,1
FAM_P960,2_147,hypothetical protein,1,2
FAM_P961,1_42,hypothetical protein,6,6
FAM_P962,1_74,hypothetical protein,6,6
FAM_P963,1_106,hypothetical protein,6,6
FAM_P964,1_142,hypothetical protein,6,6
FAM_P965,1_205,hypothetical protein,6,6
SING_P7E,1_266,hypothetical protein,1,1
FAM_P966,1_374,hypothetical protein,6,6
FAM_P967,1_407,hypothetical protein,6,6
FAM_P968,1_436,hypothetical protein,6,6
FAM_P969,1_472,hypothetical protein,6,6
FAM_P970,1_504,hypothetical protein,6,6
FAM_P971,1_781,hypothetical protein,6,6
FAM_P972,1_1625,hypothetical protein,6,6
FAM_P973,1_1386,hypothetical protein,6,6
FAM_P974,1_1418,hypothetical protein,6,6
FAM_P975,1_1450,hypothetical protein,6,6
SING_P16Y,1_1546,hypothetical protein,1,1
FAM_P976,1_2122,hypothetical protein,6,6
FAM_P977,1_2154,hypothetical protein,6,6
FAM_P978,1_2218,hypothetical protein,6,6
FAM_P979,1_2282,hypothetical protein,6,6
FAM_P980,1_2314,hypothetical protein,6,6
SING_P1UY,1_2410,hypothetical protein,1,1
SING_P20A,1_2602,hypothetical protein,1,1
FAM_P981,1_3082,hypothetical protein,6,6
FAM_P982,1_3146,hypothetical protein,6,6
FAM_P983,1_3274,hypothetical protein,6,6
FAM_P984,1_3370,hypothetical protein,3,3
FAM_P985,1_3402,hypothetical protein,6,6
FAM_P986,1_3594,hypothetical protein,6,6
FAM_P987,1_3626,hypothetical protein,6,6
FAM_P988,1_3658,hypothetical protein,3,4
FAM_P989,1_3690,hypothetical protein,6,6
FAM_P990,1_3722,hypothetical protein,6,6
FAM_P991,1_3786,hypothetical protein,6,6
FAM_P992,1_3818,hypothetical protein,5,5
FAM_P993,1_4202,hypothetical protein,2,2
FAM_P994,1_11,hypothetical protein,6,6
FAM_P995,1_235,hypothetical protein,2,2
FAM_P996,1_331,hypothetical protein,6,6
FAM_P997,1_395,hypothetical protein,6,6
FAM_P998,1_459,hypothetical protein,6,6
FAM_P999,1_491,hypothetical protein,6,6
FAM_P1000,1_587,hypothetical protein,2,3
FAM_P1001,1_619,hypothetical protein,6,6
FAM_P1002,1_651,hypothetical protein,6,6
FAM_P1003,1_683,hypothetical protein,6,6
FAM_P1004,1_715,hypothetical protein,6,6
FAM_P1005,1_747,hypothetical protein,3,3
FAM_P1006,1_843,hypothetical protein,6,6
FAM_P1007,1_875,hypothetical protein,6,6
FAM_P1008,1_907,hypothetical protein,6,6
FAM_P1009,1_939,hypothetical protein,6,6
FAM_P1010,1_971,hypothetical protein,6,6
FAM_P1011,1_1003,hypothetical protein,5,5
FAM_P1012,1_1035,hypothetical protein,6,6
FAM_P1013,1_1067,hypothetical protein,2,2
FAM_P1014,1_1163,hypothetical protein,2,4
FAM_P1015,1_1227,hypothetical protein,6,6
FAM_P1016,1_1547,hypothetical protein,6,6
FAM_P1017,1_1579,hypothetical protein,4,4
FAM_P1018,1_1643,hypothetical protein,6,6
FAM_P1019,1_1675,hypothetical protein,6,6
FAM_P1020,1_1544,hypothetical protein,3,3
FAM_P1021,1_1771,hypothetical protein,6,6
FAM_P1022,1_1803,hypothetical protein,6,6
FAM_P1023,1_1995,hypothetical protein,2,2
FAM_P1024,1_2411,hypothetical protein,2,2
FAM_P1025,1_1804,hypothetical protein,6,7
FAM_P1026,1_2571,hypothetical protein,2,2
FAM_P1027,1_2763,hypothetical protein,2,2
FAM_P1028,1_2955,hypothetical protein,2,2
FAM_P1029,1_3147,hypothetical protein,2,2
FAM_P1030,1_3435,hypothetical protein,2,2
FAM_P1031,1_3499,hypothetical protein,2,2
FAM_P1032,1_3787,hypothetical protein,2,2
FAM_P1033,1_3179,hypothetical protein,6,6
FAM_P1034,1_3211,hypothetical protein,6,6
FAM_P1035,1_3289,hypothetical protein,6,6
FAM_P1036,1_4395,hypothetical protein,3,3
FAM_P1037,1_3547,hypothetical protein,6,6
FAM_P1038,1_3582,hypothetical protein,6,6
FAM_P1039,1_3659,hypothetical protein,6,6
FAM_P1040,1_3840,hypothetical protein,6,6
FAM_P1041,1_3866,hypothetical protein,6,6
FAM_P1042,1_3896,hypothetical protein,6,6
FAM_P1043,1_3929,hypothetical protein,4,4
FAM_P1044,1_4939,hypothetical protein,4,4
FAM_P1045,1_3968,hypothetical protein,6,6
FAM_P1046,1_4000,hypothetical protein,6,6
FAM_P1047,1_4031,hypothetical protein,6,6
FAM_P1048,1_4063,hypothetical protein,6,6
FAM_P1049,1_4128,hypothetical protein,6,6
FAM_P1050,1_4160,hypothetical protein,6,6
FAM_P1051,1_5195,hypothetical protein,3,3
FAM_P1052,1_4278,hypothetical protein,6,6
FAM_P1053,1_4310,hypothetical protein,6,6
FAM_P1054,3_51,hypothetical protein,4,4
SING_P7L6,1_127,hypothetical protein,1,1
SING_P7QI,1_319,hypothetical protein,1,1
SING_P82Y,1_767,hypothetical protein,1,1
SING_P87E,1_927,hypothetical protein,1,1
FAM_P1055,1_2742,hypothetical protein,6,6
FAM_P1056,1_2677,hypothetical protein,6,6
FAM_P1057,1_1119,hypothetical protein,2,2
SING_P8EI,1_1183,hypothetical protein,1,1
FAM_P1058,1_2020,hypothetical protein,6,6
SING_P8VE,1_1791,hypothetical protein,1,1
SING_P8X6,1_1855,hypothetical protein,1,1
FAM_P1059,1_1689,hypothetical protein,6,6
SING_P99M,1_2303,hypothetical protein,1,1
SING_P9EY,1_2495,hypothetical protein,1,1
SING_P9KA,1_2687,hypothetical protein,1,1
SING_P9L6,1_2719,hypothetical protein,1,1
SING_P9PM,1_2879,hypothetical protein,1,1
SING_P9VU,1_3103,hypothetical protein,1,1
SING_P9WQ,1_3135,hypothetical protein,1,1
SING_PA16,1_3295,hypothetical protein,1,1
FAM_P1060,1_654,hypothetical protein,6,6
FAM_P1061,1_3615,hypothetical protein,2,2
SING_PABU,1_3679,hypothetical protein,1,1
SING_PAMI,1_4063,hypothetical protein,1,1
SING_PANE,1_4095,hypothetical protein,1,1
SING_PAUI,1_4351,hypothetical protein,1,1
FAM_P1062,1_4864,hypothetical protein,5,5
SING_PAZU,1_4543,hypothetical protein,1,1
FAM_P1063,2_51,hypothetical protein,3,3
SING_PB6Y,2_83,hypothetical protein,1,1
FAM_P1064,1_1994,hypothetical protein,2,2
FAM_P1065,1_1558,hypothetical protein,6,6
FAM_P1066,1_1590,hypothetical protein,6,6
FAM_P1067,1_1684,hypothetical protein,6,6
FAM_P1068,1_1777,hypothetical protein,5,5
FAM_P1069,1_1807,hypothetical protein,6,6
FAM_P1070,1_1838,hypothetical protein,6,6
FAM_P1071,1_1904,hypothetical protein,6,6
FAM_P1072,1_2031,hypothetical protein,6,6
FAM_P1073,1_2069,hypothetical protein,6,6
FAM_P1074,1_1171,hypothetical protein,2,4
FAM_P1075,1_2347,hypothetical protein,6,6
FAM_P1076,1_2381,hypothetical protein,6,6
FAM_P1077,1_2455,hypothetical protein,5,5
FAM_P1078,1_2514,hypothetical protein,6,7
FAM_P1079,1_2546,hypothetical protein,6,6
FAM_P1080,1_2579,hypothetical protein,6,6
FAM_P1081,1_2637,hypothetical protein,6,6
FAM_P1082,1_2702,hypothetical protein,6,6
FAM_P1083,1_3570,hypothetical protein,3,3
FAM_P1084,1_2960,hypothetical protein,6,6
FAM_P1085,1_2994,hypothetical protein,6,6
FAM_P1086,1_3026,hypothetical protein,6,6
FAM_P1087,1_3057,hypothetical protein,5,5
FAM_P1088,1_3092,hypothetical protein,6,6
FAM_P1089,1_3124,hypothetical protein,6,6
FAM_P1090,1_3344,hypothetical protein,6,6
FAM_P1091,1_4283,hypothetical protein,3,3
FAM_P1092,1_4315,hypothetical protein,4,4
FAM_P1093,1_3469,hypothetical protein,6,6
FAM_P1094,1_3608,hypothetical protein,6,6
FAM_P1095,1_3645,hypothetical protein,6,6
FAM_P1096,1_3675,hypothetical protein,6,6
FAM_P1097,1_3707,hypothetical protein,6,6
FAM_P1098,1_3738,hypothetical protein,6,6
FAM_P1099,1_3769,hypothetical protein,6,6
FAM_P1100,1_3800,hypothetical protein,5,5
FAM_P1101,1_3829,hypothetical protein,6,6
FAM_P1102,1_3884,hypothetical protein,6,6
FAM_P1103,1_3979,hypothetical protein,6,6
FAM_P1104,1_4010,hypothetical protein,6,6
FAM_P1105,1_4108,hypothetical protein,6,6
FAM_P1106,1_4139,hypothetical protein,6,6
FAM_P1107,1_4171,hypothetical protein,6,6
FAM_P1108,1_4227,hypothetical protein,6,6
FAM_P1109,1_291,hypothetical protein,2,2
FAM_P1110,1_323,hypothetical protein,2,2
FAM_P1111,1_1187,hypothetical protein,2,2
FAM_P1112,1_1219,hypothetical protein,2,2
FAM_P1113,1_1251,hypothetical protein,2,2
FAM_P1114,1_1283,hypothetical protein,2,2
FAM_P1115,1_1347,hypothetical protein,2,2
FAM_P1116,1_1507,hypothetical protein,2,2
FAM_P1117,1_1539,hypothetical protein,2,2
FAM_P1118,3_63,hypothetical protein,4,4
FAM_P1119,3_10,hypothetical protein,2,2
SING_PFGQ,1_103,hypothetical protein,1,1
FAM_P1120,1_3498,hypothetical protein,6,6
FAM_P1121,1_3470,hypothetical protein,6,10
FAM_P1122,1_3441,hypothetical protein,6,6
FAM_P1123,1_664,hypothetical protein,2,2
FAM_P1124,1_700,hypothetical protein,2,2
SING_PG0A,1_807,hypothetical protein,1,1
SING_PG16,1_839,hypothetical protein,1,1
FAM_P1125,1_2900,hypothetical protein,6,6
SING_PGA2,1_1159,hypothetical protein,1,1
FAM_P1126,1_2214,hypothetical protein,6,8
FAM_P1127,1_1399,hypothetical protein,2,2
SING_PGRU,1_1799,hypothetical protein,1,1
FAM_P1128,1_1800,hypothetical protein,2,2
SING_PGUI,1_1895,hypothetical protein,1,1
FAM_P1129,1_1812,hypothetical protein,6,6
FAM_P1130,1_1422,hypothetical protein,6,6
SING_PH8Q,1_2407,hypothetical protein,1,1
SING_PHEY,1_2631,hypothetical protein,1,1
SING_PHMY,1_2919,hypothetical protein,1,1
SING_PI96,1_3719,hypothetical protein,1,1
SING_PIEI,1_3911,hypothetical protein,1,1
FAM_P1131,1_4230,hypothetical protein,6,6
FAM_P1132,1_1823,hypothetical protein,2,2
SING_PINE,1_4231,hypothetical protein,1,1
SING_PIWA,1_4551,hypothetical protein,1,1
FAM_P1133,2_178,hypothetical protein,2,2
SING_PJ62,3_86,hypothetical protein,1,1
SING_PJ8Q,4_8,hypothetical protein,1,1
SING_PJ9M,4_40,hypothetical protein,1,1
SING_PJAI,4_72,hypothetical protein,1,1
SING_PJBE,4_104,hypothetical protein,1,1
FAM_P1134,1_3597,hypothetical protein,6,6
FAM_P1135,1_3257,hypothetical protein,3,3
FAM_P1136,1_3128,hypothetical protein,6,6
FAM_P1137,1_3096,hypothetical protein,6,6
FAM_P1138,1_3066,hypothetical protein,6,8
FAM_P1139,1_3034,hypothetical protein,6,6
FAM_P1140,1_3002,hypothetical protein,6,6
FAM_P1141,1_2968,hypothetical protein,6,6
FAM_P1142,1_2936,hypothetical protein,6,6
FAM_P1143,1_2901,hypothetical protein,6,6
FAM_P1144,1_2869,hypothetical protein,6,8
FAM_P1145,1_2559,hypothetical protein,6,6
FAM_P1146,1_2527,hypothetical protein,6,6
FAM_P1147,1_2464,hypothetical protein,6,6
FAM_P1148,1_2432,hypothetical protein,6,6
FAM_P1149,1_2391,hypothetical protein,5,5
FAM_P1150,1_2357,hypothetical protein,6,6
SING_PKCQ,1_1322,hypothetical protein,1,1
FAM_P1151,1_2289,hypothetical protein,6,6
FAM_P1152,1_2257,hypothetical protein,6,6
FAM_P1153,1_2225,hypothetical protein,6,6
FAM_P1154,1_2161,hypothetical protein,6,6
FAM_P1155,1_2097,hypothetical protein,6,6
SING_PKLM,1_1642,hypothetical protein,1,1
SING_PKMI,1_1674,hypothetical protein,1,1
SING_PKQ2,1_1802,hypothetical protein,1,1
FAM_P1156,1_1784,hypothetical protein,6,6
FAM_P1157,1_1752,hypothetical protein,6,6
FAM_P1158,1_1720,hypothetical protein,6,6
FAM_P1159,1_1688,hypothetical protein,6,6
FAM_P1160,1_1656,hypothetical protein,6,6
FAM_P1161,1_1624,hypothetical protein,6,6
FAM_P1162,1_1561,hypothetical protein,6,6
FAM_P1163,1_2644,hypothetical protein,4,4
FAM_P1164,1_2826,hypothetical protein,1,2
FAM_P1165,1_879,hypothetical protein,5,5
FAM_P1166,1_847,hypothetical protein,6,6
FAM_P1167,1_376,hypothetical protein,5,5
FAM_P1168,1_333,hypothetical protein,6,6
FAM_P1169,1_185,hypothetical protein,6,6
FAM_P1170,1_24,hypothetical protein,6,6
FAM_P1171,1_4197,hypothetical protein,5,8
SING_PM96,1_3786,hypothetical protein,1,1
SING_PMRU,2_119,hypothetical protein,1,1
FAM_P1172,2_105,hypothetical protein,2,2
FAM_P1173,2_148,hypothetical protein,1,2
FAM_P1174,1_43,hypothetical protein,6,6
FAM_P1175,1_75,hypothetical protein,6,6
FAM_P1176,1_107,hypothetical protein,6,6
FAM_P1177,1_143,hypothetical protein,6,6
FAM_P1178,1_174,hypothetical protein,6,6
FAM_P1179,1_206,hypothetical protein,6,6
SING_P7F,1_267,hypothetical protein,1,1
FAM_P1180,1_375,hypothetical protein,5,5
FAM_P1181,1_437,hypothetical protein,6,6
FAM_P1182,1_473,hypothetical protein,6,6
FAM_P1183,1_782,hypothetical protein,6,6
FAM_P1184,1_1387,hypothetical protein,6,6
FAM_P1185,1_1483,hypothetical protein,5,5
FAM_P1186,1_1771,hypothetical protein,6,6
SING_P1JF,1_1995,hypothetical protein,1,1
FAM_P1187,1_2123,hypothetical protein,6,6
FAM_P1188,1_2219,hypothetical protein,6,6
FAM_P1189,1_2251,hypothetical protein,6,6
SING_P1UZ,1_2411,hypothetical protein,1,1
FAM_P1190,1_2539,hypothetical protein,6,6
SING_P20B,1_2603,hypothetical protein,1,1
FAM_P1191,1_2987,hypothetical protein,2,2
FAM_P1192,1_3275,hypothetical protein,6,6
FAM_P1193,1_3307,hypothetical protein,4,4
FAM_P1194,1_3403,hypothetical protein,6,6
FAM_P1195,1_3595,hypothetical protein,6,6
FAM_P1196,1_3627,hypothetical protein,4,4
FAM_P1197,1_3723,hypothetical protein,6,6
FAM_P1198,1_3755,hypothetical protein,6,6
FAM_P1199,1_3787,hypothetical protein,6,6
FAM_P1200,1_3819,hypothetical protein,5,5
FAM_P1201,1_4011,hypothetical protein,6,6
FAM_P1202,1_4043,hypothetical protein,6,6
FAM_P1203,1_4075,hypothetical protein,6,6
FAM_P1204,1_4203,hypothetical protein,2,2
FAM_P1205,1_12,hypothetical protein,6,6
FAM_P1206,1_204,hypothetical protein,6,6
FAM_P1207,1_332,hypothetical protein,6,6
FAM_P1208,1_364,hypothetical protein,6,6
FAM_P1209,1_396,hypothetical protein,6,6
FAM_P1210,1_460,hypothetical protein,6,6
FAM_P1211,1_492,hypothetical protein,6,6
FAM_P1212,1_524,hypothetical protein,6,6
FAM_P1213,1_620,hypothetical protein,6,6
FAM_P1214,1_652,hypothetical protein,5,5
FAM_P1215,1_684,hypothetical protein,6,6
FAM_P1216,1_716,hypothetical protein,6,6
FAM_P1217,1_748,hypothetical protein,3,3
FAM_P1218,1_780,hypothetical protein,6,6
FAM_P1219,1_844,hypothetical protein,6,6
FAM_P1220,1_876,hypothetical protein,6,6
FAM_P1221,1_908,hypothetical protein,6,6
FAM_P1222,1_940,hypothetical protein,6,6
FAM_P1223,1_972,hypothetical protein,6,6
FAM_P1224,1_1004,hypothetical protein,5,5
FAM_P1225,1_1036,hypothetical protein,6,6
FAM_P1226,1_1100,hypothetical protein,6,6
FAM_P1227,1_1164,hypothetical protein,2,4
FAM_P1228,1_1196,hypothetical protein,2,3
FAM_P1229,1_1228,hypothetical protein,6,6
FAM_P1230,1_1516,hypothetical protein,6,6
FAM_P1231,1_1548,hypothetical protein,6,9
FAM_P1232,1_1580,hypothetical protein,4,4
FAM_P1233,1_1612,hypothetical protein,6,6
FAM_P1234,1_1644,hypothetical protein,6,6
FAM_P1235,1_1676,hypothetical protein,6,6
FAM_P1236,1_1772,hypothetical protein,6,6
FAM_P1237,1_1804,hypothetical protein,6,6
FAM_P1238,1_1298,hypothetical protein,6,6
FAM_P1239,1_2572,hypothetical protein,2,2
FAM_P1240,1_2764,hypothetical protein,2,2
FAM_P1241,1_2956,hypothetical protein,2,2
FAM_P1242,1_3148,hypothetical protein,2,2
FAM_P1243,1_3788,hypothetical protein,2,2
FAM_P1244,1_3180,hypothetical protein,6,6
FAM_P1245,1_3212,hypothetical protein,6,6
FAM_P1246,1_4396,hypothetical protein,3,3
FAM_P1247,1_3548,hypothetical protein,6,6
FAM_P1248,1_3583,hypothetical protein,6,6
FAM_P1249,1_3660,hypothetical protein,6,6
FAM_P1250,1_3841,hypothetical protein,6,6
FAM_P1251,1_3867,hypothetical protein,6,6
FAM_P1252,1_3897,hypothetical protein,6,6
FAM_P1253,1_3930,hypothetical protein,6,6
FAM_P1254,1_4940,hypothetical protein,4,4
FAM_P1255,1_4032,hypothetical protein,6,6
FAM_P1256,1_4064,hypothetical protein,6,6
FAM_P1257,1_4161,hypothetical protein,5,5
FAM_P1258,1_5196,hypothetical protein,3,3
FAM_P1259,1_4279,hypothetical protein,6,6
FAM_P1260,1_4311,hypothetical protein,6,6
FAM_P1261,3_52,hypothetical protein,4,4
SING_P7JF,1_64,hypothetical protein,1,1
SING_P7L7,1_128,hypothetical protein,1,1
FAM_P1262,1_3004,hypothetical protein,6,6
FAM_P1263,1_2956,hypothetical protein,6,8
SING_P82Z,1_768,hypothetical protein,1,1
SING_P87F,1_928,hypothetical protein,1,1
FAM_P1264,1_1120,hypothetical protein,3,3
FAM_P1265,1_2522,hypothetical protein,6,6
FAM_P1266,1_2333,hypothetical protein,4,5
SING_P8SR,1_1696,hypothetical protein,1,1
SING_P8WB,1_1824,hypothetical protein,1,1
SING_P8X7,1_1856,hypothetical protein,1,1
FAM_P1267,1_1922,hypothetical protein,6,6
FAM_P1268,1_1792,hypothetical protein,6,6
FAM_P1269,1_1557,hypothetical protein,6,8
SING_P9CB,1_2400,hypothetical protein,1,1
FAM_P1270,1_2496,hypothetical protein,2,2
FAM_P1271,1_1871,hypothetical protein,6,41
SING_P9JF,1_2656,hypothetical protein,1,1
SING_P9KB,1_2688,hypothetical protein,1,1
SING_P9PN,1_2880,hypothetical protein,1,1
SING_P9VV,1_3104,hypothetical protein,1,1
SING_PA17,1_3296,hypothetical protein,1,1
FAM_P1272,1_3616,hypothetical protein,2,2
SING_PABV,1_3680,hypothetical protein,1,1
SING_PAMJ,1_4064,hypothetical protein,1,1
SING_PANF,1_4096,hypothetical protein,1,1
SING_PAUJ,1_4352,hypothetical protein,1,1
SING_PB63,2_52,hypothetical protein,1,1
SING_PB6Z,2_84,hypothetical protein,1,1
FAM_P1273,1_1621,hypothetical protein,6,6
FAM_P1274,1_1685,hypothetical protein,6,6
FAM_P1275,1_1718,hypothetical protein,6,6
FAM_P1276,1_1778,hypothetical protein,5,5
FAM_P1277,1_1808,hypothetical protein,6,6
FAM_P1278,1_1839,hypothetical protein,6,6
FAM_P1279,1_1873,hypothetical protein,6,6
FAM_P1280,1_1905,hypothetical protein,6,6
FAM_P1281,1_1939,hypothetical protein,6,6
FAM_P1282,1_2032,hypothetical protein,6,6
FAM_P1283,1_2070,hypothetical protein,6,6
FAM_P1284,1_1170,hypothetical protein,2,4
FAM_P1285,1_2147,hypothetical protein,6,6
FAM_P1286,1_2348,hypothetical protein,6,6
FAM_P1287,1_2382,hypothetical protein,6,6
FAM_P1288,1_2424,hypothetical protein,6,6
FAM_P1289,1_2456,hypothetical protein,5,5
FAM_P1290,1_2515,hypothetical protein,6,6
FAM_P1291,1_2547,hypothetical protein,6,6
FAM_P1292,1_2580,hypothetical protein,6,6
FAM_P1293,1_2638,hypothetical protein,6,6
FAM_P1294,1_2669,hypothetical protein,6,6
FAM_P1295,1_2703,hypothetical protein,6,6
FAM_P1296,1_3571,hypothetical protein,3,3
FAM_P1297,1_2961,hypothetical protein,6,6
FAM_P1298,1_2995,hypothetical protein,6,6
FAM_P1299,1_3027,hypothetical protein,6,6
FAM_P1300,1_3058,hypothetical protein,5,5
FAM_P1301,1_3093,hypothetical protein,6,6
FAM_P1302,1_3125,hypothetical protein,6,6
FAM_P1303,1_3313,hypothetical protein,6,6
FAM_P1304,1_3345,hypothetical protein,6,6
FAM_P1305,1_4284,hypothetical protein,3,3
FAM_P1306,1_4316,hypothetical protein,4,4
FAM_P1307,1_4417,hypothetical protein,2,2
FAM_P1308,1_3609,hypothetical protein,6,6
FAM_P1309,1_3646,hypothetical protein,6,6
FAM_P1310,1_3676,hypothetical protein,6,6
FAM_P1311,1_3708,hypothetical protein,6,6
FAM_P1312,1_3739,hypothetical protein,6,6
FAM_P1313,1_3770,hypothetical protein,6,6
FAM_P1314,1_3801,hypothetical protein,5,5
FAM_P1315,1_3830,hypothetical protein,6,6
FAM_P1316,1_3885,hypothetical protein,6,6
FAM_P1317,1_3980,hypothetical protein,6,6
FAM_P1318,1_4109,hypothetical protein,6,6
FAM_P1319,1_4140,hypothetical protein,5,5
FAM_P1320,1_4172,hypothetical protein,6,6
FAM_P1321,1_4258,hypothetical protein,4,4
FAM_P1322,1_4290,hypothetical protein,6,6
FAM_P1323,1_292,hypothetical protein,2,2
FAM_P1324,1_1188,hypothetical protein,2,2
FAM_P1325,1_1252,hypothetical protein,2,2
FAM_P1326,1_1284,hypothetical protein,2,2
FAM_P1327,1_1476,hypothetical protein,2,2
FAM_P1328,1_1508,hypothetical protein,2,2
FAM_P1329,1_1540,hypothetical protein,2,2
FAM_P1330,3_11,hypothetical protein,2,2
SING_PFGR,1_104,hypothetical protein,1,1
FAM_P1331,1_3440,hypothetical protein,6,6
FAM_P1332,1_665,hypothetical protein,2,2
FAM_P1333,1_701,hypothetical protein,2,2
SING_PG0B,1_808,hypothetical protein,1,1
FAM_P1334,1_2899,hypothetical protein,6,6
SING_PGA3,1_1160,hypothetical protein,1,1
FAM_P1335,1_2051,hypothetical protein,6,6
FAM_P1336,1_1400,hypothetical protein,2,2
SING_PGRV,1_1800,hypothetical protein,1,1
FAM_P1337,1_1451,hypothetical protein,6,6
SING_PH8R,1_2408,hypothetical protein,1,1
SING_PHE3,1_2600,hypothetical protein,1,1
SING_PHEZ,1_2632,hypothetical protein,1,1
SING_PHMZ,1_2920,hypothetical protein,1,1
FAM_P1338,1_1554,hypothetical protein,6,6
SING_PI97,1_3720,hypothetical protein,1,1
SING_PIEJ,1_3912,hypothetical protein,1,1
SING_PINF,1_4232,hypothetical protein,1,1
FAM_P1339,1_4583,hypothetical protein,3,5
SING_PJ4B,3_23,hypothetical protein,1,1
SING_PJ63,3_87,hypothetical protein,1,1
SING_PJ7V,3_151,hypothetical protein,1,1
SING_PJ8R,4_9,hypothetical protein,1,1
SING_PJ9N,4_41,hypothetical protein,1,1
SING_PJAJ,4_73,hypothetical protein,1,1
SING_PJBF,4_105,hypothetical protein,1,1
FAM_P1340,1_3256,hypothetical protein,3,3
FAM_P1341,1_3127,hypothetical protein,6,6
FAM_P1342,1_3095,hypothetical protein,6,6
FAM_P1343,1_3033,hypothetical protein,6,6
FAM_P1344,1_3001,hypothetical protein,6,6
FAM_P1345,1_2935,hypothetical protein,6,6
FAM_P1346,1_2558,hypothetical protein,6,6
FAM_P1347,1_2526,hypothetical protein,6,6
FAM_P1348,1_2495,hypothetical protein,6,6
FAM_P1349,1_2463,hypothetical protein,6,6
FAM_P1350,1_2431,hypothetical protein,6,6
FAM_P1351,1_2390,hypothetical protein,6,6
FAM_P1352,1_2356,hypothetical protein,6,6
FAM_P1353,1_2288,hypothetical protein,6,6
FAM_P1354,1_2256,hypothetical protein,6,6
FAM_P1355,1_2224,hypothetical protein,6,6
FAM_P1356,1_2160,hypothetical protein,6,6
FAM_P1357,1_2128,hypothetical protein,5,5
FAM_P1358,1_2096,hypothetical protein,6,6
FAM_P1359,1_1814,hypothetical protein,6,6
FAM_P1360,1_1783,hypothetical protein,6,6
FAM_P1361,1_1751,hypothetical protein,6,6
FAM_P1362,1_1719,hypothetical protein,6,6
FAM_P1363,1_1687,hypothetical protein,6,6
FAM_P1364,1_1655,hypothetical protein,6,6
FAM_P1365,1_1623,hypothetical protein,5,5
FAM_P1366,1_1592,hypothetical protein,6,8
FAM_P1367,1_1560,hypothetical protein,6,6
FAM_P1368,1_1463,hypothetical protein,5,5
SING_PLE3,1_2667,hypothetical protein,1,1
FAM_P1369,1_3519,hypothetical protein,4,4
FAM_P1370,1_3551,hypothetical protein,6,6
FAM_P1371,1_4527,hypothetical protein,3,3
FAM_P1372,1_3663,hypothetical protein,6,6
FAM_P1373,1_3900,hypothetical protein,6,6
FAM_P1374,1_3933,hypothetical protein,6,6
FAM_P1375,1_5007,hypothetical protein,2,2
FAM_P1376,1_5231,hypothetical protein,2,2
FAM_P1377,3_23,hypothetical protein,3,3
SING_P7OU,1_259,hypothetical protein,1,1
SING_P87I,1_931,hypothetical protein,1,1
SING_P8B2,1_1059,hypothetical protein,1,1
SING_P8BY,1_1091,hypothetical protein,1,1
SING_P8CU,1_1123,hypothetical protein,1,1
SING_P8SU,1_1699,hypothetical protein,1,1
FAM_P1378,1_1795,hypothetical protein,2,2
SING_P8WE,1_1827,hypothetical protein,1,1
SING_P8XA,1_1859,hypothetical protein,1,1
FAM_P1379,1_3902,hypothetical protein,4,4
FAM_P1380,1_3870,hypothetical protein,6,6
FAM_P1381,1_3741,hypothetical protein,3,3
SING_PMP9,2_26,hypothetical protein,1,1
SING_PMQ5,2_58,hypothetical protein,1,1
SING_PMR1,2_90,hypothetical protein,1,1
SING_PMRX,2_122,hypothetical protein,1,1
SING_PMUL,3_68,hypothetical protein,1,1
FAM_P1382,1_1793,hypothetical protein,3,3
FAM_P1383,1_46,hypothetical protein,6,6
FAM_P1384,1_78,hypothetical protein,6,6
FAM_P1385,1_110,hypothetical protein,6,6
FAM_P1386,1_146,hypothetical protein,6,6
FAM_P1387,1_177,hypothetical protein,6,6
FAM_P1388,1_209,hypothetical protein,6,6
SING_P6M,1_238,hypothetical protein,1,1
FAM_P1389,1_408,hypothetical protein,6,6
FAM_P1390,1_441,hypothetical protein,6,6
FAM_P1391,1_713,hypothetical protein,4,4
FAM_P1392,1_753,hypothetical protein,6,6
FAM_P1393,1_2470,hypothetical protein,2,2
FAM_P1394,1_1390,hypothetical protein,6,6
FAM_P1395,1_1934,hypothetical protein,4,4
SING_P1IM,1_1966,hypothetical protein,1,1
SING_P1JI,1_1998,hypothetical protein,1,1
FAM_P1396,1_2190,hypothetical protein,4,4
FAM_P1397,1_1478,hypothetical protein,2,2
FAM_P1398,1_1510,hypothetical protein,2,2
FAM_P1399,1_1702,hypothetical protein,2,2
SING_PFBH,1_5323,hypothetical protein,1,1
FAM_P1400,3_66,hypothetical protein,3,3
FAM_P1401,3_13,hypothetical protein,2,2
SING_PFGT,1_106,hypothetical protein,1,1
SING_PG0D,1_810,hypothetical protein,1,1
FAM_P1402,1_4048,hypothetical protein,2,2
SING_PG7H,1_1066,hypothetical protein,1,1
SING_PGA5,1_1162,hypothetical protein,1,1
FAM_P1403,1_1446,hypothetical protein,2,2
FAM_P1404,1_2182,hypothetical protein,6,6
SING_PGR1,1_1770,hypothetical protein,1,1
SING_PH8T,1_2410,hypothetical protein,1,1
FAM_P1405,1_1329,hypothetical protein,4,4
FAM_P1406,1_2574,hypothetical protein,2,2
FAM_P1407,1_2766,hypothetical protein,2,2
FAM_P1408,1_2894,hypothetical protein,2,2
FAM_P1409,1_3790,hypothetical protein,2,2
FAM_P1410,1_3182,hypothetical protein,6,6
FAM_P1411,1_3214,hypothetical protein,6,6
FAM_P1412,1_3359,hypothetical protein,6,6
FAM_P1413,1_3453,hypothetical protein,6,6
FAM_P1414,1_3518,hypothetical protein,4,4
FAM_P1415,1_3662,hypothetical protein,6,6
FAM_P1416,1_3899,hypothetical protein,6,6
FAM_P1417,1_3932,hypothetical protein,6,6
FAM_P1418,1_5006,hypothetical protein,2,2
FAM_P1419,3_22,hypothetical protein,3,3
SING_P7OT,1_258,hypothetical protein,1,1
FAM_P1420,1_3306,hypothetical protein,4,4
FAM_P1421,1_770,hypothetical protein,2,2
SING_P87H,1_930,hypothetical protein,1,1
SING_P8ST,1_1698,hypothetical protein,1,1
FAM_P1422,1_2017,hypothetical protein,6,6
FAM_P1423,1_1794,hypothetical protein,2,2
SING_P8WD,1_1826,hypothetical protein,1,1
SING_P8X9,1_1858,hypothetical protein,1,1
SING_P9FX,1_2530,hypothetical protein,1,1
SING_P9GT,1_2562,hypothetical protein,1,1
SING_P9JH,1_2658,hypothetical protein,1,1
SING_P9KD,1_2690,hypothetical protein,1,1
SING_P9QL,1_2914,hypothetical protein,1,1
SING_P9VX,1_3106,hypothetical protein,1,1
SING_P9WT,1_3138,hypothetical protein,1,1
FAM_P1424,1_249,hypothetical protein,5,5
SING_PABX,1_3682,hypothetical protein,1,1
FAM_P1425,1_3906,hypothetical protein,2,2
SING_PAJX,1_3970,hypothetical protein,1,1
SING_PALP,1_4034,hypothetical protein,1,1
SING_PAML,1_4066,hypothetical protein,1,1
SING_PANH,1_4098,hypothetical protein,1,1
SING_PAOD,1_4130,hypothetical protein,1,1
SING_PAUL,1_4354,hypothetical protein,1,1
FAM_P1426,2_22,hypothetical protein,2,2
SING_PB65,2_54,hypothetical protein,1,1
FAM_P1427,1_2151,hypothetical protein,2,2
FAM_P1428,1_1069,hypothetical protein,2,5
FAM_P1429,1_1593,hypothetical protein,5,6
FAM_P1430,1_1748,hypothetical protein,6,6
FAM_P1431,1_1780,hypothetical protein,5,5
FAM_P1432,1_1810,hypothetical protein,6,6
FAM_P1433,1_1841,hypothetical protein,6,6
FAM_P1434,1_1908,hypothetical protein,3,5
FAM_P1435,1_1941,hypothetical protein,6,6
FAM_P1436,1_1947,hypothetical protein,4,4
FAM_P1437,1_2902,hypothetical protein,3,3
FAM_P1438,1_2350,hypothetical protein,6,6
FAM_P1439,1_2385,hypothetical protein,6,6
FAM_P1440,1_2426,hypothetical protein,6,6
FAM_P1441,1_2458,hypothetical protein,5,5
FAM_P1442,1_2486,hypothetical protein,6,6
FAM_P1443,1_2517,hypothetical protein,6,6
FAM_P1444,1_2549,hypothetical protein,6,6
FAM_P1445,1_2582,hypothetical protein,6,6
FAM_P1446,1_3445,hypothetical protein,3,3
FAM_P1447,1_2640,hypothetical protein,6,6
FAM_P1448,1_3440,hypothetical protein,2,2
FAM_P1449,1_3568,hypothetical protein,3,3
FAM_P1450,1_3664,hypothetical protein,2,2
FAM_P1451,1_3216,hypothetical protein,6,6
FAM_P1452,1_3248,hypothetical protein,6,6
FAM_P1453,1_3431,hypothetical protein,5,5
FAM_P1454,1_3455,hypothetical protein,6,6
FAM_P1455,1_3520,hypothetical protein,4,4
FAM_P1456,1_3552,hypothetical protein,6,6
FAM_P1457,1_3587,hypothetical protein,6,6
FAM_P1458,1_3901,hypothetical protein,6,6
FAM_P1459,1_4880,hypothetical protein,4,4
FAM_P1460,1_5008,hypothetical protein,2,2
FAM_P1461,1_4165,hypothetical protein,3,3
FAM_P1462,3_56,hypothetical protein,2,2
SING_P7OV,1_260,hypothetical protein,1,1
SING_P87J,1_932,hypothetical protein,1,1
SING_P8B3,1_1060,hypothetical protein,1,1
SING_P8BZ,1_1092,hypothetical protein,1,1
SING_P8CV,1_1124,hypothetical protein,1,1
SING_P8VJ,1_1796,hypothetical protein,1,1
SING_P8WF,1_1828,hypothetical protein,1,1
SING_P8XB,1_1860,hypothetical protein,1,1
FAM_P1463,1_1088,hypothetical protein,3,5
SING_P9FZ,1_2532,hypothetical protein,1,1
SING_P9JJ,1_2660,hypothetical protein,1,1
SING_P9KF,1_2692,hypothetical protein,1,1
SING_P9PR,1_2884,hypothetical protein,1,1
SING_P9QN,1_2916,hypothetical protein,1,1
SING_P9VZ,1_3108,hypothetical protein,1,1
SING_P9WV,1_3140,hypothetical protein,1,1
FAM_P1464,1_48,hypothetical protein,6,6
SING_PAJZ,1_3972,hypothetical protein,1,1
SING_PAKV,1_4004,hypothetical protein,1,1
SING_PALR,1_4036,hypothetical protein,1,1
SING_PAMN,1_4068,hypothetical protein,1,1
FAM_P1465,1_2906,hypothetical protein,1,2
FAM_P1466,1_4452,hypothetical protein,2,2
SING_PB5B,2_24,hypothetical protein,1,1
SING_PB67,2_56,hypothetical protein,1,1
FAM_P1467,1_2117,hypothetical protein,2,2
FAM_P1468,1_1909,hypothetical protein,6,6
FAM_P1469,1_1943,hypothetical protein,6,6
FAM_P1470,1_1972,hypothetical protein,6,6
FAM_P1471,1_2352,hypothetical protein,6,6
FAM_P1472,1_2488,hypothetical protein,6,6
FAM_P1473,1_2519,hypothetical protein,6,6
FAM_P1474,1_2551,hypothetical protein,6,6
FAM_P1475,1_2609,hypothetical protein,3,4
FAM_P1476,1_2642,hypothetical protein,6,6
FAM_P1477,1_2673,hypothetical protein,6,6
FAM_P1478,1_2967,hypothetical protein,6,6
FAM_P1479,1_4912,hypothetical protein,2,2
FAM_P1480,1_3199,hypothetical protein,6,6
FAM_P1481,1_3232,hypothetical protein,6,6
FAM_P1482,1_3377,hypothetical protein,6,6
FAM_P1483,1_4485,hypothetical protein,2,2
FAM_P1484,1_4517,hypothetical protein,2,2
FAM_P1485,1_3984,hypothetical protein,6,6
FAM_P1486,1_4081,hypothetical protein,6,6
FAM_P1487,1_4113,hypothetical protein,6,6
FAM_P1488,1_4144,hypothetical protein,6,6
FAM_P1489,1_4181,hypothetical protein,6,6
FAM_P1490,1_4232,hypothetical protein,6,7
FAM_P1491,1_4264,hypothetical protein,5,5
FAM_P1492,1_4294,hypothetical protein,6,6
FAM_P1493,1_72,hypothetical protein,2,2
FAM_P1494,1_136,hypothetical protein,2,2
FAM_P1495,1_296,hypothetical protein,2,2
FAM_P1496,1_456,hypothetical protein,2,2
FAM_P1497,1_807,hypothetical protein,2,2
FAM_P1498,1_1160,hypothetical protein,2,2
FAM_P1499,1_1192,hypothetical protein,2,2
FAM_P1500,1_1256,hypothetical protein,2,2
FAM_P1501,1_1288,hypothetical protein,2,2
SING_PFGV,1_108,hypothetical protein,1,1
FAM_P1502,1_2354,hypothetical protein,6,6
FAM_P1503,1_2047,hypothetical protein,6,6
FAM_P1504,1_1977,hypothetical protein,5,5
SING_PGR3,1_1772,hypothetical protein,1,1
SING_PGRZ,1_1804,hypothetical protein,1,1
FAM_P1505,1_2010,hypothetical protein,3,5
SING_PH8V,1_2412,hypothetical protein,1,1
SING_PHE7,1_2604,hypothetical protein,1,1
SING_PHJJ,1_2796,hypothetical protein,1,1
FAM_P1506,1_2963,hypothetical protein,4,4
SING_PHN3,1_2924,hypothetical protein,1,1
SING_PHYN,1_3340,hypothetical protein,1,1
FAM_P1507,1_4085,hypothetical protein,6,6
SING_PINJ,1_4236,hypothetical protein,1,1
SING_PJ1R,2_183,hypothetical protein,1,1
SING_PJ5B,3_59,hypothetical protein,1,1
SING_PJ67,3_91,hypothetical protein,1,1
SING_PJ7Z,3_155,hypothetical protein,1,1
SING_PJ8V,4_13,hypothetical protein,1,1
SING_PJ9R,4_45,hypothetical protein,1,1
SING_PJAN,4_77,hypothetical protein,1,1
SING_PJBJ,4_109,hypothetical protein,1,1
FAM_P1508,1_47,hypothetical protein,1,2
FAM_P1509,1_3565,hypothetical protein,2,2
FAM_P1510,1_2931,hypothetical protein,6,6
FAM_P1511,1_2620,hypothetical protein,6,6
SING_PK5R,1_1071,hypothetical protein,1,1
FAM_P1512,1_2554,hypothetical protein,6,6
FAM_P1513,1_2491,hypothetical protein,6,6
FAM_P1514,1_2188,hypothetical protein,4,4
SING_PKJZ,1_1583,hypothetical protein,1,1
FAM_P1515,1_1747,hypothetical protein,6,6
FAM_P1516,1_1349,hypothetical protein,3,5
FAM_P1517,1_1112,hypothetical protein,4,4
FAM_P1518,1_2831,hypothetical protein,1,2
FAM_P1519,1_722,hypothetical protein,6,6
FAM_P1520,1_663,hypothetical protein,6,6
SING_PLRJ,1_3151,hypothetical protein,1,1
FAM_P1521,1_363,hypothetical protein,2,2
FAM_P1522,1_180,hypothetical protein,6,6
FAM_P1523,1_149,hypothetical protein,5,5
FAM_P1524,1_81,hypothetical protein,6,6
SING_PM8F,1_3759,hypothetical protein,1,1
SING_PM9B,1_3791,hypothetical protein,1,1
SING_PMR3,2_92,hypothetical protein,1,1
SING_PMRZ,2_124,hypothetical protein,1,1
SING_PMUN,3_70,hypothetical protein,1,1
FAM_P1525,1_80,hypothetical protein,6,6
FAM_P1526,1_112,hypothetical protein,6,6
FAM_P1527,1_148,hypothetical protein,6,6
FAM_P1528,1_179,hypothetical protein,6,6
FAM_P1529,1_208,hypothetical protein,3,3
SING_P7K,1_272,hypothetical protein,1,1
FAM_P1530,1_1364,hypothetical protein,6,6
FAM_P1531,1_1396,hypothetical protein,6,6
FAM_P1532,1_1428,hypothetical protein,6,6
FAM_P1533,1_1424,hypothetical protein,6,6
SING_P1HS,1_1936,hypothetical protein,1,1
SING_P1JK,1_2000,hypothetical protein,1,1
FAM_P1534,1_2192,hypothetical protein,6,7
SING_P1SG,1_2320,hypothetical protein,1,1
FAM_P1535,1_2512,hypothetical protein,6,8
FAM_P1536,1_2768,hypothetical protein,6,6
FAM_P1537,1_2800,hypothetical protein,4,4
FAM_P1538,1_3280,hypothetical protein,6,6
FAM_P1539,1_3312,hypothetical protein,4,4
FAM_P1540,1_3664,hypothetical protein,6,6
FAM_P1541,1_4016,hypothetical protein,6,6
FAM_P1542,1_4048,hypothetical protein,6,6
FAM_P1543,1_4176,hypothetical protein,2,2
SING_P38W,1_4208,hypothetical protein,1,1
FAM_P1544,1_17,hypothetical protein,6,6
FAM_P1545,1_305,hypothetical protein,3,3
FAM_P1546,1_337,hypothetical protein,3,3
FAM_P1547,1_593,hypothetical protein,6,6
FAM_P1548,1_625,hypothetical protein,6,6
FAM_P1549,1_657,hypothetical protein,6,6
FAM_P1550,1_689,hypothetical protein,6,6
FAM_P1551,1_721,hypothetical protein,6,6
FAM_P1552,1_913,hypothetical protein,6,6
FAM_P1553,1_945,hypothetical protein,6,6
FAM_P1554,1_977,hypothetical protein,6,6
FAM_P1555,1_1009,hypothetical protein,5,5
FAM_P1556,1_1105,hypothetical protein,6,6
FAM_P1557,1_1335,hypothetical protein,3,3
FAM_P1558,1_1649,hypothetical protein,6,6
FAM_P1559,1_1681,hypothetical protein,6,6
FAM_P1560,1_1745,hypothetical protein,5,9
FAM_P1561,1_1777,hypothetical protein,6,6
FAM_P1562,1_1809,hypothetical protein,5,5
FAM_P1563,1_1841,hypothetical protein,3,3
FAM_P1564,1_1331,hypothetical protein,4,4
FAM_P1565,1_2161,hypothetical protein,2,2
FAM_P1566,1_2417,hypothetical protein,2,2
FAM_P1567,1_2769,hypothetical protein,2,2
FAM_P1568,1_2833,hypothetical protein,2,2
FAM_P1569,1_2897,hypothetical protein,2,2
FAM_P1570,1_3313,hypothetical protein,2,2
FAM_P1571,1_3441,hypothetical protein,2,2
FAM_P1572,1_3569,hypothetical protein,3,3
FAM_P1573,1_3665,hypothetical protein,2,2
FAM_P1574,1_3185,hypothetical protein,6,6
FAM_P1575,1_3217,hypothetical protein,6,6
FAM_P1576,1_3249,hypothetical protein,6,6
FAM_P1577,1_3405,hypothetical protein,6,6
FAM_P1578,1_3456,hypothetical protein,6,6
FAM_P1579,1_3632,hypothetical protein,4,4
FAM_P1580,1_4913,hypothetical protein,2,2
FAM_P1581,1_5009,hypothetical protein,2,2
SING_P7OW,1_261,hypothetical protein,1,1
FAM_P1582,1_3935,hypothetical protein,5,5
SING_P87K,1_933,hypothetical protein,1,1
SING_P8B4,1_1061,hypothetical protein,1,1
SING_P8C0,1_1093,hypothetical protein,1,1
SING_P8CW,1_1125,hypothetical protein,1,1
SING_P8K0,1_1381,hypothetical protein,1,1
FAM_P1583,1_1797,hypothetical protein,2,2
SING_P8WG,1_1829,hypothetical protein,1,1
SING_P8XC,1_1861,hypothetical protein,1,1
SING_P9JK,1_2661,hypothetical protein,1,1
SING_P9KG,1_2693,hypothetical protein,1,1
SING_P9PS,1_2885,hypothetical protein,1,1
SING_P9QO,1_2917,hypothetical protein,1,1
SING_P9W0,1_3109,hypothetical protein,1,1
FAM_P1584,1_4274,hypothetical protein,6,6
SING_PAK0,1_3973,hypothetical protein,1,1
SING_PALS,1_4037,hypothetical protein,1,1
SING_PAMO,1_4069,hypothetical protein,1,1
SING_PANK,1_4101,hypothetical protein,1,1
SING_PB68,2_57,hypothetical protein,1,1
FAM_P1585,1_2148,hypothetical protein,2,2
FAM_P1586,1_824,hypothetical protein,2,16
FAM_P1587,1_1595,hypothetical protein,6,6
FAM_P1588,1_1910,hypothetical protein,6,6
FAM_P1589,1_1944,hypothetical protein,6,6
FAM_P1590,1_1949,hypothetical protein,6,6
FAM_P1591,1_1973,hypothetical protein,6,6
FAM_P1592,1_2008,hypothetical protein,6,6
FAM_P1593,1_2036,hypothetical protein,6,6
FAM_P1594,1_2353,hypothetical protein,6,6
FAM_P1595,1_2489,hypothetical protein,6,6
FAM_P1596,1_2520,hypothetical protein,6,6
FAM_P1597,1_2552,hypothetical protein,6,6
FAM_P1598,1_2643,hypothetical protein,6,6
FAM_P1599,1_2674,hypothetical protein,6,6
FAM_P1600,1_2798,hypothetical protein,4,4
FAM_P1601,1_3736,hypothetical protein,4,4
FAM_P1602,1_2933,hypothetical protein,6,6
FAM_P1603,1_4911,hypothetical protein,2,2
FAM_P1604,1_3348,hypothetical protein,6,6
FAM_P1605,1_3378,hypothetical protein,6,6
FAM_P1606,1_4486,hypothetical protein,2,2
FAM_P1607,1_4518,hypothetical protein,2,2
FAM_P1608,1_3985,hypothetical protein,6,6
FAM_P1609,1_4082,hypothetical protein,6,6
FAM_P1610,1_4114,hypothetical protein,6,6
FAM_P1611,1_4145,hypothetical protein,6,6
FAM_P1612,1_4295,hypothetical protein,6,6
FAM_P1613,1_137,hypothetical protein,2,2
FAM_P1614,1_233,hypothetical protein,4,9
FAM_P1615,1_265,hypothetical protein,2,2
FAM_P1616,1_585,hypothetical protein,2,2
FAM_P1617,1_808,hypothetical protein,2,2
FAM_P1618,1_1161,hypothetical protein,2,2
FAM_P1619,1_1193,hypothetical protein,2,2
FAM_P1620,1_1257,hypothetical protein,2,2
FAM_P1621,1_1289,hypothetical protein,2,2
FAM_P1622,1_1321,hypothetical protein,2,2
FAM_P1623,1_1513,hypothetical protein,2,2
FAM_P1624,1_1705,hypothetical protein,2,2
FAM_P1625,3_69,hypothetical protein,4,4
SING_PFGW,1_109,hypothetical protein,1,1
FAM_P1626,1_3198,hypothetical protein,6,8
FAM_P1627,1_771,hypothetical protein,2,2
FAM_P1628,1_1017,hypothetical protein,2,2
SING_PGEO,1_1325,hypothetical protein,1,1
SING_PGHC,1_1421,hypothetical protein,1,1
FAM_P1629,1_2082,hypothetical protein,3,3
SING_PGS0,1_1805,hypothetical protein,1,1
FAM_P1630,1_1510,hypothetical protein,6,6
SING_PH8W,1_2413,hypothetical protein,1,1
SING_PHE8,1_2605,hypothetical protein,1,1
SING_PHN4,1_2925,hypothetical protein,1,1
FAM_P1631,1_3352,hypothetical protein,2,2
SING_PUU,1_1110,hypothetical protein,1,1
FAM_P1632,1_1366,hypothetical protein,2,2
FAM_P1633,1_2326,hypothetical protein,2,2
SING_P21I,1_2646,hypothetical protein,1,1
FAM_P1634,1_2774,hypothetical protein,6,6
SING_P386,1_4182,hypothetical protein,1,1
SING_P392,1_4214,hypothetical protein,1,1
FAM_P1635,1_23,hypothetical protein,4,5
FAM_P1636,1_247,hypothetical protein,5,5
FAM_P1637,1_503,hypothetical protein,6,6
FAM_P1638,1_535,hypothetical protein,6,6
FAM_P1639,1_567,hypothetical protein,6,6
FAM_P1640,1_855,hypothetical protein,6,6
FAM_P1641,1_1079,hypothetical protein,3,6
FAM_P1642,1_1271,hypothetical protein,3,3
FAM_P1643,1_1687,hypothetical protein,6,6
FAM_P1644,1_1783,hypothetical protein,6,6
FAM_P1645,1_1307,hypothetical protein,6,6
FAM_P1646,1_1504,hypothetical protein,6,6
FAM_P1647,1_2583,hypothetical protein,2,2
FAM_P1648,1_2647,hypothetical protein,2,2
FAM_P1649,1_2903,hypothetical protein,2,2
FAM_P1650,1_2935,hypothetical protein,2,2
FAM_P1651,1_2318,hypothetical protein,5,5
FAM_P1652,1_3543,hypothetical protein,2,2
FAM_P1653,1_3671,hypothetical protein,2,2
FAM_P1654,1_4439,hypothetical protein,2,2
FAM_P1655,1_4471,hypothetical protein,3,3
FAM_P1656,1_4503,hypothetical protein,2,2
FAM_P1657,1_4887,hypothetical protein,2,2
FAM_P1658,1_4919,hypothetical protein,2,2
SING_P7FA,2_3,hypothetical protein,1,1
FAM_P1659,1_3628,hypothetical protein,4,4
SING_P7PY,1_299,hypothetical protein,1,1
SING_P80M,1_683,hypothetical protein,1,1
SING_P8D2,1_1131,hypothetical protein,1,1
SING_P8L2,1_1419,hypothetical protein,1,1
SING_P8LY,1_1451,hypothetical protein,1,1
FAM_P1660,1_1803,hypothetical protein,2,2
SING_P8WM,1_1835,hypothetical protein,1,1
FAM_P1661,1_2283,hypothetical protein,1,2
SING_P9AU,1_2347,hypothetical protein,1,1
SING_P9FA,1_2507,hypothetical protein,1,1
SING_P9JQ,1_2667,hypothetical protein,1,1
SING_P9KM,1_2699,hypothetical protein,1,1
FAM_P1662,1_2891,hypothetical protein,2,2
SING_P9UE,1_3051,hypothetical protein,1,1
SING_PABA,1_3659,hypothetical protein,1,1
SING_PAK6,1_3979,hypothetical protein,1,1
SING_PALY,1_4043,hypothetical protein,1,1
SING_PAMU,1_4075,hypothetical protein,1,1
SING_PANQ,1_4107,hypothetical protein,1,1
SING_PAOM,1_4139,hypothetical protein,1,1
SING_PATY,1_4331,hypothetical protein,1,1
FAM_P1663,1_1501,hypothetical protein,2,9
FAM_P1664,1_1570,hypothetical protein,6,6
FAM_P1665,1_1601,hypothetical protein,6,6
FAM_P1666,1_1850,hypothetical protein,6,6
FAM_P1667,1_1883,hypothetical protein,6,6
FAM_P1668,1_1916,hypothetical protein,6,6
FAM_P1669,1_1979,hypothetical protein,6,6
FAM_P1670,1_2013,hypothetical protein,6,6
FAM_P1671,1_2044,hypothetical protein,6,6
FAM_P1672,1_3838,hypothetical protein,4,4
FAM_P1673,1_4905,hypothetical protein,2,2
FAM_P1674,1_4263,hypothetical protein,2,2
FAM_P1675,1_4364,hypothetical protein,2,2
FAM_P1676,1_4492,hypothetical protein,2,2
FAM_P1677,1_5186,hypothetical protein,2,2
FAM_P1678,1_271,hypothetical protein,4,8
FAM_P1679,1_399,hypothetical protein,2,2
FAM_P1680,1_527,hypothetical protein,2,2
FAM_P1681,1_814,hypothetical protein,2,2
FAM_P1682,1_1038,hypothetical protein,2,2
FAM_P1683,1_1135,hypothetical protein,2,2
FAM_P1684,1_1167,hypothetical protein,2,2
FAM_P1685,1_1199,hypothetical protein,2,2
FAM_P1686,1_1263,hypothetical protein,2,2
FAM_P1687,1_1327,hypothetical protein,3,3
FAM_P1688,1_1487,hypothetical protein,2,2
FAM_P1689,1_1711,hypothetical protein,2,2
SING_PFFA,1_51,hypothetical protein,1,1
SING_PFG6,1_83,hypothetical protein,1,1
FAM_P1690,1_2921,hypothetical protein,3,3
SING_PG1I,1_851,hypothetical protein,1,1
SING_PG8M,1_1107,hypothetical protein,1,1
SING_PGRA,1_1779,hypothetical protein,1,1
SING_PGUU,1_1907,hypothetical protein,1,1
SING_PHNA,1_2931,hypothetical protein,1,1
SING_PIEU,1_3923,hypothetical protein,1,1
FAM_P1691,1_4583,hypothetical protein,2,2
FAM_P1692,2_30,hypothetical protein,2,2
SING_PIYE,2_62,hypothetical protein,1,1
SING_PJ06,2_126,hypothetical protein,1,1
FAM_P1693,2_158,hypothetical protein,2,2
FAM_P1694,2_190,hypothetical protein,2,2
FAM_P1695,2_222,hypothetical protein,2,2
SING_PJ6E,3_98,hypothetical protein,1,1
FAM_P1696,2_25,hypothetical protein,2,2
SING_PJ86,3_162,hypothetical protein,1,1
SING_PJ92,4_20,hypothetical protein,1,1
SING_PJAU,4_84,hypothetical protein,1,1
SING_PJBQ,4_116,hypothetical protein,1,1
SING_PJEE,1_86,hypothetical protein,1,1
FAM_P1697,1_3374,hypothetical protein,3,3
FAM_P1698,1_3148,hypothetical protein,2,2
FAM_P1699,1_734,hypothetical protein,3,3
FAM_P1700,1_2710,hypothetical protein,3,3
SING_PKK6,1_1590,hypothetical protein,1,1
FAM_P1701,1_1981,hypothetical protein,6,6
FAM_P1702,1_1854,hypothetical protein,6,6
SING_PKYE,1_2102,hypothetical protein,1,1
FAM_P1703,1_1484,hypothetical protein,3,3
FAM_P1704,1_3578,hypothetical protein,3,3
SING_PM8M,1_3766,hypothetical protein,1,1
SING_PMOM,2_3,hypothetical protein,1,1
SING_PMPI,2_35,hypothetical protein,1,1
SING_PMS6,2_131,hypothetical protein,1,1
FAM_P1705,2_89,hypothetical protein,2,2
FAM_P1706,2_113,hypothetical protein,2,2
SING_PMVQ,3_109,hypothetical protein,1,1
FAM_P1707,2_25,hypothetical protein,2,2
FAM_P1708,2_246,hypothetical protein,2,2
FAM_P1709,2_214,hypothetical protein,2,2
SING_PMZA,3_237,hypothetical protein,1,1
FAM_P1710,2_150,hypothetical protein,2,2
FAM_P1711,1_25,hypothetical protein,6,6
FAM_P1712,1_2593,hypothetical protein,1,2
FAM_P1713,1_350,hypothetical protein,6,6
SING_PUV,1_1111,hypothetical protein,1,1
FAM_P1714,1_1367,hypothetical protein,2,2
FAM_P1715,1_1527,hypothetical protein,2,2
FAM_P1716,1_1591,hypothetical protein,2,2
FAM_P1717,1_2583,hypothetical protein,3,3
FAM_P1718,1_2711,hypothetical protein,3,3
FAM_P1719,1_4183,hypothetical protein,3,3
SING_P393,1_4215,hypothetical protein,1,1
FAM_P1720,1_84,hypothetical protein,6,6
FAM_P1721,1_216,hypothetical protein,4,4
FAM_P1722,1_248,hypothetical protein,6,6
FAM_P1723,1_536,hypothetical protein,6,6
FAM_P1724,1_792,hypothetical protein,5,9
FAM_P1725,1_1217,hypothetical protein,2,4
FAM_P1726,1_1560,hypothetical protein,6,6
FAM_P1727,1_3115,hypothetical protein,2,3
FAM_P1728,1_714,hypothetical protein,2,2
SING_PLY6,1_3390,hypothetical protein,1,1
FAM_P1729,1_130,hypothetical protein,2,2
FAM_P1730,1_3742,hypothetical protein,1,2
SING_PM8U,1_3774,hypothetical protein,1,1
FAM_P1731,3_8,hypothetical protein,2,2
SING_PMPQ,2_43,hypothetical protein,1,1
SING_PMRI,2_107,hypothetical protein,1,1
SING_PMTA,3_21,hypothetical protein,1,1
FAM_P1732,2_97,hypothetical protein,2,2
FAM_P1733,2_121,hypothetical protein,2,2
FAM_P1734,2_49,hypothetical protein,2,2
FAM_P1735,2_17,hypothetical protein,2,2
FAM_P1736,2_238,hypothetical protein,2,2
FAM_P1737,2_206,hypothetical protein,2,2
FAM_P1738,2_174,hypothetical protein,2,2
SING_PN0E,3_277,hypothetical protein,1,1
SING_P73,1_255,hypothetical protein,1,1
FAM_P1739,1_2211,hypothetical protein,2,2
FAM_P1740,1_2562,hypothetical protein,2,2
FAM_P1741,1_2691,hypothetical protein,2,2
FAM_P1742,1_2887,hypothetical protein,2,2
FAM_P1743,1_2951,hypothetical protein,2,2
FAM_P1744,1_3782,hypothetical protein,2,2
FAM_P1745,1_4500,hypothetical protein,2,2
FAM_P1746,1_4596,hypothetical protein,2,2
FAM_P1747,1_4628,hypothetical protein,2,2
FAM_P1748,1_4191,hypothetical protein,2,2
FAM_P1749,1_4255,hypothetical protein,2,2
FAM_P1750,1_4511,hypothetical protein,2,2
SING_P73Y,1_4895,hypothetical protein,1,1
FAM_P1751,1_5183,hypothetical protein,2,2
FAM_P1752,1_4236,hypothetical protein,5,5
FAM_P1753,1_5247,hypothetical protein,2,2
FAM_P1754,3_7,hypothetical protein,2,2
FAM_P1755,3_71,hypothetical protein,2,2
SING_P7I6,1_19,hypothetical protein,1,1
FAM_P1756,1_51,hypothetical protein,2,2
FAM_P1757,1_83,hypothetical protein,2,2
FAM_P1758,1_467,hypothetical protein,2,2
SING_P7ZY,1_659,hypothetical protein,1,1
FAM_P1759,1_755,hypothetical protein,2,2
SING_P872,1_915,hypothetical protein,1,1
SING_P8KE,1_1395,hypothetical protein,1,1
SING_P8LA,1_1427,hypothetical protein,1,1
SING_P8U6,1_1747,hypothetical protein,1,1
SING_P9JR,1_2668,hypothetical protein,1,1
SING_P9KN,1_2700,hypothetical protein,1,1
FAM_P1760,1_1532,hypothetical protein,4,7
FAM_P1761,1_2892,hypothetical protein,2,2
SING_P9UF,1_3052,hypothetical protein,1,1
SING_PABB,1_3660,hypothetical protein,1,1
SING_PADZ,1_3756,hypothetical protein,1,1
SING_PAK7,1_3980,hypothetical protein,1,1
SING_PAMV,1_4076,hypothetical protein,1,1
SING_PANR,1_4108,hypothetical protein,1,1
SING_PATZ,1_4332,hypothetical protein,1,1
FAM_P1762,1_1460,hypothetical protein,2,8
FAM_P1763,1_1697,hypothetical protein,6,8
FAM_P1764,1_1851,hypothetical protein,6,6
FAM_P1765,1_1884,hypothetical protein,6,6
FAM_P1766,1_1917,hypothetical protein,6,6
FAM_P1767,1_1980,hypothetical protein,6,6
FAM_P1768,1_2045,hypothetical protein,6,6
FAM_P1769,1_2079,hypothetical protein,6,7
FAM_P1770,1_2681,hypothetical protein,6,6
FAM_P1771,1_4904,hypothetical protein,2,2
FAM_P1772,1_4264,hypothetical protein,2,2
FAM_P1773,1_4365,hypothetical protein,2,2
FAM_P1774,1_4493,hypothetical protein,2,2
FAM_P1775,1_5187,hypothetical protein,2,2
FAM_P1776,1_272,hypothetical protein,2,2
FAM_P1777,1_400,hypothetical protein,2,2
FAM_P1778,1_528,hypothetical protein,3,3
FAM_P1779,1_815,hypothetical protein,2,2
FAM_P1780,1_1007,hypothetical protein,5,5
FAM_P1781,1_1072,hypothetical protein,2,2
FAM_P1782,1_1136,hypothetical protein,2,2
FAM_P1783,1_1200,hypothetical protein,2,2
FAM_P1784,1_1232,hypothetical protein,2,2
FAM_P1785,1_1264,hypothetical protein,2,2
FAM_P1786,1_1296,hypothetical protein,2,2
FAM_P1787,1_1328,hypothetical protein,2,2
FAM_P1788,1_1520,hypothetical protein,2,2
FAM_P1789,1_1712,hypothetical protein,2,2
SING_PFG7,1_84,hypothetical protein,1,1
SING_PFW7,1_660,hypothetical protein,1,1
FAM_P1790,1_2920,hypothetical protein,3,3
SING_PG1J,1_852,hypothetical protein,1,1
SING_PGPJ,1_1716,hypothetical protein,1,1
FAM_P1791,1_1410,hypothetical protein,2,2
FAM_P1792,1_1735,hypothetical protein,6,6
SING_PHEF,1_2612,hypothetical protein,1,1
SING_PHNB,1_2932,hypothetical protein,1,1
SING_PHUF,1_3188,hypothetical protein,1,1
FAM_P1793,1_4584,hypothetical protein,2,2
FAM_P1794,2_31,hypothetical protein,2,2
SING_PJ07,2_127,hypothetical protein,1,1
FAM_P1795,2_159,hypothetical protein,2,2
FAM_P1796,2_191,hypothetical protein,2,2
FAM_P1797,2_223,hypothetical protein,2,2
FAM_P1798,3_96,hypothetical protein,1,2
SING_PJ7B,3_131,hypothetical protein,1,1
SING_PJ87,3_163,hypothetical protein,1,1
SING_PJ93,4_21,hypothetical protein,1,1
SING_PJ9Z,4_53,hypothetical protein,1,1
SING_PJAV,4_85,hypothetical protein,1,1
SING_PJBR,4_117,hypothetical protein,1,1
SING_PJEF,1_87,hypothetical protein,1,1
FAM_P1799,1_3373,hypothetical protein,2,2
FAM_P1800,1_3147,hypothetical protein,2,2
FAM_P1801,1_2989,hypothetical protein,2,2
FAM_P1802,1_735,hypothetical protein,3,3
FAM_P1803,1_2306,hypothetical protein,2,2
FAM_P1804,1_2244,hypothetical protein,2,2
FAM_P1805,1_1853,hypothetical protein,6,6
SING_PKYF,1_2103,hypothetical protein,1,1
FAM_P1806,1_1010,hypothetical protein,5,5
FAM_P1807,1_1809,hypothetical protein,4,5
SING_PM8N,1_3767,hypothetical protein,1,1
SING_PMQF,2_68,hypothetical protein,1,1
SING_PMRB,2_100,hypothetical protein,1,1
SING_PMS7,2_132,hypothetical protein,1,1
FAM_P1808,2_90,hypothetical protein,2,2
FAM_P1809,2_114,hypothetical protein,2,2
FAM_P1810,2_56,hypothetical protein,2,2
FAM_P1811,2_245,hypothetical protein,2,2
FAM_P1812,2_213,hypothetical protein,2,2
FAM_P1813,2_149,hypothetical protein,2,2
SING_P6W,1_248,hypothetical protein,1,1
FAM_P1814,1_1368,hypothetical protein,2,2
FAM_P1815,1_1528,hypothetical protein,2,2
SING_P1KO,1_2040,hypothetical protein,1,1
FAM_P1816,1_2328,hypothetical protein,3,3
SING_P1ZS,1_2584,hypothetical protein,1,1
FAM_P1817,1_2712,hypothetical protein,3,3
SING_P394,1_4216,hypothetical protein,1,1
FAM_P1818,1_153,hypothetical protein,6,6
FAM_P1819,1_217,hypothetical protein,4,5
FAM_P1820,1_1049,hypothetical protein,2,2
FAM_P1821,1_1446,hypothetical protein,5,5
FAM_P1822,1_2137,hypothetical protein,2,4
FAM_P1823,1_2585,hypothetical protein,2,2
FAM_P1824,1_2841,hypothetical protein,2,2
FAM_P1825,1_3161,hypothetical protein,2,2
FAM_P1826,1_3417,hypothetical protein,2,2
FAM_P1827,1_3545,hypothetical protein,2,2
FAM_P1828,1_3161,hypothetical protein,5,5
FAM_P1829,1_4441,hypothetical protein,2,2
FAM_P1830,1_4505,hypothetical protein,2,2
FAM_P1831,1_4537,hypothetical protein,2,2
FAM_P1832,1_4889,hypothetical protein,2,2
FAM_P1833,1_4921,hypothetical protein,2,2
SING_P7Q0,1_301,hypothetical protein,1,1
SING_P80O,1_685,hypothetical protein,1,1
SING_P89K,1_1005,hypothetical protein,1,1
SING_P8D4,1_1133,hypothetical protein,1,1
SING_P8K8,1_1389,hypothetical protein,1,1
SING_P8L4,1_1421,hypothetical protein,1,1
SING_P8S8,1_1677,hypothetical protein,1,1
FAM_P1834,1_2006,hypothetical protein,2,2
FAM_P1835,1_1805,hypothetical protein,2,2
SING_P8WO,1_1837,hypothetical protein,1,1
SING_P988,1_2253,hypothetical protein,1,1
FAM_P1836,1_2285,hypothetical protein,1,2
SING_P9JS,1_2669,hypothetical protein,1,1
SING_P9KO,1_2701,hypothetical protein,1,1
FAM_P1837,1_2893,hypothetical protein,2,2
SING_P9QW,1_2925,hypothetical protein,1,1
SING_P9UG,1_3053,hypothetical protein,1,1
FAM_P1838,1_1436,hypothetical protein,6,28
SING_PAE0,1_3757,hypothetical protein,1,1
SING_PAK8,1_3981,hypothetical protein,1,1
SING_PAMW,1_4077,hypothetical protein,1,1
SING_PANS,1_4109,hypothetical protein,1,1
SING_PB4O,2_1,hypothetical protein,1,1
FAM_P1839,1_1479,hypothetical protein,6,6
FAM_P1840,1_1852,hypothetical protein,6,6
FAM_P1841,1_1885,hypothetical protein,6,6
FAM_P1842,1_1886,hypothetical protein,6,6
FAM_P1843,1_1918,hypothetical protein,6,6
FAM_P1844,1_2015,hypothetical protein,6,6
FAM_P1845,1_2046,hypothetical protein,6,6
FAM_P1846,1_2080,hypothetical protein,6,7
FAM_P1847,1_2806,hypothetical protein,4,4
FAM_P1848,1_4903,hypothetical protein,2,2
FAM_P1849,1_4201,hypothetical protein,3,3
FAM_P1850,1_4265,hypothetical protein,2,2
FAM_P1851,1_4366,hypothetical protein,2,2
FAM_P1852,1_4494,hypothetical protein,2,2
FAM_P1853,1_5188,hypothetical protein,2,2
FAM_P1854,1_5252,hypothetical protein,2,2
FAM_P1855,1_273,hypothetical protein,2,2
FAM_P1856,1_401,hypothetical protein,2,2
FAM_P1857,1_529,hypothetical protein,3,3
FAM_P1858,1_816,hypothetical protein,2,2
FAM_P1859,1_1040,hypothetical protein,2,2
FAM_P1860,1_1137,hypothetical protein,2,2
FAM_P1861,1_1201,hypothetical protein,2,2
FAM_P1862,1_1233,hypothetical protein,2,2
FAM_P1863,1_1265,hypothetical protein,2,2
FAM_P1864,1_1297,hypothetical protein,2,2
FAM_P1865,1_1521,hypothetical protein,2,2
FAM_P1866,3_77,hypothetical protein,2,2
FAM_P1867,3_24,hypothetical protein,2,2
SING_PFG8,1_85,hypothetical protein,1,1
SING_PFW8,1_661,hypothetical protein,1,1
FAM_P1868,1_2919,hypothetical protein,3,3
SING_PG1K,1_853,hypothetical protein,1,1
FAM_P1869,1_909,hypothetical protein,2,2
SING_PGPK,1_1717,hypothetical protein,1,1
SING_PGQG,1_1749,hypothetical protein,1,1
SING_PHEG,1_2613,hypothetical protein,1,1
SING_PHNC,1_2933,hypothetical protein,1,1
SING_PHX4,1_3285,hypothetical protein,1,1
SING_PI60,1_3605,hypothetical protein,1,1
FAM_P1870,1_221,hypothetical protein,4,4
FAM_P1871,2_32,hypothetical protein,2,2
FAM_P1872,2_64,hypothetical protein,2,2
FAM_P1873,2_160,hypothetical protein,2,2
FAM_P1874,2_192,hypothetical protein,2,2
FAM_P1875,2_224,hypothetical protein,2,2
SING_PJ4O,3_36,hypothetical protein,1,1
SING_PJ5K,3_68,hypothetical protein,1,1
FAM_P1876,3_97,hypothetical protein,1,2
SING_PJ7C,3_132,hypothetical protein,1,1
SING_PJ94,4_22,hypothetical protein,1,1
SING_PJA0,4_54,hypothetical protein,1,1
SING_PJAW,4_86,hypothetical protein,1,1
SING_PJBS,4_118,hypothetical protein,1,1
FAM_P1877,1_2988,hypothetical protein,2,2
FAM_P1878,1_736,hypothetical protein,3,3
FAM_P1879,1_2305,hypothetical protein,2,2
FAM_P1880,1_2243,hypothetical protein,2,2
SING_PKYG,1_2104,hypothetical protein,1,1
FAM_P1881,1_1482,hypothetical protein,6,6
FAM_P1882,1_2520,hypothetical protein,2,2
SING_PM8O,1_3768,hypothetical protein,1,1
FAM_P1883,1_3923,hypothetical protein,3,3
FAM_P1884,2_139,hypothetical protein,2,2
SING_PMQG,2_69,hypothetical protein,1,1
SING_PMRC,2_101,hypothetical protein,1,1
FAM_P1885,2_91,hypothetical protein,2,2
FAM_P1886,2_115,hypothetical protein,2,2
FAM_P1887,2_55,hypothetical protein,2,2
FAM_P1888,2_23,hypothetical protein,2,2
FAM_P1889,2_242,hypothetical protein,2,2
FAM_P1890,2_212,hypothetical protein,2,2
FAM_P1891,2_148,hypothetical protein,2,2
FAM_P1892,1_4194,hypothetical protein,5,6
FAM_P1893,1_2583,hypothetical protein,2,2
FAM_P1894,1_2519,hypothetical protein,2,2
FAM_P1895,1_1337,hypothetical protein,2,2
FAM_P1896,1_1369,hypothetical protein,2,2
FAM_P1897,1_1529,hypothetical protein,2,2
SING_P1ZT,1_2585,hypothetical protein,1,1
FAM_P1898,1_2713,hypothetical protein,3,3
SING_P395,1_4217,hypothetical protein,1,1
FAM_P1899,1_186,hypothetical protein,6,6
FAM_P1900,1_282,hypothetical protein,2,2
FAM_P1901,1_314,hypothetical protein,2,2
FAM_P1902,1_346,hypothetical protein,2,2
FAM_P1903,1_826,hypothetical protein,2,2
FAM_P1904,1_922,hypothetical protein,2,2
FAM_P1905,1_1050,hypothetical protein,2,2
FAM_P1906,1_1210,hypothetical protein,2,2
FAM_P1907,1_1274,hypothetical protein,3,3
FAM_P1908,1_1306,hypothetical protein,2,2
FAM_P1909,1_1338,hypothetical protein,2,2
FAM_P1910,1_1466,hypothetical protein,2,2
FAM_P1911,1_1530,hypothetical protein,2,2
FAM_P1912,1_1562,hypothetical protein,2,2
FAM_P1913,1_1594,hypothetical protein,2,2
FAM_P1914,1_1419,hypothetical protein,6,6
FAM_P1915,1_2202,hypothetical protein,2,2
FAM_P1916,1_2842,hypothetical protein,2,2
FAM_P1917,1_3546,hypothetical protein,2,2
FAM_P1918,1_2813,hypothetical protein,3,3
FAM_P1919,1_1970,hypothetical protein,6,13
FAM_P1920,1_4506,hypothetical protein,2,2
FAM_P1921,1_4538,hypothetical protein,3,3
FAM_P1922,1_4890,hypothetical protein,2,2
FAM_P1923,1_4922,hypothetical protein,2,2
FAM_P1924,3_2,hypothetical protein,2,2
SING_P7Q1,1_302,hypothetical protein,1,1
FAM_P1925,1_796,hypothetical protein,2,2
FAM_P1926,1_828,hypothetical protein,2,2
FAM_P1927,1_924,hypothetical protein,2,2
FAM_P1928,1_1244,hypothetical protein,2,2
FAM_P1929,1_1276,hypothetical protein,2,2
FAM_P1930,1_1468,hypothetical protein,2,2
FAM_P1931,1_1532,hypothetical protein,2,2
FAM_P1932,1_1884,hypothetical protein,2,2
FAM_P1933,1_1421,hypothetical protein,6,6
FAM_P1934,1_2108,hypothetical protein,3,3
FAM_P1935,1_2204,hypothetical protein,2,2
FAM_P1936,1_2268,hypothetical protein,2,2
FAM_P1937,1_3164,hypothetical protein,2,2
FAM_P1938,1_3548,hypothetical protein,2,2
SING_P399,1_4221,hypothetical protein,1,1
FAM_P1939,1_286,hypothetical protein,2,2
FAM_P1940,1_446,hypothetical protein,2,2
FAM_P1941,1_830,hypothetical protein,2,2
FAM_P1942,1_926,hypothetical protein,2,2
FAM_P1943,1_1214,hypothetical protein,2,2
FAM_P1944,1_1246,hypothetical protein,2,2
FAM_P1945,1_1342,hypothetical protein,2,2
FAM_P1946,1_1534,hypothetical protein,2,2
FAM_P1947,1_1540,hypothetical protein,2,2
FAM_P1948,1_3096,hypothetical protein,2,3
FAM_P1949,1_3117,hypothetical protein,2,3
FAM_P1950,1_684,hypothetical protein,2,2
SING_PLY4,1_3388,hypothetical protein,1,1
FAM_P1951,1_132,hypothetical protein,2,2
FAM_P1952,1_3951,hypothetical protein,2,2
SING_PMQK,2_73,hypothetical protein,1,1
SING_PMRG,2_105,hypothetical protein,1,1
SING_PM80,1_3744,hypothetical protein,1,1
SING_PM8W,1_3776,hypothetical protein,1,1
FAM_P1953,1_3947,hypothetical protein,2,2
SING_PMOW,2_13,hypothetical protein,1,1
SING_PMPS,2_45,hypothetical protein,1,1
FAM_P1954,1_3738,hypothetical protein,1,2
SING_PMRK,2_109,hypothetical protein,1,1
SING_PMTC,3_23,hypothetical protein,1,1
FAM_P1955,1_1320,hypothetical protein,4,4
FAM_P1956,2_47,hypothetical protein,2,2
FAM_P1957,2_15,hypothetical protein,2,2
FAM_P1958,2_236,hypothetical protein,2,2
FAM_P1959,2_204,hypothetical protein,2,2
FAM_P1960,2_172,hypothetical protein,2,2
SING_PK5C,1_1056,hypothetical protein,1,1
SING_PKPS,1_1792,hypothetical protein,1,1
SING_PKRK,1_1856,hypothetical protein,1,1
FAM_P1961,1_1376,hypothetical protein,3,3
FAM_P1962,1_2820,hypothetical protein,1,2
SING_PLY8,1_3392,hypothetical protein,1,1
FAM_P1963,1_1209,hypothetical protein,2,2
FAM_P1964,1_1273,hypothetical protein,3,3
FAM_P1965,1_1305,hypothetical protein,2,2
FAM_P1966,1_1337,hypothetical protein,2,2
FAM_P1967,1_1465,hypothetical protein,2,2
FAM_P1968,1_1529,hypothetical protein,2,2
FAM_P1969,1_1593,hypothetical protein,2,2
FAM_P1970,1_1753,hypothetical protein,2,2
FAM_P1971,3_53,hypothetical protein,2,2
FAM_P1972,1_48,hypothetical protein,2,2
FAM_P1973,1_472,hypothetical protein,2,2
FAM_P1974,1_754,hypothetical protein,2,2
SING_PG80,1_1085,hypothetical protein,1,1
SING_PG9S,1_1149,hypothetical protein,1,1
FAM_P1975,1_1387,hypothetical protein,2,2
SING_PGRK,1_1789,hypothetical protein,1,1
SING_PGV4,1_1917,hypothetical protein,1,1
SING_P9WG,1_3125,hypothetical protein,1,1
SING_PABK,1_3669,hypothetical protein,1,1
SING_PAKG,1_3989,hypothetical protein,1,1
SING_PALC,1_4021,hypothetical protein,1,1
SING_PAM8,1_4053,hypothetical protein,1,1
FAM_P1976,1_4181,hypothetical protein,2,2
SING_PB1C,1_4597,hypothetical protein,1,1
FAM_P1977,2_9,hypothetical protein,2,2
SING_PB6O,2_73,hypothetical protein,1,1
SING_PB7K,2_105,hypothetical protein,1,1
FAM_P1978,1_1940,hypothetical protein,2,2
FAM_P1979,1_2213,hypothetical protein,2,2
FAM_P1980,1_2564,hypothetical protein,2,2
FAM_P1981,1_1461,hypothetical protein,2,6
FAM_P1982,1_2724,hypothetical protein,3,3
FAM_P1983,1_2953,hypothetical protein,2,2
FAM_P1984,1_3144,hypothetical protein,2,2
FAM_P1985,1_4192,hypothetical protein,2,2
FAM_P1986,1_1,hypothetical protein,2,2
FAM_P1987,1_289,hypothetical protein,2,2
FAM_P1988,1_705,hypothetical protein,2,2
FAM_P1989,1_1153,hypothetical protein,2,2
FAM_P1990,1_1249,hypothetical protein,2,2
FAM_P1991,1_1301,hypothetical protein,5,12
FAM_P1992,1_1473,hypothetical protein,3,3
FAM_P1993,1_1537,hypothetical protein,2,2
FAM_P1994,1_1633,hypothetical protein,4,4
SING_PGRM,1_1791,hypothetical protein,1,1
FAM_P1995,1_1790,hypothetical protein,2,2
SING_PHEQ,1_2623,hypothetical protein,1,1
SING_PHMQ,1_2911,hypothetical protein,1,1
SING_PHNM,1_2943,hypothetical protein,1,1
SING_PHSY,1_3135,hypothetical protein,1,1
SING_PHXE,1_3295,hypothetical protein,1,1
FAM_P1996,1_2734,hypothetical protein,4,4
FAM_P1997,1_505,hypothetical protein,6,6
FAM_P1998,1_51,hypothetical protein,4,4
FAM_P1999,1_1180,hypothetical protein,2,4
SING_PIG2,1_3967,hypothetical protein,1,1
SING_PIN6,1_4223,hypothetical protein,1,1
FAM_P2000,1_3268,hypothetical protein,6,12
FAM_P2001,1_4595,hypothetical protein,2,2
SING_PIW2,1_4543,hypothetical protein,1,1
FAM_P2002,1_3380,hypothetical protein,6,6
FAM_P2003,1_3418,hypothetical protein,5,6
FAM_P2004,1_3472,hypothetical protein,6,6
FAM_P2005,1_3500,hypothetical protein,6,6
FAM_P2006,1_3539,hypothetical protein,6,6
FAM_P2007,1_3574,hypothetical protein,6,6
FAM_P2008,1_3611,hypothetical protein,6,6
FAM_P2009,1_3648,hypothetical protein,6,6
FAM_P2010,1_3678,hypothetical protein,6,6
FAM_P2011,1_3710,hypothetical protein,5,5
FAM_P2012,1_4675,hypothetical protein,4,4
FAM_P2013,1_2556,hypothetical protein,6,42
FAM_P2014,1_3803,hypothetical protein,6,6
FAM_P2015,1_3832,hypothetical protein,6,6
FAM_P2016,1_3858,hypothetical protein,6,6
FAM_P2017,1_3887,hypothetical protein,6,6
FAM_P2018,1_3919,hypothetical protein,6,6
FAM_P2019,1_3959,hypothetical protein,6,6
FAM_P2020,1_3992,hypothetical protein,6,6
FAM_P2021,1_4023,hypothetical protein,6,6
FAM_P2022,1_4055,hypothetical protein,6,6
FAM_P2023,1_4089,hypothetical protein,6,6
FAM_P2024,1_4152,hypothetical protein,6,6
FAM_P2025,1_4240,hypothetical protein,6,6
FAM_P2026,1_4271,hypothetical protein,6,6
FAM_P2027,1_5283,hypothetical protein,3,3
FAM_P2028,3_43,hypothetical protein,3,3
FAM_P2029,3_75,hypothetical protein,2,2
FAM_P2030,1_2897,hypothetical protein,6,6
FAM_P2031,1_2872,hypothetical protein,6,6
SING_P876,1_919,hypothetical protein,1,1
SING_P8CI,1_1111,hypothetical protein,1,1
SING_P8DE,1_1143,hypothetical protein,1,1
SING_P8LE,1_1431,hypothetical protein,1,1
SING_P8PU,1_1591,hypothetical protein,1,1
FAM_P2032,1_1801,hypothetical protein,6,6
SING_PM8X,1_3777,hypothetical protein,1,1
FAM_P2033,1_4138,hypothetical protein,6,6
FAM_P2034,1_4106,hypothetical protein,6,6
FAM_P2035,1_4074,hypothetical protein,6,6
FAM_P2036,1_4042,hypothetical protein,6,6
FAM_P2037,1_3978,hypothetical protein,6,6
FAM_P2038,1_3946,hypothetical protein,6,6
FAM_P2039,1_3914,hypothetical protein,6,6
FAM_P2040,1_3882,hypothetical protein,6,6
FAM_P2041,1_3817,hypothetical protein,6,7
FAM_P2042,1_3785,hypothetical protein,6,6
FAM_P2043,1_3753,hypothetical protein,6,6
FAM_P2044,1_3721,hypothetical protein,6,6
FAM_P2045,1_3688,hypothetical protein,6,6
SING_PMPT,2_46,hypothetical protein,1,1
SING_PMRL,2_110,hypothetical protein,1,1
FAM_P2046,2_86,hypothetical protein,3,6
SING_PMTD,3_24,hypothetical protein,1,1
SING_PMU9,3_56,hypothetical protein,1,1
FAM_P2047,1_1319,hypothetical protein,4,4
SING_PN0H,3_280,hypothetical protein,1,1
FAM_P2048,1_66,hypothetical protein,6,6
FAM_P2049,1_98,hypothetical protein,6,6
FAM_P2050,1_165,hypothetical protein,6,6
FAM_P2051,1_197,hypothetical protein,6,6
FAM_P2052,1_256,hypothetical protein,6,6
FAM_P2053,1_313,hypothetical protein,6,6
FAM_P2054,1_367,hypothetical protein,6,6
FAM_P2055,1_1378,hypothetical protein,6,21
FAM_P2056,1_428,hypothetical protein,6,6
FAM_P2057,1_464,hypothetical protein,6,6
FAM_P2058,1_496,hypothetical protein,6,6
FAM_P2059,1_569,hypothetical protein,6,6
FAM_P2060,1_641,hypothetical protein,6,6
FAM_P2061,1_673,hypothetical protein,5,7
FAM_P2062,1_703,hypothetical protein,6,6
FAM_P2063,1_732,hypothetical protein,6,6
FAM_P2064,1_773,hypothetical protein,6,6
FAM_P2065,1_851,hypothetical protein,6,6
FAM_P2066,1_884,hypothetical protein,6,6
FAM_P2067,1_919,hypothetical protein,6,6
FAM_P2068,1_987,hypothetical protein,6,6
FAM_P2069,1_1020,hypothetical protein,6,6
FAM_P2070,1_1382,hypothetical protein,6,6
FAM_P2071,1_1414,hypothetical protein,6,6
FAM_P2072,1_1446,hypothetical protein,6,6
FAM_P2073,1_1122,hypothetical protein,3,3
FAM_P2074,1_1617,hypothetical protein,6,6
FAM_P2075,1_1655,hypothetical protein,6,6
FAM_P2076,1_1684,hypothetical protein,6,6
FAM_P2077,1_1782,hypothetical protein,6,6
FAM_P2078,1_1314,hypothetical protein,5,5
FAM_P2079,1_1346,hypothetical protein,5,6
FAM_P2080,1_1410,hypothetical protein,6,6
FAM_P2081,1_1442,hypothetical protein,6,6
FAM_P2082,1_1474,hypothetical protein,6,6
FAM_P2083,1_1506,hypothetical protein,6,6
FAM_P2084,1_1602,hypothetical protein,6,6
FAM_P2085,1_1634,hypothetical protein,6,6
FAM_P2086,1_1666,hypothetical protein,6,6
FAM_P2087,1_1730,hypothetical protein,6,6
FAM_P2088,1_1762,hypothetical protein,6,6
FAM_P2089,1_1794,hypothetical protein,6,6
FAM_P2090,1_1954,hypothetical protein,6,6
FAM_P2091,1_2114,hypothetical protein,6,6
FAM_P2092,1_4514,hypothetical protein,2,2
FAM_P2093,1_4674,hypothetical protein,4,4
FAM_P2094,1_3981,hypothetical protein,6,6
FAM_P2095,1_4110,hypothetical protein,6,6
FAM_P2096,1_4141,hypothetical protein,5,5
FAM_P2097,1_4173,hypothetical protein,6,6
FAM_P2098,1_4259,hypothetical protein,4,4
FAM_P2099,1_4291,hypothetical protein,6,6
FAM_P2100,1_229,hypothetical protein,3,3
FAM_P2101,1_293,hypothetical protein,2,2
FAM_P2102,1_517,hypothetical protein,2,2
FAM_P2103,1_804,hypothetical protein,2,2
FAM_P2104,1_932,hypothetical protein,2,2
FAM_P2105,1_1060,hypothetical protein,2,2
FAM_P2106,1_1189,hypothetical protein,2,2
FAM_P2107,1_1253,hypothetical protein,2,2
FAM_P2108,1_1285,hypothetical protein,2,2
FAM_P2109,1_1477,hypothetical protein,2,2
FAM_P2110,1_1509,hypothetical protein,2,2
FAM_P2111,1_1637,hypothetical protein,2,2
FAM_P2112,1_1701,hypothetical protein,2,2
FAM_P2113,3_65,hypothetical protein,3,3
FAM_P2114,3_12,hypothetical protein,2,2
SING_PFGS,1_105,hypothetical protein,1,1
FAM_P2115,1_3439,hypothetical protein,6,6
FAM_P2116,1_3318,hypothetical protein,6,6
FAM_P2117,1_1435,hypothetical protein,4,4
FAM_P2118,1_304,hypothetical protein,3,3
FAM_P2119,1_592,hypothetical protein,6,6
FAM_P2120,1_624,hypothetical protein,6,6
FAM_P2121,1_656,hypothetical protein,6,6
FAM_P2122,1_688,hypothetical protein,6,6
FAM_P2123,1_720,hypothetical protein,6,6
FAM_P2124,1_912,hypothetical protein,6,6
FAM_P2125,1_944,hypothetical protein,6,6
FAM_P2126,1_976,hypothetical protein,6,6
FAM_P2127,1_1104,hypothetical protein,6,6
FAM_P2128,1_1168,hypothetical protein,4,4
FAM_P2129,1_1334,hypothetical protein,3,3
FAM_P2130,1_1552,hypothetical protein,4,6
FAM_P2131,1_1648,hypothetical protein,6,6
FAM_P2132,1_1680,hypothetical protein,6,6
FAM_P2133,1_1776,hypothetical protein,6,6
FAM_P2134,1_1808,hypothetical protein,5,5
FAM_P2135,1_1302,hypothetical protein,6,6
FAM_P2136,1_1330,hypothetical protein,4,4
FAM_P2137,1_2160,hypothetical protein,2,2
FAM_P2138,1_2704,hypothetical protein,2,2
FAM_P2139,1_2768,hypothetical protein,2,2
FAM_P2140,1_2832,hypothetical protein,2,2
FAM_P2141,1_1359,hypothetical protein,4,4
FAM_P2142,1_1711,hypothetical protein,6,6
SING_P1JJ,1_1999,hypothetical protein,1,1
FAM_P2143,1_2383,hypothetical protein,6,6
SING_P20F,1_2607,hypothetical protein,1,1
FAM_P2144,1_2735,hypothetical protein,6,6
FAM_P2145,1_2767,hypothetical protein,6,6
FAM_P2146,1_2799,hypothetical protein,4,4
FAM_P2147,1_2863,hypothetical protein,4,4
FAM_P2148,1_2927,hypothetical protein,4,4
FAM_P2149,1_2991,hypothetical protein,6,6
FAM_P2150,1_3279,hypothetical protein,6,6
FAM_P2151,1_3311,hypothetical protein,4,4
FAM_P2152,1_3567,hypothetical protein,2,2
FAM_P2153,1_3791,hypothetical protein,5,5
FAM_P2154,1_4015,hypothetical protein,6,6
FAM_P2155,1_4047,hypothetical protein,6,6
FAM_P2156,1_16,hypothetical protein,6,6
SING_P8K9,1_1390,hypothetical protein,1,1
SING_P8L5,1_1422,hypothetical protein,1,1
FAM_P2157,1_2005,hypothetical protein,2,2
SING_P8WP,1_1838,hypothetical protein,1,1
SING_P989,1_2254,hypothetical protein,1,1
FAM_P2158,1_2286,hypothetical protein,1,2
SING_P9JT,1_2670,hypothetical protein,1,1
SING_P9KP,1_2702,hypothetical protein,1,1
FAM_P2159,1_2894,hypothetical protein,2,2
SING_P9UH,1_3054,hypothetical protein,1,1
SING_PAAH,1_3630,hypothetical protein,1,1
SING_PABD,1_3662,hypothetical protein,1,1
SING_PAE1,1_3758,hypothetical protein,1,1
FAM_P2160,1_4268,hypothetical protein,2,2
SING_PAK9,1_3982,hypothetical protein,1,1
FAM_P2161,1_4014,hypothetical protein,2,2
SING_PANT,1_4110,hypothetical protein,1,1
FAM_P2162,2_2,hypothetical protein,2,2
SING_PB6H,2_66,hypothetical protein,1,1
FAM_P2163,1_1478,hypothetical protein,6,6
FAM_P2164,1_1887,hypothetical protein,6,6
FAM_P2165,1_1919,hypothetical protein,6,6
FAM_P2166,1_1984,hypothetical protein,6,6
FAM_P2167,1_2016,hypothetical protein,6,6
FAM_P2168,1_2914,hypothetical protein,2,2
FAM_P2169,1_2807,hypothetical protein,4,6
FAM_P2170,1_2911,hypothetical protein,6,6
FAM_P2171,1_4934,hypothetical protein,2,2
FAM_P2172,1_4902,hypothetical protein,2,2
FAM_P2173,1_4266,hypothetical protein,2,2
FAM_P2174,1_4495,hypothetical protein,2,2
FAM_P2175,1_5189,hypothetical protein,3,3
FAM_P2176,1_402,hypothetical protein,2,2
FAM_P2177,1_785,hypothetical protein,2,2
FAM_P2178,1_817,hypothetical protein,2,2
FAM_P2179,1_1041,hypothetical protein,2,2
FAM_P2180,1_1202,hypothetical protein,2,2
FAM_P2181,1_1266,hypothetical protein,2,2
FAM_P2182,1_1298,hypothetical protein,2,2
FAM_P2183,1_1330,hypothetical protein,2,2
FAM_P2184,1_1522,hypothetical protein,2,2
FAM_P2185,1_1714,hypothetical protein,2,2
FAM_P2186,1_1842,hypothetical protein,2,2
FAM_P2187,3_46,hypothetical protein,3,3
FAM_P2188,3_25,hypothetical protein,2,2
SING_PFG9,1_86,hypothetical protein,1,1
SING_PFW9,1_662,hypothetical protein,1,1
FAM_P2189,1_2918,hypothetical protein,3,3
FAM_P2190,1_2883,hypothetical protein,2,3
FAM_P2191,1_910,hypothetical protein,2,2
FAM_P2192,1_2611,hypothetical protein,5,11
SING_PGPL,1_1718,hypothetical protein,1,1
SING_PGQH,1_1750,hypothetical protein,1,1
FAM_P2193,1_1115,hypothetical protein,2,3
SING_PGUX,1_1910,hypothetical protein,1,1
SING_PHEH,1_2614,hypothetical protein,1,1
SING_PHND,1_2934,hypothetical protein,1,1
FAM_P2194,1_586,hypothetical protein,3,7
SING_PI61,1_3606,hypothetical protein,1,1
FAM_P2195,2_1,hypothetical protein,2,2
FAM_P2196,2_33,hypothetical protein,2,2
FAM_P2197,2_65,hypothetical protein,2,2
FAM_P2198,2_161,hypothetical protein,2,2
FAM_P2199,2_193,hypothetical protein,2,2
FAM_P2200,2_225,hypothetical protein,2,2
SING_PJ4P,3_37,hypothetical protein,1,1
SING_PJ5L,3_69,hypothetical protein,1,1
SING_PJ6H,3_101,hypothetical protein,1,1
FAM_P2201,2_99,hypothetical protein,2,2
SING_PJ95,4_23,hypothetical protein,1,1
SING_PJA1,4_55,hypothetical protein,1,1
SING_PJAX,4_87,hypothetical protein,1,1
SING_PJBT,4_119,hypothetical protein,1,1
FAM_P2202,1_737,hypothetical protein,3,3
FAM_P2203,1_2376,hypothetical protein,6,6
FAM_P2204,1_2242,hypothetical protein,2,2
SING_PKYH,1_2105,hypothetical protein,1,1
FAM_P2205,1_1774,hypothetical protein,6,6
FAM_P2206,1_5202,hypothetical protein,4,4
SING_PLA1,1_2521,hypothetical protein,1,1
SING_PM8P,1_3769,hypothetical protein,1,1
FAM_P2207,2_140,hypothetical protein,2,3
SING_PMQH,2_70,hypothetical protein,1,1
SING_PMRD,2_102,hypothetical protein,1,1
FAM_P2208,2_138,hypothetical protein,2,5
FAM_P2209,2_92,hypothetical protein,2,2
FAM_P2210,2_116,hypothetical protein,2,2
FAM_P2211,2_54,hypothetical protein,2,2
FAM_P2212,2_22,hypothetical protein,2,2
FAM_P2213,2_211,hypothetical protein,2,2
FAM_P2214,2_182,hypothetical protein,2,2
FAM_P2215,2_147,hypothetical protein,2,2
SING_PUY,1_1114,hypothetical protein,1,1
FAM_P2216,1_1370,hypothetical protein,2,2
SING_P1SQ,1_2330,hypothetical protein,1,1
SING_P1ZU,1_2586,hypothetical protein,1,1
FAM_P2217,1_3962,hypothetical protein,4,6
FAM_P2218,1_4122,hypothetical protein,4,4
SING_P396,1_4218,hypothetical protein,1,1
FAM_P2219,1_283,hypothetical protein,2,2
FAM_P2220,1_827,hypothetical protein,2,2
FAM_P2221,1_923,hypothetical protein,2,2
FAM_P2222,1_1051,hypothetical protein,2,2
FAM_P2223,1_1179,hypothetical protein,2,2
FAM_P2224,1_1211,hypothetical protein,2,2
FAM_P2225,1_1243,hypothetical protein,2,2
FAM_P2226,1_1275,hypothetical protein,2,2
FAM_P2227,1_1339,hypothetical protein,2,2
FAM_P2228,1_1467,hypothetical protein,2,2
FAM_P2229,1_1531,hypothetical protein,2,2
FAM_P2230,1_1755,hypothetical protein,2,2
FAM_P2231,1_1883,hypothetical protein,2,2
FAM_P2232,1_1500,hypothetical protein,2,9
FAM_P2233,1_2107,hypothetical protein,3,3
FAM_P2234,1_2139,hypothetical protein,2,2
FAM_P2235,1_2587,hypothetical protein,2,2
FAM_P2236,1_3163,hypothetical protein,3,3
FAM_P2237,1_3483,hypothetical protein,3,3
FAM_P2238,1_3547,hypothetical protein,2,2
FAM_P2239,1_4507,hypothetical protein,2,2
FAM_P2240,1_4891,hypothetical protein,2,2
FAM_P2241,1_4923,hypothetical protein,2,2
FAM_P2242,3_3,hypothetical protein,2,2
FAM_P2243,3_67,hypothetical protein,2,2
SING_P7Q2,1_303,hypothetical protein,1,1
FAM_P2244,1_1103,hypothetical protein,2,2
SING_P8D6,1_1135,hypothetical protein,1,1
SING_P8KA,1_1391,hypothetical protein,1,1
FAM_P2245,1_1423,hypothetical protein,2,2
SING_P8U2,1_1743,hypothetical protein,1,1
SING_P8WQ,1_1839,hypothetical protein,1,1
SING_P98A,1_2255,hypothetical protein,1,1
FAM_P2246,1_2287,hypothetical protein,1,2
SING_P9JU,1_2671,hypothetical protein,1,1
SING_P9KQ,1_2703,hypothetical protein,1,1
FAM_P2247,1_2895,hypothetical protein,2,2
SING_P9UI,1_3055,hypothetical protein,1,1
SING_PA9M,1_3599,hypothetical protein,1,1
SING_PAAI,1_3631,hypothetical protein,1,1
SING_PABE,1_3663,hypothetical protein,1,1
SING_PAE2,1_3759,hypothetical protein,1,1
FAM_P2248,1_4267,hypothetical protein,2,2
SING_PAKA,1_3983,hypothetical protein,1,1
FAM_P2249,1_4015,hypothetical protein,2,2
FAM_P2250,1_4047,hypothetical protein,2,3
SING_PAMY,1_4079,hypothetical protein,1,1
SING_PAVU,1_4399,hypothetical protein,1,1
SING_PAZE,1_4527,hypothetical protein,1,1
FAM_P2251,2_3,hypothetical protein,2,2
SING_PB6I,2_67,hypothetical protein,1,1
FAM_P2252,1_2138,hypothetical protein,2,2
FAM_P2253,1_2048,hypothetical protein,6,6
FAM_P2254,1_2915,hypothetical protein,2,2
FAM_P2255,1_3170,hypothetical protein,2,2
FAM_P2256,1_4933,hypothetical protein,2,2
FAM_P2257,1_4901,hypothetical protein,2,2
FAM_P2258,1_4267,hypothetical protein,2,2
FAM_P2259,1_4496,hypothetical protein,2,2
FAM_P2260,1_4528,hypothetical protein,3,3
FAM_P2261,1_4592,hypothetical protein,2,2
FAM_P2262,1_211,hypothetical protein,2,2
FAM_P2263,1_275,hypothetical protein,2,2
FAM_P2264,1_339,hypothetical protein,3,3
FAM_P2265,1_818,hypothetical protein,2,2
FAM_P2266,1_1042,hypothetical protein,2,2
FAM_P2267,1_1203,hypothetical protein,2,2
FAM_P2268,1_1267,hypothetical protein,2,2
FAM_P2269,1_1299,hypothetical protein,2,2
FAM_P2270,1_1331,hypothetical protein,3,4
FAM_P2271,1_1523,hypothetical protein,2,2
FAM_P2272,1_1715,hypothetical protein,2,2
FAM_P2273,1_1843,hypothetical protein,2,2
FAM_P2274,3_47,hypothetical protein,4,4
FAM_P2275,3_26,hypothetical protein,2,2
FAM_P2276,1_3593,hypothetical protein,3,3
SING_PFI2,1_151,hypothetical protein,1,1
FAM_P2277,1_4211,hypothetical protein,3,7
SING_PFWA,1_663,hypothetical protein,1,1
FAM_P2278,1_911,hypothetical protein,2,2
SING_PG9M,1_1143,hypothetical protein,1,1
FAM_P2279,1_1255,hypothetical protein,2,2
SING_PGPM,1_1719,hypothetical protein,1,1
SING_PGQI,1_1751,hypothetical protein,1,1
SING_PGUY,1_1911,hypothetical protein,1,1
SING_PGVU,1_1943,hypothetical protein,1,1
SING_PH6I,1_2327,hypothetical protein,1,1
SING_PHEI,1_2615,hypothetical protein,1,1
SING_PHNE,1_2935,hypothetical protein,1,1
SING_PHQ2,1_3031,hypothetical protein,1,1
FAM_P2280,1_218,hypothetical protein,3,5
FAM_P2281,1_54,hypothetical protein,5,6
FAM_P2282,1_4248,hypothetical protein,4,5
FAM_P2283,1_4587,hypothetical protein,2,2
FAM_P2284,2_2,hypothetical protein,2,2
FAM_P2285,2_34,hypothetical protein,2,2
FAM_P2286,2_66,hypothetical protein,2,2
FAM_P2287,2_162,hypothetical protein,2,2
FAM_P2288,2_194,hypothetical protein,2,2
FAM_P2289,2_226,hypothetical protein,2,2
SING_PJ4Q,3_38,hypothetical protein,1,1
SING_PJ5M,3_70,hypothetical protein,1,1
SING_PJ6I,3_102,hypothetical protein,1,1
FAM_P2290,2_21,hypothetical protein,2,2
SING_PJ8A,3_166,hypothetical protein,1,1
SING_PJ96,4_24,hypothetical protein,1,1
SING_PJA2,4_56,hypothetical protein,1,1
SING_PJAY,4_88,hypothetical protein,1,1
SING_PJBU,4_120,hypothetical protein,1,1
FAM_P2291,1_3521,hypothetical protein,2,2
FAM_P2292,1_2984,hypothetical protein,2,2
FAM_P2293,1_738,hypothetical protein,3,3
FAM_P2294,1_1542,hypothetical protein,2,2
FAM_P2295,1_1303,hypothetical protein,2,2
SING_PLA2,1_2522,hypothetical protein,1,1
FAM_P2296,1_3094,hypothetical protein,2,3
SING_PLY2,1_3386,hypothetical protein,1,1
SING_PLYY,1_3418,hypothetical protein,1,1
SING_PM8Q,1_3770,hypothetical protein,1,1
FAM_P2297,2_141,hypothetical protein,2,3
SING_PMPM,2_39,hypothetical protein,1,1
SING_PMQI,2_71,hypothetical protein,1,1
SING_PMRE,2_103,hypothetical protein,1,1
FAM_P2298,2_93,hypothetical protein,2,2
FAM_P2299,2_117,hypothetical protein,2,2
FAM_P2300,2_53,hypothetical protein,2,2
FAM_P2301,2_21,hypothetical protein,2,2
FAM_P2302,2_210,hypothetical protein,2,2
FAM_P2303,2_181,hypothetical protein,2,2
FAM_P2304,2_146,hypothetical protein,2,2
FAM_P2305,1_251,hypothetical protein,2,2
SING_PUZ,1_1115,hypothetical protein,1,1
FAM_P2306,1_1371,hypothetical protein,2,2
FAM_P2307,1_1531,hypothetical protein,2,2
SING_P1SR,1_2331,hypothetical protein,1,1
SING_P1ZV,1_2587,hypothetical protein,1,1
FAM_P2308,1_3259,hypothetical protein,3,3
FAM_P2309,1_3355,hypothetical protein,2,2
SING_P397,1_4219,hypothetical protein,1,1
FAM_P2310,1_284,hypothetical protein,2,2
FAM_P2311,2_95,hypothetical protein,2,2
FAM_P2312,2_119,hypothetical protein,2,2
FAM_P2313,2_51,hypothetical protein,2,2
FAM_P2314,2_19,hypothetical protein,2,2
FAM_P2315,2_240,hypothetical protein,2,2
FAM_P2316,2_208,hypothetical protein,2,2
FAM_P2317,2_179,hypothetical protein,2,2
FAM_P2318,2_144,hypothetical protein,2,2
FAM_P2319,1_701,hypothetical protein,2,2
FAM_P2320,1_1102,hypothetical protein,2,2
FAM_P2321,1_1373,hypothetical protein,2,2
FAM_P2322,1_1533,hypothetical protein,2,2
SING_P1ZX,1_2589,hypothetical protein,1,1
FAM_P2323,1_1886,hypothetical protein,2,2
FAM_P2324,1_1950,hypothetical protein,2,2
FAM_P2325,1_2078,hypothetical protein,2,2
FAM_P2326,1_1459,hypothetical protein,2,6
FAM_P2327,1_2558,hypothetical protein,2,2
FAM_P2328,1_1985,hypothetical protein,6,6
FAM_P2329,1_2846,hypothetical protein,2,2
FAM_P2330,1_2878,hypothetical protein,2,2
FAM_P2331,1_3166,hypothetical protein,2,2
FAM_P2332,1_3422,hypothetical protein,2,2
FAM_P2333,1_4254,hypothetical protein,2,2
FAM_P2334,1_4286,hypothetical protein,2,2
FAM_P2335,1_4510,hypothetical protein,2,2
FAM_P2336,1_4926,hypothetical protein,2,2
FAM_P2337,1_4235,hypothetical protein,6,6
FAM_P2338,1_5246,hypothetical protein,2,2
FAM_P2339,3_6,hypothetical protein,2,2
FAM_P2340,3_38,hypothetical protein,4,4
FAM_P2341,3_70,hypothetical protein,2,2
FAM_P2342,1_50,hypothetical protein,2,2
FAM_P2343,1_82,hypothetical protein,2,2
FAM_P2344,1_466,hypothetical protein,2,2
SING_P7ZX,1_658,hypothetical protein,1,1
SING_P871,1_914,hypothetical protein,1,1
FAM_P2345,1_2325,hypothetical protein,2,2
SING_P8D9,1_1138,hypothetical protein,1,1
SING_P8KD,1_1394,hypothetical protein,1,1
SING_P8L9,1_1426,hypothetical protein,1,1
SING_P8U5,1_1746,hypothetical protein,1,1
SING_P8WT,1_1842,hypothetical protein,1,1
FAM_P2346,1_2276,hypothetical protein,1,2
FAM_P2347,1_2514,hypothetical protein,1,2
SING_P9JX,1_2674,hypothetical protein,1,1
SING_P9KT,1_2706,hypothetical protein,1,1
SING_P9Q5,1_2898,hypothetical protein,1,1
SING_P9WD,1_3122,hypothetical protein,1,1
SING_PAAL,1_3634,hypothetical protein,1,1
FAM_P2348,1_27,hypothetical protein,6,6
FAM_P2349,1_87,hypothetical protein,6,6
FAM_P2350,1_119,hypothetical protein,6,6
FAM_P2351,1_155,hypothetical protein,6,6
FAM_P2352,1_187,hypothetical protein,6,6
FAM_P2353,1_1027,hypothetical protein,6,6
FAM_P2354,1_820,hypothetical protein,4,22
FAM_P2355,1_1123,hypothetical protein,6,6
FAM_P2356,1_1155,hypothetical protein,4,4
FAM_P2357,1_1315,hypothetical protein,4,4
FAM_P2358,1_1379,hypothetical protein,6,6
FAM_P2359,1_1411,hypothetical protein,6,6
FAM_P2360,1_1443,hypothetical protein,6,6
FAM_P2361,1_1475,hypothetical protein,2,12
FAM_P2362,1_1635,hypothetical protein,4,4
FAM_P2363,1_1667,hypothetical protein,6,6
FAM_P2364,1_1552,hypothetical protein,5,7
FAM_P2365,1_1490,hypothetical protein,2,9
FAM_P2366,1_1763,hypothetical protein,6,6
FAM_P2367,1_1795,hypothetical protein,6,6
FAM_P2368,1_1827,hypothetical protein,6,6
FAM_P2369,1_1317,hypothetical protein,6,6
FAM_P2370,1_823,hypothetical protein,4,21
FAM_P2371,1_1392,hypothetical protein,6,11
FAM_P2372,1_1428,hypothetical protein,6,6
FAM_P2373,1_1455,hypothetical protein,6,6
FAM_P2374,1_1514,hypothetical protein,4,4
FAM_P2375,1_1496,hypothetical protein,2,9
FAM_P2376,1_1578,hypothetical protein,6,6
FAM_P2377,1_1608,hypothetical protein,6,6
FAM_P2378,1_1640,hypothetical protein,6,6
FAM_P2379,1_1672,hypothetical protein,6,6
FAM_P2380,1_1705,hypothetical protein,6,6
FAM_P2381,1_1737,hypothetical protein,6,6
FAM_P2382,1_1765,hypothetical protein,6,6
FAM_P2383,1_1797,hypothetical protein,6,6
FAM_P2384,1_1827,hypothetical protein,6,6
FAM_P2385,1_1859,hypothetical protein,6,6
FAM_P2386,1_1924,hypothetical protein,6,6
FAM_P2387,1_1961,hypothetical protein,5,5
FAM_P2388,1_1990,hypothetical protein,6,6
FAM_P2389,1_2022,hypothetical protein,6,6
FAM_P2390,1_2057,hypothetical protein,5,6
FAM_P2391,1_2851,hypothetical protein,4,4
FAM_P2392,1_1175,hypothetical protein,5,48
FAM_P2393,1_2104,hypothetical protein,6,6
FAM_P2394,1_2130,hypothetical protein,6,6
FAM_P2395,1_2163,hypothetical protein,6,6
FAM_P2396,1_2228,hypothetical protein,6,6
FAM_P2397,1_2265,hypothetical protein,6,6
FAM_P2398,1_2297,hypothetical protein,6,6
FAM_P2399,1_2366,hypothetical protein,6,6
FAM_P2400,1_2399,hypothetical protein,6,6
FAM_P2401,1_2440,hypothetical protein,6,6
FAM_P2402,1_2472,hypothetical protein,6,6
FAM_P2403,1_2500,hypothetical protein,6,6
FAM_P2404,1_2531,hypothetical protein,6,6
FAM_P2405,1_2564,hypothetical protein,6,6
FAM_P2406,1_2685,hypothetical protein,6,6
FAM_P2407,1_2718,hypothetical protein,6,6
FAM_P2408,1_2745,hypothetical protein,6,6
FAM_P2409,1_2777,hypothetical protein,6,6
FAM_P2410,1_2822,hypothetical protein,5,5
FAM_P2411,1_2855,hypothetical protein,6,6
FAM_P2412,1_2973,hypothetical protein,6,6
FAM_P2413,1_3100,hypothetical protein,6,6
FAM_P2414,1_3132,hypothetical protein,6,6
FAM_P2415,1_3203,hypothetical protein,6,6
FAM_P2416,1_3281,hypothetical protein,6,6
FAM_P2417,1_3320,hypothetical protein,6,6
FAM_P2418,1_3350,hypothetical protein,6,6
FAM_P2419,1_3043,hypothetical protein,6,6
FAM_P2420,1_3011,hypothetical protein,6,6
FAM_P2421,1_2943,hypothetical protein,6,10
FAM_P2422,1_2910,hypothetical protein,6,6
FAM_P2423,1_2878,hypothetical protein,6,6
FAM_P2424,1_2846,hypothetical protein,6,6
FAM_P2425,1_2814,hypothetical protein,6,6
FAM_P2426,1_2795,hypothetical protein,6,6
FAM_P2427,1_2763,hypothetical protein,6,6
FAM_P2428,1_2731,hypothetical protein,6,6
FAM_P2429,1_2668,hypothetical protein,6,6
FAM_P2430,1_2634,hypothetical protein,6,6
SING_PK5D,1_1057,hypothetical protein,1,1
FAM_P2431,1_2568,hypothetical protein,6,6
FAM_P2432,1_2536,hypothetical protein,6,6
FAM_P2433,1_2505,hypothetical protein,5,5
FAM_P2434,1_2473,hypothetical protein,6,6
FAM_P2435,1_2441,hypothetical protein,6,6
FAM_P2436,1_2400,hypothetical protein,6,6
FAM_P2437,1_2334,hypothetical protein,6,7
FAM_P2438,1_2298,hypothetical protein,6,6
FAM_P2439,1_2266,hypothetical protein,6,6
FAM_P2440,1_2202,hypothetical protein,6,6
FAM_P2441,1_2039,hypothetical protein,6,6
FAM_P2442,1_1940,hypothetical protein,6,6
FAM_P2443,1_1877,hypothetical protein,6,6
SING_PKPT,1_1793,hypothetical protein,1,1
FAM_P2444,1_1824,hypothetical protein,6,6
FAM_P2445,1_1411,hypothetical protein,6,6
FAM_P2446,1_1802,hypothetical protein,6,6
FAM_P2447,1_1766,hypothetical protein,6,6
FAM_P2448,1_1671,hypothetical protein,4,4
FAM_P2449,1_2599,hypothetical protein,4,4
FAM_P2450,1_1543,hypothetical protein,6,6
FAM_P2451,1_1395,hypothetical protein,6,6
FAM_P2452,1_1363,hypothetical protein,6,6
FAM_P2453,1_1124,hypothetical protein,6,6
FAM_P2454,1_1032,hypothetical protein,6,6
FAM_P2455,1_999,hypothetical protein,6,6
FAM_P2456,1_938,hypothetical protein,6,6
FAM_P2457,1_3118,hypothetical protein,2,3
FAM_P2458,1_3058,hypothetical protein,3,3
FAM_P2459,1_737,hypothetical protein,6,6
FAM_P2460,1_679,hypothetical protein,6,6
FAM_P2461,1_615,hypothetical protein,6,6
FAM_P2462,1_563,hypothetical protein,6,6
FAM_P2463,1_523,hypothetical protein,6,6
FAM_P2464,1_458,hypothetical protein,6,6
FAM_P2465,1_420,hypothetical protein,6,6
FAM_P2466,1_387,hypothetical protein,5,5
FAM_P2467,1_348,hypothetical protein,6,8
SING_PLY9,1_3393,hypothetical protein,1,1
FAM_P2468,1_243,hypothetical protein,6,6
FAM_P2469,1_159,hypothetical protein,3,3
FAM_P2470,1_131,hypothetical protein,6,6
FAM_P2471,1_95,hypothetical protein,6,6
FAM_P2472,1_63,hypothetical protein,6,6
FAM_P2473,1_33,hypothetical protein,6,6
SING_PI98,1_3721,hypothetical protein,1,1
FAM_P2474,1_5190,hypothetical protein,3,4
SING_PING,1_4233,hypothetical protein,1,1
FAM_P2475,2_84,hypothetical protein,2,2
SING_PJ4C,3_24,hypothetical protein,1,1
SING_PJ64,3_88,hypothetical protein,1,1
FAM_P2476,2_4,hypothetical protein,2,2
SING_PJ8S,4_10,hypothetical protein,1,1
SING_PJ9O,4_42,hypothetical protein,1,1
SING_PJAK,4_74,hypothetical protein,1,1
SING_PJBG,4_106,hypothetical protein,1,1
FAM_P2477,1_3416,hypothetical protein,6,6
FAM_P2478,1_3255,hypothetical protein,3,3
FAM_P2479,1_3064,hypothetical protein,5,5
FAM_P2480,1_3032,hypothetical protein,6,6
FAM_P2481,1_3000,hypothetical protein,6,6
FAM_P2482,1_2966,hypothetical protein,6,6
FAM_P2483,1_2934,hypothetical protein,6,6
SING_PJZG,1_844,hypothetical protein,1,1
FAM_P2484,1_2689,hypothetical protein,3,3
FAM_P2485,1_2623,hypothetical protein,6,6
FAM_P2486,1_2557,hypothetical protein,6,6
FAM_P2487,1_2525,hypothetical protein,6,6
FAM_P2488,1_2462,hypothetical protein,6,6
FAM_P2489,1_2430,hypothetical protein,6,6
FAM_P2490,1_2389,hypothetical protein,6,6
FAM_P2491,1_2287,hypothetical protein,6,6
FAM_P2492,1_2255,hypothetical protein,6,6
FAM_P2493,1_2223,hypothetical protein,6,6
FAM_P2494,1_2191,hypothetical protein,4,4
FAM_P2495,1_2159,hypothetical protein,6,6
FAM_P2496,1_2127,hypothetical protein,6,6
FAM_P2497,1_3437,hypothetical protein,2,2
FAM_P2498,1_3789,hypothetical protein,2,2
FAM_P2499,1_3181,hypothetical protein,6,6
FAM_P2500,1_3452,hypothetical protein,6,6
FAM_P2501,1_3517,hypothetical protein,4,4
FAM_P2502,1_3549,hypothetical protein,6,6
FAM_P2503,1_3596,hypothetical protein,6,6
FAM_P2504,1_3661,hypothetical protein,6,6
FAM_P2505,1_3868,hypothetical protein,6,6
FAM_P2506,1_3898,hypothetical protein,6,6
FAM_P2507,1_3931,hypothetical protein,6,6
FAM_P2508,1_4909,hypothetical protein,2,2
FAM_P2509,1_4973,hypothetical protein,3,3
FAM_P2510,1_5005,hypothetical protein,2,2
FAM_P2511,3_21,hypothetical protein,3,3
SING_P7JG,1_65,hypothetical protein,1,1
FAM_P2512,1_161,hypothetical protein,2,2
SING_P7NW,1_225,hypothetical protein,1,1
SING_P830,1_769,hypothetical protein,1,1
SING_P87G,1_929,hypothetical protein,1,1
FAM_P2513,1_3130,hypothetical protein,2,3
FAM_P2514,1_878,hypothetical protein,6,6
FAM_P2515,1_846,hypothetical protein,6,6
FAM_P2516,1_667,hypothetical protein,5,7
FAM_P2517,1_184,hypothetical protein,6,6
FAM_P2518,1_117,hypothetical protein,6,6
FAM_P2519,1_85,hypothetical protein,6,6
FAM_P2520,1_52,hypothetical protein,6,6
SING_PM97,1_3787,hypothetical protein,1,1
FAM_P2521,1_3904,hypothetical protein,6,6
FAM_P2522,1_3872,hypothetical protein,6,6
SING_PMRV,2_120,hypothetical protein,1,1
FAM_P2523,2_89,hypothetical protein,3,3
SING_PMUJ,3_66,hypothetical protein,1,1
FAM_P2524,2_149,hypothetical protein,1,2
FAM_P2525,1_44,hypothetical protein,6,6
FAM_P2526,1_76,hypothetical protein,6,6
FAM_P2527,1_144,hypothetical protein,6,6
FAM_P2528,1_175,hypothetical protein,6,6
FAM_P2529,1_207,hypothetical protein,6,6
SING_P7G,1_268,hypothetical protein,1,1
FAM_P2530,1_439,hypothetical protein,6,6
FAM_P2531,1_751,hypothetical protein,6,6
SING_P9JI,1_2659,hypothetical protein,1,1
SING_P9KE,1_2691,hypothetical protein,1,1
FAM_P2532,1_3072,hypothetical protein,6,7
FAM_P2533,1_1220,hypothetical protein,6,12
SING_P9VY,1_3107,hypothetical protein,1,1
SING_P9WU,1_3139,hypothetical protein,1,1
FAM_P2534,1_178,hypothetical protein,6,6
SING_PAI6,1_3907,hypothetical protein,1,1
SING_PAJY,1_3971,hypothetical protein,1,1
SING_PAKU,1_4003,hypothetical protein,1,1
SING_PALQ,1_4035,hypothetical protein,1,1
SING_PAMM,1_4067,hypothetical protein,1,1
SING_PANI,1_4099,hypothetical protein,1,1
SING_PAUM,1_4355,hypothetical protein,1,1
SING_PB5A,2_23,hypothetical protein,1,1
SING_PB66,2_55,hypothetical protein,1,1
FAM_P2535,1_2834,hypothetical protein,5,5
FAM_P2536,1_2688,hypothetical protein,3,3
FAM_P2537,1_1134,hypothetical protein,2,2
FAM_P2538,1_2493,hypothetical protein,6,6
FAM_P2539,1_2461,hypothetical protein,6,6
FAM_P2540,1_2429,hypothetical protein,6,6
FAM_P2541,1_2388,hypothetical protein,6,6
FAM_P2542,1_2286,hypothetical protein,6,6
FAM_P2543,1_2254,hypothetical protein,6,6
FAM_P2544,1_2222,hypothetical protein,6,6
FAM_P2545,1_2157,hypothetical protein,6,6
FAM_P2546,1_2126,hypothetical protein,6,6
FAM_P2547,1_2094,hypothetical protein,6,6
SING_PKOD,1_1741,hypothetical protein,1,1
FAM_P2548,1_1844,hypothetical protein,6,6
FAM_P2549,1_1781,hypothetical protein,6,6
FAM_P2550,1_1749,hypothetical protein,6,6
FAM_P2551,1_3133,hypothetical protein,2,3
FAM_P2552,1_3260,hypothetical protein,4,4
FAM_P2553,1_409,hypothetical protein,6,6
FAM_P2554,1_182,hypothetical protein,6,6
FAM_P2555,1_151,hypothetical protein,6,6
FAM_P2556,1_115,hypothetical protein,6,6
FAM_P2557,1_83,hypothetical protein,6,6
FAM_P2558,1_50,hypothetical protein,6,6
SING_PM8D,1_3757,hypothetical protein,1,1
SING_PM99,1_3789,hypothetical protein,1,1
FAM_P2559,1_2671,hypothetical protein,6,6
FAM_P2560,1_2705,hypothetical protein,6,6
FAM_P2561,1_2840,hypothetical protein,6,6
FAM_P2562,1_3797,hypothetical protein,3,8
FAM_P2563,1_2965,hypothetical protein,6,6
FAM_P2564,1_2997,hypothetical protein,6,6
FAM_P2565,1_3029,hypothetical protein,6,6
FAM_P2566,1_3060,hypothetical protein,6,6
FAM_P2567,1_3315,hypothetical protein,6,6
FAM_P2568,1_3347,hypothetical protein,6,6
FAM_P2569,1_3375,hypothetical protein,6,6
FAM_P2570,1_3438,hypothetical protein,6,6
FAM_P2571,1_4483,hypothetical protein,2,2
FAM_P2572,1_4515,hypothetical protein,2,2
FAM_P2573,1_3982,hypothetical protein,4,4
FAM_P2574,1_4079,hypothetical protein,6,6
FAM_P2575,1_4111,hypothetical protein,6,6
FAM_P2576,1_4142,hypothetical protein,6,6
FAM_P2577,1_4174,hypothetical protein,6,6
FAM_P2578,1_134,hypothetical protein,2,2
FAM_P2579,1_294,hypothetical protein,2,2
FAM_P2580,1_805,hypothetical protein,2,2
FAM_P2581,1_933,hypothetical protein,3,3
FAM_P2582,1_1061,hypothetical protein,2,2
FAM_P2583,1_1126,hypothetical protein,5,7
FAM_P2584,1_1158,hypothetical protein,2,2
FAM_P2585,1_1190,hypothetical protein,2,2
FAM_P2586,1_1254,hypothetical protein,2,2
FAM_P2587,1_1286,hypothetical protein,2,2
FAM_P2588,1_65,hypothetical protein,6,6
FAM_P2589,1_97,hypothetical protein,6,6
FAM_P2590,1_133,hypothetical protein,6,6
FAM_P2591,1_196,hypothetical protein,6,6
FAM_P2592,1_312,hypothetical protein,6,6
FAM_P2593,1_366,hypothetical protein,6,6
FAM_P2594,1_3531,hypothetical protein,3,3
FAM_P2595,1_463,hypothetical protein,6,6
FAM_P2596,1_495,hypothetical protein,6,6
FAM_P2597,1_537,hypothetical protein,6,6
FAM_P2598,1_568,hypothetical protein,6,6
FAM_P2599,1_1340,hypothetical protein,6,23
FAM_P2600,1_608,hypothetical protein,6,6
FAM_P2601,1_640,hypothetical protein,6,6
FAM_P2602,1_672,hypothetical protein,5,5
FAM_P2603,1_3169,hypothetical protein,3,3
FAM_P2604,1_731,hypothetical protein,6,6
FAM_P2605,1_772,hypothetical protein,6,6
FAM_P2606,1_850,hypothetical protein,6,6
FAM_P2607,1_883,hypothetical protein,6,6
FAM_P2608,1_918,hypothetical protein,6,6
FAM_P2609,1_956,hypothetical protein,6,6
FAM_P2610,1_986,hypothetical protein,6,6
FAM_P2611,1_1019,hypothetical protein,6,6
FAM_P2612,1_1113,hypothetical protein,4,4
FAM_P2613,1_1381,hypothetical protein,6,6
FAM_P2614,1_1413,hypothetical protein,6,6
FAM_P2615,1_1445,hypothetical protein,6,6
FAM_P2616,1_1616,hypothetical protein,6,6
FAM_P2617,1_1654,hypothetical protein,6,6
FAM_P2618,1_1781,hypothetical protein,6,6
FAM_P2619,1_1817,hypothetical protein,6,6
FAM_P2620,1_1313,hypothetical protein,5,7
FAM_P2621,1_1308,hypothetical protein,2,14
FAM_P2622,1_1441,hypothetical protein,6,6
FAM_P2623,1_1473,hypothetical protein,6,6
FAM_P2624,1_1505,hypothetical protein,6,6
FAM_P2625,1_1569,hypothetical protein,6,6
FAM_P2626,1_1633,hypothetical protein,6,6
FAM_P2627,1_1665,hypothetical protein,6,6
FAM_P2628,1_1729,hypothetical protein,6,6
FAM_P2629,1_1761,hypothetical protein,6,6
FAM_P2630,1_1793,hypothetical protein,6,6
FAM_P2631,1_1825,hypothetical protein,6,6
FAM_P2632,1_1857,hypothetical protein,6,7
FAM_P2633,1_1889,hypothetical protein,6,6
FAM_P2634,1_1921,hypothetical protein,6,6
FAM_P2635,1_2113,hypothetical protein,6,6
FAM_P2636,1_2145,hypothetical protein,6,6
FAM_P2637,1_2177,hypothetical protein,6,6
FAM_P2638,1_2209,hypothetical protein,6,6
FAM_P2639,1_2241,hypothetical protein,6,6
FAM_P2640,1_2273,hypothetical protein,6,6
FAM_P2641,1_2337,hypothetical protein,6,6
FAM_P2642,1_2369,hypothetical protein,4,4
FAM_P2643,1_2401,hypothetical protein,6,6
FAM_P2644,1_2433,hypothetical protein,6,6
FAM_P2645,1_2465,hypothetical protein,6,6
FAM_P2646,1_2497,hypothetical protein,6,6
FAM_P2647,1_2529,hypothetical protein,6,6
FAM_P2648,1_2561,hypothetical protein,6,6
FAM_P2649,1_2625,hypothetical protein,6,6
FAM_P2650,1_2657,hypothetical protein,6,6
FAM_P2651,1_2721,hypothetical protein,6,8
FAM_P2652,1_2785,hypothetical protein,6,6
FAM_P2653,1_2817,hypothetical protein,6,6
FAM_P2654,1_2849,hypothetical protein,6,6
FAM_P2655,1_2881,hypothetical protein,6,6
FAM_P2656,1_2913,hypothetical protein,4,4
FAM_P2657,1_2977,hypothetical protein,6,6
FAM_P2658,1_3009,hypothetical protein,6,6
FAM_P2659,1_3073,hypothetical protein,6,6
FAM_P2660,1_3105,hypothetical protein,6,6
FAM_P2661,1_3137,hypothetical protein,6,6
FAM_P2662,1_3169,hypothetical protein,6,6
FAM_P2663,1_3201,hypothetical protein,6,7
FAM_P2664,1_3233,hypothetical protein,6,6
FAM_P2665,1_3297,hypothetical protein,6,6
FAM_P2666,1_3329,hypothetical protein,6,6
FAM_P2667,1_3361,hypothetical protein,6,6
FAM_P2668,1_3393,hypothetical protein,6,6
FAM_P2669,1_3425,hypothetical protein,6,6
FAM_P2670,1_3457,hypothetical protein,6,6
FAM_P2671,1_3489,hypothetical protein,3,5
FAM_P2672,1_3649,hypothetical protein,6,6
FAM_P2673,1_3745,hypothetical protein,6,6
FAM_P2674,1_3777,hypothetical protein,6,6
FAM_P2675,1_3809,hypothetical protein,4,4
FAM_P2676,1_3905,hypothetical protein,6,6
FAM_P2677,1_3937,hypothetical protein,6,6
FAM_P2678,1_3969,hypothetical protein,6,6
FAM_P2679,1_4001,hypothetical protein,6,6
FAM_P2680,1_4033,hypothetical protein,6,6
FAM_P2681,1_4065,hypothetical protein,6,6
FAM_P2682,1_4097,hypothetical protein,6,6
FAM_P2683,1_4129,hypothetical protein,6,6
FAM_P2684,1_4289,hypothetical protein,6,6
FAM_P2685,1_2,hypothetical protein,6,6
FAM_P2686,1_34,hypothetical protein,3,3
FAM_P2687,1_62,hypothetical protein,6,6
FAM_P2688,1_94,hypothetical protein,6,6
FAM_P2689,1_130,hypothetical protein,6,6
FAM_P2690,1_162,hypothetical protein,6,6
FAM_P2691,1_194,hypothetical protein,6,6
FAM_P2692,1_226,hypothetical protein,3,3
FAM_P2693,1_258,hypothetical protein,6,6
FAM_P2694,1_354,hypothetical protein,6,6
FAM_P2695,1_386,hypothetical protein,5,5
FAM_P2696,1_418,hypothetical protein,6,6
FAM_P2697,1_450,hypothetical protein,6,6
FAM_P2698,1_482,hypothetical protein,6,6
FAM_P2699,1_514,hypothetical protein,6,6
FAM_P2700,1_546,hypothetical protein,4,4
FAM_P2701,1_578,hypothetical protein,5,5
FAM_P2702,1_610,hypothetical protein,6,6
FAM_P2703,1_642,hypothetical protein,6,6
FAM_P2704,1_706,hypothetical protein,6,6
FAM_P2705,1_738,hypothetical protein,6,6
FAM_P2706,1_770,hypothetical protein,6,6
FAM_P2707,1_802,hypothetical protein,3,3
FAM_P2708,1_834,hypothetical protein,6,6
FAM_P2709,1_866,hypothetical protein,6,6
FAM_P2710,1_898,hypothetical protein,6,6
FAM_P2711,1_930,hypothetical protein,6,6
FAM_P2712,1_1565,hypothetical protein,6,12
FAM_P2713,1_1026,hypothetical protein,6,6
FAM_P2714,1_1090,hypothetical protein,2,17
FAM_P2715,1_1122,hypothetical protein,6,6
FAM_P2716,1_1314,hypothetical protein,4,4
FAM_P2717,1_1378,hypothetical protein,6,6
FAM_P2718,1_1410,hypothetical protein,6,6
FAM_P2719,1_1442,hypothetical protein,6,6
FAM_P2720,1_1570,hypothetical protein,3,5
FAM_P2721,1_1634,hypothetical protein,4,4
FAM_P2722,1_1666,hypothetical protein,6,6
FAM_P2723,1_1553,hypothetical protein,5,13
FAM_P2724,1_1489,hypothetical protein,2,9
FAM_P2725,1_1794,hypothetical protein,6,6
FAM_P2726,1_1826,hypothetical protein,6,6
FAM_P2727,1_1316,hypothetical protein,5,5
FAM_P2728,1_1890,hypothetical protein,3,3
FAM_P2729,1_1391,hypothetical protein,6,6
FAM_P2730,1_1427,hypothetical protein,5,5
FAM_P2731,1_1454,hypothetical protein,6,6
FAM_P2732,1_1513,hypothetical protein,5,5
FAM_P2733,1_1571,hypothetical protein,3,5
FAM_P2734,1_1497,hypothetical protein,2,10
FAM_P2735,1_1577,hypothetical protein,6,6
FAM_P2736,1_1607,hypothetical protein,6,6
FAM_P2737,1_1639,hypothetical protein,6,6
FAM_P2738,1_1671,hypothetical protein,6,6
FAM_P2739,1_1704,hypothetical protein,6,6
FAM_P2740,1_1736,hypothetical protein,6,6
FAM_P2741,1_1764,hypothetical protein,6,6
FAM_P2742,1_1796,hypothetical protein,6,6
FAM_P2743,1_1826,hypothetical protein,6,6
FAM_P2744,1_1858,hypothetical protein,6,6
FAM_P2745,1_1892,hypothetical protein,6,6
FAM_P2746,1_1923,hypothetical protein,6,6
FAM_P2747,1_1089,hypothetical protein,2,8
FAM_P2748,1_319,hypothetical protein,5,24
FAM_P2749,1_1989,hypothetical protein,6,6
FAM_P2750,1_2021,hypothetical protein,6,6
FAM_P2751,1_2056,hypothetical protein,5,5
FAM_P2752,1_1066,hypothetical protein,5,44
FAM_P2753,1_2103,hypothetical protein,6,6
FAM_P2754,1_2129,hypothetical protein,6,6
FAM_P2755,1_2162,hypothetical protein,6,6
FAM_P2756,1_2200,hypothetical protein,6,6
FAM_P2757,1_2227,hypothetical protein,6,6
FAM_P2758,1_2264,hypothetical protein,6,6
FAM_P2759,1_2296,hypothetical protein,6,6
FAM_P2760,1_2365,hypothetical protein,6,6
FAM_P2761,1_2398,hypothetical protein,6,6
FAM_P2762,1_2471,hypothetical protein,6,6
FAM_P2763,1_2530,hypothetical protein,6,6
FAM_P2764,1_2563,hypothetical protein,6,6
FAM_P2765,1_1480,hypothetical protein,2,14
FAM_P2766,1_2622,hypothetical protein,6,6
FAM_P2767,1_2684,hypothetical protein,5,5
FAM_P2768,1_2717,hypothetical protein,6,6
FAM_P2769,1_2744,hypothetical protein,6,6
FAM_P2770,1_2776,hypothetical protein,6,6
FAM_P2771,1_2821,hypothetical protein,5,5
FAM_P2772,1_2854,hypothetical protein,6,6
FAM_P2773,1_3778,hypothetical protein,3,3
FAM_P2774,1_2972,hypothetical protein,6,6
FAM_P2775,1_3010,hypothetical protein,6,6
FAM_P2776,1_3042,hypothetical protein,6,6
FAM_P2777,1_3071,hypothetical protein,6,6
FAM_P2778,1_3099,hypothetical protein,6,6
FAM_P2779,1_3131,hypothetical protein,6,6
FAM_P2780,1_3170,hypothetical protein,6,6
FAM_P2781,1_3234,hypothetical protein,6,6
FAM_P2782,1_3319,hypothetical protein,6,6
FAM_P2783,1_3349,hypothetical protein,6,6
FAM_P2784,1_3379,hypothetical protein,6,6
FAM_P2785,1_3417,hypothetical protein,5,5
FAM_P2786,1_3442,hypothetical protein,5,5
FAM_P2787,1_3471,hypothetical protein,6,6
FAM_P2788,1_3499,hypothetical protein,6,6
FAM_P2789,1_3538,hypothetical protein,6,6
FAM_P2790,1_3573,hypothetical protein,6,6
FAM_P2791,1_3610,hypothetical protein,6,6
FAM_P2792,1_3647,hypothetical protein,6,6
FAM_P2793,1_3677,hypothetical protein,6,6
FAM_P2794,1_3709,hypothetical protein,6,6
FAM_P2795,1_3771,hypothetical protein,6,6
FAM_P2796,1_3802,hypothetical protein,5,5
FAM_P2797,1_3831,hypothetical protein,6,6
FAM_P2798,1_4802,hypothetical protein,3,5
FAM_P2799,1_3886,hypothetical protein,6,6
FAM_P2800,1_3918,hypothetical protein,6,7
SING_P741,1_4898,hypothetical protein,1,1
FAM_P2801,1_3958,hypothetical protein,6,6
FAM_P2802,1_3991,hypothetical protein,6,6
FAM_P2803,1_4022,hypothetical protein,6,6
FAM_P2804,1_4054,hypothetical protein,6,6
FAM_P2805,1_4088,hypothetical protein,6,6
FAM_P2806,1_4120,hypothetical protein,6,6
FAM_P2807,1_4151,hypothetical protein,6,6
FAM_P2808,1_4239,hypothetical protein,4,4
FAM_P2809,1_4270,hypothetical protein,6,6
FAM_P2810,1_4300,hypothetical protein,6,6
FAM_P2811,3_42,hypothetical protein,4,4
FAM_P2812,1_3589,hypothetical protein,6,6
SING_P7K1,1_86,hypothetical protein,1,1
FAM_P2813,1_2898,hypothetical protein,6,6
FAM_P2814,1_2837,hypothetical protein,6,6
SING_P875,1_918,hypothetical protein,1,1
SING_P89T,1_1014,hypothetical protein,1,1
FAM_P2815,1_2626,hypothetical protein,6,6
SING_P8CH,1_1110,hypothetical protein,1,1
SING_P8LD,1_1430,hypothetical protein,1,1
FAM_P2816,1_1699,hypothetical protein,6,6
SING_P9C1,1_2390,hypothetical protein,1,1
FAM_P2817,1_1796,hypothetical protein,6,6
SING_P9FL,1_2518,hypothetical protein,1,1
SING_P9J5,1_2646,hypothetical protein,1,1
SING_P9K1,1_2678,hypothetical protein,1,1
FAM_P2818,1_1421,hypothetical protein,6,6
FAM_P2819,1_1389,hypothetical protein,6,6
FAM_P2820,1_1357,hypothetical protein,4,4
SING_P9Q9,1_2902,hypothetical protein,1,1
SING_P9WH,1_3126,hypothetical protein,1,1
SING_PABL,1_3670,hypothetical protein,1,1
FAM_P2821,1_191,hypothetical protein,6,6
SING_PAG1,1_3830,hypothetical protein,1,1
SING_PAM9,1_4054,hypothetical protein,1,1
SING_PAN5,1_4086,hypothetical protein,1,1
SING_PB1D,1_4598,hypothetical protein,1,1
SING_PB6P,2_74,hypothetical protein,1,1
FAM_P2822,1_1501,hypothetical protein,6,6
FAM_P2823,1_1470,hypothetical protein,6,12
FAM_P2824,1_1440,hypothetical protein,6,6
FAM_P2825,1_1412,hypothetical protein,6,6
FAM_P2826,1_1581,hypothetical protein,6,6
FAM_P2827,1_1611,hypothetical protein,5,5
FAM_P2828,1_1643,hypothetical protein,6,6
FAM_P2829,1_1675,hypothetical protein,6,6
FAM_P2830,1_1740,hypothetical protein,4,4
FAM_P2831,1_1768,hypothetical protein,6,6
FAM_P2832,1_1799,hypothetical protein,6,6
FAM_P2833,1_1829,hypothetical protein,6,6
FAM_P2834,1_1861,hypothetical protein,6,6
FAM_P2835,1_1895,hypothetical protein,6,6
FAM_P2836,1_1927,hypothetical protein,6,6
FAM_P2837,1_1086,hypothetical protein,3,5
FAM_P2838,1_1992,hypothetical protein,6,6
FAM_P2839,1_2024,hypothetical protein,6,6
FAM_P2840,1_2060,hypothetical protein,5,5
FAM_P2841,1_1183,hypothetical protein,2,17
FAM_P2842,1_1147,hypothetical protein,5,7
FAM_P2843,1_2137,hypothetical protein,6,6
FAM_P2844,1_2170,hypothetical protein,6,6
FAM_P2845,1_2234,hypothetical protein,6,6
FAM_P2846,1_2271,hypothetical protein,6,6
FAM_P2847,1_2339,hypothetical protein,6,6
FAM_P2848,1_2405,hypothetical protein,6,6
FAM_P2849,1_2446,hypothetical protein,6,6
FAM_P2850,1_2478,hypothetical protein,6,6
FAM_P2851,1_2506,hypothetical protein,5,5
FAM_P2852,1_2537,hypothetical protein,6,6
FAM_P2853,1_2570,hypothetical protein,6,6
FAM_P2854,1_3465,hypothetical protein,4,4
FAM_P2855,1_2659,hypothetical protein,6,6
FAM_P2856,1_2693,hypothetical protein,6,6
FAM_P2857,1_2751,hypothetical protein,6,6
FAM_P2858,1_2783,hypothetical protein,6,6
FAM_P2859,1_3657,hypothetical protein,3,3
FAM_P2860,1_2828,hypothetical protein,5,5
FAM_P2861,1_2861,hypothetical protein,6,6
FAM_P2862,1_2887,hypothetical protein,6,6
FAM_P2863,1_2952,hypothetical protein,6,6
FAM_P2864,1_2979,hypothetical protein,6,6
FAM_P2865,1_3017,hypothetical protein,6,6
FAM_P2866,1_3049,hypothetical protein,6,6
SING_PCTD,1_2079,hypothetical protein,1,1
FAM_P2867,1_3083,hypothetical protein,6,6
FAM_P2868,1_3115,hypothetical protein,6,6
FAM_P2869,1_3186,hypothetical protein,6,6
FAM_P2870,1_3218,hypothetical protein,6,6
FAM_P2871,1_3250,hypothetical protein,6,6
FAM_P2872,1_3296,hypothetical protein,6,6
FAM_P2873,1_3335,hypothetical protein,6,6
FAM_P2874,1_4210,hypothetical protein,3,3
FAM_P2875,1_3392,hypothetical protein,6,6
FAM_P2876,1_3406,hypothetical protein,6,6
FAM_P2877,1_3433,hypothetical protein,6,6
FAM_P2878,1_3486,hypothetical protein,6,6
FAM_P2879,1_3410,hypothetical protein,5,14
FAM_P2880,1_3603,hypothetical protein,6,6
FAM_P2881,1_3638,hypothetical protein,6,6
FAM_P2882,1_3666,hypothetical protein,6,6
FAM_P2883,1_3698,hypothetical protein,6,6
FAM_P2884,1_3730,hypothetical protein,6,6
FAM_P2885,1_3760,hypothetical protein,6,6
FAM_P2886,1_3792,hypothetical protein,5,5
FAM_P2887,1_4759,hypothetical protein,4,4
FAM_P2888,1_3850,hypothetical protein,6,6
FAM_P2889,1_3877,hypothetical protein,6,6
FAM_P2890,1_3908,hypothetical protein,6,6
FAM_P2891,1_3934,hypothetical protein,6,6
FAM_P2892,1_4099,hypothetical protein,6,6
FAM_P2893,1_4130,hypothetical protein,6,6
FAM_P2894,1_4162,hypothetical protein,5,5
FAM_P2895,1_5197,hypothetical protein,3,3
FAM_P2896,1_4249,hypothetical protein,6,6
FAM_P2897,1_4280,hypothetical protein,6,6
FAM_P2898,1_4312,hypothetical protein,6,6
FAM_P2899,1_26,hypothetical protein,6,6
FAM_P2900,1_53,hypothetical protein,6,6
FAM_P2901,1_86,hypothetical protein,6,6
FAM_P2902,1_118,hypothetical protein,6,6
FAM_P2903,1_154,hypothetical protein,6,6
FAM_P2904,1_378,hypothetical protein,5,5
FAM_P2905,1_410,hypothetical protein,6,6
FAM_P2906,1_442,hypothetical protein,6,6
FAM_P2907,1_474,hypothetical protein,6,6
FAM_P2908,1_506,hypothetical protein,6,6
FAM_P2909,1_538,hypothetical protein,6,6
FAM_P2910,1_570,hypothetical protein,6,6
FAM_P2911,1_633,hypothetical protein,4,4
FAM_P2912,1_665,hypothetical protein,6,6
FAM_P2913,1_697,hypothetical protein,6,6
FAM_P2914,1_729,hypothetical protein,6,6
FAM_P2915,1_761,hypothetical protein,6,6
FAM_P2916,1_825,hypothetical protein,2,20
FAM_P2917,1_889,hypothetical protein,6,6
FAM_P2918,1_921,hypothetical protein,6,6
FAM_P2919,1_953,hypothetical protein,6,6
FAM_P2920,1_985,hypothetical protein,6,6
FAM_P2921,1_1017,hypothetical protein,6,6
FAM_P2922,1_1082,hypothetical protein,3,6
FAM_P2923,1_1114,hypothetical protein,4,4
FAM_P2924,1_793,hypothetical protein,4,8
FAM_P2925,1_1178,hypothetical protein,2,4
FAM_P2926,1_1242,hypothetical protein,6,6
FAM_P2927,1_1370,hypothetical protein,6,6
FAM_P2928,1_1402,hypothetical protein,6,6
FAM_P2929,1_1434,hypothetical protein,6,6
FAM_P2930,1_1498,hypothetical protein,2,9
FAM_P2931,1_1626,hypothetical protein,6,6
FAM_P2932,1_1658,hypothetical protein,6,6
FAM_P2933,1_1690,hypothetical protein,6,6
FAM_P2934,1_800,hypothetical protein,3,23
FAM_P2935,1_1786,hypothetical protein,6,6
FAM_P2936,1_1818,hypothetical protein,6,6
FAM_P2937,1_1311,hypothetical protein,6,6
FAM_P2938,1_1054,hypothetical protein,4,6
FAM_P2939,3_54,hypothetical protein,3,3
FAM_P2940,3_1,hypothetical protein,2,3
FAM_P2941,3_32,hypothetical protein,3,3
SING_PFGH,1_94,hypothetical protein,1,1
FAM_P2942,1_3292,hypothetical protein,6,6
FAM_P2943,1_3119,hypothetical protein,6,6
FAM_P2944,1_2879,hypothetical protein,6,6
FAM_P2945,1_2848,hypothetical protein,6,6
SING_PG9T,1_1150,hypothetical protein,1,1
FAM_P2946,1_2258,hypothetical protein,6,6
FAM_P2947,1_2194,hypothetical protein,6,8
SING_PGQP,1_1758,hypothetical protein,1,1
SING_PGRL,1_1790,hypothetical protein,1,1
SING_PH7L,1_2366,hypothetical protein,1,1
SING_PH9D,1_2430,hypothetical protein,1,1
SING_PHEP,1_2622,hypothetical protein,1,1
FAM_P2948,1_1369,hypothetical protein,6,6
FAM_P2949,1_994,hypothetical protein,6,6
SING_PHMP,1_2910,hypothetical protein,1,1
SING_PHNL,1_2942,hypothetical protein,1,1
FAM_P2950,1_874,hypothetical protein,6,6
SING_PHR5,1_3070,hypothetical protein,1,1
SING_PHSX,1_3134,hypothetical protein,1,1
FAM_P2951,1_324,hypothetical protein,4,4
FAM_P2952,1_18,hypothetical protein,4,7
SING_PIG1,1_3966,hypothetical protein,1,1
SING_PIN5,1_4222,hypothetical protein,1,1
FAM_P2953,1_3894,hypothetical protein,6,6
FAM_P2954,1_3837,hypothetical protein,6,6
SING_PIW1,1_4542,hypothetical protein,1,1
FAM_P2955,1_1311,hypothetical protein,4,4
FAM_P2956,2_137,hypothetical protein,2,5
SING_PJ29,2_201,hypothetical protein,1,1
FAM_P2957,2_76,hypothetical protein,3,19
SING_PJ4X,3_45,hypothetical protein,1,1
FAM_P2958,1_1303,hypothetical protein,4,13
SING_PJ8H,3_173,hypothetical protein,1,1
SING_PJ9D,4_31,hypothetical protein,1,1
SING_PJA9,4_63,hypothetical protein,1,1
SING_PJB5,4_95,hypothetical protein,1,1
FAM_P2959,1_3606,hypothetical protein,6,6
FAM_P2960,1_3546,hypothetical protein,6,6
FAM_P2961,1_3514,hypothetical protein,4,4
FAM_P2962,1_3482,hypothetical protein,6,6
FAM_P2963,1_3451,hypothetical protein,6,6
SING_PJI9,1_225,hypothetical protein,1,1
FAM_P2964,1_3395,hypothetical protein,6,6
FAM_P2965,1_3362,hypothetical protein,6,6
FAM_P2966,1_3330,hypothetical protein,6,6
FAM_P2967,1_3298,hypothetical protein,6,6
FAM_P2968,1_3266,hypothetical protein,3,3
FAM_P2969,1_3235,hypothetical protein,6,6
FAM_P2970,1_3204,hypothetical protein,6,6
FAM_P2971,1_3171,hypothetical protein,6,6
FAM_P2972,1_3241,hypothetical protein,6,6
FAM_P2973,1_696,hypothetical protein,2,2
FAM_P2974,1_2904,hypothetical protein,6,6
FAM_P2975,1_3739,hypothetical protein,4,4
FAM_P2976,1_2843,hypothetical protein,6,6
SING_PG9Y,1_1155,hypothetical protein,1,1
FAM_P2977,1_2468,hypothetical protein,6,6
FAM_P2978,1_2316,hypothetical protein,6,6
SING_PH2E,1_2179,hypothetical protein,1,1
FAM_P2979,1_1588,hypothetical protein,6,6
FAM_P2980,1_1677,hypothetical protein,6,6
SING_PHEU,1_2627,hypothetical protein,1,1
FAM_P2981,1_840,hypothetical protein,6,6
SING_PHT2,1_3139,hypothetical protein,1,1
FAM_P2982,1_1557,hypothetical protein,4,4
FAM_P2983,1_534,hypothetical protein,4,4
FAM_P2984,1_501,hypothetical protein,6,6
FAM_P2985,1_1121,hypothetical protein,3,3
FAM_P2986,1_2483,hypothetical protein,6,6
FAM_P2987,1_2081,hypothetical protein,5,6
SING_P8SS,1_1697,hypothetical protein,1,1
SING_P8WC,1_1825,hypothetical protein,1,1
SING_P8X8,1_1857,hypothetical protein,1,1
SING_P9FW,1_2529,hypothetical protein,1,1
SING_P9JG,1_2657,hypothetical protein,1,1
SING_P9KC,1_2689,hypothetical protein,1,1
SING_P9PO,1_2881,hypothetical protein,1,1
SING_P9VW,1_3105,hypothetical protein,1,1
SING_P9WS,1_3137,hypothetical protein,1,1
FAM_P2988,1_250,hypothetical protein,6,6
SING_PABW,1_3681,hypothetical protein,1,1
SING_PAJW,1_3969,hypothetical protein,1,1
FAM_P2989,1_4031,hypothetical protein,1,3
SING_PAMK,1_4065,hypothetical protein,1,1
SING_PANG,1_4097,hypothetical protein,1,1
SING_P1V2,1_2414,hypothetical protein,1,1
FAM_P2990,1_2734,hypothetical protein,6,6
FAM_P2991,1_2766,hypothetical protein,6,6
FAM_P2992,1_3278,hypothetical protein,6,6
FAM_P2993,1_3310,hypothetical protein,4,4
FAM_P2994,1_3694,hypothetical protein,6,6
FAM_P2995,1_3758,hypothetical protein,6,6
FAM_P2996,1_3790,hypothetical protein,5,5
FAM_P2997,1_3950,hypothetical protein,6,6
FAM_P2998,1_4014,hypothetical protein,6,6
FAM_P2999,1_4046,hypothetical protein,6,6
FAM_P3000,1_4078,hypothetical protein,3,3
FAM_P3001,1_4206,hypothetical protein,2,2
FAM_P3002,1_303,hypothetical protein,3,3
FAM_P3003,1_591,hypothetical protein,6,6
FAM_P3004,1_623,hypothetical protein,6,6
FAM_P3005,1_687,hypothetical protein,6,6
FAM_P3006,1_719,hypothetical protein,6,6
FAM_P3007,1_783,hypothetical protein,6,6
FAM_P3008,1_911,hypothetical protein,6,6
FAM_P3009,1_943,hypothetical protein,6,6
FAM_P3010,1_975,hypothetical protein,6,6
FAM_P3011,1_1103,hypothetical protein,6,6
FAM_P3012,1_1231,hypothetical protein,6,6
FAM_P3013,1_4196,hypothetical protein,4,4
FAM_P3014,1_1615,hypothetical protein,5,5
FAM_P3015,1_1647,hypothetical protein,6,6
FAM_P3016,1_1679,hypothetical protein,6,6
FAM_P3017,1_1775,hypothetical protein,6,6
FAM_P3018,1_1301,hypothetical protein,6,7
FAM_P3019,1_2703,hypothetical protein,2,2
FAM_P3020,1_2767,hypothetical protein,2,2
FAM_P3021,1_3439,hypothetical protein,3,3
FAM_P3022,1_3183,hypothetical protein,6,6
FAM_P3023,1_3215,hypothetical protein,6,7
FAM_P3024,1_3454,hypothetical protein,6,6
FAM_P3025,1_1447,hypothetical protein,6,6
FAM_P3026,1_1139,hypothetical protein,2,2
FAM_P3027,1_1618,hypothetical protein,6,6
FAM_P3028,1_1656,hypothetical protein,6,13
FAM_P3029,1_1685,hypothetical protein,6,6
FAM_P3030,1_1315,hypothetical protein,5,5
FAM_P3031,1_1347,hypothetical protein,2,4
FAM_P3032,1_1443,hypothetical protein,6,6
FAM_P3033,1_1475,hypothetical protein,6,6
FAM_P3034,1_1507,hypothetical protein,6,6
FAM_P3035,1_1571,hypothetical protein,6,6
FAM_P3036,1_1603,hypothetical protein,6,6
FAM_P3037,1_1635,hypothetical protein,6,6
FAM_P3038,1_1667,hypothetical protein,6,6
FAM_P3039,1_1731,hypothetical protein,6,6
FAM_P3040,1_1795,hypothetical protein,6,6
FAM_P3041,1_1955,hypothetical protein,6,6
FAM_P3042,1_2115,hypothetical protein,6,6
FAM_P3043,1_2179,hypothetical protein,6,6
FAM_P3044,1_2275,hypothetical protein,6,6
FAM_P3045,1_2371,hypothetical protein,4,4
FAM_P3046,1_2403,hypothetical protein,6,6
FAM_P3047,1_2435,hypothetical protein,6,6
FAM_P3048,1_2467,hypothetical protein,6,6
FAM_P3049,1_2499,hypothetical protein,6,6
SING_P203,1_2595,hypothetical protein,1,1
FAM_P3050,1_2627,hypothetical protein,6,6
FAM_P3051,1_2691,hypothetical protein,3,3
FAM_P3052,1_2723,hypothetical protein,6,8
FAM_P3053,1_2755,hypothetical protein,6,6
FAM_P3054,1_2787,hypothetical protein,6,6
FAM_P3055,1_2819,hypothetical protein,5,5
FAM_P3056,1_2883,hypothetical protein,6,6
FAM_P3057,1_2947,hypothetical protein,6,6
FAM_P3058,1_3075,hypothetical protein,6,6
FAM_P3059,1_3107,hypothetical protein,6,6
FAM_P3060,1_3139,hypothetical protein,6,6
FAM_P3061,1_3299,hypothetical protein,6,6
FAM_P3062,1_3331,hypothetical protein,6,6
FAM_P3063,1_3427,hypothetical protein,6,6
FAM_P3064,1_3459,hypothetical protein,6,6
FAM_P3065,1_3523,hypothetical protein,6,6
FAM_P3066,1_3683,hypothetical protein,6,6
FAM_P3067,1_3715,hypothetical protein,6,6
FAM_P3068,1_3747,hypothetical protein,6,6
FAM_P3069,1_3779,hypothetical protein,6,6
FAM_P3070,1_3811,hypothetical protein,6,6
FAM_P3071,1_3843,hypothetical protein,6,6
FAM_P3072,1_3875,hypothetical protein,6,6
FAM_P3073,1_3907,hypothetical protein,6,6
FAM_P3074,1_3939,hypothetical protein,6,6
FAM_P3075,1_4003,hypothetical protein,4,4
FAM_P3076,1_4035,hypothetical protein,6,6
FAM_P3077,1_4067,hypothetical protein,6,6
FAM_P3078,1_1380,hypothetical protein,5,11
FAM_P3079,1_4,hypothetical protein,6,6
FAM_P3080,1_36,hypothetical protein,6,6
FAM_P3081,1_64,hypothetical protein,6,6
FAM_P3082,1_96,hypothetical protein,6,6
FAM_P3083,1_132,hypothetical protein,6,6
FAM_P3084,1_164,hypothetical protein,6,6
FAM_P3085,1_228,hypothetical protein,3,3
FAM_P3086,1_260,hypothetical protein,6,6
FAM_P3087,1_356,hypothetical protein,6,6
FAM_P3088,1_388,hypothetical protein,5,5
FAM_P3089,1_452,hypothetical protein,6,6
FAM_P3090,1_484,hypothetical protein,6,6
FAM_P3091,1_516,hypothetical protein,6,6
FAM_P3092,1_548,hypothetical protein,6,6
FAM_P3093,1_580,hypothetical protein,5,5
FAM_P3094,1_612,hypothetical protein,6,6
FAM_P3095,1_644,hypothetical protein,6,6
FAM_P3096,1_676,hypothetical protein,6,6
FAM_P3097,1_708,hypothetical protein,6,6
FAM_P3098,1_740,hypothetical protein,3,3
FAM_P3099,1_836,hypothetical protein,6,6
FAM_P3100,1_868,hypothetical protein,6,6
FAM_P3101,1_900,hypothetical protein,6,6
FAM_P3102,1_964,hypothetical protein,6,6
FAM_P3103,1_996,hypothetical protein,6,6
FAM_P3104,1_1028,hypothetical protein,6,6
FAM_P3105,1_1092,hypothetical protein,2,12
FAM_P3106,1_1156,hypothetical protein,4,4
FAM_P3107,1_1316,hypothetical protein,4,4
FAM_P3108,1_1964,hypothetical protein,5,5
FAM_P3109,1_1380,hypothetical protein,6,6
FAM_P3110,1_1412,hypothetical protein,6,6
FAM_P3111,1_1444,hypothetical protein,6,6
FAM_P3112,1_1572,hypothetical protein,3,5
FAM_P3113,1_1636,hypothetical protein,4,4
FAM_P3114,1_1668,hypothetical protein,6,6
FAM_P3115,1_1551,hypothetical protein,5,7
FAM_P3116,1_1491,hypothetical protein,2,9
FAM_P3117,1_1764,hypothetical protein,6,6
FAM_P3118,1_1828,hypothetical protein,6,6
FAM_P3119,1_1318,hypothetical protein,6,6
FAM_P3120,1_1474,hypothetical protein,2,10
FAM_P3121,1_1395,hypothetical protein,6,6
FAM_P3122,1_1429,hypothetical protein,6,6
FAM_P3123,1_1456,hypothetical protein,6,6
FAM_P3124,1_1515,hypothetical protein,6,6
FAM_P3125,1_1569,hypothetical protein,3,6
FAM_P3126,1_1495,hypothetical protein,2,9
FAM_P3127,1_1579,hypothetical protein,6,6
FAM_P3128,1_1609,hypothetical protein,6,6
FAM_P3129,1_1641,hypothetical protein,6,6
FAM_P3130,1_1673,hypothetical protein,6,6
FAM_P3131,1_1706,hypothetical protein,6,6
FAM_P3132,1_1738,hypothetical protein,6,6
FAM_P3133,1_1766,hypothetical protein,6,6
FAM_P3134,1_2468,hypothetical protein,3,3
FAM_P3135,1_1828,hypothetical protein,6,6
FAM_P3136,1_1860,hypothetical protein,6,6
FAM_P3137,1_1925,hypothetical protein,6,6
FAM_P3138,1_1991,hypothetical protein,6,6
FAM_P3139,1_2023,hypothetical protein,6,6
FAM_P3140,1_2059,hypothetical protein,5,5
FAM_P3141,1_2086,hypothetical protein,6,6
FAM_P3142,1_2105,hypothetical protein,6,6
FAM_P3143,1_2131,hypothetical protein,6,7
FAM_P3144,1_2164,hypothetical protein,6,6
FAM_P3145,1_2229,hypothetical protein,6,6
FAM_P3146,1_1409,hypothetical protein,4,7
FAM_P3147,1_2501,hypothetical protein,6,6
FAM_P3148,1_2532,hypothetical protein,6,6
FAM_P3149,1_2565,hypothetical protein,6,6
FAM_P3150,1_1065,hypothetical protein,3,15
FAM_P3151,1_2624,hypothetical protein,6,6
FAM_P3152,1_2686,hypothetical protein,6,6
FAM_P3153,1_2719,hypothetical protein,6,6
FAM_P3154,1_2746,hypothetical protein,6,6
FAM_P3155,1_2778,hypothetical protein,6,6
FAM_P3156,1_3652,hypothetical protein,3,3
FAM_P3157,1_2823,hypothetical protein,5,5
FAM_P3158,1_2856,hypothetical protein,6,6
FAM_P3159,1_2974,hypothetical protein,6,6
FAM_P3160,1_3012,hypothetical protein,6,6
FAM_P3161,1_3044,hypothetical protein,5,5
FAM_P3162,1_3101,hypothetical protein,6,6
FAM_P3163,1_3133,hypothetical protein,6,6
FAM_P3164,1_3172,hypothetical protein,6,6
FAM_P3165,1_3236,hypothetical protein,6,6
FAM_P3166,1_3282,hypothetical protein,6,6
FAM_P3167,1_3321,hypothetical protein,6,6
FAM_P3168,1_3351,hypothetical protein,6,6
FAM_P3169,1_3381,hypothetical protein,6,6
FAM_P3170,1_3420,hypothetical protein,5,5
FAM_P3171,1_3473,hypothetical protein,6,6
FAM_P3172,1_3501,hypothetical protein,6,6
FAM_P3173,1_3540,hypothetical protein,6,6
FAM_P3174,1_3575,hypothetical protein,6,6
FAM_P3175,1_3612,hypothetical protein,4,4
FAM_P3176,1_3679,hypothetical protein,6,6
FAM_P3177,1_3711,hypothetical protein,6,6
FAM_P3178,1_3773,hypothetical protein,6,6
FAM_P3179,1_3804,hypothetical protein,6,6
FAM_P3180,1_3833,hypothetical protein,6,6
FAM_P3181,1_3859,hypothetical protein,6,6
FAM_P3182,1_3920,hypothetical protein,6,6
FAM_P3183,1_3960,hypothetical protein,6,6
FAM_P3184,1_3993,hypothetical protein,6,6
FAM_P3185,1_4024,hypothetical protein,6,6
FAM_P3186,1_4056,hypothetical protein,6,6
FAM_P3187,1_4090,hypothetical protein,6,6
FAM_P3188,1_4153,hypothetical protein,6,6
FAM_P3189,1_4241,hypothetical protein,5,5
FAM_P3190,1_4302,hypothetical protein,6,10
FAM_P3191,3_44,hypothetical protein,3,3
FAM_P3192,1_3247,hypothetical protein,6,6
FAM_P3193,1_3047,hypothetical protein,6,6
FAM_P3194,1_2896,hypothetical protein,6,6
FAM_P3195,1_2871,hypothetical protein,6,6
SING_P877,1_920,hypothetical protein,1,1
SING_P8DF,1_1144,hypothetical protein,1,1
FAM_P3196,1_2492,hypothetical protein,6,6
SING_P8LF,1_1432,hypothetical protein,1,1
SING_P8V7,1_1784,hypothetical protein,1,1
SING_P9AB,1_2328,hypothetical protein,1,1
FAM_P3197,1_1358,hypothetical protein,6,6
SING_P9ER,1_2488,hypothetical protein,1,1
SING_P9K3,1_2680,hypothetical protein,1,1
SING_P9QB,1_2904,hypothetical protein,1,1
FAM_P3198,1_968,hypothetical protein,6,6
SING_PA0Z,1_3288,hypothetical protein,1,1
SING_PABN,1_3672,hypothetical protein,1,1
SING_PALF,1_4024,hypothetical protein,1,1
SING_PAMB,1_4056,hypothetical protein,1,1
SING_PAN7,1_4088,hypothetical protein,1,1
FAM_P3199,1_4184,hypothetical protein,2,2
SING_PAUB,1_4344,hypothetical protein,1,1
SING_PAZN,1_4536,hypothetical protein,1,1
SING_PB1F,1_4600,hypothetical protein,1,1
SING_PB4Z,2_12,hypothetical protein,1,1
FAM_P3200,1_1719,hypothetical protein,3,5
FAM_P3201,1_1499,hypothetical protein,6,6
FAM_P3202,1_1468,hypothetical protein,6,6
FAM_P3203,1_1550,hypothetical protein,4,4
FAM_P3204,1_1583,hypothetical protein,6,6
FAM_P3205,1_1613,hypothetical protein,6,6
FAM_P3206,1_1645,hypothetical protein,6,6
FAM_P3207,1_1677,hypothetical protein,6,6
FAM_P3208,1_1710,hypothetical protein,6,6
FAM_P3209,1_1742,hypothetical protein,6,6
FAM_P3210,1_1770,hypothetical protein,6,6
FAM_P3211,1_1831,hypothetical protein,6,6
FAM_P3212,1_1863,hypothetical protein,6,6
FAM_P3213,1_2600,hypothetical protein,3,3
FAM_P3214,1_1929,hypothetical protein,6,6
FAM_P3215,1_1084,hypothetical protein,3,6
FAM_P3216,1_1458,hypothetical protein,3,9
FAM_P3217,1_1994,hypothetical protein,6,6
FAM_P3218,1_2026,hypothetical protein,6,6
FAM_P3219,1_2062,hypothetical protein,5,5
FAM_P3220,1_2088,hypothetical protein,6,6
FAM_P3221,1_1530,hypothetical protein,5,24
FAM_P3222,1_2139,hypothetical protein,6,6
FAM_P3223,1_2172,hypothetical protein,6,6
FAM_P3224,1_2206,hypothetical protein,6,6
FAM_P3225,1_2236,hypothetical protein,6,6
FAM_P3226,1_2374,hypothetical protein,6,6
FAM_P3227,1_2416,hypothetical protein,6,6
FAM_P3228,1_2448,hypothetical protein,5,5
FAM_P3229,1_2480,hypothetical protein,6,6
FAM_P3230,1_2508,hypothetical protein,5,5
FAM_P3231,1_2572,hypothetical protein,6,6
FAM_P3232,1_2629,hypothetical protein,6,6
FAM_P3233,1_2695,hypothetical protein,6,6
FAM_P3234,1_2724,hypothetical protein,6,6
FAM_P3235,1_2753,hypothetical protein,6,6
FAM_P3236,1_2830,hypothetical protein,5,5
FAM_P3237,1_2864,hypothetical protein,6,6
FAM_P3238,1_2889,hypothetical protein,6,6
FAM_P3239,1_2954,hypothetical protein,6,6
FAM_P3240,1_2981,hypothetical protein,5,5
FAM_P3241,1_3019,hypothetical protein,6,6
FAM_P3242,1_3051,hypothetical protein,6,6
FAM_P3243,1_3085,hypothetical protein,6,6
FAM_P3244,1_3117,hypothetical protein,6,6
FAM_P3245,1_3156,hypothetical protein,6,6
FAM_P3246,1_3188,hypothetical protein,6,6
FAM_P3247,1_3220,hypothetical protein,6,6
FAM_P3248,1_3265,hypothetical protein,6,6
FAM_P3249,1_3337,hypothetical protein,6,6
FAM_P3250,1_3408,hypothetical protein,6,6
FAM_P3251,1_3436,hypothetical protein,6,6
FAM_P3252,1_3463,hypothetical protein,6,6
FAM_P3253,1_3488,hypothetical protein,6,6
FAM_P3254,1_3531,hypothetical protein,6,6
FAM_P3255,1_4473,hypothetical protein,3,6
FAM_P3256,1_3640,hypothetical protein,6,6
FAM_P3257,1_3668,hypothetical protein,6,6
FAM_P3258,1_3700,hypothetical protein,6,6
FAM_P3259,1_3732,hypothetical protein,6,6
FAM_P3260,1_3762,hypothetical protein,6,6
FAM_P3261,1_3794,hypothetical protein,5,5
FAM_P3262,1_3823,hypothetical protein,6,6
FAM_P3263,1_3852,hypothetical protein,6,6
FAM_P3264,1_3910,hypothetical protein,6,6
FAM_P3265,1_3936,hypothetical protein,6,6
FAM_P3266,1_3972,hypothetical protein,6,6
FAM_P3267,1_4101,hypothetical protein,6,6
FAM_P3268,1_4132,hypothetical protein,4,4
FAM_P3269,1_4164,hypothetical protein,5,5
FAM_P3270,1_5199,hypothetical protein,3,3
FAM_P3271,1_4282,hypothetical protein,6,6
FAM_P3272,1_4314,hypothetical protein,6,6
FAM_P3273,1_28,hypothetical protein,6,6
FAM_P3274,1_56,hypothetical protein,6,6
FAM_P3275,1_88,hypothetical protein,6,6
FAM_P3276,1_120,hypothetical protein,6,6
FAM_P3277,1_156,hypothetical protein,6,6
FAM_P3278,1_188,hypothetical protein,6,6
FAM_P3279,1_220,hypothetical protein,4,4
FAM_P3280,1_252,hypothetical protein,6,6
FAM_P3281,1_316,hypothetical protein,6,6
FAM_P3282,1_380,hypothetical protein,6,6
FAM_P3283,1_412,hypothetical protein,6,6
FAM_P3284,1_444,hypothetical protein,6,6
FAM_P3285,1_476,hypothetical protein,6,6
FAM_P3286,1_508,hypothetical protein,6,6
FAM_P3287,1_540,hypothetical protein,6,6
FAM_P3288,1_572,hypothetical protein,6,6
FAM_P3289,1_635,hypothetical protein,6,6
FAM_P3290,1_699,hypothetical protein,6,6
FAM_P3291,1_763,hypothetical protein,6,6
FAM_P3292,1_795,hypothetical protein,2,4
FAM_P3293,1_859,hypothetical protein,6,6
FAM_P3294,1_891,hypothetical protein,6,6
FAM_P3295,1_955,hypothetical protein,6,6
FAM_P3296,1_1116,hypothetical protein,6,6
FAM_P3297,1_1148,hypothetical protein,4,6
FAM_P3298,1_1212,hypothetical protein,2,4
FAM_P3299,1_1308,hypothetical protein,4,4
FAM_P3300,1_1340,hypothetical protein,3,3
FAM_P3301,1_1404,hypothetical protein,6,6
FAM_P3302,1_1436,hypothetical protein,6,6
FAM_P3303,1_1660,hypothetical protein,6,6
FAM_P3304,1_1788,hypothetical protein,6,6
FAM_P3305,1_1820,hypothetical protein,6,6
FAM_P3306,3_34,hypothetical protein,2,2
FAM_P3307,1_4539,hypothetical protein,3,5
SING_PFGJ,1_96,hypothetical protein,1,1
SING_PFIB,1_160,hypothetical protein,1,1
FAM_P3308,1_3391,hypothetical protein,6,6
FAM_P3309,1_3244,hypothetical protein,6,6
SING_PG9V,1_1152,hypothetical protein,1,1
FAM_P3310,1_2439,hypothetical protein,6,6
FAM_P3311,1_2095,hypothetical protein,6,6
SING_PGQR,1_1760,hypothetical protein,1,1
SING_PGRN,1_1792,hypothetical protein,1,1
FAM_P3312,1_1792,hypothetical protein,3,3
FAM_P3313,1_1756,hypothetical protein,6,6
FAM_P3314,1_1690,hypothetical protein,6,6
FAM_P3315,1_1559,hypothetical protein,6,6
FAM_P3316,1_1339,hypothetical protein,4,6
FAM_P3317,1_1807,hypothetical protein,6,6
SING_PHER,1_2624,hypothetical protein,1,1
SING_PHNN,1_2944,hypothetical protein,1,1
FAM_P3318,1_872,hypothetical protein,6,6
SING_PHSZ,1_3136,hypothetical protein,1,1
SING_PHXF,1_3296,hypothetical protein,1,1
SING_PIN7,1_4224,hypothetical protein,1,1
FAM_P3319,1_3834,hypothetical protein,6,6
SING_PIUB,1_4480,hypothetical protein,1,1
SING_PIW3,1_4544,hypothetical protein,1,1
FAM_P3320,1_1313,hypothetical protein,4,4
SING_PIZN,2_107,hypothetical protein,1,1
FAM_P3321,2_171,hypothetical protein,2,2
FAM_P3322,1_1065,hypothetical protein,2,4
FAM_P3323,2_235,hypothetical protein,2,2
FAM_P3324,2_88,hypothetical protein,3,5
FAM_P3325,1_2648,hypothetical protein,2,2
SING_PJ8J,4_1,hypothetical protein,1,1
SING_PJ9F,4_33,hypothetical protein,1,1
SING_PJAB,4_65,hypothetical protein,1,1
SING_PJB7,4_97,hypothetical protein,1,1
FAM_P3326,1_3636,hypothetical protein,6,6
FAM_P3327,1_3480,hypothetical protein,6,6
FAM_P3328,1_3450,hypothetical protein,6,6
SING_PJIB,1_227,hypothetical protein,1,1
FAM_P3329,1_3360,hypothetical protein,6,6
FAM_P3330,1_3328,hypothetical protein,6,6
FAM_P3331,1_3264,hypothetical protein,3,3
FAM_P3332,1_3135,hypothetical protein,6,6
FAM_P3333,1_3103,hypothetical protein,6,6
FAM_P3334,1_2975,hypothetical protein,6,6
FAM_P3335,1_2908,hypothetical protein,6,6
FAM_P3336,1_2876,hypothetical protein,6,6
FAM_P3337,1_2844,hypothetical protein,6,6
FAM_P3338,1_2363,hypothetical protein,2,8
FAM_P3339,1_2793,hypothetical protein,6,6
FAM_P3340,1_2761,hypothetical protein,6,6
FAM_P3341,1_2729,hypothetical protein,3,3
FAM_P3342,1_2698,hypothetical protein,6,6
FAM_P3343,1_2632,hypothetical protein,6,6
FAM_P3344,1_1094,hypothetical protein,2,2
FAM_P3345,1_2566,hypothetical protein,6,6
FAM_P3346,1_2534,hypothetical protein,6,6
FAM_P3347,1_2503,hypothetical protein,6,6
FAM_P3348,1_2232,hypothetical protein,6,6
FAM_P3349,1_2168,hypothetical protein,6,6
FAM_P3350,1_2135,hypothetical protein,6,6
FAM_P3351,1_2037,hypothetical protein,3,3
SING_PKLF,1_1635,hypothetical protein,1,1
FAM_P3352,1_1968,hypothetical protein,6,11
FAM_P3353,1_1875,hypothetical protein,6,6
SING_PKPV,1_1795,hypothetical protein,1,1
FAM_P3354,1_1822,hypothetical protein,6,6
FAM_P3355,1_1791,hypothetical protein,6,6
FAM_P3356,1_1759,hypothetical protein,6,6
FAM_P3357,1_1695,hypothetical protein,6,6
FAM_P3358,1_1663,hypothetical protein,6,6
FAM_P3359,1_1599,hypothetical protein,6,6
FAM_P3360,1_1502,hypothetical protein,6,6
FAM_P3361,1_1439,hypothetical protein,6,8
FAM_P3362,1_1833,hypothetical protein,6,6
FAM_P3363,1_1669,hypothetical protein,6,6
FAM_P3364,1_1640,hypothetical protein,6,6
FAM_P3365,1_2675,hypothetical protein,3,3
FAM_P3366,1_1541,hypothetical protein,6,6
FAM_P3367,1_1425,hypothetical protein,6,6
FAM_P3368,1_1393,hypothetical protein,6,6
FAM_P3369,1_1030,hypothetical protein,6,6
FAM_P3370,1_997,hypothetical protein,6,6
FAM_P3371,1_2947,hypothetical protein,3,3
FAM_P3372,1_936,hypothetical protein,6,6
FAM_P3373,1_3120,hypothetical protein,2,3
FAM_P3374,1_887,hypothetical protein,6,8
FAM_P3375,1_854,hypothetical protein,6,6
FAM_P3376,1_776,hypothetical protein,6,6
FAM_P3377,1_677,hypothetical protein,6,6
FAM_P3378,1_613,hypothetical protein,6,6
FAM_P3379,1_561,hypothetical protein,6,6
FAM_P3380,1_488,hypothetical protein,6,6
FAM_P3381,1_455,hypothetical protein,6,6
FAM_P3382,1_385,hypothetical protein,5,5
FAM_P3383,1_345,hypothetical protein,6,6
SING_PLYB,1_3395,hypothetical protein,1,1
FAM_P3384,1_241,hypothetical protein,6,6
FAM_P3385,1_192,hypothetical protein,6,6
FAM_P3386,1_161,hypothetical protein,6,6
FAM_P3387,1_129,hypothetical protein,6,6
FAM_P3388,1_93,hypothetical protein,6,6
FAM_P3389,1_61,hypothetical protein,6,6
FAM_P3390,1_4318,hypothetical protein,6,6
SING_PM8Z,1_3779,hypothetical protein,1,1
FAM_P3391,1_4167,hypothetical protein,6,6
FAM_P3392,1_4136,hypothetical protein,6,6
FAM_P3393,1_4104,hypothetical protein,6,6
FAM_P3394,1_4040,hypothetical protein,6,6
FAM_P3395,1_4008,hypothetical protein,4,4
FAM_P3396,1_3976,hypothetical protein,6,6
FAM_P3397,1_3944,hypothetical protein,6,6
FAM_P3398,1_3912,hypothetical protein,6,6
FAM_P3399,1_3880,hypothetical protein,6,6
FAM_P3400,1_3848,hypothetical protein,6,6
FAM_P3401,1_3815,hypothetical protein,6,6
FAM_P3402,1_3783,hypothetical protein,6,6
FAM_P3403,1_3751,hypothetical protein,6,6
FAM_P3404,1_3719,hypothetical protein,6,6
FAM_P3405,1_3686,hypothetical protein,6,6
FAM_P3406,1_3655,hypothetical protein,3,3
SING_PMOZ,2_16,hypothetical protein,1,1
SING_PMQR,2_80,hypothetical protein,1,1
SING_PMRN,2_112,hypothetical protein,1,1
SING_PMTF,3_26,hypothetical protein,1,1
FAM_P3407,1_1317,hypothetical protein,4,4
FAM_P3408,2_233,hypothetical protein,2,2
FAM_P3409,2_169,hypothetical protein,2,2
SING_PN0J,3_282,hypothetical protein,1,1
FAM_P3410,1_68,hypothetical protein,4,4
FAM_P3411,1_100,hypothetical protein,6,6
FAM_P3412,1_167,hypothetical protein,6,6
FAM_P3413,1_199,hypothetical protein,6,6
FAM_P3414,1_369,hypothetical protein,6,6
FAM_P3415,1_430,hypothetical protein,6,6
FAM_P3416,1_466,hypothetical protein,6,6
FAM_P3417,1_498,hypothetical protein,6,6
FAM_P3418,1_1567,hypothetical protein,3,3
FAM_P3419,1_734,hypothetical protein,6,6
FAM_P3420,1_775,hypothetical protein,6,6
FAM_P3421,1_853,hypothetical protein,6,6
FAM_P3422,1_959,hypothetical protein,6,6
FAM_P3423,1_1022,hypothetical protein,6,6
FAM_P3424,1_1236,hypothetical protein,6,6
FAM_P3425,1_1384,hypothetical protein,6,6
FAM_P3426,1_1416,hypothetical protein,6,6
FAM_P3427,1_1448,hypothetical protein,6,6
FAM_P3428,1_1619,hypothetical protein,6,6
FAM_P3429,1_1444,hypothetical protein,6,6
FAM_P3430,1_1508,hypothetical protein,6,6
FAM_P3431,1_1572,hypothetical protein,6,6
FAM_P3432,1_1604,hypothetical protein,6,6
FAM_P3433,1_1636,hypothetical protein,6,6
FAM_P3434,1_1668,hypothetical protein,6,6
FAM_P3435,1_1700,hypothetical protein,6,6
FAM_P3436,1_1732,hypothetical protein,6,6
FAM_P3437,1_2116,hypothetical protein,6,6
FAM_P3438,1_2148,hypothetical protein,6,6
FAM_P3439,1_2180,hypothetical protein,6,6
FAM_P3440,1_2211,hypothetical protein,6,10
FAM_P3441,1_2276,hypothetical protein,6,6
FAM_P3442,1_2307,hypothetical protein,4,6
FAM_P3443,1_2340,hypothetical protein,6,8
FAM_P3444,1_2372,hypothetical protein,6,8
FAM_P3445,1_2404,hypothetical protein,6,6
FAM_P3446,1_2436,hypothetical protein,6,6
FAM_P3447,1_2692,hypothetical protein,3,3
FAM_P3448,1_2756,hypothetical protein,6,6
FAM_P3449,1_2788,hypothetical protein,6,6
FAM_P3450,1_2820,hypothetical protein,5,5
FAM_P3451,1_2852,hypothetical protein,6,6
FAM_P3452,1_2884,hypothetical protein,6,6
FAM_P3453,1_2948,hypothetical protein,6,6
FAM_P3454,1_3076,hypothetical protein,6,8
FAM_P3455,1_3108,hypothetical protein,6,6
FAM_P3456,1_3140,hypothetical protein,6,6
FAM_P3457,1_3300,hypothetical protein,4,4
FAM_P3458,1_3332,hypothetical protein,6,6
FAM_P3459,1_3364,hypothetical protein,6,6
FAM_P3460,1_3428,hypothetical protein,6,6
FAM_P3461,1_3460,hypothetical protein,6,6
FAM_P3462,1_3524,hypothetical protein,6,6
FAM_P3463,1_3588,hypothetical protein,6,7
FAM_P3464,1_3620,hypothetical protein,5,5
FAM_P3465,1_3684,hypothetical protein,6,6
FAM_P3466,1_3716,hypothetical protein,6,6
FAM_P3467,1_3748,hypothetical protein,6,6
FAM_P3468,1_3780,hypothetical protein,6,6
FAM_P3469,1_3812,hypothetical protein,6,6
FAM_P3470,1_3844,hypothetical protein,6,6
FAM_P3471,1_3876,hypothetical protein,6,6
FAM_P3472,1_3940,hypothetical protein,6,6
FAM_P3473,1_4004,hypothetical protein,4,5
FAM_P3474,1_4036,hypothetical protein,6,6
FAM_P3475,1_4068,hypothetical protein,6,6
SING_P3AC,1_4260,hypothetical protein,1,1
FAM_P3476,1_4292,hypothetical protein,6,6
FAM_P3477,1_5,hypothetical protein,6,6
FAM_P3478,1_37,hypothetical protein,6,6
FAM_P3479,1_261,hypothetical protein,6,6
FAM_P3480,1_325,hypothetical protein,6,6
FAM_P3481,1_357,hypothetical protein,6,6
FAM_P3482,1_389,hypothetical protein,5,5
FAM_P3483,1_421,hypothetical protein,6,6
FAM_P3484,1_71,hypothetical protein,3,3
FAM_P3485,1_231,hypothetical protein,3,3
FAM_P3486,1_263,hypothetical protein,6,6
FAM_P3487,1_327,hypothetical protein,4,4
FAM_P3488,1_359,hypothetical protein,3,3
FAM_P3489,1_391,hypothetical protein,5,5
FAM_P3490,1_423,hypothetical protein,6,6
FAM_P3491,1_487,hypothetical protein,6,6
FAM_P3492,1_551,hypothetical protein,6,6
FAM_P3493,1_583,hypothetical protein,6,7
FAM_P3494,1_1800,hypothetical protein,6,12
FAM_P3495,1_711,hypothetical protein,6,6
FAM_P3496,1_743,hypothetical protein,3,3
FAM_P3497,1_839,hypothetical protein,6,6
FAM_P3498,1_871,hypothetical protein,6,6
FAM_P3499,1_903,hypothetical protein,6,6
SING_P45I,1_1063,hypothetical protein,1,1
FAM_P3500,1_1223,hypothetical protein,6,6
FAM_P3501,1_1607,hypothetical protein,6,6
FAM_P3502,1_1767,hypothetical protein,6,6
FAM_P3503,1_1321,hypothetical protein,6,6
FAM_P3504,1_1927,hypothetical protein,2,6
FAM_P3505,1_1398,hypothetical protein,6,6
FAM_P3506,1_1432,hypothetical protein,5,5
FAM_P3507,1_1459,hypothetical protein,6,6
FAM_P3508,1_1489,hypothetical protein,5,5
FAM_P3509,1_1518,hypothetical protein,6,6
FAM_P3510,1_2567,hypothetical protein,2,2
FAM_P3511,1_1350,hypothetical protein,4,6
FAM_P3512,1_3047,hypothetical protein,3,3
FAM_P3513,1_2269,hypothetical protein,6,6
FAM_P3514,1_2301,hypothetical protein,6,6
FAM_P3515,1_2444,hypothetical protein,6,6
FAM_P3516,1_2476,hypothetical protein,6,6
FAM_P3517,1_3527,hypothetical protein,3,3
FAM_P3518,1_2749,hypothetical protein,6,6
FAM_P3519,1_2781,hypothetical protein,6,6
FAM_P3520,1_3655,hypothetical protein,3,3
FAM_P3521,1_2826,hypothetical protein,5,5
FAM_P3522,1_2859,hypothetical protein,6,6
FAM_P3523,1_3015,hypothetical protein,6,6
FAM_P3524,1_3239,hypothetical protein,6,6
FAM_P3525,1_3285,hypothetical protein,6,6
FAM_P3526,1_3324,hypothetical protein,6,6
FAM_P3527,1_3354,hypothetical protein,6,6
FAM_P3528,1_3383,hypothetical protein,6,6
FAM_P3529,1_3422,hypothetical protein,6,6
FAM_P3530,1_3476,hypothetical protein,6,6
FAM_P3531,1_3504,hypothetical protein,6,6
FAM_P3532,1_3543,hypothetical protein,6,6
FAM_P3533,1_3578,hypothetical protein,6,6
FAM_P3534,1_3615,hypothetical protein,6,6
FAM_P3535,1_3744,hypothetical protein,6,6
FAM_P3536,1_3776,hypothetical protein,6,6
FAM_P3537,1_3836,hypothetical protein,3,3
FAM_P3538,1_3862,hypothetical protein,6,6
FAM_P3539,1_3892,hypothetical protein,6,6
FAM_P3540,1_3925,hypothetical protein,6,6
FAM_P3541,1_3964,hypothetical protein,6,6
FAM_P3542,1_3996,hypothetical protein,6,6
FAM_P3543,1_4027,hypothetical protein,6,6
FAM_P3544,1_4059,hypothetical protein,6,6
FAM_P3545,1_4093,hypothetical protein,6,6
FAM_P3546,1_4124,hypothetical protein,6,6
FAM_P3547,1_4156,hypothetical protein,6,6
FAM_P3548,1_4244,hypothetical protein,6,6
FAM_P3549,1_4306,hypothetical protein,6,6
FAM_P3550,1_3584,hypothetical protein,6,6
FAM_P3551,1_3114,hypothetical protein,6,6
SING_P82U,1_763,hypothetical protein,1,1
FAM_P3552,1_2893,hypothetical protein,6,6
SING_P87A,1_923,hypothetical protein,1,1
FAM_P3553,1_2621,hypothetical protein,6,6
SING_P8DI,1_1147,hypothetical protein,1,1
SING_P8KM,1_1403,hypothetical protein,1,1
SING_P8LI,1_1435,hypothetical protein,1,1
FAM_P3554,1_2153,hypothetical protein,6,6
SING_P8VA,1_1787,hypothetical protein,1,1
SING_P8X2,1_1851,hypothetical protein,1,1
FAM_P3555,1_1727,hypothetical protein,6,6
FAM_P3556,1_1348,hypothetical protein,6,9
SING_P9K6,1_2683,hypothetical protein,1,1
SING_P9LY,1_2747,hypothetical protein,1,1
SING_P9QE,1_2907,hypothetical protein,1,1
SING_P9VQ,1_3099,hypothetical protein,1,1
SING_P9WM,1_3131,hypothetical protein,1,1
SING_PA12,1_3291,hypothetical protein,1,1
FAM_P3557,1_3547,hypothetical protein,4,4
SING_PABQ,1_3675,hypothetical protein,1,1
SING_PAH2,1_3867,hypothetical protein,1,1
SING_PAME,1_4059,hypothetical protein,1,1
SING_PANA,1_4091,hypothetical protein,1,1
SING_PATI,1_4315,hypothetical protein,1,1
SING_PAUE,1_4347,hypothetical protein,1,1
SING_PAXY,1_4475,hypothetical protein,1,1
SING_PAZQ,1_4539,hypothetical protein,1,1
FAM_P3558,2_15,hypothetical protein,2,2
SING_PB5Y,2_47,hypothetical protein,1,1
SING_PB6U,2_79,hypothetical protein,1,1
FAM_P3559,1_1496,hypothetical protein,6,6
FAM_P3560,1_1405,hypothetical protein,6,6
FAM_P3561,1_1355,hypothetical protein,6,6
FAM_P3562,1_1488,hypothetical protein,2,9
FAM_P3563,1_1586,hypothetical protein,6,6
FAM_P3564,1_1616,hypothetical protein,6,6
FAM_P3565,1_1648,hypothetical protein,6,6
FAM_P3566,1_1680,hypothetical protein,6,6
FAM_P3567,1_1713,hypothetical protein,6,6
FAM_P3568,1_1773,hypothetical protein,6,6
FAM_P3569,1_1834,hypothetical protein,6,6
FAM_P3570,1_1866,hypothetical protein,6,6
FAM_P3571,1_1900,hypothetical protein,6,6
FAM_P3572,1_1932,hypothetical protein,6,6
FAM_P3573,1_1081,hypothetical protein,3,6
FAM_P3574,1_2029,hypothetical protein,6,6
FAM_P3575,1_2065,hypothetical protein,6,6
FAM_P3576,1_2091,hypothetical protein,6,6
FAM_P3577,1_789,hypothetical protein,3,7
FAM_P3578,1_2110,hypothetical protein,6,6
FAM_P3579,1_2142,hypothetical protein,6,6
FAM_P3580,1_2175,hypothetical protein,6,6
FAM_P3581,1_2343,hypothetical protein,6,6
FAM_P3582,1_2377,hypothetical protein,6,6
FAM_P3583,1_2419,hypothetical protein,6,6
FAM_P3584,1_2451,hypothetical protein,5,5
FAM_P3585,1_2511,hypothetical protein,6,6
FAM_P3586,1_2542,hypothetical protein,6,6
FAM_P3587,1_2575,hypothetical protein,6,6
FAM_P3588,1_3438,hypothetical protein,2,2
FAM_P3589,1_3662,hypothetical protein,3,3
FAM_P3590,1_2833,hypothetical protein,5,5
FAM_P3591,1_2867,hypothetical protein,4,4
FAM_P3592,1_2990,hypothetical protein,6,6
FAM_P3593,1_3022,hypothetical protein,4,4
FAM_P3594,1_3054,hypothetical protein,6,6
FAM_P3595,1_3088,hypothetical protein,6,6
FAM_P3596,1_3120,hypothetical protein,6,6
FAM_P3597,1_3159,hypothetical protein,6,6
FAM_P3598,1_3191,hypothetical protein,6,6
FAM_P3599,1_3223,hypothetical protein,6,6
FAM_P3600,1_3340,hypothetical protein,6,6
FAM_P3601,1_4279,hypothetical protein,3,3
FAM_P3602,1_4311,hypothetical protein,4,4
FAM_P3603,1_3534,hypothetical protein,6,6
FAM_P3604,1_4444,hypothetical protein,4,4
FAM_P3605,1_1361,hypothetical protein,5,8
FAM_P3606,1_3671,hypothetical protein,6,6
FAM_P3607,1_3703,hypothetical protein,6,6
FAM_P3608,1_3735,hypothetical protein,6,6
FAM_P3609,1_3765,hypothetical protein,6,6
FAM_P3610,1_3826,hypothetical protein,6,6
FAM_P3611,1_3855,hypothetical protein,6,6
FAM_P3612,1_4253,hypothetical protein,6,6
FAM_P3613,1_4285,hypothetical protein,6,6
FAM_P3614,1_4317,hypothetical protein,6,6
FAM_P3615,1_31,hypothetical protein,6,6
FAM_P3616,1_123,hypothetical protein,6,6
FAM_P3617,1_223,hypothetical protein,4,4
FAM_P3618,1_255,hypothetical protein,6,6
FAM_P3619,1_351,hypothetical protein,6,6
FAM_P3620,1_415,hypothetical protein,6,6
FAM_P3621,1_447,hypothetical protein,6,6
FAM_P3622,1_479,hypothetical protein,6,6
FAM_P3623,1_511,hypothetical protein,6,6
FAM_P3624,1_543,hypothetical protein,6,6
FAM_P3625,1_575,hypothetical protein,5,5
FAM_P3626,1_606,hypothetical protein,6,6
FAM_P3627,1_638,hypothetical protein,6,6
FAM_P3628,1_670,hypothetical protein,5,5
FAM_P3629,1_702,hypothetical protein,6,6
FAM_P3630,1_766,hypothetical protein,6,6
FAM_P3631,1_862,hypothetical protein,6,6
FAM_P3632,1_894,hypothetical protein,6,6
FAM_P3633,1_990,hypothetical protein,6,6
FAM_P3634,1_1119,hypothetical protein,6,6
FAM_P3635,1_1375,hypothetical protein,6,6
FAM_P3636,1_1407,hypothetical protein,6,6
FAM_P3637,1_1439,hypothetical protein,6,6
FAM_P3638,1_1631,hypothetical protein,4,4
FAM_P3639,1_1663,hypothetical protein,6,6
FAM_P3640,1_1695,hypothetical protein,6,6
FAM_P3641,1_1791,hypothetical protein,6,6
FAM_P3642,3_59,hypothetical protein,2,2
SING_PFGM,1_99,hypothetical protein,1,1
SING_PFHI,1_131,hypothetical protein,1,1
SING_PFIE,1_163,hypothetical protein,1,1
FAM_P3643,1_666,hypothetical protein,2,2
SING_PG0C,1_809,hypothetical protein,1,1
SING_PGA4,1_1161,hypothetical protein,1,1
SING_PGR0,1_1769,hypothetical protein,1,1
SING_PGRW,1_1801,hypothetical protein,1,1
FAM_P3644,1_1802,hypothetical protein,3,3
SING_PH8S,1_2409,hypothetical protein,1,1
SING_PHE4,1_2601,hypothetical protein,1,1
SING_PHN0,1_2921,hypothetical protein,1,1
FAM_P3645,1_1553,hypothetical protein,5,7
SING_PJ4E,3_26,hypothetical protein,1,1
SING_PJ5A,3_58,hypothetical protein,1,1
SING_PJ66,3_90,hypothetical protein,1,1
SING_PJ8U,4_12,hypothetical protein,1,1
SING_PJ9Q,4_44,hypothetical protein,1,1
SING_PJAM,4_76,hypothetical protein,1,1
SING_PJBI,4_108,hypothetical protein,1,1
FAM_P3646,1_3566,hypothetical protein,2,2
FAM_P3647,1_3317,hypothetical protein,6,6
FAM_P3648,1_3253,hypothetical protein,3,3
FAM_P3649,1_3062,hypothetical protein,6,6
FAM_P3650,1_2932,hypothetical protein,6,6
FAM_P3651,1_2687,hypothetical protein,3,3
SING_PK5Q,1_1070,hypothetical protein,1,1
FAM_P3652,1_2555,hypothetical protein,2,6
FAM_P3653,1_2523,hypothetical protein,6,6
FAM_P3654,1_2460,hypothetical protein,6,6
FAM_P3655,1_2428,hypothetical protein,6,6
FAM_P3656,1_2387,hypothetical protein,6,6
FAM_P3657,1_2315,hypothetical protein,2,2
FAM_P3658,1_2189,hypothetical protein,4,4
SING_PKJY,1_1582,hypothetical protein,1,1
FAM_P3659,1_1843,hypothetical protein,6,6
SING_PL9Q,1_2510,hypothetical protein,1,1
FAM_P3660,1_3134,hypothetical protein,2,3
FAM_P3661,1_723,hypothetical protein,6,6
FAM_P3662,1_664,hypothetical protein,6,6
FAM_P3663,1_603,hypothetical protein,6,11
FAM_P3664,1_181,hypothetical protein,6,6
FAM_P3665,1_150,hypothetical protein,6,6
FAM_P3666,1_114,hypothetical protein,6,6
FAM_P3667,1_82,hypothetical protein,6,6
FAM_P3668,1_49,hypothetical protein,6,6
SING_PM8E,1_3758,hypothetical protein,1,1
SING_PM9A,1_3790,hypothetical protein,1,1
FAM_P3669,1_3869,hypothetical protein,6,8
FAM_P3670,1_3740,hypothetical protein,3,3
SING_PMQ6,2_59,hypothetical protein,1,1
SING_PMR2,2_91,hypothetical protein,1,1
SING_PMRY,2_123,hypothetical protein,1,1
SING_PMSU,3_5,hypothetical protein,1,1
FAM_P3671,3_18,hypothetical protein,2,2
SING_PMUM,3_69,hypothetical protein,1,1
FAM_P3672,1_79,hypothetical protein,6,6
FAM_P3673,1_111,hypothetical protein,6,6
FAM_P3674,1_147,hypothetical protein,6,6
FAM_P3675,1_210,hypothetical protein,6,6
FAM_P3676,1_2606,hypothetical protein,1,2
FAM_P3677,1_754,hypothetical protein,6,6
FAM_P3678,1_3271,hypothetical protein,6,6
FAM_P3679,1_3303,hypothetical protein,4,6
FAM_P3680,1_3367,hypothetical protein,6,6
FAM_P3681,1_3399,hypothetical protein,6,6
FAM_P3682,1_3495,hypothetical protein,6,6
FAM_P3683,1_3623,hypothetical protein,6,6
FAM_P3684,1_4231,hypothetical protein,6,6
SING_P3AF,1_4263,hypothetical protein,1,1
FAM_P3685,1_8,hypothetical protein,6,6
FAM_P3686,1_37,hypothetical protein,6,6
FAM_P3687,1_232,hypothetical protein,4,4
FAM_P3688,1_264,hypothetical protein,6,6
FAM_P3689,1_328,hypothetical protein,5,5
FAM_P3690,1_392,hypothetical protein,5,5
FAM_P3691,1_424,hypothetical protein,6,6
FAM_P3692,1_552,hypothetical protein,6,6
FAM_P3693,1_616,hypothetical protein,6,6
FAM_P3694,1_648,hypothetical protein,6,6
FAM_P3695,1_680,hypothetical protein,6,6
FAM_P3696,1_744,hypothetical protein,3,3
FAM_P3697,1_904,hypothetical protein,6,6
FAM_P3698,1_1000,hypothetical protein,6,6
FAM_P3699,1_1128,hypothetical protein,6,6
FAM_P3700,1_1224,hypothetical protein,6,6
FAM_P3701,1_1544,hypothetical protein,6,6
FAM_P3702,1_1576,hypothetical protein,3,5
FAM_P3703,1_1608,hypothetical protein,6,6
FAM_P3704,1_1672,hypothetical protein,6,6
FAM_P3705,1_1768,hypothetical protein,6,6
FAM_P3706,1_1800,hypothetical protein,4,4
FAM_P3707,1_1322,hypothetical protein,6,6
FAM_P3708,1_1928,hypothetical protein,2,4
FAM_P3709,1_1399,hypothetical protein,6,6
FAM_P3710,1_1460,hypothetical protein,5,5
FAM_P3711,1_1519,hypothetical protein,6,6
FAM_P3712,1_2568,hypothetical protein,2,2
FAM_P3713,1_2760,hypothetical protein,2,2
FAM_P3714,1_2270,hypothetical protein,6,6
FAM_P3715,1_2445,hypothetical protein,6,6
FAM_P3716,1_2477,hypothetical protein,4,4
FAM_P3717,1_2569,hypothetical protein,6,6
FAM_P3718,1_3464,hypothetical protein,4,4
FAM_P3719,1_2750,hypothetical protein,6,6
FAM_P3720,1_2782,hypothetical protein,6,6
FAM_P3721,1_2827,hypothetical protein,5,5
FAM_P3722,1_2860,hypothetical protein,6,6
FAM_P3723,1_3016,hypothetical protein,6,6
FAM_P3724,1_3048,hypothetical protein,6,6
FAM_P3725,1_3176,hypothetical protein,6,6
FAM_P3726,1_3208,hypothetical protein,6,6
FAM_P3727,1_3240,hypothetical protein,6,6
FAM_P3728,1_3286,hypothetical protein,6,6
FAM_P3729,1_3325,hypothetical protein,6,6
FAM_P3730,1_4200,hypothetical protein,3,3
FAM_P3731,1_3384,hypothetical protein,6,6
FAM_P3732,1_3423,hypothetical protein,6,6
FAM_P3733,1_3505,hypothetical protein,6,6
FAM_P3734,1_3544,hypothetical protein,6,6
FAM_P3735,1_3579,hypothetical protein,6,6
FAM_P3736,1_3616,hypothetical protein,5,7
FAM_P3737,1_3863,hypothetical protein,6,6
FAM_P3738,1_3926,hypothetical protein,6,6
FAM_P3739,1_4936,hypothetical protein,4,4
FAM_P3740,1_3997,hypothetical protein,6,6
FAM_P3741,1_4028,hypothetical protein,6,6
FAM_P3742,1_4094,hypothetical protein,6,6
FAM_P3743,1_4125,hypothetical protein,6,6
FAM_P3744,1_4157,hypothetical protein,6,6
FAM_P3745,1_4245,hypothetical protein,6,6
FAM_P3746,1_4275,hypothetical protein,6,6
FAM_P3747,1_4307,hypothetical protein,3,3
FAM_P3748,3_48,hypothetical protein,4,4
FAM_P3749,1_3113,hypothetical protein,6,6
FAM_P3750,1_3081,hypothetical protein,6,6
SING_P82V,1_764,hypothetical protein,1,1
SING_P87B,1_924,hypothetical protein,1,1
SING_P8CN,1_1116,hypothetical protein,1,1
SING_P8DJ,1_1148,hypothetical protein,1,1
SING_P8LJ,1_1436,hypothetical protein,1,1
FAM_P3751,1_1988,hypothetical protein,6,6
SING_P8VB,1_1788,hypothetical protein,1,1
FAM_P3752,1_1956,hypothetical protein,6,6
FAM_P3753,1_1948,hypothetical protein,6,8
FAM_P3754,1_1726,hypothetical protein,6,6
SING_P98N,1_2268,hypothetical protein,1,1
FAM_P3755,1_2652,hypothetical protein,2,2
SING_P9K7,1_2684,hypothetical protein,1,1
SING_PA13,1_3292,hypothetical protein,1,1
SING_PALJ,1_4028,hypothetical protein,1,1
SING_PAMF,1_4060,hypothetical protein,1,1
SING_PANB,1_4092,hypothetical protein,1,1
FAM_P3756,1_4119,hypothetical protein,6,6
SING_PATJ,1_4316,hypothetical protein,1,1
SING_PAUF,1_4348,hypothetical protein,1,1
SING_PAXZ,1_4476,hypothetical protein,1,1
SING_PAZR,1_4540,hypothetical protein,1,1
SING_PB5Z,2_48,hypothetical protein,1,1
SING_PB6V,2_80,hypothetical protein,1,1
FAM_P3757,1_1728,hypothetical protein,2,7
FAM_P3758,1_1495,hypothetical protein,6,7
FAM_P3759,1_1465,hypothetical protein,5,5
FAM_P3760,1_1404,hypothetical protein,6,6
FAM_P3761,1_1354,hypothetical protein,6,6
FAM_P3762,1_2220,hypothetical protein,3,3
FAM_P3763,1_1587,hypothetical protein,6,6
FAM_P3764,1_1617,hypothetical protein,6,6
FAM_P3765,1_1649,hypothetical protein,6,6
FAM_P3766,1_1681,hypothetical protein,6,6
FAM_P3767,1_1714,hypothetical protein,6,6
FAM_P3768,1_1745,hypothetical protein,6,6
FAM_P3769,1_1774,hypothetical protein,6,6
FAM_P3770,1_1835,hypothetical protein,6,6
FAM_P3771,1_1867,hypothetical protein,6,6
FAM_P3772,1_1901,hypothetical protein,6,6
FAM_P3773,1_1080,hypothetical protein,3,6
FAM_P3774,1_2731,hypothetical protein,4,4
FAM_P3775,1_2795,hypothetical protein,3,3
FAM_P3776,1_2066,hypothetical protein,6,6
FAM_P3777,1_2092,hypothetical protein,6,6
FAM_P3778,1_1177,hypothetical protein,2,4
FAM_P3779,1_788,hypothetical protein,3,7
FAM_P3780,1_2111,hypothetical protein,6,6
FAM_P3781,1_2143,hypothetical protein,6,6
FAM_P3782,1_2176,hypothetical protein,6,6
FAM_P3783,1_2344,hypothetical protein,6,6
FAM_P3784,1_2378,hypothetical protein,6,6
FAM_P3785,1_2420,hypothetical protein,6,6
FAM_P3786,1_2484,hypothetical protein,6,6
FAM_P3787,1_2543,hypothetical protein,6,6
FAM_P3788,1_2576,hypothetical protein,6,6
FAM_P3789,1_3663,hypothetical protein,3,3
FAM_P3790,1_2868,hypothetical protein,4,4
FAM_P3791,1_2957,hypothetical protein,6,6
FAM_P3792,1_3023,hypothetical protein,4,4
FAM_P3793,1_3055,hypothetical protein,6,6
FAM_P3794,1_3089,hypothetical protein,6,6
FAM_P3795,1_3121,hypothetical protein,6,6
FAM_P3796,1_3160,hypothetical protein,6,6
FAM_P3797,1_3192,hypothetical protein,6,6
FAM_P3798,1_3224,hypothetical protein,6,6
FAM_P3799,1_3270,hypothetical protein,6,6
FAM_P3800,1_3341,hypothetical protein,6,6
FAM_P3801,1_4280,hypothetical protein,3,3
FAM_P3802,1_4312,hypothetical protein,4,4
FAM_P3803,1_3466,hypothetical protein,6,6
FAM_P3804,1_3535,hypothetical protein,6,6
FAM_P3805,1_3568,hypothetical protein,6,6
FAM_P3806,1_3672,hypothetical protein,6,6
FAM_P3807,1_3704,hypothetical protein,4,4
FAM_P3808,1_3736,hypothetical protein,6,6
FAM_P3809,1_3766,hypothetical protein,6,6
FAM_P3810,1_3827,hypothetical protein,6,6
FAM_P3811,1_3856,hypothetical protein,6,6
FAM_P3812,1_4829,hypothetical protein,3,3
FAM_P3813,1_4224,hypothetical protein,6,6
FAM_P3814,1_4286,hypothetical protein,6,6
FAM_P3815,1_32,hypothetical protein,6,6
FAM_P3816,1_224,hypothetical protein,4,4
FAM_P3817,1_320,hypothetical protein,4,4
FAM_P3818,1_352,hypothetical protein,6,6
FAM_P3819,1_448,hypothetical protein,6,6
FAM_P3820,1_480,hypothetical protein,6,6
FAM_P3821,1_512,hypothetical protein,6,6
FAM_P3822,1_544,hypothetical protein,4,9
FAM_P3823,1_607,hypothetical protein,6,6
FAM_P3824,1_639,hypothetical protein,6,7
FAM_P3825,1_671,hypothetical protein,5,5
FAM_P3826,1_735,hypothetical protein,6,6
FAM_P3827,1_767,hypothetical protein,6,6
FAM_P3828,1_831,hypothetical protein,6,6
FAM_P3829,1_863,hypothetical protein,6,7
FAM_P3830,1_895,hypothetical protein,3,3
FAM_P3831,1_1120,hypothetical protein,6,6
FAM_P3832,1_1376,hypothetical protein,6,6
FAM_P3833,1_1408,hypothetical protein,6,6
FAM_P3834,1_1440,hypothetical protein,6,6
FAM_P3835,1_1059,hypothetical protein,3,13
FAM_P3836,1_1632,hypothetical protein,4,4
FAM_P3837,1_1664,hypothetical protein,6,6
FAM_P3838,1_1696,hypothetical protein,6,6
SING_PFGN,1_100,hypothetical protein,1,1
SING_PFHJ,1_132,hypothetical protein,1,1
SING_PFIF,1_164,hypothetical protein,1,1
FAM_P3839,1_3444,hypothetical protein,5,5
FAM_P3840,1_3184,hypothetical protein,6,6
FAM_P3841,1_697,hypothetical protein,2,2
SING_PG13,1_836,hypothetical protein,1,1
FAM_P3842,1_3738,hypothetical protein,4,4
SING_PG9Z,1_1156,hypothetical protein,1,1
FAM_P3843,1_2496,hypothetical protein,6,6
FAM_P3844,1_2284,hypothetical protein,6,6
FAM_P3845,1_1815,hypothetical protein,6,6
FAM_P3846,1_1654,hypothetical protein,6,6
SING_PH8N,1_2404,hypothetical protein,1,1
FAM_P3847,1_2477,hypothetical protein,4,4
SING_PHEV,1_2628,hypothetical protein,1,1
SING_PHMV,1_2916,hypothetical protein,1,1
FAM_P3848,1_203,hypothetical protein,6,6
FAM_P3849,1_1539,hypothetical protein,6,25
SING_PIG7,1_3972,hypothetical protein,1,1
SING_PINB,1_4228,hypothetical protein,1,1
SING_PIZR,2_111,hypothetical protein,1,1
FAM_P3850,3_19,hypothetical protein,2,3
SING_PJ53,3_51,hypothetical protein,1,1
SING_PJ5Z,3_83,hypothetical protein,1,1
SING_PJ9J,4_37,hypothetical protein,1,1
SING_PJAF,4_69,hypothetical protein,1,1
SING_PJBB,4_101,hypothetical protein,1,1
FAM_P3851,1_3600,hypothetical protein,6,6
FAM_P3852,1_3508,hypothetical protein,4,4
SING_PJGN,1_167,hypothetical protein,1,1
FAM_P3853,1_3446,hypothetical protein,5,5
SING_PJIF,1_231,hypothetical protein,1,1
FAM_P3854,1_3389,hypothetical protein,6,6
FAM_P3855,1_3356,hypothetical protein,6,6
FAM_P3856,1_3260,hypothetical protein,3,3
FAM_P3857,1_3197,hypothetical protein,6,6
FAM_P3858,1_3165,hypothetical protein,6,6
FAM_P3859,1_3069,hypothetical protein,6,6
FAM_P3860,1_3037,hypothetical protein,6,6
FAM_P3861,1_3005,hypothetical protein,6,6
FAM_P3862,1_2971,hypothetical protein,6,6
FAM_P3863,1_2939,hypothetical protein,6,6
SING_PK5J,1_1063,hypothetical protein,1,1
FAM_P3864,1_2394,hypothetical protein,5,5
FAM_P3865,1_2360,hypothetical protein,6,6
SING_PKCN,1_1319,hypothetical protein,1,1
FAM_P3866,1_2292,hypothetical protein,6,6
FAM_P3867,1_2260,hypothetical protein,6,6
FAM_P3868,1_2196,hypothetical protein,6,6
FAM_P3869,1_2100,hypothetical protein,6,6
SING_PKLJ,1_1639,hypothetical protein,1,1
SING_PKPZ,1_1799,hypothetical protein,1,1
FAM_P3870,1_1818,hypothetical protein,6,6
FAM_P3871,1_1787,hypothetical protein,6,6
FAM_P3872,1_1755,hypothetical protein,6,6
FAM_P3873,1_1723,hypothetical protein,6,6
FAM_P3874,1_1691,hypothetical protein,6,6
FAM_P3875,1_1659,hypothetical protein,6,6
FAM_P3876,1_1627,hypothetical protein,6,6
FAM_P3877,1_1564,hypothetical protein,6,6
FAM_P3878,1_1665,hypothetical protein,6,6
FAM_P3879,1_2641,hypothetical protein,4,4
FAM_P3880,1_1241,hypothetical protein,6,6
FAM_P3881,1_993,hypothetical protein,6,6
FAM_P3882,1_2823,hypothetical protein,1,2
FAM_P3883,1_557,hypothetical protein,6,6
SING_PLZB,1_3431,hypothetical protein,1,1
SING_PM93,1_3783,hypothetical protein,1,1
FAM_P3884,1_3651,hypothetical protein,3,3
SING_PMP3,2_20,hypothetical protein,1,1
SING_PMPZ,2_52,hypothetical protein,1,1
SING_PMQV,2_84,hypothetical protein,1,1
SING_PMRR,2_116,hypothetical protein,1,1
SING_PN0N,3_286,hypothetical protein,1,1
FAM_P3885,1_40,hypothetical protein,6,6
FAM_P3886,1_72,hypothetical protein,6,6
FAM_P3887,1_104,hypothetical protein,6,6
FAM_P3888,1_136,hypothetical protein,4,4
FAM_P3889,1_171,hypothetical protein,6,6
SING_P7C,1_264,hypothetical protein,1,1
FAM_P3890,1_405,hypothetical protein,6,6
FAM_P3891,1_434,hypothetical protein,6,6
FAM_P3892,1_470,hypothetical protein,6,6
FAM_P3893,1_502,hypothetical protein,6,6
FAM_P3894,1_779,hypothetical protein,6,6
FAM_P3895,1_929,hypothetical protein,6,6
FAM_P3896,1_1240,hypothetical protein,6,6
FAM_P3897,1_1388,hypothetical protein,6,6
FAM_P3898,1_1420,hypothetical protein,6,6
FAM_P3899,1_1450,hypothetical protein,6,6
SING_PVC,1_1128,hypothetical protein,1,1
FAM_P3900,1_1623,hypothetical protein,6,6
FAM_P3901,1_1320,hypothetical protein,6,6
FAM_P3902,1_1352,hypothetical protein,6,8
FAM_P3903,1_1384,hypothetical protein,6,6
FAM_P3904,1_1416,hypothetical protein,6,6
FAM_P3905,1_1480,hypothetical protein,6,6
FAM_P3906,1_1512,hypothetical protein,6,6
FAM_P3907,1_1576,hypothetical protein,6,6
FAM_P3908,1_2120,hypothetical protein,6,6
FAM_P3909,1_2152,hypothetical protein,6,6
FAM_P3910,1_2184,hypothetical protein,6,6
FAM_P3911,1_2216,hypothetical protein,6,6
FAM_P3912,1_2248,hypothetical protein,6,6
FAM_P3913,1_2280,hypothetical protein,6,6
FAM_P3914,1_2312,hypothetical protein,6,6
SING_P1UW,1_2408,hypothetical protein,1,1
SING_P208,1_2600,hypothetical protein,1,1
FAM_P3915,1_3080,hypothetical protein,4,6
FAM_P3916,1_3112,hypothetical protein,6,6
FAM_P3917,1_3144,hypothetical protein,6,6
FAM_P3918,1_3272,hypothetical protein,6,6
FAM_P3919,1_3304,hypothetical protein,4,4
FAM_P3920,1_3368,hypothetical protein,6,6
FAM_P3921,1_3400,hypothetical protein,6,6
FAM_P3922,1_3432,hypothetical protein,5,5
FAM_P3923,1_3496,hypothetical protein,6,6
FAM_P3924,1_3412,hypothetical protein,3,5
FAM_P3925,1_3592,hypothetical protein,6,6
FAM_P3926,1_3624,hypothetical protein,6,6
FAM_P3927,1_4072,hypothetical protein,6,6
FAM_P3928,1_4200,hypothetical protein,2,2
FAM_P3929,1_9,hypothetical protein,6,6
FAM_P3930,1_38,hypothetical protein,6,6
FAM_P3931,1_67,hypothetical protein,6,6
FAM_P3932,1_297,hypothetical protein,3,3
FAM_P3933,1_329,hypothetical protein,6,6
FAM_P3934,1_393,hypothetical protein,6,6
FAM_P3935,1_425,hypothetical protein,6,6
FAM_P3936,1_521,hypothetical protein,6,6
FAM_P3937,1_553,hypothetical protein,6,6
FAM_P3938,1_617,hypothetical protein,6,6
FAM_P3939,1_649,hypothetical protein,6,8
FAM_P3940,1_681,hypothetical protein,6,6
FAM_P3941,1_745,hypothetical protein,3,3
FAM_P3942,1_841,hypothetical protein,6,6
FAM_P3943,1_873,hypothetical protein,6,6
FAM_P3944,1_969,hypothetical protein,6,6
FAM_P3945,1_1001,hypothetical protein,6,6
FAM_P3946,1_1033,hypothetical protein,6,6
FAM_P3947,1_1129,hypothetical protein,6,6
FAM_P3948,1_1225,hypothetical protein,6,6
FAM_P3949,1_1545,hypothetical protein,6,6
FAM_P3950,1_1577,hypothetical protein,4,4
FAM_P3951,1_1609,hypothetical protein,6,6
FAM_P3952,1_1673,hypothetical protein,6,6
FAM_P3953,1_1769,hypothetical protein,6,6
FAM_P3954,1_1801,hypothetical protein,4,4
FAM_P3955,1_1323,hypothetical protein,5,5
FAM_P3956,1_1400,hypothetical protein,6,6
FAM_P3957,1_1461,hypothetical protein,5,5
FAM_P3958,1_1491,hypothetical protein,5,5
FAM_P3959,1_1520,hypothetical protein,6,6
FAM_P3960,1_2569,hypothetical protein,2,2
FAM_P3961,1_1898,hypothetical protein,4,4
FAM_P3962,1_2697,hypothetical protein,2,2
FAM_P3963,1_3049,hypothetical protein,2,2
FAM_P3964,1_3145,hypothetical protein,2,2
FAM_P3965,1_3785,hypothetical protein,2,2
FAM_P3966,1_3177,hypothetical protein,6,6
FAM_P3967,1_3209,hypothetical protein,6,6
FAM_P3968,1_3287,hypothetical protein,6,6
FAM_P3969,1_3385,hypothetical protein,6,6
FAM_P3970,1_3424,hypothetical protein,6,6
FAM_P3971,1_3506,hypothetical protein,6,6
FAM_P3972,1_3580,hypothetical protein,6,6
FAM_P3973,1_3618,hypothetical protein,5,6
FAM_P3974,1_3808,hypothetical protein,6,6
FAM_P3975,1_3838,hypothetical protein,6,6
FAM_P3976,1_3864,hypothetical protein,6,6
FAM_P3977,1_3927,hypothetical protein,6,6
FAM_P3978,1_4937,hypothetical protein,4,4
FAM_P3979,1_3966,hypothetical protein,6,6
FAM_P3980,1_3998,hypothetical protein,6,6
FAM_P3981,1_4061,hypothetical protein,6,6
FAM_P3982,1_4095,hypothetical protein,6,6
FAM_P3983,1_4126,hypothetical protein,6,6
FAM_P3984,1_4158,hypothetical protein,6,6
FAM_P3985,1_5193,hypothetical protein,3,3
FAM_P3986,1_4246,hypothetical protein,6,6
FAM_P3987,1_4276,hypothetical protein,6,6
FAM_P3988,1_4308,hypothetical protein,6,6
FAM_P3989,3_49,hypothetical protein,4,4
FAM_P3990,1_3041,hypothetical protein,6,6
SING_P82W,1_765,hypothetical protein,1,1
SING_P87C,1_925,hypothetical protein,1,1
SING_P8CO,1_1117,hypothetical protein,1,1
SING_P8DK,1_1149,hypothetical protein,1,1
SING_P8EG,1_1181,hypothetical protein,1,1
FAM_P3991,1_2487,hypothetical protein,6,6
SING_P8LK,1_1437,hypothetical protein,1,1
FAM_P3992,1_1987,hypothetical protein,6,6
SING_P8VC,1_1789,hypothetical protein,1,1
SING_P8W8,1_1821,hypothetical protein,1,1
SING_P8X4,1_1853,hypothetical protein,1,1
FAM_P3993,1_1683,hypothetical protein,6,6
SING_P9JC,1_2653,hypothetical protein,1,1
SING_P9K8,1_2685,hypothetical protein,1,1
SING_P9QG,1_2909,hypothetical protein,1,1
FAM_P3994,1_3101,hypothetical protein,2,2
SING_PA14,1_3293,hypothetical protein,1,1
FAM_P3995,1_4228,hypothetical protein,6,6
SING_PALK,1_4029,hypothetical protein,1,1
SING_PAMG,1_4061,hypothetical protein,1,1
SING_PANC,1_4093,hypothetical protein,1,1
SING_PATK,1_4317,hypothetical protein,1,1
SING_PAUG,1_4349,hypothetical protein,1,1
SING_PAVC,1_4381,hypothetical protein,1,1
SING_PAY0,1_4477,hypothetical protein,1,1
SING_PAZS,1_4541,hypothetical protein,1,1
FAM_P3996,2_17,hypothetical protein,2,2
SING_PB6W,2_81,hypothetical protein,1,1
FAM_P3997,1_1494,hypothetical protein,5,5
FAM_P3998,1_1464,hypothetical protein,5,5
FAM_P3999,1_1353,hypothetical protein,6,6
FAM_P4000,1_1618,hypothetical protein,6,6
FAM_P4001,1_1650,hypothetical protein,6,6
FAM_P4002,1_1682,hypothetical protein,6,6
FAM_P4003,1_1715,hypothetical protein,6,6
FAM_P4004,1_1746,hypothetical protein,6,6
FAM_P4005,1_1775,hypothetical protein,6,6
FAM_P4006,1_1805,hypothetical protein,6,6
FAM_P4007,1_1836,hypothetical protein,6,6
FAM_P4008,1_1868,hypothetical protein,6,6
FAM_P4009,1_1902,hypothetical protein,6,6
FAM_P4010,1_1935,hypothetical protein,3,3
FAM_P4011,1_1353,hypothetical protein,4,9
FAM_P4012,1_2796,hypothetical protein,3,3
FAM_P4013,1_2067,hypothetical protein,6,6
FAM_P4014,1_2093,hypothetical protein,6,6
FAM_P4015,1_2112,hypothetical protein,6,6
FAM_P4016,1_2144,hypothetical protein,6,6
FAM_P4017,1_2345,hypothetical protein,6,6
FAM_P4018,1_2379,hypothetical protein,6,6
FAM_P4019,1_2421,hypothetical protein,6,6
FAM_P4020,1_3280,hypothetical protein,3,3
FAM_P4021,1_2485,hypothetical protein,6,6
FAM_P4022,1_2544,hypothetical protein,6,6
FAM_P4023,1_2577,hypothetical protein,6,6
FAM_P4024,1_2666,hypothetical protein,6,6
FAM_P4025,1_2700,hypothetical protein,6,6
FAM_P4026,1_2790,hypothetical protein,6,6
FAM_P4027,1_2835,hypothetical protein,5,5
FAM_P4028,1_2894,hypothetical protein,6,6
FAM_P4029,1_2958,hypothetical protein,6,6
FAM_P4030,1_2992,hypothetical protein,6,6
FAM_P4031,1_3024,hypothetical protein,6,6
FAM_P4032,1_3056,hypothetical protein,6,6
FAM_P4033,1_3090,hypothetical protein,6,6
FAM_P4034,1_3122,hypothetical protein,6,6
FAM_P4035,1_3193,hypothetical protein,6,6
FAM_P4036,1_3225,hypothetical protein,6,6
FAM_P4037,1_3342,hypothetical protein,6,6
FAM_P4038,1_4281,hypothetical protein,3,3
FAM_P4039,1_4313,hypothetical protein,4,4
FAM_P4040,1_3467,hypothetical protein,6,6
FAM_P4041,1_3536,hypothetical protein,6,6
FAM_P4042,1_3569,hypothetical protein,6,6
FAM_P4043,1_3643,hypothetical protein,6,6
FAM_P4044,1_3673,hypothetical protein,6,6
FAM_P4045,1_3705,hypothetical protein,6,6
FAM_P4046,1_3737,hypothetical protein,6,6
FAM_P4047,1_3767,hypothetical protein,6,6
FAM_P4048,1_3798,hypothetical protein,5,5
FAM_P4049,1_3857,hypothetical protein,6,6
FAM_P4050,1_4830,hypothetical protein,3,3
FAM_P4051,1_3915,hypothetical protein,6,6
FAM_P4052,1_3941,hypothetical protein,6,6
FAM_P4053,1_4169,hypothetical protein,5,6
FAM_P4054,1_4225,hypothetical protein,6,7
FAM_P4055,1_4255,hypothetical protein,5,5
FAM_P4056,1_321,hypothetical protein,4,4
FAM_P4057,1_353,hypothetical protein,6,6
FAM_P4058,1_449,hypothetical protein,6,6
FAM_P4059,1_481,hypothetical protein,6,6
FAM_P4060,1_513,hypothetical protein,6,6
FAM_P4061,1_545,hypothetical protein,4,4
FAM_P4062,1_577,hypothetical protein,5,6
FAM_P4063,1_768,hypothetical protein,6,6
FAM_P4064,1_832,hypothetical protein,6,6
FAM_P4065,1_864,hypothetical protein,6,6
FAM_P4066,1_896,hypothetical protein,3,3
FAM_P4067,1_1281,hypothetical protein,3,5
FAM_P4068,1_1377,hypothetical protein,6,6
FAM_P4069,1_1409,hypothetical protein,6,6
FAM_P4070,1_1441,hypothetical protein,6,6
FAM_P4071,1_1601,hypothetical protein,6,6
FAM_P4072,1_1697,hypothetical protein,3,3
FAM_P4073,1_1761,hypothetical protein,2,4
FAM_P4074,1_1889,hypothetical protein,3,3
FAM_P4075,3_61,hypothetical protein,4,4
SING_PFGO,1_101,hypothetical protein,1,1
FAM_P4076,1_3443,hypothetical protein,5,5
FAM_P4077,1_698,hypothetical protein,2,2
FAM_P4078,1_762,hypothetical protein,2,2
FAM_P4079,1_3737,hypothetical protein,4,4
SING_PGA0,1_1157,hypothetical protein,1,1
SING_PGG8,1_1381,hypothetical protein,1,1
FAM_P4080,1_2283,hypothetical protein,6,6
SING_PGQW,1_1765,hypothetical protein,1,1
FAM_P4081,1_1878,hypothetical protein,6,6
FAM_P4082,1_1846,hypothetical protein,6,7
FAM_P4083,1_1653,hypothetical protein,6,6
FAM_P4084,1_1620,hypothetical protein,6,6
SING_PH8O,1_2405,hypothetical protein,1,1
SING_PHEW,1_2629,hypothetical protein,1,1
SING_PHMW,1_2917,hypothetical protein,1,1
FAM_P4085,1_760,hypothetical protein,6,6
FAM_P4086,1_1904,hypothetical protein,4,5
SING_PIG8,1_3973,hypothetical protein,1,1
SING_PINC,1_4229,hypothetical protein,1,1
FAM_P4087,3_20,hypothetical protein,2,4
SING_PJ54,3_52,hypothetical protein,1,1
SING_PJ60,3_84,hypothetical protein,1,1
SING_PJ8O,4_6,hypothetical protein,1,1
SING_PJ9K,4_38,hypothetical protein,1,1
SING_PJAG,4_70,hypothetical protein,1,1
SING_PJBC,4_102,hypothetical protein,1,1
FAM_P4088,1_3631,hypothetical protein,4,4
FAM_P4089,1_3599,hypothetical protein,6,8
FAM_P4090,1_3572,hypothetical protein,6,6
FAM_P4091,1_3507,hypothetical protein,4,4
FAM_P4092,1_3388,hypothetical protein,6,6
FAM_P4093,1_3291,hypothetical protein,6,6
FAM_P4094,1_3228,hypothetical protein,6,6
FAM_P4095,1_3196,hypothetical protein,6,6
FAM_P4096,1_3164,hypothetical protein,6,6
FAM_P4097,1_3130,hypothetical protein,6,6
FAM_P4098,1_3098,hypothetical protein,6,6
FAM_P4099,1_3068,hypothetical protein,6,6
FAM_P4100,1_3036,hypothetical protein,6,6
FAM_P4101,1_2970,hypothetical protein,6,6
FAM_P4102,1_2938,hypothetical protein,6,6
FAM_P4103,1_2903,hypothetical protein,6,6
FAM_P4104,1_2839,hypothetical protein,6,6
FAM_P4105,1_2359,hypothetical protein,6,6
SING_PKCO,1_1320,hypothetical protein,1,1
FAM_P4106,1_2291,hypothetical protein,6,6
FAM_P4107,1_2259,hypothetical protein,6,6
FAM_P4108,1_2099,hypothetical protein,6,6
SING_PKLK,1_1640,hypothetical protein,1,1
SING_PKQ0,1_1800,hypothetical protein,1,1
FAM_P4109,1_1817,hypothetical protein,6,6
FAM_P4110,1_1786,hypothetical protein,6,6
FAM_P4111,1_1754,hypothetical protein,6,6
FAM_P4112,1_1722,hypothetical protein,6,6
FAM_P4113,1_1658,hypothetical protein,6,6
FAM_P4114,1_1626,hypothetical protein,6,6
FAM_P4115,1_1594,hypothetical protein,6,8
FAM_P4116,1_1563,hypothetical protein,6,6
FAM_P4117,1_1466,hypothetical protein,6,8
FAM_P4118,1_1434,hypothetical protein,4,6
FAM_P4119,1_1629,hypothetical protein,6,6
FAM_P4120,1_2642,hypothetical protein,4,4
FAM_P4121,1_881,hypothetical protein,6,8
FAM_P4122,1_849,hypothetical protein,6,6
FAM_P4123,1_555,hypothetical protein,6,8
FAM_P4124,1_3400,hypothetical protein,1,2
FAM_P4125,1_225,hypothetical protein,5,5
FAM_P4126,1_4238,hypothetical protein,6,6
FAM_P4127,1_4199,hypothetical protein,2,2
SING_PM94,1_3784,hypothetical protein,1,1
SING_PMP4,2_21,hypothetical protein,1,1
SING_PMQ0,2_53,hypothetical protein,1,1
SING_PMQW,2_85,hypothetical protein,1,1
SING_PMRS,2_117,hypothetical protein,1,1
SING_PMTK,3_31,hypothetical protein,1,1
FAM_P4128,2_146,hypothetical protein,1,2
FAM_P4129,1_41,hypothetical protein,6,6
FAM_P4130,1_73,hypothetical protein,6,6
FAM_P4131,1_105,hypothetical protein,6,6
SING_P7D,1_265,hypothetical protein,1,1
FAM_P4132,1_373,hypothetical protein,6,6
FAM_P4133,1_406,hypothetical protein,6,6
FAM_P4134,1_435,hypothetical protein,6,6
FAM_P4135,1_471,hypothetical protein,6,6
FAM_P4136,1_1624,hypothetical protein,6,6
FAM_P4137,1_1691,hypothetical protein,6,6
FAM_P4138,1_1385,hypothetical protein,6,6
FAM_P4139,1_1417,hypothetical protein,6,6
FAM_P4140,1_1449,hypothetical protein,6,6
FAM_P4141,1_1481,hypothetical protein,6,6
SING_P16X,1_1545,hypothetical protein,1,1
SING_P1GP,1_1897,hypothetical protein,1,1
FAM_P4142,1_2089,hypothetical protein,6,7
FAM_P4143,1_2185,hypothetical protein,6,6
FAM_P4144,1_2217,hypothetical protein,6,6
FAM_P4145,1_2249,hypothetical protein,6,6
FAM_P4146,1_2281,hypothetical protein,6,6
FAM_P4147,1_2313,hypothetical protein,6,6
SING_P1UX,1_2409,hypothetical protein,1,1
SING_P209,1_2601,hypothetical protein,1,1
FAM_P4148,1_3145,hypothetical protein,6,6
FAM_P4149,1_3273,hypothetical protein,6,6
FAM_P4150,1_3305,hypothetical protein,4,4
FAM_P4151,1_3369,hypothetical protein,3,4
FAM_P4152,1_3401,hypothetical protein,6,6
FAM_P4153,1_3497,hypothetical protein,6,6
FAM_P4154,1_3625,hypothetical protein,6,6
FAM_P4155,1_3689,hypothetical protein,6,6
FAM_P4156,1_4201,hypothetical protein,2,2
FAM_P4157,1_4233,hypothetical protein,6,6
SING_P3AH,1_4265,hypothetical protein,1,1
FAM_P4158,1_10,hypothetical protein,6,6
FAM_P4159,1_1388,hypothetical protein,6,6
FAM_P4160,1_1420,hypothetical protein,6,6
FAM_P4161,1_1452,hypothetical protein,6,6
FAM_P4162,1_1548,hypothetical protein,4,4
FAM_P4163,1_1708,hypothetical protein,5,5
FAM_P4164,1_2124,hypothetical protein,6,6
FAM_P4165,1_2156,hypothetical protein,6,6
FAM_P4166,1_2220,hypothetical protein,6,6
FAM_P4167,1_2252,hypothetical protein,6,6
SING_P1V0,1_2412,hypothetical protein,1,1
FAM_P4168,1_2732,hypothetical protein,6,6
FAM_P4169,1_2764,hypothetical protein,6,6
FAM_P4170,1_2796,hypothetical protein,4,4
FAM_P4171,1_2892,hypothetical protein,6,6
FAM_P4172,1_3276,hypothetical protein,6,6
FAM_P4173,1_3308,hypothetical protein,4,4
FAM_P4174,1_3404,hypothetical protein,6,6
SING_P2R0,1_3564,hypothetical protein,1,1
FAM_P4175,1_3692,hypothetical protein,6,6
FAM_P4176,1_3724,hypothetical protein,6,6
FAM_P4177,1_3756,hypothetical protein,6,6
FAM_P4178,1_3788,hypothetical protein,6,6
FAM_P4179,1_3948,hypothetical protein,6,6
FAM_P4180,1_4012,hypothetical protein,6,6
FAM_P4181,1_4044,hypothetical protein,6,6
FAM_P4182,1_4076,hypothetical protein,6,6
FAM_P4183,1_4204,hypothetical protein,2,2
FAM_P4184,1_13,hypothetical protein,6,6
SING_PHE5,1_2602,hypothetical protein,1,1
FAM_P4185,1_982,hypothetical protein,6,6
SING_PHN1,1_2922,hypothetical protein,1,1
FAM_P4186,1_755,hypothetical protein,6,6
SING_PI99,1_3722,hypothetical protein,1,1
SING_PINH,1_4234,hypothetical protein,1,1
FAM_P4187,1_3759,hypothetical protein,6,6
FAM_P4188,2_85,hypothetical protein,2,6
SING_PJ4D,3_25,hypothetical protein,1,1
SING_PJ65,3_89,hypothetical protein,1,1
SING_PJ8T,4_11,hypothetical protein,1,1
SING_PJ9P,4_43,hypothetical protein,1,1
SING_PJAL,4_75,hypothetical protein,1,1
SING_PJBH,4_107,hypothetical protein,1,1
FAM_P4189,1_3415,hypothetical protein,6,6
FAM_P4190,1_3063,hypothetical protein,6,7
FAM_P4191,1_3031,hypothetical protein,6,6
FAM_P4192,1_2999,hypothetical protein,6,6
FAM_P4193,1_39,hypothetical protein,6,6
FAM_P4194,1_234,hypothetical protein,2,2
FAM_P4195,1_330,hypothetical protein,6,6
FAM_P4196,1_394,hypothetical protein,6,6
FAM_P4197,1_490,hypothetical protein,6,6
FAM_P4198,1_522,hypothetical protein,6,6
FAM_P4199,1_618,hypothetical protein,6,6
FAM_P4200,1_650,hypothetical protein,6,6
FAM_P4201,1_682,hypothetical protein,6,6
FAM_P4202,1_746,hypothetical protein,3,3
FAM_P4203,1_778,hypothetical protein,6,6
FAM_P4204,1_842,hypothetical protein,6,6
FAM_P4205,1_906,hypothetical protein,6,6
FAM_P4206,1_970,hypothetical protein,6,6
FAM_P4207,1_1002,hypothetical protein,6,6
FAM_P4208,1_1034,hypothetical protein,6,6
FAM_P4209,1_1162,hypothetical protein,2,4
FAM_P4210,1_1226,hypothetical protein,6,6
FAM_P4211,1_1354,hypothetical protein,4,9
FAM_P4212,1_1546,hypothetical protein,6,6
FAM_P4213,1_1578,hypothetical protein,4,4
FAM_P4214,1_1610,hypothetical protein,6,6
FAM_P4215,1_1674,hypothetical protein,6,6
FAM_P4216,1_1770,hypothetical protein,6,6
FAM_P4217,1_1401,hypothetical protein,6,6
FAM_P4218,1_1462,hypothetical protein,5,5
FAM_P4219,1_1492,hypothetical protein,5,5
FAM_P4220,1_2570,hypothetical protein,2,2
FAM_P4221,1_2698,hypothetical protein,2,2
FAM_P4222,1_2762,hypothetical protein,2,2
FAM_P4223,1_2954,hypothetical protein,2,2
FAM_P4224,1_3050,hypothetical protein,2,2
FAM_P4225,1_3146,hypothetical protein,2,2
FAM_P4226,1_3434,hypothetical protein,2,2
FAM_P4227,1_3786,hypothetical protein,2,2
FAM_P4228,1_3178,hypothetical protein,6,6
FAM_P4229,1_3210,hypothetical protein,6,6
FAM_P4230,1_3288,hypothetical protein,6,6
FAM_P4231,1_4202,hypothetical protein,3,3
FAM_P4232,1_3386,hypothetical protein,6,6
FAM_P4233,1_4394,hypothetical protein,3,3
FAM_P4234,1_3581,hypothetical protein,6,6
FAM_P4235,1_3685,hypothetical protein,6,6
FAM_P4236,1_3839,hypothetical protein,6,6
FAM_P4237,1_3865,hypothetical protein,6,6
FAM_P4238,1_3895,hypothetical protein,6,6
FAM_P4239,1_3928,hypothetical protein,6,6
FAM_P4240,1_4938,hypothetical protein,4,4
FAM_P4241,1_3967,hypothetical protein,6,6
FAM_P4242,1_3999,hypothetical protein,6,6
FAM_P4243,1_4030,hypothetical protein,6,6
FAM_P4244,1_4062,hypothetical protein,6,6
FAM_P4245,1_4096,hypothetical protein,6,6
FAM_P4246,1_4127,hypothetical protein,6,6
FAM_P4247,1_4159,hypothetical protein,6,6
FAM_P4248,1_5194,hypothetical protein,3,3
FAM_P4249,1_4247,hypothetical protein,6,6
FAM_P4250,1_4277,hypothetical protein,6,6
FAM_P4251,1_4309,hypothetical protein,6,6
FAM_P4252,3_50,hypothetical protein,4,4
SING_P7L5,1_126,hypothetical protein,1,1
SING_P82X,1_766,hypothetical protein,1,1
SING_P87D,1_926,hypothetical protein,1,1
FAM_P4253,1_2647,hypothetical protein,6,6
FAM_P4254,1_1118,hypothetical protein,2,2
SING_P8DL,1_1150,hypothetical protein,1,1
SING_P8EH,1_1182,hypothetical protein,1,1
FAM_P4255,1_2524,hypothetical protein,6,6
SING_P8W9,1_1822,hypothetical protein,1,1
SING_P8X5,1_1854,hypothetical protein,1,1
FAM_P4256,1_1724,hypothetical protein,6,6
SING_P99L,1_2302,hypothetical protein,1,1
FAM_P4257,1_1682,hypothetical protein,5,5
SING_P9JD,1_2654,hypothetical protein,1,1
SING_P9K9,1_2686,hypothetical protein,1,1
SING_P9PL,1_2878,hypothetical protein,1,1
SING_P9QH,1_2910,hypothetical protein,1,1
SING_PA15,1_3294,hypothetical protein,1,1
FAM_P4258,1_360,hypothetical protein,3,5
SING_PALL,1_4030,hypothetical protein,1,1
SING_PAMH,1_4062,hypothetical protein,1,1
SING_PAND,1_4094,hypothetical protein,1,1
FAM_P4259,1_4117,hypothetical protein,6,6
FAM_P4260,1_4020,hypothetical protein,6,6
SING_PAUH,1_4350,hypothetical protein,1,1
SING_PAZT,1_4542,hypothetical protein,1,1
SING_PB6X,2_82,hypothetical protein,1,1
FAM_P4261,1_1493,hypothetical protein,5,5
FAM_P4262,1_1402,hypothetical protein,6,6
FAM_P4263,1_1589,hypothetical protein,6,6
FAM_P4264,1_1619,hypothetical protein,6,6
FAM_P4265,1_1651,hypothetical protein,6,6
FAM_P4266,1_1683,hypothetical protein,6,6
FAM_P4267,1_1716,hypothetical protein,6,6
FAM_P4268,1_1776,hypothetical protein,5,5
FAM_P4269,1_1806,hypothetical protein,6,6
FAM_P4270,1_1837,hypothetical protein,6,6
FAM_P4271,1_1869,hypothetical protein,6,6
FAM_P4272,1_1903,hypothetical protein,6,6
FAM_P4273,1_2030,hypothetical protein,6,6
FAM_P4274,1_2068,hypothetical protein,6,6
FAM_P4275,1_2090,hypothetical protein,2,8
FAM_P4276,1_2346,hypothetical protein,6,6
FAM_P4277,1_2380,hypothetical protein,6,6
FAM_P4278,1_2422,hypothetical protein,6,6
FAM_P4279,1_2454,hypothetical protein,5,5
FAM_P4280,1_2513,hypothetical protein,6,6
FAM_P4281,1_2545,hypothetical protein,6,6
FAM_P4282,1_2578,hypothetical protein,6,6
FAM_P4283,1_2635,hypothetical protein,6,7
FAM_P4284,1_2701,hypothetical protein,6,6
FAM_P4285,1_2836,hypothetical protein,6,6
FAM_P4286,1_2959,hypothetical protein,6,6
FAM_P4287,1_2993,hypothetical protein,6,6
FAM_P4288,1_3025,hypothetical protein,6,6
FAM_P4289,1_3921,hypothetical protein,3,3
FAM_P4290,1_3091,hypothetical protein,6,6
FAM_P4291,1_3123,hypothetical protein,6,6
FAM_P4292,1_3162,hypothetical protein,6,6
FAM_P4293,1_3194,hypothetical protein,6,6
FAM_P4294,1_3226,hypothetical protein,6,6
FAM_P4295,1_3343,hypothetical protein,6,6
FAM_P4296,1_4282,hypothetical protein,3,3
FAM_P4297,1_4314,hypothetical protein,4,4
SING_PABH,1_3666,hypothetical protein,1,1
FAM_P4298,1_4018,hypothetical protein,2,2
FAM_P4299,1_4114,hypothetical protein,2,2
SING_PAZH,1_4530,hypothetical protein,1,1
FAM_P4300,1_4594,hypothetical protein,2,2
SING_PB25,1_4626,hypothetical protein,1,1
SING_PB4T,2_6,hypothetical protein,1,1
SING_PB6L,2_70,hypothetical protein,1,1
SING_PB7H,2_102,hypothetical protein,1,1
FAM_P4301,1_2210,hypothetical protein,2,2
FAM_P4302,1_2690,hypothetical protein,2,2
FAM_P4303,1_2052,hypothetical protein,5,6
FAM_P4304,1_2886,hypothetical protein,2,2
FAM_P4305,1_3781,hypothetical protein,2,2
FAM_P4306,1_4930,hypothetical protein,2,2
SING_PCT9,1_2075,hypothetical protein,1,1
FAM_P4307,1_4270,hypothetical protein,2,2
FAM_P4308,1_4499,hypothetical protein,2,2
FAM_P4309,1_4595,hypothetical protein,2,2
FAM_P4310,1_214,hypothetical protein,2,2
FAM_P4311,1_278,hypothetical protein,2,2
FAM_P4312,1_438,hypothetical protein,3,3
FAM_P4313,1_725,hypothetical protein,2,2
FAM_P4314,1_821,hypothetical protein,3,3
FAM_P4315,1_1074,hypothetical protein,2,6
FAM_P4316,1_1174,hypothetical protein,2,2
FAM_P4317,1_1206,hypothetical protein,2,2
FAM_P4318,1_1334,hypothetical protein,2,2
FAM_P4319,1_1462,hypothetical protein,2,2
FAM_P4320,1_1526,hypothetical protein,2,2
FAM_P4321,1_1718,hypothetical protein,2,2
FAM_P4322,1_1750,hypothetical protein,2,2
FAM_P4323,3_80,hypothetical protein,2,2
FAM_P4324,1_45,hypothetical protein,2,2
SING_PFGD,1_90,hypothetical protein,1,1
SING_PFOD,1_378,hypothetical protein,1,1
FAM_P4325,1_2914,hypothetical protein,3,3
SING_PG1P,1_858,hypothetical protein,1,1
FAM_P4326,1_4189,hypothetical protein,4,10
SING_PGD9,1_1274,hypothetical protein,1,1
SING_PGKD,1_1530,hypothetical protein,1,1
SING_PGPP,1_1722,hypothetical protein,1,1
FAM_P4327,1_1384,hypothetical protein,2,2
SING_PGRH,1_1786,hypothetical protein,1,1
SING_PGV1,1_1914,hypothetical protein,1,1
SING_PH6L,1_2330,hypothetical protein,1,1
FAM_P4328,1_1891,hypothetical protein,3,5
SING_PHEL,1_2618,hypothetical protein,1,1
SING_PHFH,1_2650,hypothetical protein,1,1
SING_PHML,1_2906,hypothetical protein,1,1
SING_PHNH,1_2938,hypothetical protein,1,1
FAM_P4329,1_3642,hypothetical protein,2,2
SING_PIN1,1_4218,hypothetical protein,1,1
FAM_P4330,1_4743,hypothetical protein,3,5
FAM_P4331,1_4590,hypothetical protein,2,2
FAM_P4332,2_5,hypothetical protein,2,2
FAM_P4333,2_37,hypothetical protein,2,2
FAM_P4334,2_101,hypothetical protein,2,2
SING_PJ0D,2_133,hypothetical protein,1,1
FAM_P4335,2_165,hypothetical protein,2,2
FAM_P4336,2_197,hypothetical protein,2,2
FAM_P4337,2_229,hypothetical protein,2,2
SING_PJ3X,3_9,hypothetical protein,1,1
SING_PJ4T,3_41,hypothetical protein,1,1
FAM_P4338,2_18,hypothetical protein,2,2
SING_PJ99,4_27,hypothetical protein,1,1
SING_PJB1,4_91,hypothetical protein,1,1
SING_PJBX,4_123,hypothetical protein,1,1
FAM_P4339,1_3550,hypothetical protein,6,6
FAM_P4340,1_759,hypothetical protein,3,3
SING_PK59,1_1053,hypothetical protein,1,1
FAM_P4341,1_3114,hypothetical protein,2,3
FAM_P4342,1_715,hypothetical protein,2,2
SING_PLY5,1_3389,hypothetical protein,1,1
FAM_P4343,1_216,hypothetical protein,2,2
FAM_P4344,1_131,hypothetical protein,2,2
FAM_P4345,1_4250,hypothetical protein,3,3
SING_PM8T,1_3773,hypothetical protein,1,1
SING_PMPP,2_42,hypothetical protein,1,1
SING_PMRH,2_106,hypothetical protein,1,1
SING_PMT9,3_20,hypothetical protein,1,1
FAM_P4346,2_96,hypothetical protein,2,2
FAM_P4347,2_120,hypothetical protein,2,2
FAM_P4348,2_50,hypothetical protein,2,2
FAM_P4349,2_18,hypothetical protein,2,2
FAM_P4350,2_239,hypothetical protein,2,2
FAM_P4351,2_207,hypothetical protein,2,2
SING_P72,1_254,hypothetical protein,1,1
FAM_P4352,1_1905,hypothetical protein,4,5
FAM_P4353,1_702,hypothetical protein,2,2
FAM_P4354,1_1342,hypothetical protein,2,2
FAM_P4355,1_1374,hypothetical protein,2,2
FAM_P4356,1_1534,hypothetical protein,2,2
FAM_P4357,1_1982,hypothetical protein,2,2
FAM_P4358,1_2078,hypothetical protein,4,4
FAM_P4359,1_2238,hypothetical protein,5,5
FAM_P4360,1_2302,hypothetical protein,2,2
SING_P1ZY,1_2590,hypothetical protein,1,1
FAM_P4361,1_4190,hypothetical protein,2,2
SING_P39A,1_4222,hypothetical protein,1,1
FAM_P4362,1_287,hypothetical protein,2,2
FAM_P4363,1_383,hypothetical protein,2,2
FAM_P4364,1_799,hypothetical protein,2,2
FAM_P4365,1_4220,hypothetical protein,2,2
FAM_P4366,1_4508,hypothetical protein,2,2
FAM_P4367,1_4572,hypothetical protein,2,2
FAM_P4368,1_4732,hypothetical protein,2,2
FAM_P4369,1_4892,hypothetical protein,2,2
FAM_P4370,1_4924,hypothetical protein,2,2
FAM_P4371,1_5180,hypothetical protein,2,2
FAM_P4372,1_5244,hypothetical protein,2,2
FAM_P4373,3_4,hypothetical protein,2,2
FAM_P4374,3_36,hypothetical protein,4,4
FAM_P4375,3_68,hypothetical protein,3,3
SING_P7Q3,1_304,hypothetical protein,1,1
SING_P8D7,1_1136,hypothetical protein,1,1
SING_P8KB,1_1392,hypothetical protein,1,1
SING_P8L7,1_1424,hypothetical protein,1,1
SING_P8U3,1_1744,hypothetical protein,1,1
SING_P8VV,1_1808,hypothetical protein,1,1
SING_P8WR,1_1840,hypothetical protein,1,1
SING_P98B,1_2256,hypothetical protein,1,1
FAM_P4376,1_2274,hypothetical protein,1,2
SING_P9JV,1_2672,hypothetical protein,1,1
SING_P9KR,1_2704,hypothetical protein,1,1
FAM_P4377,1_2896,hypothetical protein,2,3
SING_P9ZV,1_3248,hypothetical protein,1,1
SING_PA3F,1_3376,hypothetical protein,1,1
FAM_P4378,1_3440,hypothetical protein,2,2
SING_PABF,1_3664,hypothetical protein,1,1
FAM_P4379,1_4266,hypothetical protein,2,2
SING_PAKB,1_3984,hypothetical protein,1,1
FAM_P4380,1_4016,hypothetical protein,2,2
SING_PAVV,1_4400,hypothetical protein,1,1
SING_PAZF,1_4528,hypothetical protein,1,1
SING_PB6J,2_68,hypothetical protein,1,1
SING_PB7F,2_100,hypothetical protein,1,1
FAM_P4381,1_2881,hypothetical protein,2,3
FAM_P4382,1_2916,hypothetical protein,2,2
FAM_P4383,1_3171,hypothetical protein,2,2
FAM_P4384,1_2654,hypothetical protein,6,8
FAM_P4385,1_4932,hypothetical protein,2,2
FAM_P4386,1_4900,hypothetical protein,2,2
FAM_P4387,1_4236,hypothetical protein,2,2
FAM_P4388,1_4268,hypothetical protein,2,2
FAM_P4389,1_3553,hypothetical protein,3,3
FAM_P4390,1_4465,hypothetical protein,2,2
FAM_P4391,1_4497,hypothetical protein,2,2
FAM_P4392,1_4593,hypothetical protein,2,2
FAM_P4393,1_4881,hypothetical protein,4,5
FAM_P4394,1_5191,hypothetical protein,4,4
FAM_P4395,1_212,hypothetical protein,2,2
FAM_P4396,1_276,hypothetical protein,2,2
FAM_P4397,1_340,hypothetical protein,2,2
FAM_P4398,1_787,hypothetical protein,2,2
FAM_P4399,1_1043,hypothetical protein,2,2
FAM_P4400,1_1172,hypothetical protein,2,2
FAM_P4401,1_1204,hypothetical protein,2,2
FAM_P4402,1_1268,hypothetical protein,2,2
FAM_P4403,1_1300,hypothetical protein,2,2
FAM_P4404,1_1524,hypothetical protein,2,2
FAM_P4405,1_1537,hypothetical protein,5,15
FAM_P4406,1_1876,hypothetical protein,3,3
FAM_P4407,1_106,hypothetical protein,2,3
SING_PFLN,1_280,hypothetical protein,1,1
FAM_P4408,1_2916,hypothetical protein,3,3
FAM_P4409,1_912,hypothetical protein,2,2
FAM_P4410,1_1256,hypothetical protein,2,2
SING_PGKB,1_1528,hypothetical protein,1,1
SING_PGPN,1_1720,hypothetical protein,1,1
SING_PGQJ,1_1752,hypothetical protein,1,1
FAM_P4411,1_1415,hypothetical protein,2,2
SING_PGUZ,1_1912,hypothetical protein,1,1
SING_PGVV,1_1944,hypothetical protein,1,1
SING_PH97,1_2424,hypothetical protein,1,1
SING_PHNF,1_2936,hypothetical protein,1,1
SING_PHQ3,1_3032,hypothetical protein,1,1
FAM_P4412,1_4588,hypothetical protein,2,2
FAM_P4413,2_3,hypothetical protein,2,2
FAM_P4414,2_35,hypothetical protein,2,2
FAM_P4415,2_67,hypothetical protein,2,2
FAM_P4416,2_99,hypothetical protein,2,2
FAM_P4417,2_163,hypothetical protein,2,2
FAM_P4418,2_195,hypothetical protein,2,2
FAM_P4419,2_227,hypothetical protein,2,2
SING_PJ4R,3_39,hypothetical protein,1,1
SING_PJ6J,3_103,hypothetical protein,1,1
FAM_P4420,2_20,hypothetical protein,2,2
SING_PJ8B,3_167,hypothetical protein,1,1
SING_PJ97,4_25,hypothetical protein,1,1
SING_PJA3,4_57,hypothetical protein,1,1
SING_PJAZ,4_89,hypothetical protein,1,1
SING_PJBV,4_121,hypothetical protein,1,1
SING_PK2J,1_955,hypothetical protein,1,1
FAM_P4421,1_1541,hypothetical protein,2,2
FAM_P4422,1_1447,hypothetical protein,2,2
SING_PLA3,1_2523,hypothetical protein,1,1
FAM_P4423,1_3095,hypothetical protein,2,3
SING_PLY3,1_3387,hypothetical protein,1,1
FAM_P4424,1_133,hypothetical protein,2,2
FAM_P4425,1_69,hypothetical protein,2,2
SING_PM8R,1_3771,hypothetical protein,1,1
SING_PMQJ,2_72,hypothetical protein,1,1
SING_PMRF,2_104,hypothetical protein,1,1
SING_PMT7,3_18,hypothetical protein,1,1
FAM_P4426,2_94,hypothetical protein,2,2
FAM_P4427,2_118,hypothetical protein,2,2
FAM_P4428,2_52,hypothetical protein,2,2
FAM_P4429,2_20,hypothetical protein,2,2
FAM_P4430,2_241,hypothetical protein,2,2
FAM_P4431,2_209,hypothetical protein,2,2
FAM_P4432,2_180,hypothetical protein,2,2
FAM_P4433,2_145,hypothetical protein,2,2
FAM_P4434,1_252,hypothetical protein,2,2
SING_PF0,1_540,hypothetical protein,1,1
FAM_P4435,1_700,hypothetical protein,2,2
FAM_P4436,1_1101,hypothetical protein,2,2
FAM_P4437,1_2424,hypothetical protein,2,2
FAM_P4438,1_1372,hypothetical protein,2,2
FAM_P4439,1_2332,hypothetical protein,3,3
SING_P1ZW,1_2588,hypothetical protein,1,1
FAM_P4440,1_4186,hypothetical protein,4,6
SING_P398,1_4220,hypothetical protein,1,1
FAM_P4441,1_285,hypothetical protein,2,2
FAM_P4442,1_445,hypothetical protein,2,2
FAM_P4443,1_829,hypothetical protein,2,6
FAM_P4444,1_1245,hypothetical protein,2,2
FAM_P4445,1_1341,hypothetical protein,3,3
FAM_P4446,1_1533,hypothetical protein,2,2
FAM_P4447,1_1885,hypothetical protein,2,2
FAM_P4448,1_1949,hypothetical protein,2,2
FAM_P4449,1_2205,hypothetical protein,2,2
FAM_P4450,1_2557,hypothetical protein,2,2
FAM_P4451,1_2845,hypothetical protein,2,2
FAM_P4452,1_2877,hypothetical protein,2,2
FAM_P4453,1_3165,hypothetical protein,2,2
FAM_P4454,1_3549,hypothetical protein,2,2
FAM_P4455,1_3837,hypothetical protein,4,4
FAM_P4456,1_4221,hypothetical protein,2,2
FAM_P4457,1_4253,hypothetical protein,2,2
FAM_P4458,1_4509,hypothetical protein,2,2
FAM_P4459,1_4573,hypothetical protein,2,2
FAM_P4460,1_4893,hypothetical protein,2,2
FAM_P4461,1_4925,hypothetical protein,2,2
FAM_P4462,1_4234,hypothetical protein,6,6
FAM_P4463,1_5245,hypothetical protein,2,2
FAM_P4464,3_5,hypothetical protein,2,2
FAM_P4465,3_37,hypothetical protein,4,4
FAM_P4466,1_49,hypothetical protein,2,2
FAM_P4467,1_81,hypothetical protein,2,2
FAM_P4468,1_3254,hypothetical protein,3,3
SING_P7ZW,1_657,hypothetical protein,1,1
SING_P870,1_913,hypothetical protein,1,1
SING_P8D8,1_1137,hypothetical protein,1,1
FAM_P4469,1_1393,hypothetical protein,1,2
FAM_P4470,1_1425,hypothetical protein,2,2
SING_P8U4,1_1745,hypothetical protein,1,1
FAM_P4471,1_1777,hypothetical protein,2,3
SING_P8WS,1_1841,hypothetical protein,1,1
SING_P98C,1_2257,hypothetical protein,1,1
FAM_P4472,1_2275,hypothetical protein,1,2
SING_P9B0,1_2353,hypothetical protein,1,1
SING_P9JW,1_2673,hypothetical protein,1,1
SING_P9KS,1_2705,hypothetical protein,1,1
SING_P9LO,1_2737,hypothetical protein,1,1
SING_P9Q4,1_2897,hypothetical protein,1,1
SING_P9WC,1_3121,hypothetical protein,1,1
SING_P9ZW,1_3249,hypothetical protein,1,1
SING_PAAK,1_3633,hypothetical protein,1,1
FAM_P4473,1_2346,hypothetical protein,1,2
SING_PAJG,1_3953,hypothetical protein,1,1
SING_PAKC,1_3985,hypothetical protein,1,1
FAM_P4474,1_4017,hypothetical protein,2,2
FAM_P4475,1_4113,hypothetical protein,2,2
FAM_P4476,1_4177,hypothetical protein,2,2
SING_PAZG,1_4529,hypothetical protein,1,1
SING_PB24,1_4625,hypothetical protein,1,1
FAM_P4477,2_5,hypothetical protein,2,2
SING_PB6K,2_69,hypothetical protein,1,1
FAM_P4478,2_101,hypothetical protein,2,2
FAM_P4479,1_2136,hypothetical protein,2,2
FAM_P4480,1_1606,hypothetical protein,6,6
FAM_P4481,1_1856,hypothetical protein,6,6
FAM_P4482,1_2885,hypothetical protein,2,2
FAM_P4483,1_2917,hypothetical protein,2,2
FAM_P4484,1_3780,hypothetical protein,2,2
FAM_P4485,1_4931,hypothetical protein,2,2
FAM_P4486,1_4899,hypothetical protein,2,2
FAM_P4487,1_4237,hypothetical protein,2,2
FAM_P4488,1_4269,hypothetical protein,2,2
FAM_P4489,1_4402,hypothetical protein,4,4
FAM_P4490,1_3554,hypothetical protein,6,6
FAM_P4491,1_4498,hypothetical protein,2,2
FAM_P4492,1_4594,hypothetical protein,2,2
FAM_P4493,1_5192,hypothetical protein,2,2
FAM_P4494,1_213,hypothetical protein,2,2
FAM_P4495,1_533,hypothetical protein,4,4
FAM_P4496,1_596,hypothetical protein,6,6
FAM_P4497,1_724,hypothetical protein,2,2
FAM_P4498,1_1173,hypothetical protein,2,2
FAM_P4499,1_1205,hypothetical protein,2,2
FAM_P4500,1_1525,hypothetical protein,2,2
FAM_P4501,1_1877,hypothetical protein,3,3
FAM_P4502,3_79,hypothetical protein,2,2
FAM_P4503,1_3512,hypothetical protein,4,4
SING_PFLO,1_281,hypothetical protein,1,1
SING_PFOC,1_377,hypothetical protein,1,1
SING_PFVG,1_633,hypothetical protein,1,1
FAM_P4504,1_2915,hypothetical protein,3,3
SING_PGD8,1_1273,hypothetical protein,1,1
SING_PGKC,1_1529,hypothetical protein,1,1
FAM_P4505,1_2033,hypothetical protein,6,8
SING_PGPO,1_1721,hypothetical protein,1,1
SING_PGQK,1_1753,hypothetical protein,1,1
SING_PGRG,1_1785,hypothetical protein,1,1
SING_PGV0,1_1913,hypothetical protein,1,1
SING_PH98,1_2425,hypothetical protein,1,1
SING_PHFG,1_2649,hypothetical protein,1,1
FAM_P4506,1_2049,hypothetical protein,2,2
SING_PHNG,1_2937,hypothetical protein,1,1
SING_PHQ4,1_3033,hypothetical protein,1,1
SING_PHY4,1_3321,hypothetical protein,1,1
SING_PINW,1_4249,hypothetical protein,1,1
FAM_P4507,1_4589,hypothetical protein,2,2
SING_PIU4,1_4473,hypothetical protein,1,1
FAM_P4508,2_4,hypothetical protein,2,2
FAM_P4509,2_36,hypothetical protein,2,2
FAM_P4510,2_68,hypothetical protein,2,2
FAM_P4511,2_100,hypothetical protein,2,2
FAM_P4512,2_85,hypothetical protein,2,2
FAM_P4513,2_164,hypothetical protein,2,2
FAM_P4514,2_196,hypothetical protein,2,2
FAM_P4515,2_228,hypothetical protein,2,2
FAM_P4516,1_845,hypothetical protein,1,2
SING_PJ6K,3_104,hypothetical protein,1,1
FAM_P4517,2_19,hypothetical protein,2,2
FAM_P4518,3_60,hypothetical protein,4,4
SING_PJ98,4_26,hypothetical protein,1,1
SING_PJA4,4_58,hypothetical protein,1,1
SING_PJB0,4_90,hypothetical protein,1,1
SING_PJBW,4_122,hypothetical protein,1,1
SING_PJWC,1_732,hypothetical protein,1,1
FAM_P4519,1_2851,hypothetical protein,2,2
SING_PHEO,1_2621,hypothetical protein,1,1
SING_PHGG,1_2685,hypothetical protein,1,1
SING_PHMO,1_2909,hypothetical protein,1,1
SING_PHNK,1_2941,hypothetical protein,1,1
SING_PHOG,1_2973,hypothetical protein,1,1
SING_PHSW,1_3133,hypothetical protein,1,1
FAM_P4520,1_553,hypothetical protein,3,3
SING_PIG0,1_3965,hypothetical protein,1,1
SING_PIGW,1_3997,hypothetical protein,1,1
SING_PIN4,1_4221,hypothetical protein,1,1
FAM_P4521,1_4593,hypothetical protein,2,2
SING_PIW0,1_4541,hypothetical protein,1,1
FAM_P4522,2_8,hypothetical protein,2,2
FAM_P4523,2_40,hypothetical protein,2,2
FAM_P4524,2_104,hypothetical protein,2,2
SING_PJ0G,2_136,hypothetical protein,1,1
FAM_P4525,2_168,hypothetical protein,2,2
FAM_P4526,2_200,hypothetical protein,2,2
FAM_P4527,2_232,hypothetical protein,2,2
FAM_P4528,2_90,hypothetical protein,3,3
SING_PJ4W,3_44,hypothetical protein,1,1
SING_PJ5S,3_76,hypothetical protein,1,1
SING_PJ6O,3_108,hypothetical protein,1,1
SING_PJ7K,3_140,hypothetical protein,1,1
SING_PJ8G,3_172,hypothetical protein,1,1
SING_PJ9C,4_30,hypothetical protein,1,1
SING_PJA8,4_62,hypothetical protein,1,1
SING_PJB4,4_94,hypothetical protein,1,1
SING_PJC0,4_126,hypothetical protein,1,1
SING_PJCW,1_32,hypothetical protein,1,1
FAM_P4529,1_3515,hypothetical protein,4,4
FAM_P4530,1_3267,hypothetical protein,3,3
FAM_P4531,1_3528,hypothetical protein,3,3
FAM_P4532,1_3656,hypothetical protein,3,3
FAM_P4533,1_4927,hypothetical protein,2,2
SING_PCTC,1_2078,hypothetical protein,1,1
FAM_P4534,1_4438,hypothetical protein,2,2
FAM_P4535,1_4502,hypothetical protein,2,2
FAM_P4536,1_4790,hypothetical protein,2,2
FAM_P4537,1_5228,hypothetical protein,3,3
FAM_P4538,1_281,hypothetical protein,2,2
FAM_P4539,1_728,hypothetical protein,2,2
FAM_P4540,1_856,hypothetical protein,2,2
FAM_P4541,1_1048,hypothetical protein,2,2
FAM_P4542,1_5185,hypothetical protein,2,2
FAM_P4543,3_9,hypothetical protein,2,2
SING_P7K0,1_85,hypothetical protein,1,1
FAM_P4544,1_469,hypothetical protein,2,2
SING_P800,1_661,hypothetical protein,1,1
FAM_P4545,1_757,hypothetical protein,2,2
SING_P874,1_917,hypothetical protein,1,1
SING_P8CG,1_1109,hypothetical protein,1,1
SING_P8DC,1_1141,hypothetical protein,1,1
SING_P8LC,1_1429,hypothetical protein,1,1
SING_P8U8,1_1749,hypothetical protein,1,1
SING_P97K,1_2229,hypothetical protein,1,1
FAM_P4546,1_2279,hypothetical protein,1,2
SING_P9K0,1_2677,hypothetical protein,1,1
SING_P9Q8,1_2901,hypothetical protein,1,1
FAM_P4547,1_2049,hypothetical protein,4,4
FAM_P4548,1_2145,hypothetical protein,3,3
FAM_P4549,1_1763,hypothetical protein,6,6
FAM_P4550,1_2561,hypothetical protein,2,2
FAM_P4551,1_1891,hypothetical protein,6,6
FAM_P4552,1_2084,hypothetical protein,6,6
FAM_P4553,1_2913,hypothetical protein,2,2
FAM_P4554,1_3169,hypothetical protein,2,2
FAM_P4555,1_4257,hypothetical protein,2,2
FAM_P4556,1_4513,hypothetical protein,2,2
FAM_P4557,1_4801,hypothetical protein,3,3
FAM_P4558,1_3917,hypothetical protein,6,6
FAM_P4559,1_4897,hypothetical protein,2,2
FAM_P4560,1_4929,hypothetical protein,2,2
FAM_P4561,1_1031,hypothetical protein,6,6
FAM_P4562,1_998,hypothetical protein,6,6
FAM_P4563,1_967,hypothetical protein,6,6
FAM_P4564,1_937,hypothetical protein,6,6
FAM_P4565,1_3119,hypothetical protein,2,3
FAM_P4566,1_777,hypothetical protein,6,6
FAM_P4567,1_736,hypothetical protein,6,6
FAM_P4568,1_678,hypothetical protein,6,6
FAM_P4569,1_645,hypothetical protein,6,6
FAM_P4570,1_614,hypothetical protein,6,6
FAM_P4571,1_489,hypothetical protein,6,6
FAM_P4572,1_457,hypothetical protein,6,6
SING_PLYA,1_3394,hypothetical protein,1,1
FAM_P4573,1_193,hypothetical protein,6,6
FAM_P4574,1_4319,hypothetical protein,6,6
FAM_P4575,1_4168,hypothetical protein,6,6
FAM_P4576,1_4137,hypothetical protein,6,6
FAM_P4577,1_4105,hypothetical protein,6,6
FAM_P4578,1_4073,hypothetical protein,6,6
FAM_P4579,1_4041,hypothetical protein,6,6
FAM_P4580,1_4009,hypothetical protein,6,6
FAM_P4581,1_3977,hypothetical protein,6,6
FAM_P4582,1_3945,hypothetical protein,6,6
FAM_P4583,1_3913,hypothetical protein,6,6
FAM_P4584,1_3881,hypothetical protein,6,6
FAM_P4585,1_3849,hypothetical protein,6,6
FAM_P4586,1_3816,hypothetical protein,6,6
FAM_P4587,1_3784,hypothetical protein,6,6
FAM_P4588,1_3752,hypothetical protein,6,6
FAM_P4589,1_3720,hypothetical protein,6,6
FAM_P4590,1_3687,hypothetical protein,6,6
FAM_P4591,1_3656,hypothetical protein,3,3
FAM_P4592,2_91,hypothetical protein,3,3
SING_PMPU,2_47,hypothetical protein,1,1
FAM_P4593,2_87,hypothetical protein,3,3
SING_PMTE,3_25,hypothetical protein,1,1
FAM_P4594,1_1318,hypothetical protein,4,4
FAM_P4595,2_234,hypothetical protein,2,2
FAM_P4596,2_170,hypothetical protein,2,2
SING_PN0I,3_281,hypothetical protein,1,1
FAM_P4597,1_99,hypothetical protein,6,6
FAM_P4598,1_166,hypothetical protein,6,6
FAM_P4599,1_198,hypothetical protein,6,6
FAM_P4600,1_257,hypothetical protein,6,6
FAM_P4601,1_368,hypothetical protein,6,7
FAM_P4602,1_1811,hypothetical protein,4,5
FAM_P4603,1_429,hypothetical protein,6,6
FAM_P4604,1_465,hypothetical protein,6,6
FAM_P4605,1_497,hypothetical protein,6,6
FAM_P4606,1_1526,hypothetical protein,6,7
FAM_P4607,1_704,hypothetical protein,6,7
FAM_P4608,1_733,hypothetical protein,6,6
FAM_P4609,1_774,hypothetical protein,6,6
FAM_P4610,1_885,hypothetical protein,6,6
FAM_P4611,1_920,hypothetical protein,6,6
FAM_P4612,1_958,hypothetical protein,6,6
FAM_P4613,1_988,hypothetical protein,6,6
FAM_P4614,1_1021,hypothetical protein,6,6
FAM_P4615,1_1235,hypothetical protein,6,6
FAM_P4616,1_1383,hypothetical protein,6,6
FAM_P4617,1_1415,hypothetical protein,6,6
SING_P9AA,1_2327,hypothetical protein,1,1
SING_P9FM,1_2519,hypothetical protein,1,1
SING_P9J6,1_2647,hypothetical protein,1,1
SING_P9K2,1_2679,hypothetical protein,1,1
FAM_P4618,1_1583,hypothetical protein,4,5
SING_P9QA,1_2903,hypothetical protein,1,1
FAM_P4619,1_1234,hypothetical protein,6,7
SING_P9WI,1_3127,hypothetical protein,1,1
SING_PA0Y,1_3287,hypothetical protein,1,1
FAM_P4620,1_414,hypothetical protein,6,6
SING_PABM,1_3671,hypothetical protein,1,1
SING_PAG2,1_3831,hypothetical protein,1,1
SING_PAGY,1_3863,hypothetical protein,1,1
FAM_P4621,1_4287,hypothetical protein,6,6
FAM_P4622,1_1379,hypothetical protein,6,22
SING_PAMA,1_4055,hypothetical protein,1,1
SING_PAN6,1_4087,hypothetical protein,1,1
FAM_P4623,1_4060,hypothetical protein,6,6
SING_PB1E,1_4599,hypothetical protein,1,1
SING_PB4Y,2_11,hypothetical protein,1,1
SING_PB6Q,2_75,hypothetical protein,1,1
FAM_P4624,1_1500,hypothetical protein,6,6
FAM_P4625,1_1469,hypothetical protein,6,6
FAM_P4626,1_1492,hypothetical protein,2,9
FAM_P4627,1_1549,hypothetical protein,4,6
FAM_P4628,1_1582,hypothetical protein,6,6
FAM_P4629,1_1612,hypothetical protein,6,6
FAM_P4630,1_2146,hypothetical protein,6,6
FAM_P4631,1_2178,hypothetical protein,6,6
FAM_P4632,1_2210,hypothetical protein,6,6
FAM_P4633,1_2274,hypothetical protein,6,6
FAM_P4634,1_2338,hypothetical protein,6,6
FAM_P4635,1_2370,hypothetical protein,4,4
FAM_P4636,1_2402,hypothetical protein,6,6
FAM_P4637,1_2434,hypothetical protein,6,6
FAM_P4638,1_2466,hypothetical protein,6,6
FAM_P4639,1_2498,hypothetical protein,6,6
FAM_P4640,1_2562,hypothetical protein,6,6
FAM_P4641,1_2658,hypothetical protein,6,6
FAM_P4642,1_2690,hypothetical protein,3,3
FAM_P4643,1_2722,hypothetical protein,6,6
FAM_P4644,1_2754,hypothetical protein,6,6
FAM_P4645,1_2786,hypothetical protein,6,6
FAM_P4646,1_2818,hypothetical protein,6,6
FAM_P4647,1_2850,hypothetical protein,6,6
FAM_P4648,1_2882,hypothetical protein,6,6
FAM_P4649,1_2946,hypothetical protein,6,6
FAM_P4650,1_2978,hypothetical protein,6,6
FAM_P4651,1_3074,hypothetical protein,6,6
FAM_P4652,1_3106,hypothetical protein,6,6
FAM_P4653,1_3138,hypothetical protein,6,6
FAM_P4654,1_3394,hypothetical protein,6,6
FAM_P4655,1_3426,hypothetical protein,6,6
FAM_P4656,1_3458,hypothetical protein,6,6
FAM_P4657,1_3522,hypothetical protein,6,6
FAM_P4658,1_3586,hypothetical protein,6,6
FAM_P4659,1_3682,hypothetical protein,6,6
FAM_P4660,1_3714,hypothetical protein,6,6
FAM_P4661,1_3746,hypothetical protein,6,6
FAM_P4662,1_3778,hypothetical protein,6,6
FAM_P4663,1_3810,hypothetical protein,4,4
FAM_P4664,1_3842,hypothetical protein,6,6
FAM_P4665,1_3874,hypothetical protein,6,6
FAM_P4666,1_3906,hypothetical protein,6,6
FAM_P4667,1_3938,hypothetical protein,6,6
FAM_P4668,1_4002,hypothetical protein,4,4
FAM_P4669,1_4034,hypothetical protein,6,6
FAM_P4670,1_4066,hypothetical protein,6,6
FAM_P4671,1_4098,hypothetical protein,6,6
FAM_P4672,1_4226,hypothetical protein,6,6
FAM_P4673,1_3,hypothetical protein,6,6
FAM_P4674,1_35,hypothetical protein,6,6
FAM_P4675,1_163,hypothetical protein,6,6
FAM_P4676,1_195,hypothetical protein,6,6
FAM_P4677,1_227,hypothetical protein,3,3
FAM_P4678,1_259,hypothetical protein,6,6
FAM_P4679,1_355,hypothetical protein,4,4
FAM_P4680,1_419,hypothetical protein,6,6
FAM_P4681,1_451,hypothetical protein,6,6
FAM_P4682,1_483,hypothetical protein,6,6
FAM_P4683,1_515,hypothetical protein,6,6
FAM_P4684,1_547,hypothetical protein,6,6
FAM_P4685,1_579,hypothetical protein,5,5
FAM_P4686,1_611,hypothetical protein,6,6
FAM_P4687,1_643,hypothetical protein,6,6
FAM_P4688,1_675,hypothetical protein,5,5
FAM_P4689,1_707,hypothetical protein,6,6
FAM_P4690,1_739,hypothetical protein,3,3
FAM_P4691,1_771,hypothetical protein,6,6
FAM_P4692,1_803,hypothetical protein,4,5
FAM_P4693,1_835,hypothetical protein,6,6
FAM_P4694,1_867,hypothetical protein,6,6
FAM_P4695,1_899,hypothetical protein,6,6
FAM_P4696,1_931,hypothetical protein,6,6
FAM_P4697,1_963,hypothetical protein,6,6
FAM_P4698,1_995,hypothetical protein,6,6
SING_PKOC,1_1740,hypothetical protein,1,1
FAM_P4699,1_1845,hypothetical protein,6,6
FAM_P4700,1_1813,hypothetical protein,6,6
FAM_P4701,1_1782,hypothetical protein,6,6
SING_PL70,1_2412,hypothetical protein,1,1
SING_PL8S,1_2476,hypothetical protein,1,1
FAM_P4702,1_2508,hypothetical protein,2,2
FAM_P4703,1_3132,hypothetical protein,2,3
FAM_P4704,1_183,hypothetical protein,6,6
FAM_P4705,1_152,hypothetical protein,6,6
FAM_P4706,1_116,hypothetical protein,6,6
FAM_P4707,1_51,hypothetical protein,6,6
SING_PM8C,1_3756,hypothetical protein,1,1
SING_PM98,1_3788,hypothetical protein,1,1
FAM_P4708,1_3871,hypothetical protein,6,6
FAM_P4709,1_3742,hypothetical protein,6,6
SING_PMP8,2_25,hypothetical protein,1,1
FAM_P4710,1_261,hypothetical protein,4,4
SING_PMR0,2_89,hypothetical protein,1,1
SING_PMRW,2_121,hypothetical protein,1,1
SING_PMSS,3_3,hypothetical protein,1,1
SING_PMUK,3_67,hypothetical protein,1,1
FAM_P4711,1_3490,hypothetical protein,3,5
FAM_P4712,2_150,hypothetical protein,1,2
FAM_P4713,1_45,hypothetical protein,6,6
FAM_P4714,1_77,hypothetical protein,6,6
FAM_P4715,1_109,hypothetical protein,6,6
FAM_P4716,1_145,hypothetical protein,6,6
FAM_P4717,1_176,hypothetical protein,6,6
FAM_P4718,1_208,hypothetical protein,6,6
SING_P6L,1_237,hypothetical protein,1,1
SING_P7H,1_269,hypothetical protein,1,1
FAM_P4719,1_440,hypothetical protein,6,6
FAM_P4720,1_3394,hypothetical protein,3,3
FAM_P4721,1_712,hypothetical protein,4,4
FAM_P4722,1_752,hypothetical protein,6,6
FAM_P4723,1_784,hypothetical protein,6,6
FAM_P4724,1_1325,hypothetical protein,5,5
FAM_P4725,1_1389,hypothetical protein,6,6
FAM_P4726,1_1453,hypothetical protein,6,6
SING_P1IL,1_1965,hypothetical protein,1,1
SING_P1JH,1_1997,hypothetical protein,1,1
FAM_P4727,1_2125,hypothetical protein,6,6
FAM_P4728,1_2221,hypothetical protein,6,6
FAM_P4729,1_2253,hypothetical protein,6,6
FAM_P4730,1_2285,hypothetical protein,6,6
SING_P1V1,1_2413,hypothetical protein,1,1
FAM_P4731,1_2605,hypothetical protein,1,2
FAM_P4732,1_2733,hypothetical protein,6,6
FAM_P4733,1_2765,hypothetical protein,6,6
FAM_P4734,1_2797,hypothetical protein,4,4
FAM_P4735,1_2925,hypothetical protein,3,3
FAM_P4736,1_3277,hypothetical protein,6,6
FAM_P4737,1_3309,hypothetical protein,4,4
FAM_P4738,1_3693,hypothetical protein,6,6
FAM_P4739,1_3725,hypothetical protein,6,6
FAM_P4740,1_3757,hypothetical protein,6,6
FAM_P4741,1_3789,hypothetical protein,6,6
FAM_P4742,1_3821,hypothetical protein,5,5
FAM_P4743,1_3949,hypothetical protein,6,6
FAM_P4744,1_4013,hypothetical protein,6,6
FAM_P4745,1_4045,hypothetical protein,6,6
FAM_P4746,1_4077,hypothetical protein,3,3
FAM_P4747,1_4205,hypothetical protein,2,2
FAM_P4748,1_14,hypothetical protein,6,6
FAM_P4749,1_398,hypothetical protein,3,3
FAM_P4750,1_462,hypothetical protein,6,6
FAM_P4751,1_494,hypothetical protein,6,6
FAM_P4752,1_622,hypothetical protein,6,6
FAM_P4753,1_686,hypothetical protein,6,6
FAM_P4754,1_718,hypothetical protein,6,6
FAM_P4755,1_750,hypothetical protein,3,3
FAM_P4756,1_910,hypothetical protein,6,6
FAM_P4757,1_942,hypothetical protein,6,6
FAM_P4758,1_974,hypothetical protein,6,6
FAM_P4759,1_1102,hypothetical protein,6,6
FAM_P4760,1_1134,hypothetical protein,4,5
FAM_P4761,1_1166,hypothetical protein,4,6
FAM_P4762,1_1230,hypothetical protein,4,4
FAM_P4763,1_1969,hypothetical protein,6,11
FAM_P4764,1_1550,hypothetical protein,3,3
FAM_P4765,1_1614,hypothetical protein,6,6
FAM_P4766,1_1646,hypothetical protein,6,6
FAM_P4767,1_1678,hypothetical protein,6,6
FAM_P4768,1_1806,hypothetical protein,6,6
FAM_P4769,1_1300,hypothetical protein,6,6
FAM_P4770,1_1328,hypothetical protein,4,4
FAM_P4771,1_1055,hypothetical protein,2,2
FAM_P4772,1_1151,hypothetical protein,3,3
FAM_P4773,1_1215,hypothetical protein,2,2
FAM_P4774,1_1247,hypothetical protein,2,2
FAM_P4775,1_1343,hypothetical protein,2,2
FAM_P4776,1_1535,hypothetical protein,2,2
FAM_P4777,1_1759,hypothetical protein,2,2
FAM_P4778,1_1887,hypothetical protein,2,2
FAM_P4779,1_1951,hypothetical protein,2,2
FAM_P4780,1_2079,hypothetical protein,2,2
FAM_P4781,1_2495,hypothetical protein,2,2
FAM_P4782,1_2559,hypothetical protein,2,2
FAM_P4783,1_1986,hypothetical protein,6,6
FAM_P4784,1_2018,hypothetical protein,6,6
FAM_P4785,1_2050,hypothetical protein,6,6
FAM_P4786,1_2847,hypothetical protein,2,2
FAM_P4787,1_2879,hypothetical protein,2,2
FAM_P4788,1_3167,hypothetical protein,2,2
FAM_P4789,1_3839,hypothetical protein,4,4
FAM_P4790,1_4191,hypothetical protein,2,2
SING_P39B,1_4223,hypothetical protein,1,1
FAM_P4791,1_288,hypothetical protein,2,2
FAM_P4792,1_384,hypothetical protein,2,2
FAM_P4793,1_1056,hypothetical protein,2,2
FAM_P4794,1_1152,hypothetical protein,3,3
FAM_P4795,1_1140,hypothetical protein,2,6
FAM_P4796,1_1248,hypothetical protein,2,2
FAM_P4797,1_1504,hypothetical protein,2,2
FAM_P4798,1_1536,hypothetical protein,2,2
FAM_P4799,1_1600,hypothetical protein,2,2
FAM_P4800,1_1760,hypothetical protein,2,2
FAM_P4801,1_1888,hypothetical protein,2,2
FAM_P4802,1_1952,hypothetical protein,2,2
FAM_P4803,1_2048,hypothetical protein,4,4
FAM_P4804,1_2144,hypothetical protein,3,3
FAM_P4805,1_2208,hypothetical protein,2,2
FAM_P4806,1_2560,hypothetical protein,2,2
FAM_P4807,1_1890,hypothetical protein,6,6
FAM_P4808,1_2688,hypothetical protein,2,2
FAM_P4809,1_2019,hypothetical protein,6,6
FAM_P4810,1_2880,hypothetical protein,2,2
FAM_P4811,1_3168,hypothetical protein,2,2
FAM_P4812,1_3840,hypothetical protein,4,4
FAM_P4813,1_4192,hypothetical protein,2,2
FAM_P4814,1_4256,hypothetical protein,2,2
FAM_P4815,1_4416,hypothetical protein,2,2
FAM_P4816,1_4512,hypothetical protein,2,2
FAM_P4817,1_4800,hypothetical protein,3,3
FAM_P4818,1_5184,hypothetical protein,2,2
FAM_P4819,1_5248,hypothetical protein,2,2
FAM_P4820,3_8,hypothetical protein,2,2
FAM_P4821,3_72,hypothetical protein,2,2
FAM_P4822,1_52,hypothetical protein,2,2
FAM_P4823,1_84,hypothetical protein,2,2
FAM_P4824,1_468,hypothetical protein,2,2
SING_P7ZZ,1_660,hypothetical protein,1,1
FAM_P4825,1_756,hypothetical protein,2,2
SING_P873,1_916,hypothetical protein,1,1
SING_P8CF,1_1108,hypothetical protein,1,1
FAM_P4826,1_1140,hypothetical protein,2,2
SING_P8KF,1_1396,hypothetical protein,1,1
SING_P8LB,1_1428,hypothetical protein,1,1
SING_P8U7,1_1748,hypothetical protein,1,1
FAM_P4827,1_2730,hypothetical protein,4,4
SING_P8VZ,1_1812,hypothetical protein,1,1
FAM_P4828,1_1953,hypothetical protein,6,7
FAM_P4829,1_2278,hypothetical protein,1,2
FAM_P4830,1_1692,hypothetical protein,6,6
SING_P9JZ,1_2676,hypothetical protein,1,1
SING_P9Q7,1_2900,hypothetical protein,1,1
FAM_P4831,1_1237,hypothetical protein,6,8
SING_P9WF,1_3124,hypothetical protein,1,1
SING_PA5B,1_3444,hypothetical protein,1,1
SING_PABJ,1_3668,hypothetical protein,1,1
FAM_P4832,1_4020,hypothetical protein,2,2
FAM_P4833,1_1807,hypothetical protein,1,2
SING_PANZ,1_4116,hypothetical protein,1,1
FAM_P4834,1_4180,hypothetical protein,2,2
SING_PB1B,1_4596,hypothetical protein,1,1
FAM_P4835,2_8,hypothetical protein,2,2
SING_PB6N,2_72,hypothetical protein,1,1
FAM_P4836,2_104,hypothetical protein,2,2
FAM_P4837,1_2133,hypothetical protein,2,2
FAM_P4838,1_2212,hypothetical protein,2,2
FAM_P4839,1_2563,hypothetical protein,2,2
FAM_P4840,1_2692,hypothetical protein,2,2
FAM_P4841,1_2888,hypothetical protein,2,2
FAM_P4842,1_2952,hypothetical protein,2,2
FAM_P4843,1_3207,hypothetical protein,2,2
FAM_P4844,1_3431,hypothetical protein,2,2
FAM_P4845,1_3783,hypothetical protein,2,2
FAM_P4846,1_4928,hypothetical protein,2,2
FAM_P4847,1_4896,hypothetical protein,2,2
FAM_P4848,1_4437,hypothetical protein,2,2
FAM_P4849,1_4501,hypothetical protein,2,2
FAM_P4850,1_3820,hypothetical protein,5,5
FAM_P4851,1_4789,hypothetical protein,2,2
FAM_P4852,1_5227,hypothetical protein,2,2
FAM_P4853,1_280,hypothetical protein,2,2
FAM_P4854,1_344,hypothetical protein,6,6
FAM_P4855,1_727,hypothetical protein,2,2
FAM_P4856,1_1047,hypothetical protein,2,2
FAM_P4857,1_1208,hypothetical protein,2,2
FAM_P4858,1_1272,hypothetical protein,3,3
FAM_P4859,1_1304,hypothetical protein,2,2
FAM_P4860,1_1528,hypothetical protein,2,2
FAM_P4861,1_1592,hypothetical protein,2,2
FAM_P4862,1_1752,hypothetical protein,2,2
FAM_P4863,3_82,hypothetical protein,2,2
FAM_P4864,1_47,hypothetical protein,2,2
SING_PFGF,1_92,hypothetical protein,1,1
FAM_P4865,1_471,hypothetical protein,2,2
FAM_P4866,1_753,hypothetical protein,2,2
SING_PG9R,1_1148,hypothetical protein,1,1
SING_PGPR,1_1724,hypothetical protein,1,1
FAM_P4867,1_1386,hypothetical protein,2,2
SING_PGRJ,1_1788,hypothetical protein,1,1
SING_PGV3,1_1916,hypothetical protein,1,1
SING_PHEN,1_2620,hypothetical protein,1,1
SING_PHGF,1_2684,hypothetical protein,1,1
SING_PHMN,1_2908,hypothetical protein,1,1
SING_PHNJ,1_2940,hypothetical protein,1,1
SING_PHSV,1_3132,hypothetical protein,1,1
SING_PI8V,1_3708,hypothetical protein,1,1
SING_PIN3,1_4220,hypothetical protein,1,1
FAM_P4868,1_4592,hypothetical protein,2,2
FAM_P4869,2_7,hypothetical protein,2,2
FAM_P4870,2_39,hypothetical protein,2,2
FAM_P4871,2_103,hypothetical protein,2,2
SING_PJ0F,2_135,hypothetical protein,1,1
FAM_P4872,2_167,hypothetical protein,2,2
FAM_P4873,2_199,hypothetical protein,2,2
FAM_P4874,2_231,hypothetical protein,2,2
SING_PJ4V,3_43,hypothetical protein,1,1
FAM_P4875,3_75,hypothetical protein,2,2
FAM_P4876,2_16,hypothetical protein,2,2
SING_PJ9B,4_29,hypothetical protein,1,1
SING_PJA7,4_61,hypothetical protein,1,1
SING_PJB3,4_93,hypothetical protein,1,1
SING_PJBZ,4_125,hypothetical protein,1,1
FAM_P4877,1_3516,hypothetical protein,4,4
SING_PK5B,1_1055,hypothetical protein,1,1
SING_PKPR,1_1791,hypothetical protein,1,1
FAM_P4878,1_1377,hypothetical protein,2,3
FAM_P4879,1_1341,hypothetical protein,3,3
FAM_P4880,1_2463,hypothetical protein,2,2
FAM_P4881,1_3116,hypothetical protein,2,3
FAM_P4882,1_713,hypothetical protein,2,2
SING_PLY7,1_3391,hypothetical protein,1,1
SING_PM7Z,1_3743,hypothetical protein,1,1
SING_PM8V,1_3775,hypothetical protein,1,1
SING_PMOV,2_12,hypothetical protein,1,1
SING_PMPR,2_44,hypothetical protein,1,1
SING_PMQN,2_76,hypothetical protein,1,1
SING_PMRJ,2_108,hypothetical protein,1,1
SING_PMTB,3_22,hypothetical protein,1,1
FAM_P4883,2_98,hypothetical protein,2,2
FAM_P4884,2_122,hypothetical protein,2,2
FAM_P4885,2_48,hypothetical protein,2,2
FAM_P4886,2_16,hypothetical protein,2,2
FAM_P4887,2_237,hypothetical protein,2,2
FAM_P4888,2_205,hypothetical protein,2,2
FAM_P4889,2_173,hypothetical protein,2,2
SING_PN0F,3_278,hypothetical protein,1,1
SING_P74,1_256,hypothetical protein,1,1
FAM_P4890,1_1810,hypothetical protein,2,3
FAM_P4891,1_3170,hypothetical protein,3,3
FAM_P4892,1_1344,hypothetical protein,2,2
FAM_P4893,1_1536,hypothetical protein,3,4
FAM_P4894,1_2240,hypothetical protein,4,4
FAM_P4895,1_2304,hypothetical protein,2,2
FAM_P4896,1_2368,hypothetical protein,4,4
SING_P200,1_2592,hypothetical protein,1,1
FAM_P4897,1_2912,hypothetical protein,4,4
FAM_P4898,1_1312,hypothetical protein,4,4
FAM_P4899,2_106,hypothetical protein,2,2
SING_PJ42,3_14,hypothetical protein,1,1
FAM_P4900,1_1302,hypothetical protein,4,13
SING_PJ8I,3_174,hypothetical protein,1,1
SING_PJ9E,4_32,hypothetical protein,1,1
SING_PJAA,4_64,hypothetical protein,1,1
SING_PJB6,4_96,hypothetical protein,1,1
FAM_P4901,1_3637,hypothetical protein,6,6
FAM_P4902,1_3605,hypothetical protein,6,6
FAM_P4903,1_3545,hypothetical protein,6,6
FAM_P4904,1_3513,hypothetical protein,4,4
FAM_P4905,1_3481,hypothetical protein,6,6
SING_PJIA,1_226,hypothetical protein,1,1
FAM_P4906,1_3136,hypothetical protein,6,6
FAM_P4907,1_3104,hypothetical protein,6,6
FAM_P4908,1_2976,hypothetical protein,6,6
FAM_P4909,1_2909,hypothetical protein,6,6
FAM_P4910,1_2877,hypothetical protein,6,6
FAM_P4911,1_2845,hypothetical protein,6,6
SING_PJZ6,1_834,hypothetical protein,1,1
FAM_P4912,1_2794,hypothetical protein,6,6
FAM_P4913,1_2762,hypothetical protein,6,6
FAM_P4914,1_2730,hypothetical protein,3,3
FAM_P4915,1_2699,hypothetical protein,6,6
FAM_P4916,1_2667,hypothetical protein,6,6
FAM_P4917,1_2633,hypothetical protein,6,6
SING_PK5E,1_1058,hypothetical protein,1,1
FAM_P4918,1_2567,hypothetical protein,6,6
FAM_P4919,1_2535,hypothetical protein,6,6
FAM_P4920,1_2504,hypothetical protein,5,5
FAM_P4921,1_2367,hypothetical protein,6,6
FAM_P4922,1_2233,hypothetical protein,6,6
FAM_P4923,1_2201,hypothetical protein,6,6
FAM_P4924,1_2169,hypothetical protein,6,6
FAM_P4925,1_2136,hypothetical protein,6,6
FAM_P4926,1_2038,hypothetical protein,6,6
SING_PKLE,1_1634,hypothetical protein,1,1
FAM_P4927,1_1876,hypothetical protein,6,8
SING_PKPU,1_1794,hypothetical protein,1,1
FAM_P4928,1_1823,hypothetical protein,6,6
FAM_P4929,1_1760,hypothetical protein,6,6
FAM_P4930,1_1728,hypothetical protein,6,6
FAM_P4931,1_1696,hypothetical protein,6,6
FAM_P4932,1_1664,hypothetical protein,6,6
FAM_P4933,1_1632,hypothetical protein,6,6
FAM_P4934,1_1600,hypothetical protein,6,6
FAM_P4935,1_1503,hypothetical protein,5,7
FAM_P4936,1_1472,hypothetical protein,6,6
FAM_P4937,1_1296,hypothetical protein,6,6
FAM_P4938,1_1670,hypothetical protein,6,6
FAM_P4939,1_1641,hypothetical protein,6,6
FAM_P4940,1_2635,hypothetical protein,3,4
FAM_P4941,1_1542,hypothetical protein,6,6
FAM_P4942,1_1426,hypothetical protein,6,6
FAM_P4943,1_1394,hypothetical protein,6,6
FAM_P4944,1_1270,hypothetical protein,4,4
FAM_P4945,1_251,hypothetical protein,6,7
FAM_P4946,1_315,hypothetical protein,6,6
FAM_P4947,1_347,hypothetical protein,6,6
FAM_P4948,1_379,hypothetical protein,6,6
FAM_P4949,1_411,hypothetical protein,6,6
FAM_P4950,1_443,hypothetical protein,6,6
FAM_P4951,1_475,hypothetical protein,6,6
FAM_P4952,1_507,hypothetical protein,6,6
FAM_P4953,1_539,hypothetical protein,6,6
FAM_P4954,1_571,hypothetical protein,6,6
FAM_P4955,1_602,hypothetical protein,6,6
FAM_P4956,1_634,hypothetical protein,6,6
FAM_P4957,1_666,hypothetical protein,6,6
FAM_P4958,1_698,hypothetical protein,6,6
FAM_P4959,1_730,hypothetical protein,6,6
FAM_P4960,1_762,hypothetical protein,6,6
FAM_P4961,1_794,hypothetical protein,2,8
FAM_P4962,1_858,hypothetical protein,6,6
FAM_P4963,1_890,hypothetical protein,6,6
FAM_P4964,1_954,hypothetical protein,6,6
FAM_P4965,1_1018,hypothetical protein,6,6
FAM_P4966,1_1083,hypothetical protein,3,6
FAM_P4967,1_1115,hypothetical protein,4,4
FAM_P4968,1_1307,hypothetical protein,4,4
FAM_P4969,1_1371,hypothetical protein,6,6
FAM_P4970,1_1403,hypothetical protein,6,6
FAM_P4971,1_1435,hypothetical protein,6,6
FAM_P4972,1_1499,hypothetical protein,2,9
FAM_P4973,1_1563,hypothetical protein,5,6
FAM_P4974,1_1595,hypothetical protein,5,6
FAM_P4975,1_1659,hypothetical protein,6,6
FAM_P4976,1_1787,hypothetical protein,6,6
FAM_P4977,1_1819,hypothetical protein,6,6
FAM_P4978,1_1312,hypothetical protein,6,6
FAM_P4979,3_33,hypothetical protein,3,3
SING_PFGI,1_95,hypothetical protein,1,1
FAM_P4980,1_3245,hypothetical protein,6,6
FAM_P4981,1_3213,hypothetical protein,6,6
FAM_P4982,1_3118,hypothetical protein,6,6
SING_PG6A,1_1023,hypothetical protein,1,1
FAM_P4983,1_1644,hypothetical protein,6,6
FAM_P4984,1_1676,hypothetical protein,6,6
FAM_P4985,1_1709,hypothetical protein,6,6
FAM_P4986,1_1741,hypothetical protein,6,6
FAM_P4987,1_1769,hypothetical protein,6,6
FAM_P4988,1_1830,hypothetical protein,6,6
FAM_P4989,1_1862,hypothetical protein,6,6
FAM_P4990,1_1896,hypothetical protein,6,6
FAM_P4991,1_1928,hypothetical protein,6,6
FAM_P4992,1_1993,hypothetical protein,6,6
FAM_P4993,1_2025,hypothetical protein,6,6
FAM_P4994,1_2061,hypothetical protein,5,5
FAM_P4995,1_1182,hypothetical protein,2,15
FAM_P4996,1_2138,hypothetical protein,6,6
FAM_P4997,1_2171,hypothetical protein,6,6
FAM_P4998,1_2235,hypothetical protein,6,6
FAM_P4999,1_2272,hypothetical protein,6,6
FAM_P5000,1_2373,hypothetical protein,6,6
FAM_P5001,1_2415,hypothetical protein,6,6
FAM_P5002,1_2447,hypothetical protein,5,5
FAM_P5003,1_2479,hypothetical protein,6,6
FAM_P5004,1_2507,hypothetical protein,5,5
FAM_P5005,1_2538,hypothetical protein,6,6
FAM_P5006,1_2571,hypothetical protein,6,6
FAM_P5007,1_2628,hypothetical protein,6,6
FAM_P5008,1_2660,hypothetical protein,6,6
FAM_P5009,1_2694,hypothetical protein,6,6
FAM_P5010,1_2752,hypothetical protein,6,6
FAM_P5011,1_2784,hypothetical protein,6,6
FAM_P5012,1_3658,hypothetical protein,3,4
FAM_P5013,1_2829,hypothetical protein,5,5
FAM_P5014,1_2862,hypothetical protein,6,6
FAM_P5015,1_2888,hypothetical protein,6,6
FAM_P5016,1_2953,hypothetical protein,6,6
FAM_P5017,1_2980,hypothetical protein,6,6
FAM_P5018,1_3018,hypothetical protein,6,6
FAM_P5019,1_3050,hypothetical protein,6,6
FAM_P5020,1_4894,hypothetical protein,2,2
FAM_P5021,1_3084,hypothetical protein,6,6
FAM_P5022,1_3116,hypothetical protein,6,6
FAM_P5023,1_3155,hypothetical protein,6,6
FAM_P5024,1_3187,hypothetical protein,6,6
FAM_P5025,1_3219,hypothetical protein,6,6
FAM_P5026,1_4115,hypothetical protein,3,3
FAM_P5027,1_3336,hypothetical protein,6,6
FAM_P5028,1_3407,hypothetical protein,6,6
FAM_P5029,1_3462,hypothetical protein,6,6
FAM_P5030,1_3487,hypothetical protein,6,6
FAM_P5031,1_3530,hypothetical protein,4,4
FAM_P5032,1_3604,hypothetical protein,6,6
FAM_P5033,1_3639,hypothetical protein,6,6
FAM_P5034,1_3667,hypothetical protein,6,6
FAM_P5035,1_3699,hypothetical protein,6,6
FAM_P5036,1_3731,hypothetical protein,6,6
FAM_P5037,1_3761,hypothetical protein,6,6
FAM_P5038,1_3793,hypothetical protein,5,5
FAM_P5039,1_3822,hypothetical protein,6,6
FAM_P5040,1_3851,hypothetical protein,6,6
FAM_P5041,1_3878,hypothetical protein,6,6
FAM_P5042,1_3909,hypothetical protein,6,6
FAM_P5043,1_3935,hypothetical protein,6,6
FAM_P5044,1_3971,hypothetical protein,6,6
FAM_P5045,1_4100,hypothetical protein,6,6
FAM_P5046,1_4131,hypothetical protein,6,6
FAM_P5047,1_4163,hypothetical protein,5,5
FAM_P5048,1_5198,hypothetical protein,3,3
FAM_P5049,1_5230,hypothetical protein,3,3
FAM_P5050,1_4281,hypothetical protein,6,6
FAM_P5051,1_4313,hypothetical protein,6,6
SING_PHYO,1_3341,hypothetical protein,1,1
FAM_P5052,1_307,hypothetical protein,5,5
SING_PINK,1_4237,hypothetical protein,1,1
FAM_P5053,2_24,hypothetical protein,2,2
SING_PJ5C,3_60,hypothetical protein,1,1
SING_PJ80,3_156,hypothetical protein,1,1
SING_PJ8W,4_14,hypothetical protein,1,1
SING_PJ9S,4_46,hypothetical protein,1,1
SING_PJAO,4_78,hypothetical protein,1,1
SING_PJBK,4_110,hypothetical protein,1,1
FAM_P5054,1_48,hypothetical protein,1,2
SING_PJE8,1_80,hypothetical protein,1,1
FAM_P5055,1_2716,hypothetical protein,6,6
FAM_P5056,1_2653,hypothetical protein,6,6
FAM_P5057,1_2619,hypothetical protein,6,6
SING_PK5S,1_1072,hypothetical protein,1,1
FAM_P5058,1_2553,hypothetical protein,6,6
FAM_P5059,1_2521,hypothetical protein,6,6
FAM_P5060,1_2490,hypothetical protein,6,6
FAM_P5061,1_2187,hypothetical protein,4,4
SING_PKK0,1_1584,hypothetical protein,1,1
FAM_P5062,1_1350,hypothetical protein,3,5
FAM_P5063,1_1360,hypothetical protein,2,2
FAM_P5064,1_2384,hypothetical protein,2,2
SING_PL9S,1_2512,hypothetical protein,1,1
FAM_P5065,1_1229,hypothetical protein,6,6
FAM_P5066,1_1111,hypothetical protein,4,4
FAM_P5067,1_984,hypothetical protein,6,6
FAM_P5068,1_917,hypothetical protein,6,7
FAM_P5069,1_3136,hypothetical protein,2,3
FAM_P5070,1_662,hypothetical protein,6,6
FAM_P5071,1_632,hypothetical protein,4,4
FAM_P5072,1_601,hypothetical protein,6,6
SING_PM9C,1_3792,hypothetical protein,1,1
SING_PMQ8,2_61,hypothetical protein,1,1
SING_PMR4,2_93,hypothetical protein,1,1
SING_PMS0,2_125,hypothetical protein,1,1
FAM_P5073,1_209,hypothetical protein,3,3
FAM_P5074,1_2604,hypothetical protein,1,2
SING_P7L,1_273,hypothetical protein,1,1
FAM_P5075,1_655,hypothetical protein,6,6
FAM_P5076,1_756,hypothetical protein,6,6
FAM_P5077,1_1365,hypothetical protein,6,6
FAM_P5078,1_1397,hypothetical protein,6,6
FAM_P5079,1_1429,hypothetical protein,6,6
FAM_P5080,1_1361,hypothetical protein,2,2
FAM_P5081,1_1425,hypothetical protein,6,6
FAM_P5082,1_1937,hypothetical protein,3,3
SING_P1JL,1_2001,hypothetical protein,1,1
FAM_P5083,1_2321,hypothetical protein,5,7
FAM_P5084,1_2737,hypothetical protein,6,6
FAM_P5085,1_2769,hypothetical protein,6,6
FAM_P5086,1_2801,hypothetical protein,4,4
FAM_P5087,1_3665,hypothetical protein,6,6
FAM_P5088,1_3697,hypothetical protein,6,6
FAM_P5089,1_3729,hypothetical protein,6,6
FAM_P5090,1_4017,hypothetical protein,6,6
FAM_P5091,1_4049,hypothetical protein,6,6
FAM_P5092,1_4177,hypothetical protein,2,2
SING_P38X,1_4209,hypothetical protein,1,1
FAM_P5093,1_50,hypothetical protein,4,4
FAM_P5094,1_242,hypothetical protein,6,6
FAM_P5095,1_306,hypothetical protein,3,3
FAM_P5096,1_338,hypothetical protein,3,3
FAM_P5097,1_530,hypothetical protein,6,6
FAM_P5098,1_594,hypothetical protein,6,6
FAM_P5099,1_626,hypothetical protein,6,6
FAM_P5100,1_658,hypothetical protein,6,6
FAM_P5101,1_690,hypothetical protein,6,6
FAM_P5102,1_786,hypothetical protein,5,5
FAM_P5103,1_914,hypothetical protein,6,6
FAM_P5104,1_946,hypothetical protein,6,6
FAM_P5105,1_978,hypothetical protein,6,6
FAM_P5106,1_1106,hypothetical protein,6,6
FAM_P5107,1_1138,hypothetical protein,3,3
FAM_P5108,1_1362,hypothetical protein,5,10
FAM_P5109,1_1586,hypothetical protein,4,4
FAM_P5110,1_1650,hypothetical protein,6,6
FAM_P5111,1_1778,hypothetical protein,6,6
FAM_P5112,1_1810,hypothetical protein,5,5
FAM_P5113,1_1938,hypothetical protein,2,2
FAM_P5114,1_2162,hypothetical protein,2,2
FAM_P5115,1_2578,hypothetical protein,2,2
FAM_P5116,1_2674,hypothetical protein,2,2
FAM_P5117,1_2770,hypothetical protein,2,2
FAM_P5118,1_2834,hypothetical protein,2,2
FAM_P5119,1_2898,hypothetical protein,2,2
FAM_P5120,1_2930,hypothetical protein,2,2
FAM_P5121,1_3250,hypothetical protein,2,2
FAM_P5122,1_3314,hypothetical protein,2,2
FAM_P5123,1_3442,hypothetical protein,2,2
FAM_P5124,1_3666,hypothetical protein,2,2
FAM_P5125,1_4018,hypothetical protein,2,2
FAM_P5126,1_3903,hypothetical protein,6,6
SING_P73L,1_4882,hypothetical protein,1,1
FAM_P5127,1_4914,hypothetical protein,2,2
FAM_P5128,1_5010,hypothetical protein,2,2
SING_P7OX,1_262,hypothetical protein,1,1
SING_P7PT,1_294,hypothetical protein,1,1
SING_P87L,1_934,hypothetical protein,1,1
SING_P8CX,1_1126,hypothetical protein,1,1
SING_P8K1,1_1382,hypothetical protein,1,1
SING_P8KX,1_1414,hypothetical protein,1,1
FAM_P5129,1_2076,hypothetical protein,6,7
FAM_P5130,1_1798,hypothetical protein,2,2
SING_P8WH,1_1830,hypothetical protein,1,1
SING_P8XD,1_1862,hypothetical protein,1,1
SING_P9HT,1_2598,hypothetical protein,1,1
SING_P9JL,1_2662,hypothetical protein,1,1
SING_P9KH,1_2694,hypothetical protein,1,1
SING_P9PT,1_2886,hypothetical protein,1,1
SING_P9QP,1_2918,hypothetical protein,1,1
SING_P9W1,1_3110,hypothetical protein,1,1
SING_PAEP,1_3782,hypothetical protein,1,1
FAM_P5131,1_3878,hypothetical protein,2,2
SING_PAJ5,1_3942,hypothetical protein,1,1
SING_PAK1,1_3974,hypothetical protein,1,1
SING_PALT,1_4038,hypothetical protein,1,1
SING_PAMP,1_4070,hypothetical protein,1,1
SING_PANL,1_4102,hypothetical protein,1,1
SING_PAOH,1_4134,hypothetical protein,1,1
SING_PAUP,1_4358,hypothetical protein,1,1
SING_PB69,2_58,hypothetical protein,1,1
FAM_P5132,1_2147,hypothetical protein,2,2
FAM_P5133,1_2198,hypothetical protein,2,4
FAM_P5134,1_1911,hypothetical protein,6,6
FAM_P5135,1_1945,hypothetical protein,4,4
FAM_P5136,1_1950,hypothetical protein,6,6
FAM_P5137,1_1974,hypothetical protein,6,6
FAM_P5138,1_2773,hypothetical protein,3,3
FAM_P5139,1_2073,hypothetical protein,6,6
FAM_P5140,1_2121,hypothetical protein,6,6
FAM_P5141,1_2644,hypothetical protein,6,6
FAM_P5142,1_2675,hypothetical protein,6,6
FAM_P5143,1_2736,hypothetical protein,6,6
FAM_P5144,1_3673,hypothetical protein,3,3
FAM_P5145,1_4910,hypothetical protein,2,2
FAM_P5146,1_4258,hypothetical protein,2,2
SING_PD4H,1_2479,hypothetical protein,1,1
FAM_P5147,1_4487,hypothetical protein,2,2
FAM_P5148,1_4519,hypothetical protein,2,2
FAM_P5149,1_3952,hypothetical protein,5,7
FAM_P5150,1_3986,hypothetical protein,6,6
FAM_P5151,1_4083,hypothetical protein,6,6
FAM_P5152,1_4115,hypothetical protein,6,6
FAM_P5153,1_4146,hypothetical protein,6,6
FAM_P5154,1_138,hypothetical protein,2,2
FAM_P5155,1_266,hypothetical protein,2,2
FAM_P5156,1_298,hypothetical protein,2,2
FAM_P5157,1_362,hypothetical protein,3,3
FAM_P5158,1_426,hypothetical protein,2,2
FAM_P5159,1_809,hypothetical protein,2,2
FAM_P5160,1_1194,hypothetical protein,2,2
FAM_P5161,1_1258,hypothetical protein,2,2
FAM_P5162,1_1290,hypothetical protein,2,2
FAM_P5163,1_1322,hypothetical protein,2,2
FAM_P5164,1_1514,hypothetical protein,2,2
FAM_P5165,1_1706,hypothetical protein,2,2
FAM_P5166,3_17,hypothetical protein,2,2
SING_PFF5,1_46,hypothetical protein,1,1
SING_PFG1,1_78,hypothetical protein,1,1
SING_PFGX,1_110,hypothetical protein,1,1
FAM_P5167,1_739,hypothetical protein,3,3
FAM_P5168,1_772,hypothetical protein,2,2
SING_PG1D,1_846,hypothetical protein,1,1
FAM_P5169,1_2865,hypothetical protein,6,6
FAM_P5170,1_2581,hypothetical protein,6,6
SING_PGEP,1_1326,hypothetical protein,1,1
SING_PGHD,1_1422,hypothetical protein,1,1
SING_PGQ9,1_1742,hypothetical protein,1,1
SING_PH81,1_2382,hypothetical protein,1,1
SING_PH8X,1_2414,hypothetical protein,1,1
SING_PHE9,1_2606,hypothetical protein,1,1
SING_PHN5,1_2926,hypothetical protein,1,1
SING_PHYP,1_3342,hypothetical protein,1,1
SING_PI9D,1_3726,hypothetical protein,1,1
SING_PINL,1_4238,hypothetical protein,1,1
SING_PIY9,2_57,hypothetical protein,1,1
SING_PJ4H,3_29,hypothetical protein,1,1
SING_PJ5D,3_61,hypothetical protein,1,1
FAM_P5171,2_107,hypothetical protein,2,2
SING_PJ8X,4_15,hypothetical protein,1,1
SING_PJ9T,4_47,hypothetical protein,1,1
SING_PJAP,4_79,hypothetical protein,1,1
SING_PJBL,4_111,hypothetical protein,1,1
FAM_P5172,1_3563,hypothetical protein,2,2
FAM_P5173,1_3251,hypothetical protein,3,3
FAM_P5174,1_2929,hypothetical protein,4,4
FAM_P5175,1_2715,hypothetical protein,6,6
FAM_P5176,1_2652,hypothetical protein,6,6
FAM_P5177,1_2618,hypothetical protein,6,6
SING_PK5T,1_1073,hypothetical protein,1,1
FAM_P5178,1_2384,hypothetical protein,2,2
FAM_P5179,1_2186,hypothetical protein,4,4
SING_PKK1,1_1585,hypothetical protein,1,1
FAM_P5180,1_1893,hypothetical protein,6,7
SING_PL9T,1_2513,hypothetical protein,1,1
FAM_P5181,1_1110,hypothetical protein,4,4
FAM_P5182,1_1016,hypothetical protein,6,6
FAM_P5183,1_983,hypothetical protein,6,6
FAM_P5184,1_916,hypothetical protein,6,6
FAM_P5185,1_2833,hypothetical protein,1,2
FAM_P5186,1_694,hypothetical protein,6,8
FAM_P5187,1_661,hypothetical protein,6,6
FAM_P5188,1_631,hypothetical protein,6,6
FAM_P5189,1_600,hypothetical protein,6,6
FAM_P5190,1_325,hypothetical protein,2,2
SING_PM9D,1_3793,hypothetical protein,1,1
SING_PMR5,2_94,hypothetical protein,1,1
SING_PMS1,2_126,hypothetical protein,1,1
SING_PMUP,3_72,hypothetical protein,1,1
SING_P6Q,1_242,hypothetical protein,1,1
SING_P7M,1_274,hypothetical protein,1,1
FAM_P5191,1_757,hypothetical protein,6,6
FAM_P5192,1_1366,hypothetical protein,6,6
FAM_P5193,1_1398,hypothetical protein,6,6
FAM_P5194,1_1430,hypothetical protein,6,6
FAM_P5195,1_1362,hypothetical protein,2,2
FAM_P5196,1_1426,hypothetical protein,5,5
FAM_P5197,1_1490,hypothetical protein,5,5
SING_P1JM,1_2002,hypothetical protein,1,1
SING_P1SI,1_2322,hypothetical protein,1,1
FAM_P5198,1_2706,hypothetical protein,3,3
FAM_P5199,1_2738,hypothetical protein,6,6
FAM_P5200,1_2770,hypothetical protein,6,6
FAM_P5201,1_2930,hypothetical protein,4,4
FAM_P5202,1_3954,hypothetical protein,6,6
FAM_P5203,1_4018,hypothetical protein,6,6
FAM_P5204,1_4050,hypothetical protein,6,6
FAM_P5205,1_4178,hypothetical protein,2,2
SING_P38Y,1_4210,hypothetical protein,1,1
FAM_P5206,1_595,hypothetical protein,6,6
FAM_P5207,1_627,hypothetical protein,4,4
FAM_P5208,1_659,hypothetical protein,6,6
FAM_P5209,1_691,hypothetical protein,6,6
FAM_P5210,1_915,hypothetical protein,6,6
FAM_P5211,1_947,hypothetical protein,6,6
FAM_P5212,1_979,hypothetical protein,6,6
FAM_P5213,1_1011,hypothetical protein,6,6
FAM_P5214,1_1107,hypothetical protein,6,6
FAM_P5215,1_1139,hypothetical protein,3,3
FAM_P5216,1_1427,hypothetical protein,6,6
FAM_P5217,1_1555,hypothetical protein,4,4
FAM_P5218,1_1651,hypothetical protein,6,6
FAM_P5219,1_1779,hypothetical protein,6,6
FAM_P5220,1_1811,hypothetical protein,5,5
FAM_P5221,1_1939,hypothetical protein,2,2
FAM_P5222,1_2163,hypothetical protein,2,2
FAM_P5223,1_2579,hypothetical protein,2,2
FAM_P5224,1_2771,hypothetical protein,2,2
FAM_P5225,1_2035,hypothetical protein,6,6
FAM_P5226,1_2931,hypothetical protein,2,2
FAM_P5227,1_3315,hypothetical protein,2,2
FAM_P5228,1_3443,hypothetical protein,2,2
FAM_P5229,1_3667,hypothetical protein,2,2
FAM_P5230,1_3555,hypothetical protein,6,6
FAM_P5231,1_3726,hypothetical protein,6,6
FAM_P5232,1_3873,hypothetical protein,6,6
FAM_P5233,1_4883,hypothetical protein,2,2
FAM_P5234,1_4915,hypothetical protein,2,2
FAM_P5235,1_5011,hypothetical protein,2,2
FAM_P5236,1_4254,hypothetical protein,6,6
FAM_P5237,3_27,hypothetical protein,3,3
FAM_P5238,1_7,hypothetical protein,2,2
SING_P7OY,1_263,hypothetical protein,1,1
SING_P7PU,1_295,hypothetical protein,1,1
SING_P87M,1_935,hypothetical protein,1,1
SING_P8C2,1_1095,hypothetical protein,1,1
SING_P8CY,1_1127,hypothetical protein,1,1
SING_P8K2,1_1383,hypothetical protein,1,1
FAM_P5239,1_1447,hypothetical protein,2,2
FAM_P5240,1_1799,hypothetical protein,2,2
SING_P8WI,1_1831,hypothetical protein,1,1
SING_P8XE,1_1863,hypothetical protein,1,1
SING_P9AQ,1_2343,hypothetical protein,1,1
SING_P9CI,1_2407,hypothetical protein,1,1
FAM_P5241,1_1085,hypothetical protein,3,9
SING_P9JM,1_2663,hypothetical protein,1,1
SING_P9KI,1_2695,hypothetical protein,1,1
SING_P9LE,1_2727,hypothetical protein,1,1
FAM_P5242,1_3784,hypothetical protein,3,3
SING_P9W2,1_3111,hypothetical protein,1,1
SING_PAEQ,1_3783,hypothetical protein,1,1
FAM_P5243,1_3879,hypothetical protein,2,2
SING_PAJ6,1_3943,hypothetical protein,1,1
SING_PAK2,1_3975,hypothetical protein,1,1
SING_PALU,1_4039,hypothetical protein,1,1
SING_PAMQ,1_4071,hypothetical protein,1,1
SING_PANM,1_4103,hypothetical protein,1,1
SING_PAOI,1_4135,hypothetical protein,1,1
SING_PAUQ,1_4359,hypothetical protein,1,1
SING_PB6A,2_59,hypothetical protein,1,1
FAM_P5244,1_1879,hypothetical protein,6,6
FAM_P5245,1_1912,hypothetical protein,6,6
FAM_P5246,1_1951,hypothetical protein,6,6
FAM_P5247,1_1975,hypothetical protein,6,6
FAM_P5248,1_2009,hypothetical protein,6,6
FAM_P5249,1_2838,hypothetical protein,3,3
FAM_P5250,1_3162,hypothetical protein,3,3
FAM_P5251,1_2614,hypothetical protein,6,6
FAM_P5252,1_2645,hypothetical protein,6,6
FAM_P5253,1_2676,hypothetical protein,6,6
FAM_P5254,1_3065,hypothetical protein,5,5
FAM_P5255,1_4259,hypothetical protein,2,2
FAM_P5256,1_4488,hypothetical protein,2,2
FAM_P5257,1_4520,hypothetical protein,2,2
FAM_P5258,1_3987,hypothetical protein,6,6
FAM_P5259,1_4084,hypothetical protein,6,6
FAM_P5260,1_4116,hypothetical protein,6,6
FAM_P5261,1_4147,hypothetical protein,6,6
FAM_P5262,1_139,hypothetical protein,2,2
FAM_P5263,1_267,hypothetical protein,2,2
FAM_P5264,1_299,hypothetical protein,2,2
FAM_P5265,1_363,hypothetical protein,3,3
FAM_P5266,1_427,hypothetical protein,2,2
FAM_P5267,1_810,hypothetical protein,2,2
FAM_P5268,1_1099,hypothetical protein,2,2
FAM_P5269,1_1131,hypothetical protein,2,2
FAM_P5270,1_1195,hypothetical protein,2,2
FAM_P5271,1_1259,hypothetical protein,2,2
FAM_P5272,1_1291,hypothetical protein,2,2
FAM_P5273,1_1323,hypothetical protein,2,2
FAM_P5274,1_1451,hypothetical protein,2,2
FAM_P5275,1_1515,hypothetical protein,2,2
FAM_P5276,1_1611,hypothetical protein,2,2
FAM_P5277,3_39,hypothetical protein,4,4
FAM_P5278,3_18,hypothetical protein,2,2
SING_PFF6,1_47,hypothetical protein,1,1
SING_PFG2,1_79,hypothetical protein,1,1
SING_PFIQ,1_175,hypothetical protein,1,1
FAM_P5279,1_773,hypothetical protein,2,2
SING_PG1E,1_847,hypothetical protein,1,1
SING_PGHE,1_1423,hypothetical protein,1,1
SING_PGQA,1_1743,hypothetical protein,1,1
FAM_P5280,1_1406,hypothetical protein,2,2
FAM_P5281,1_1476,hypothetical protein,6,6
SING_PH8Y,1_2415,hypothetical protein,1,1
SING_PHEA,1_2607,hypothetical protein,1,1
SING_PHN6,1_2927,hypothetical protein,1,1
FAM_P5282,1_1575,hypothetical protein,3,5
SING_PHYQ,1_3343,hypothetical protein,1,1
SING_PIFM,1_3951,hypothetical protein,1,1
SING_PINM,1_4239,hypothetical protein,1,1
FAM_P5283,1_4579,hypothetical protein,2,2
FAM_P5284,1_3632,hypothetical protein,2,2
SING_PJ5E,3_62,hypothetical protein,1,1
SING_PJ6A,3_94,hypothetical protein,1,1
FAM_P5285,2_106,hypothetical protein,2,2
SING_PJ8Y,4_16,hypothetical protein,1,1
SING_PJ9U,4_48,hypothetical protein,1,1
SING_PJAQ,4_80,hypothetical protein,1,1
SING_PJBM,4_112,hypothetical protein,1,1
FAM_P5286,1_3562,hypothetical protein,2,2
FAM_P5287,1_3154,hypothetical protein,3,3
FAM_P5288,1_2928,hypothetical protein,4,4
FAM_P5289,1_2714,hypothetical protein,6,6
FAM_P5290,1_2683,hypothetical protein,6,6
FAM_P5291,1_2651,hypothetical protein,6,6
FAM_P5292,1_2617,hypothetical protein,6,6
SING_PKK2,1_1586,hypothetical protein,1,1
SING_PL9U,1_2514,hypothetical protein,1,1
FAM_P5293,1_1109,hypothetical protein,4,4
FAM_P5294,1_1015,hypothetical protein,6,6
FAM_P5295,1_2834,hypothetical protein,1,2
FAM_P5296,1_693,hypothetical protein,6,6
FAM_P5297,1_660,hypothetical protein,6,6
FAM_P5298,1_630,hypothetical protein,6,6
FAM_P5299,1_599,hypothetical protein,6,6
SING_PM8I,1_3762,hypothetical protein,1,1
SING_PM9E,1_3794,hypothetical protein,1,1
FAM_P5300,1_4121,hypothetical protein,5,5
SING_PMS2,2_127,hypothetical protein,1,1
FAM_P5301,2_49,hypothetical protein,3,4
FAM_P5302,2_250,hypothetical protein,2,2
FAM_P5303,2_218,hypothetical protein,2,2
FAM_P5304,2_154,hypothetical protein,2,2
SING_P6R,1_243,hypothetical protein,1,1
SING_P7N,1_275,hypothetical protein,1,1
FAM_P5305,1_1367,hypothetical protein,6,6
FAM_P5306,1_1399,hypothetical protein,6,6
FAM_P5307,1_1431,hypothetical protein,6,6
FAM_P5308,1_1363,hypothetical protein,2,2
SING_P1GZ,1_1907,hypothetical protein,1,1
SING_P1JN,1_2003,hypothetical protein,1,1
SING_P1SJ,1_2323,hypothetical protein,1,1
FAM_P5309,1_2707,hypothetical protein,3,3
FAM_P5310,1_2739,hypothetical protein,6,6
FAM_P5311,1_2771,hypothetical protein,6,6
FAM_P5312,1_2803,hypothetical protein,4,4
FAM_P5313,1_2963,hypothetical protein,2,2
FAM_P5314,1_3411,hypothetical protein,3,3
FAM_P5315,1_3955,hypothetical protein,6,6
FAM_P5316,1_4019,hypothetical protein,6,6
FAM_P5317,1_4051,hypothetical protein,6,6
FAM_P5318,1_4179,hypothetical protein,2,2
SING_P38Z,1_4211,hypothetical protein,1,1
FAM_P5319,1_20,hypothetical protein,4,4
FAM_P5320,1_47,hypothetical protein,6,6
FAM_P5321,1_244,hypothetical protein,6,6
FAM_P5322,1_308,hypothetical protein,6,6
FAM_P5323,1_372,hypothetical protein,6,6
FAM_P5324,1_532,hypothetical protein,4,4
FAM_P5325,1_564,hypothetical protein,6,6
FAM_P5326,1_628,hypothetical protein,6,6
FAM_P5327,1_692,hypothetical protein,6,6
FAM_P5328,1_852,hypothetical protein,6,6
FAM_P5329,1_948,hypothetical protein,6,6
FAM_P5330,1_980,hypothetical protein,6,6
FAM_P5331,1_1012,hypothetical protein,6,6
FAM_P5332,1_1108,hypothetical protein,6,6
FAM_P5333,1_1332,hypothetical protein,3,3
FAM_P5334,1_1556,hypothetical protein,4,4
FAM_P5335,1_1652,hypothetical protein,6,6
FAM_P5336,1_1780,hypothetical protein,6,6
FAM_P5337,1_1812,hypothetical protein,5,5
FAM_P5338,1_1304,hypothetical protein,5,5
FAM_P5339,1_1471,hypothetical protein,6,6
FAM_P5340,1_1750,hypothetical protein,6,6
FAM_P5341,1_2580,hypothetical protein,2,2
FAM_P5342,1_2072,hypothetical protein,6,7
FAM_P5343,1_2932,hypothetical protein,2,2
FAM_P5344,1_3156,hypothetical protein,3,3
FAM_P5345,1_3316,hypothetical protein,2,2
FAM_P5346,1_3668,hypothetical protein,2,2
FAM_P5347,1_3483,hypothetical protein,6,6
FAM_P5348,1_3556,hypothetical protein,6,6
FAM_P5349,1_3590,hypothetical protein,6,6
FAM_P5350,1_3727,hypothetical protein,6,6
FAM_P5351,1_4884,hypothetical protein,2,2
FAM_P5352,1_4916,hypothetical protein,2,2
FAM_P5353,1_5012,hypothetical protein,2,2
FAM_P5354,3_28,hypothetical protein,3,3
FAM_P5355,1_1720,hypothetical protein,3,3
FAM_P5356,1_1338,hypothetical protein,4,4
FAM_P5357,1_2584,hypothetical protein,2,2
FAM_P5358,1_2648,hypothetical protein,2,2
FAM_P5359,1_2936,hypothetical protein,2,2
FAM_P5360,1_3160,hypothetical protein,2,2
FAM_P5361,1_3416,hypothetical protein,2,2
FAM_P5362,1_3544,hypothetical protein,2,2
FAM_P5363,1_3672,hypothetical protein,2,2
FAM_P5364,1_4440,hypothetical protein,2,2
FAM_P5365,1_4504,hypothetical protein,2,2
FAM_P5366,1_1104,hypothetical protein,3,3
FAM_P5367,1_1343,hypothetical protein,2,2
FAM_P5368,1_1375,hypothetical protein,2,2
FAM_P5369,1_1535,hypothetical protein,2,2
FAM_P5370,1_1983,hypothetical protein,2,2
FAM_P5371,1_2239,hypothetical protein,4,4
FAM_P5372,1_2303,hypothetical protein,2,2
SING_P1ZZ,1_2591,hypothetical protein,1,1
FAM_P5373,1_3807,hypothetical protein,2,2
FAM_P5374,1_215,hypothetical protein,2,2
FAM_P5375,1_279,hypothetical protein,2,2
FAM_P5376,1_726,hypothetical protein,2,2
FAM_P5377,1_758,hypothetical protein,2,2
FAM_P5378,1_886,hypothetical protein,6,6
FAM_P5379,1_1046,hypothetical protein,2,2
FAM_P5380,1_1207,hypothetical protein,2,2
FAM_P5381,1_1463,hypothetical protein,2,2
FAM_P5382,1_1527,hypothetical protein,2,2
FAM_P5383,1_1591,hypothetical protein,2,2
FAM_P5384,1_1751,hypothetical protein,2,2
FAM_P5385,1_1879,hypothetical protein,2,2
FAM_P5386,3_81,hypothetical protein,2,2
FAM_P5387,1_46,hypothetical protein,2,2
SING_PFGE,1_91,hypothetical protein,1,1
FAM_P5388,1_470,hypothetical protein,2,2
FAM_P5389,1_752,hypothetical protein,2,2
FAM_P5390,1_808,hypothetical protein,2,2
SING_PG9Q,1_1147,hypothetical protein,1,1
SING_P8WU,1_1843,hypothetical protein,1,1
SING_P8XQ,1_1875,hypothetical protein,1,1
FAM_P5391,1_2277,hypothetical protein,1,2
FAM_P5392,1_2643,hypothetical protein,4,4
SING_P9JY,1_2675,hypothetical protein,1,1
FAM_P5393,1_1402,hypothetical protein,1,2
SING_P9Q6,1_2899,hypothetical protein,1,1
SING_P9WE,1_3123,hypothetical protein,1,1
SING_PA2M,1_3347,hypothetical protein,1,1
SING_PA5A,1_3443,hypothetical protein,1,1
FAM_P5394,1_335,hypothetical protein,3,5
FAM_P5395,1_5241,hypothetical protein,3,5
FAM_P5396,1_4019,hypothetical protein,2,2
FAM_P5397,1_4147,hypothetical protein,2,2
FAM_P5398,1_4179,hypothetical protein,2,2
SING_PAZI,1_4531,hypothetical protein,1,1
FAM_P5399,2_7,hypothetical protein,2,2
SING_PB6M,2_71,hypothetical protein,1,1
SING_PB7I,2_103,hypothetical protein,1,1
SING_P7PV,1_296,hypothetical protein,1,1
FAM_P5400,1_3067,hypothetical protein,6,6
FAM_P5401,1_3835,hypothetical protein,4,4
SING_P837,1_776,hypothetical protein,1,1
SING_P8C3,1_1096,hypothetical protein,1,1
SING_P8CZ,1_1128,hypothetical protein,1,1
FAM_P5402,1_2393,hypothetical protein,6,6
SING_P8KZ,1_1416,hypothetical protein,1,1
FAM_P5403,1_1448,hypothetical protein,2,2
FAM_P5404,1_2074,hypothetical protein,3,3
SING_P8WJ,1_1832,hypothetical protein,1,1
SING_P8XF,1_1864,hypothetical protein,1,1
FAM_P5405,1_2280,hypothetical protein,1,2
SING_P9AR,1_2344,hypothetical protein,1,1
SING_P9CJ,1_2408,hypothetical protein,1,1
FAM_P5406,1_1332,hypothetical protein,5,14
FAM_P5407,1_2632,hypothetical protein,4,4
SING_P9JN,1_2664,hypothetical protein,1,1
SING_P9KJ,1_2696,hypothetical protein,1,1
SING_P9LF,1_2728,hypothetical protein,1,1
FAM_P5408,1_2760,hypothetical protein,2,2
SING_P9PV,1_2888,hypothetical protein,1,1
SING_P9QR,1_2920,hypothetical protein,1,1
FAM_P5409,1_951,hypothetical protein,6,6
SING_P9W3,1_3112,hypothetical protein,1,1
FAM_P5410,1_3240,hypothetical protein,4,4
SING_PAER,1_3784,hypothetical protein,1,1
SING_PAJ7,1_3944,hypothetical protein,1,1
SING_PAK3,1_3976,hypothetical protein,1,1
SING_PALV,1_4040,hypothetical protein,1,1
SING_PAMR,1_4072,hypothetical protein,1,1
SING_PANN,1_4104,hypothetical protein,1,1
SING_PAOJ,1_4136,hypothetical protein,1,1
SING_PAUR,1_4360,hypothetical protein,1,1
SING_PB6B,2_60,hypothetical protein,1,1
SING_PB77,2_92,hypothetical protein,1,1
FAM_P5411,1_1847,hypothetical protein,6,6
FAM_P5412,1_1880,hypothetical protein,6,6
FAM_P5413,1_1913,hypothetical protein,6,6
FAM_P5414,1_1952,hypothetical protein,6,6
FAM_P5415,1_1976,hypothetical protein,6,6
FAM_P5416,1_2010,hypothetical protein,6,6
FAM_P5417,1_2041,hypothetical protein,6,6
FAM_P5418,1_2075,hypothetical protein,6,6
FAM_P5419,1_2103,hypothetical protein,2,6
FAM_P5420,1_2615,hypothetical protein,6,6
FAM_P5421,1_4908,hypothetical protein,2,2
FAM_P5422,1_4260,hypothetical protein,2,2
FAM_P5423,1_4361,hypothetical protein,2,2
FAM_P5424,1_4489,hypothetical protein,2,2
FAM_P5425,1_4521,hypothetical protein,2,2
FAM_P5426,1_4585,hypothetical protein,2,2
FAM_P5427,1_3988,hypothetical protein,6,6
FAM_P5428,1_4148,hypothetical protein,6,6
FAM_P5429,1_4297,hypothetical protein,6,6
FAM_P5430,1_140,hypothetical protein,2,2
FAM_P5431,1_268,hypothetical protein,2,2
FAM_P5432,1_300,hypothetical protein,2,2
FAM_P5433,1_811,hypothetical protein,2,2
FAM_P5434,1_1132,hypothetical protein,2,2
FAM_P5435,1_1260,hypothetical protein,2,2
FAM_P5436,1_1292,hypothetical protein,2,2
FAM_P5437,1_1324,hypothetical protein,2,2
FAM_P5438,1_1452,hypothetical protein,2,2
FAM_P5439,1_1708,hypothetical protein,2,2
FAM_P5440,3_40,hypothetical protein,4,4
FAM_P5441,3_19,hypothetical protein,2,2
SING_PFF7,1_48,hypothetical protein,1,1
SING_PFG3,1_80,hypothetical protein,1,1
SING_PFIR,1_176,hypothetical protein,1,1
FAM_P5442,1_2924,hypothetical protein,3,3
FAM_P5443,1_774,hypothetical protein,2,2
SING_PGHF,1_1424,hypothetical protein,1,1
FAM_P5444,1_2205,hypothetical protein,5,5
FAM_P5445,1_1407,hypothetical protein,2,2
FAM_P5446,1_1888,hypothetical protein,6,6
SING_PH8Z,1_2416,hypothetical protein,1,1
SING_PHEB,1_2608,hypothetical protein,1,1
SING_PHN7,1_2928,hypothetical protein,1,1
SING_PHYR,1_3344,hypothetical protein,1,1
SING_PIFN,1_3952,hypothetical protein,1,1
FAM_P5447,1_4580,hypothetical protein,2,2
FAM_P5448,2_155,hypothetical protein,2,2
FAM_P5449,2_187,hypothetical protein,2,2
FAM_P5450,2_219,hypothetical protein,2,2
FAM_P5451,2_251,hypothetical protein,2,2
SING_PJ5F,3_63,hypothetical protein,1,1
SING_PJ6B,3_95,hypothetical protein,1,1
FAM_P5452,2_28,hypothetical protein,2,2
SING_PJ83,3_159,hypothetical protein,1,1
SING_PJ8Z,4_17,hypothetical protein,1,1
SING_PJ9V,4_49,hypothetical protein,1,1
SING_PJAR,4_81,hypothetical protein,1,1
SING_PJBN,4_113,hypothetical protein,1,1
FAM_P5453,1_3561,hypothetical protein,2,2
FAM_P5454,1_3465,hypothetical protein,6,9
FAM_P5455,1_3434,hypothetical protein,6,6
FAM_P5456,1_3153,hypothetical protein,2,2
FAM_P5457,1_2809,hypothetical protein,4,7
FAM_P5458,1_2682,hypothetical protein,6,6
FAM_P5459,1_2650,hypothetical protein,6,6
FAM_P5460,1_2616,hypothetical protein,6,6
FAM_P5461,1_2423,hypothetical protein,4,4
SING_PKK3,1_1587,hypothetical protein,1,1
FAM_P5462,1_1920,hypothetical protein,6,6
FAM_P5463,1_1816,hypothetical protein,6,6
SING_PL9V,1_2515,hypothetical protein,1,1
FAM_P5464,1_1014,hypothetical protein,6,6
FAM_P5465,1_981,hypothetical protein,6,6
FAM_P5466,1_952,hypothetical protein,6,6
FAM_P5467,1_2835,hypothetical protein,1,2
FAM_P5468,1_629,hypothetical protein,6,6
FAM_P5469,1_598,hypothetical protein,6,6
SING_PM8J,1_3763,hypothetical protein,1,1
FAM_P5470,1_4193,hypothetical protein,2,2
SING_PMAB,1_3827,hypothetical protein,1,1
FAM_P5471,1_3461,hypothetical protein,6,9
SING_PMS3,2_128,hypothetical protein,1,1
SING_PMSZ,3_10,hypothetical protein,1,1
FAM_P5472,2_86,hypothetical protein,2,2
SING_PMUR,3_74,hypothetical protein,1,1
FAM_P5473,2_63,hypothetical protein,2,2
FAM_P5474,2_249,hypothetical protein,2,2
FAM_P5475,2_217,hypothetical protein,2,2
FAM_P5476,2_186,hypothetical protein,2,2
FAM_P5477,2_153,hypothetical protein,2,2
SING_P6S,1_244,hypothetical protein,1,1
SING_P7O,1_276,hypothetical protein,1,1
FAM_P5478,1_759,hypothetical protein,6,6
FAM_P5479,1_1005,hypothetical protein,5,7
FAM_P5480,1_1130,hypothetical protein,6,6
FAM_P5481,1_1368,hypothetical protein,6,6
FAM_P5482,1_1400,hypothetical protein,6,6
FAM_P5483,1_1432,hypothetical protein,6,6
FAM_P5484,1_1642,hypothetical protein,4,4
FAM_P5485,1_1364,hypothetical protein,2,2
SING_P16C,1_1524,hypothetical protein,1,1
FAM_P5486,1_1556,hypothetical protein,4,4
SING_P1JO,1_2004,hypothetical protein,1,1
FAM_P5487,1_2324,hypothetical protein,2,2
FAM_P5488,1_2452,hypothetical protein,5,5
FAM_P5489,1_2708,hypothetical protein,3,3
FAM_P5490,1_2740,hypothetical protein,6,8
FAM_P5491,1_2772,hypothetical protein,6,6
FAM_P5492,1_2804,hypothetical protein,4,4
FAM_P5493,1_2964,hypothetical protein,2,2
FAM_P5494,1_3252,hypothetical protein,3,4
FAM_P5495,1_3828,hypothetical protein,6,8
FAM_P5496,1_3956,hypothetical protein,6,6
FAM_P5497,1_4052,hypothetical protein,6,7
FAM_P5498,1_4180,hypothetical protein,2,2
SING_P390,1_4212,hypothetical protein,1,1
FAM_P5499,1_21,hypothetical protein,4,4
FAM_P5500,1_113,hypothetical protein,6,6
FAM_P5501,1_245,hypothetical protein,6,6
FAM_P5502,1_309,hypothetical protein,6,6
FAM_P5503,1_341,hypothetical protein,3,3
FAM_P5504,1_565,hypothetical protein,6,6
FAM_P5505,1_597,hypothetical protein,6,6
FAM_P5506,1_949,hypothetical protein,6,6
FAM_P5507,1_1013,hypothetical protein,6,6
FAM_P5508,1_1269,hypothetical protein,4,4
FAM_P5509,1_1333,hypothetical protein,3,3
FAM_P5510,1_1653,hypothetical protein,6,6
FAM_P5511,1_1813,hypothetical protein,5,5
FAM_P5512,1_1305,hypothetical protein,5,5
FAM_P5513,1_2581,hypothetical protein,2,2
FAM_P5514,1_2933,hypothetical protein,2,2
FAM_P5515,1_3669,hypothetical protein,2,2
FAM_P5516,1_3484,hypothetical protein,6,6
FAM_P5517,1_3591,hypothetical protein,6,6
FAM_P5518,1_3695,hypothetical protein,6,7
FAM_P5519,1_3728,hypothetical protein,6,6
FAM_P5520,1_4885,hypothetical protein,2,2
FAM_P5521,1_4917,hypothetical protein,2,2
SING_P7F8,2_1,hypothetical protein,1,1
FAM_P5522,3_29,hypothetical protein,3,3
SING_P7IS,1_41,hypothetical protein,1,1
SING_P7KK,1_105,hypothetical protein,1,1
SING_P7PW,1_297,hypothetical protein,1,1
SING_P8AC,1_1033,hypothetical protein,1,1
FAM_P5523,1_2329,hypothetical protein,3,3
SING_P8D0,1_1129,hypothetical protein,1,1
SING_P8GK,1_1257,hypothetical protein,1,1
SING_P8L0,1_1417,hypothetical protein,1,1
SING_P8LW,1_1449,hypothetical protein,1,1
FAM_P5524,1_1801,hypothetical protein,2,2
SING_P8WK,1_1833,hypothetical protein,1,1
SING_P8XG,1_1865,hypothetical protein,1,1
FAM_P5525,1_2281,hypothetical protein,1,2
SING_P9AS,1_2345,hypothetical protein,1,1
SING_P9CK,1_2409,hypothetical protein,1,1
SING_P9JO,1_2665,hypothetical protein,1,1
SING_P9KK,1_2697,hypothetical protein,1,1
SING_P9PW,1_2889,hypothetical protein,1,1
SING_P9UC,1_3049,hypothetical protein,1,1
SING_P9W4,1_3113,hypothetical protein,1,1
FAM_P5526,1_905,hypothetical protein,6,6
SING_PA44,1_3401,hypothetical protein,1,1
SING_PAES,1_3785,hypothetical protein,1,1
FAM_P5527,1_4301,hypothetical protein,3,3
SING_PAJ8,1_3945,hypothetical protein,1,1
SING_PAK4,1_3977,hypothetical protein,1,1
SING_PALW,1_4041,hypothetical protein,1,1
SING_PAMS,1_4073,hypothetical protein,1,1
SING_PANO,1_4105,hypothetical protein,1,1
SING_PAOK,1_4137,hypothetical protein,1,1
SING_PAUS,1_4361,hypothetical protein,1,1
FAM_P5528,1_3754,hypothetical protein,6,6
SING_PB6C,2_61,hypothetical protein,1,1
FAM_P5529,1_1568,hypothetical protein,5,5
FAM_P5530,1_1848,hypothetical protein,6,6
FAM_P5531,1_1914,hypothetical protein,6,6
FAM_P5532,1_1098,hypothetical protein,2,4
FAM_P5533,1_2011,hypothetical protein,6,6
FAM_P5534,1_2042,hypothetical protein,6,6
FAM_P5535,1_2678,hypothetical protein,6,6
FAM_P5536,1_2802,hypothetical protein,4,4
FAM_P5537,1_2815,hypothetical protein,6,6
FAM_P5538,1_2847,hypothetical protein,6,6
FAM_P5539,1_3740,hypothetical protein,4,4
FAM_P5540,1_3836,hypothetical protein,4,4
FAM_P5541,1_4907,hypothetical protein,2,2
FAM_P5542,1_4229,hypothetical protein,2,2
FAM_P5543,1_4261,hypothetical protein,2,2
FAM_P5544,1_4293,hypothetical protein,2,2
FAM_P5545,1_4362,hypothetical protein,2,2
FAM_P5546,1_4490,hypothetical protein,2,2
FAM_P5547,1_4522,hypothetical protein,2,2
FAM_P5548,1_4586,hypothetical protein,3,3
FAM_P5549,1_3989,hypothetical protein,6,6
FAM_P5550,1_4086,hypothetical protein,6,6
FAM_P5551,1_4118,hypothetical protein,6,6
FAM_P5552,1_4149,hypothetical protein,6,6
FAM_P5553,1_4237,hypothetical protein,6,6
FAM_P5554,1_4298,hypothetical protein,6,6
FAM_P5555,1_301,hypothetical protein,2,2
FAM_P5556,1_397,hypothetical protein,3,3
FAM_P5557,1_812,hypothetical protein,2,2
FAM_P5558,1_1133,hypothetical protein,2,2
FAM_P5559,1_1261,hypothetical protein,2,2
FAM_P5560,1_1293,hypothetical protein,2,2
FAM_P5561,1_1325,hypothetical protein,2,2
FAM_P5562,1_1485,hypothetical protein,2,2
FAM_P5563,1_1773,hypothetical protein,2,2
FAM_P5564,3_41,hypothetical protein,4,4
FAM_P5565,3_20,hypothetical protein,2,2
SING_PFF8,1_49,hypothetical protein,1,1
SING_PFG4,1_81,hypothetical protein,1,1
SING_PFIS,1_177,hypothetical protein,1,1
FAM_P5566,1_2923,hypothetical protein,3,3
FAM_P5567,1_775,hypothetical protein,2,2
SING_PGHG,1_1425,hypothetical protein,1,1
FAM_P5568,1_1380,hypothetical protein,2,2
FAM_P5569,1_1408,hypothetical protein,2,2
SING_PH90,1_2417,hypothetical protein,1,1
FAM_P5570,1_1823,hypothetical protein,6,8
SING_PHEC,1_2609,hypothetical protein,1,1
FAM_P5571,1_2633,hypothetical protein,4,5
SING_PHHW,1_2737,hypothetical protein,1,1
SING_PHN8,1_2929,hypothetical protein,1,1
FAM_P5572,1_857,hypothetical protein,6,6
FAM_P5573,1_4581,hypothetical protein,2,2
FAM_P5574,2_28,hypothetical protein,2,2
SING_PJ04,2_124,hypothetical protein,1,1
FAM_P5575,2_156,hypothetical protein,2,2
FAM_P5576,2_188,hypothetical protein,2,2
FAM_P5577,2_220,hypothetical protein,2,2
SING_PJ3O,2_252,hypothetical protein,1,1
FAM_P5578,3_32,hypothetical protein,2,2
SING_PJ5G,3_64,hypothetical protein,1,1
FAM_P5579,2_27,hypothetical protein,2,2
SING_PJ84,3_160,hypothetical protein,1,1
SING_PJ90,4_18,hypothetical protein,1,1
SING_PJ9W,4_50,hypothetical protein,1,1
SING_PJAS,4_82,hypothetical protein,1,1
SING_PJBO,4_114,hypothetical protein,1,1
FAM_P5580,1_3560,hypothetical protein,2,2
SING_PJF8,1_116,hypothetical protein,1,1
FAM_P5581,1_3150,hypothetical protein,2,3
FAM_P5582,1_732,hypothetical protein,3,3
FAM_P5583,1_2649,hypothetical protein,6,6
SING_PKK4,1_1588,hypothetical protein,1,1
FAM_P5584,1_1815,hypothetical protein,6,6
FAM_P5585,1_2327,hypothetical protein,3,3
FAM_P5586,1_3141,hypothetical protein,2,3
FAM_P5587,1_576,hypothetical protein,5,5
FAM_P5588,1_489,hypothetical protein,2,2
SING_PM6S,1_3700,hypothetical protein,1,1
SING_PM8K,1_3764,hypothetical protein,1,1
FAM_P5589,1_4087,hypothetical protein,6,6
FAM_P5590,2_1,hypothetical protein,1,2
SING_PMPG,2_33,hypothetical protein,1,1
SING_PMS4,2_129,hypothetical protein,1,1
SING_PMT0,3_11,hypothetical protein,1,1
FAM_P5591,2_87,hypothetical protein,2,2
SING_PMUS,3_75,hypothetical protein,1,1
FAM_P5592,2_202,hypothetical protein,2,2
FAM_P5593,2_27,hypothetical protein,2,2
FAM_P5594,2_248,hypothetical protein,2,2
FAM_P5595,2_216,hypothetical protein,2,2
FAM_P5596,2_185,hypothetical protein,2,2
FAM_P5597,2_152,hypothetical protein,2,2
FAM_P5598,1_2596,hypothetical protein,1,3
SING_P7P,1_277,hypothetical protein,1,1
FAM_P5599,1_1401,hypothetical protein,6,6
FAM_P5600,1_1433,hypothetical protein,6,6
SING_PUT,1_1109,hypothetical protein,1,1
FAM_P5601,1_2674,hypothetical protein,3,3
FAM_P5602,1_1365,hypothetical protein,2,2
FAM_P5603,1_2709,hypothetical protein,3,3
FAM_P5604,1_2741,hypothetical protein,6,6
FAM_P5605,1_2773,hypothetical protein,6,6
FAM_P5606,1_2805,hypothetical protein,4,4
FAM_P5607,1_3797,hypothetical protein,5,5
FAM_P5608,1_3957,hypothetical protein,6,6
FAM_P5609,1_4053,hypothetical protein,6,6
SING_P391,1_4213,hypothetical protein,1,1
FAM_P5610,1_22,hypothetical protein,4,4
FAM_P5611,1_246,hypothetical protein,6,6
FAM_P5612,1_310,hypothetical protein,6,6
FAM_P5613,1_342,hypothetical protein,6,6
FAM_P5614,1_566,hypothetical protein,6,6
FAM_P5615,1_822,hypothetical protein,2,4
FAM_P5616,1_950,hypothetical protein,6,6
FAM_P5617,1_1686,hypothetical protein,6,6
FAM_P5618,1_1814,hypothetical protein,5,5
FAM_P5619,1_1306,hypothetical protein,6,6
FAM_P5620,1_1336,hypothetical protein,4,4
FAM_P5621,1_2582,hypothetical protein,2,2
FAM_P5622,1_2934,hypothetical protein,2,2
FAM_P5623,1_2317,hypothetical protein,6,6
FAM_P5624,1_3542,hypothetical protein,2,2
FAM_P5625,1_3670,hypothetical protein,2,2
FAM_P5626,1_3485,hypothetical protein,6,6
FAM_P5627,1_4886,hypothetical protein,2,2
FAM_P5628,1_4918,hypothetical protein,2,2
FAM_P5629,1_4256,hypothetical protein,5,8
SING_P7F9,2_2,hypothetical protein,1,1
FAM_P5630,1_3629,hypothetical protein,4,4
SING_P7IT,1_42,hypothetical protein,1,1
SING_P7PX,1_298,hypothetical protein,1,1
FAM_P5631,1_2880,hypothetical protein,6,6
SING_P8D1,1_1130,hypothetical protein,1,1
SING_P8GL,1_1258,hypothetical protein,1,1
SING_P8L1,1_1418,hypothetical protein,1,1
FAM_P5632,1_4888,hypothetical protein,2,2
FAM_P5633,1_4920,hypothetical protein,2,2
FAM_P5634,1_4229,hypothetical protein,6,6
SING_P7FB,2_4,hypothetical protein,1,1
FAM_P5635,3_64,hypothetical protein,2,2
SING_P7O7,1_236,hypothetical protein,1,1
SING_P7PZ,1_300,hypothetical protein,1,1
SING_P80N,1_684,hypothetical protein,1,1
FAM_P5636,1_2917,hypothetical protein,3,3
FAM_P5637,1_908,hypothetical protein,2,2
SING_P89J,1_1004,hypothetical protein,1,1
SING_P8C7,1_1100,hypothetical protein,1,1
SING_P8D3,1_1132,hypothetical protein,1,1
SING_P8K7,1_1388,hypothetical protein,1,1
SING_P8L3,1_1420,hypothetical protein,1,1
SING_P8LZ,1_1452,hypothetical protein,1,1
FAM_P5638,1_2007,hypothetical protein,2,2
FAM_P5639,1_1804,hypothetical protein,2,2
SING_P8WN,1_1836,hypothetical protein,1,1
SING_P987,1_2252,hypothetical protein,1,1
FAM_P5640,1_2284,hypothetical protein,1,2
FAM_P5641,1_1431,hypothetical protein,6,7
FAM_P5642,1_1310,hypothetical protein,6,6
SING_PGPQ,1_1723,hypothetical protein,1,1
FAM_P5643,1_1385,hypothetical protein,2,2
SING_PGRI,1_1787,hypothetical protein,1,1
SING_PGV2,1_1915,hypothetical protein,1,1
SING_PHEM,1_2619,hypothetical protein,1,1
FAM_P5644,1_1372,hypothetical protein,6,6
SING_PHMM,1_2907,hypothetical protein,1,1
SING_PHNI,1_2939,hypothetical protein,1,1
SING_PHSU,1_3131,hypothetical protein,1,1
FAM_P5645,1_3309,hypothetical protein,2,2
SING_PI8U,1_3707,hypothetical protein,1,1
FAM_P5646,1_3963,hypothetical protein,2,2
SING_PIN2,1_4219,hypothetical protein,1,1
FAM_P5647,1_4591,hypothetical protein,2,2
FAM_P5648,2_6,hypothetical protein,2,2
FAM_P5649,2_38,hypothetical protein,2,2
FAM_P5650,2_102,hypothetical protein,2,2
SING_PJ0E,2_134,hypothetical protein,1,1
FAM_P5651,2_166,hypothetical protein,2,2
FAM_P5652,2_198,hypothetical protein,2,2
FAM_P5653,2_230,hypothetical protein,2,2
SING_PJ3Y,3_10,hypothetical protein,1,1
FAM_P5654,2_63,hypothetical protein,2,2
SING_PJ5Q,3_74,hypothetical protein,1,1
SING_PJ9A,4_28,hypothetical protein,1,1
SING_PJB2,4_92,hypothetical protein,1,1
SING_PJBY,4_124,hypothetical protein,1,1
SING_PK5A,1_1054,hypothetical protein,1,1
FAM_P5655,1_2237,hypothetical protein,6,6
FAM_P5656,1_2077,hypothetical protein,4,4
FAM_P5657,1_1538,hypothetical protein,2,2
SING_P8LX,1_1450,hypothetical protein,1,1
SING_P8WL,1_1834,hypothetical protein,1,1
FAM_P5658,1_2282,hypothetical protein,1,2
FAM_P5659,1_2506,hypothetical protein,1,2
SING_P9H1,1_2570,hypothetical protein,1,1
SING_P9IT,1_2634,hypothetical protein,1,1
SING_P9JP,1_2666,hypothetical protein,1,1
SING_P9KL,1_2698,hypothetical protein,1,1
SING_P9QT,1_2922,hypothetical protein,1,1
SING_P9UD,1_3050,hypothetical protein,1,1
SING_PAB9,1_3658,hypothetical protein,1,1
SING_PAK5,1_3978,hypothetical protein,1,1
SING_PALX,1_4042,hypothetical protein,1,1
SING_PAMT,1_4074,hypothetical protein,1,1
SING_PANP,1_4106,hypothetical protein,1,1
SING_PAOL,1_4138,hypothetical protein,1,1
SING_PATX,1_4330,hypothetical protein,1,1
SING_PAUT,1_4362,hypothetical protein,1,1
SING_PB6D,2_62,hypothetical protein,1,1
FAM_P5660,1_1631,hypothetical protein,5,5
FAM_P5661,1_1849,hypothetical protein,6,6
FAM_P5662,1_1882,hypothetical protein,6,6
FAM_P5663,1_1915,hypothetical protein,6,6
FAM_P5664,1_1978,hypothetical protein,5,5
FAM_P5665,1_2012,hypothetical protein,6,6
FAM_P5666,1_2043,hypothetical protein,6,6
FAM_P5667,1_2105,hypothetical protein,2,4
FAM_P5668,1_2494,hypothetical protein,6,6
FAM_P5669,1_2648,hypothetical protein,6,6
FAM_P5670,1_2679,hypothetical protein,6,6
FAM_P5671,1_2816,hypothetical protein,6,6
FAM_P5672,1_4906,hypothetical protein,2,2
FAM_P5673,1_4262,hypothetical protein,2,2
FAM_P5674,1_4363,hypothetical protein,2,2
FAM_P5675,1_4491,hypothetical protein,2,2
FAM_P5676,1_3990,hypothetical protein,6,6
FAM_P5677,1_4021,hypothetical protein,6,6
FAM_P5678,1_4150,hypothetical protein,6,6
FAM_P5679,1_4269,hypothetical protein,6,6
FAM_P5680,1_4299,hypothetical protein,6,6
FAM_P5681,1_270,hypothetical protein,2,2
FAM_P5682,1_302,hypothetical protein,2,2
FAM_P5683,1_526,hypothetical protein,3,3
FAM_P5684,1_813,hypothetical protein,2,2
FAM_P5685,1_1037,hypothetical protein,2,2
FAM_P5686,1_1070,hypothetical protein,2,2
FAM_P5687,1_1198,hypothetical protein,2,2
FAM_P5688,1_1262,hypothetical protein,2,2
FAM_P5689,1_1294,hypothetical protein,2,2
FAM_P5690,1_1326,hypothetical protein,2,2
FAM_P5691,1_1454,hypothetical protein,2,2
FAM_P5692,1_1486,hypothetical protein,2,2
FAM_P5693,1_1582,hypothetical protein,4,4
FAM_P5694,3_74,hypothetical protein,2,2
SING_PFF9,1_50,hypothetical protein,1,1
SING_PFG5,1_82,hypothetical protein,1,1
SING_PFH1,1_114,hypothetical protein,1,1
FAM_P5695,1_2922,hypothetical protein,3,3
SING_PG0L,1_818,hypothetical protein,1,1
SING_PGHH,1_1426,hypothetical protein,1,1
SING_PGQD,1_1746,hypothetical protein,1,1
FAM_P5696,1_1409,hypothetical protein,2,2
SING_PHHX,1_2738,hypothetical protein,1,1
SING_PHN9,1_2930,hypothetical protein,1,1
SING_PIET,1_3922,hypothetical protein,1,1
FAM_P5697,1_4582,hypothetical protein,2,2
FAM_P5698,2_29,hypothetical protein,2,2
SING_PIYD,2_61,hypothetical protein,1,1
SING_PJ05,2_125,hypothetical protein,1,1
FAM_P5699,2_157,hypothetical protein,2,2
FAM_P5700,2_189,hypothetical protein,2,2
FAM_P5701,2_221,hypothetical protein,2,2
SING_PJ3P,3_1,hypothetical protein,1,1
FAM_P5702,2_26,hypothetical protein,2,2
SING_PJ91,4_19,hypothetical protein,1,1
SING_PJ9X,4_51,hypothetical protein,1,1
SING_PJAT,4_83,hypothetical protein,1,1
SING_PJBP,4_115,hypothetical protein,1,1
FAM_P5703,1_3559,hypothetical protein,2,2
FAM_P5704,1_3149,hypothetical protein,2,2
FAM_P5705,1_733,hypothetical protein,3,3
FAM_P5706,1_2775,hypothetical protein,6,6
FAM_P5707,1_2743,hypothetical protein,6,6
FAM_P5708,1_2680,hypothetical protein,6,6
FAM_P5709,1_2453,hypothetical protein,2,2
SING_PKK5,1_1589,hypothetical protein,1,1
FAM_P5710,1_1855,hypothetical protein,4,4
SING_PKYD,1_2101,hypothetical protein,1,1
FAM_P5711,1_1485,hypothetical protein,5,8
FAM_P5712,1_1309,hypothetical protein,6,6
FAM_P5713,1_3093,hypothetical protein,2,3
FAM_P5714,1_356,hypothetical protein,4,5
FAM_P5715,1_311,hypothetical protein,6,6
SING_PM6T,1_3701,hypothetical protein,1,1
FAM_P5716,1_3947,hypothetical protein,2,2
SING_PM8L,1_3765,hypothetical protein,1,1
SING_PMPH,2_34,hypothetical protein,1,1
SING_PMS5,2_130,hypothetical protein,1,1
SING_PMT1,3_12,hypothetical protein,1,1
FAM_P5717,2_88,hypothetical protein,2,2
FAM_P5718,2_112,hypothetical protein,2,2
FAM_P5719,2_26,hypothetical protein,2,2
FAM_P5720,2_247,hypothetical protein,2,2
FAM_P5721,2_215,hypothetical protein,2,2
FAM_P5722,2_184,hypothetical protein,2,2
FAM_P5723,2_151,hypothetical protein,2,2
FAM_P5724,1_2594,hypothetical protein,1,2
SING_P7Q,1_278,hypothetical protein,1,1
FAM_P5725,1_662,hypothetical protein,2,2
FAM_P5726,1_1008,hypothetical protein,5,5
FAM_I1020,intergenic_2617938_2618074,intergenic_region,6,8
FAM_I2,intergenic_4229363_4229452,intergenic_region,6,6
FAM_I305,intergenic_4008378_4008438,intergenic_region,6,11
FAM_I964,intergenic_1524934_1525332,intergenic_region,6,6
FAM_I2797,intergenic_3038081_3038229,intergenic_region,6,25
FAM_I380,intergenic_1912686_1912880,intergenic_region,2,3
FAM_I5,intergenic_2618451_2618517,intergenic_region,6,6
FAM_I6,intergenic_2154296_2154383,intergenic_region,6,6
FAM_I7,intergenic_541226_541442,intergenic_region,6,6
FAM_I8,intergenic_512721_512868,intergenic_region,6,6
FAM_I9,intergenic_105245_105304,intergenic_region,6,6
FAM_I2857,intergenic_4084558_4084706,intergenic_region,6,170
FAM_I10,intergenic_4543664_4543769,intergenic_region,6,6
FAM_I11,intergenic_2687409_2687468,intergenic_region,6,6
FAM_I12,intergenic_2849850_2849973,intergenic_region,6,6
FAM_I13,intergenic_3138523_3138726,intergenic_region,6,6
FAM_I14,intergenic_7977_8254,intergenic_region,6,6
FAM_I1891,intergenic_435511_435634,intergenic_region,6,15
FAM_I16,intergenic_1745795_1745879,intergenic_region,6,6
FAM_I17,intergenic_3822052_3822105,intergenic_region,6,6
FAM_I1503,intergenic_3648882_3648934,intergenic_region,3,3
FAM_I1401,intergenic_4383323_4383375,intergenic_region,2,2
FAM_I19,intergenic_3537289_3537384,intergenic_region,6,6
FAM_I20,intergenic_3919663_3919725,intergenic_region,4,4
FAM_I21,intergenic_2747796_2747886,intergenic_region,6,6
FAM_I22,intergenic_2379153_2379254,intergenic_region,6,6
FAM_I23,intergenic_1010513_1010603,intergenic_region,6,6
FAM_I2622,intergenic_4070402_4070514,intergenic_region,2,2
FAM_I24,intergenic_563716_563846,intergenic_region,6,6
FAM_I2500,intergenic_4298727_4298844,intergenic_region,6,13
FAM_I25,intergenic_538482_538661,intergenic_region,6,6
FAM_I26,intergenic_31603_31667,intergenic_region,6,6
FAM_I27,intergenic_3725713_3725886,intergenic_region,6,6
FAM_I28,intergenic_2544624_2544751,intergenic_region,6,6
FAM_I29,intergenic_3096269_3096557,intergenic_region,6,6
FAM_I2722,intergenic_3107101_3107455,intergenic_region,6,38
FAM_I31,intergenic_859110_859258,intergenic_region,6,6
FAM_I32,intergenic_782776_782834,intergenic_region,6,6
FAM_I33,intergenic_750396_750654,intergenic_region,6,6
FAM_I34,intergenic_725323_725551,intergenic_region,6,6
FAM_I35,intergenic_4473210_4473339,intergenic_region,5,5
FAM_I36,intergenic_4366774_4366890,intergenic_region,6,6
FAM_I37,intergenic_4340525_4340719,intergenic_region,6,6
FAM_I38,intergenic_63156_63449,intergenic_region,5,5
FAM_I39,intergenic_136879_137082,intergenic_region,6,6
FAM_I40,intergenic_174051_174100,intergenic_region,6,6
FAM_I41,intergenic_239554_239608,intergenic_region,6,6
FAM_I42,intergenic_292091_292146,intergenic_region,5,5
FAM_I43,intergenic_460704_461165,intergenic_region,6,6
FAM_I44,intergenic_484342_484496,intergenic_region,6,6
FAM_I45,intergenic_565766_565916,intergenic_region,6,6
FAM_I46,intergenic_624816_625044,intergenic_region,6,6
FAM_I47,intergenic_565979_566097,intergenic_region,2,2
FAM_I48,intergenic_584431_584679,intergenic_region,3,3
FAM_I49,intergenic_694152_694393,intergenic_region,6,6
FAM_I50,intergenic_727936_727985,intergenic_region,5,5
FAM_I51,intergenic_862034_862165,intergenic_region,6,6
FAM_I52,intergenic_930277_930334,intergenic_region,6,6
FAM_I53,intergenic_969933_970048,intergenic_region,6,6
FAM_I54,intergenic_1003325_1003536,intergenic_region,6,6
FAM_I55,intergenic_1068331_1068484,intergenic_region,6,6
FAM_I56,intergenic_1093313_1093471,intergenic_region,6,6
FAM_I57,intergenic_1473464_1473545,intergenic_region,6,6
FAM_I58,intergenic_1497561_1497625,intergenic_region,6,6
FAM_I59,intergenic_1527404_1527464,intergenic_region,6,6
FAM_I60,intergenic_1665533_1665903,intergenic_region,6,8
FAM_I61,intergenic_1742302_1742777,intergenic_region,6,6
FAM_I62,intergenic_1831513_1831891,intergenic_region,6,6
FAM_I63,intergenic_1923350_1923591,intergenic_region,5,5
FAM_I64,intergenic_1974534_1974898,intergenic_region,6,6
FAM_I65,intergenic_3247311_3247377,intergenic_region,4,7
FAM_I66,intergenic_276018_276197,intergenic_region,4,4
FAM_I67,intergenic_2077661_2078004,intergenic_region,6,6
FAM_I68,intergenic_2149882_2150135,intergenic_region,6,6
FAM_I69,intergenic_2267158_2267281,intergenic_region,6,6
FAM_I70,intergenic_2296811_2297038,intergenic_region,6,6
FAM_I71,intergenic_2349360_2349410,intergenic_region,6,6
FAM_I72,intergenic_2382826_2382881,intergenic_region,6,6
FAM_I1054,intergenic_2422936_2423164,intergenic_region,6,55
FAM_I74,intergenic_2463072_2463440,intergenic_region,6,6
FAM_I75,intergenic_2483551_2483652,intergenic_region,5,5
FAM_I76,intergenic_2507226_2507535,intergenic_region,6,6
FAM_I77,intergenic_2151378_2151533,intergenic_region,4,4
FAM_I78,intergenic_2561914_2562128,intergenic_region,6,6
FAM_I79,intergenic_2644197_2644300,intergenic_region,6,6
FAM_I80,intergenic_2713153_2713451,intergenic_region,5,5
FAM_I81,intergenic_2749682_2749754,intergenic_region,6,7
FAM_I82,intergenic_2862607_2862823,intergenic_region,6,6
FAM_I83,intergenic_2985881_2985953,intergenic_region,6,6
FAM_I84,intergenic_3017458_3017581,intergenic_region,6,6
FAM_I85,intergenic_3052999_3053272,intergenic_region,6,6
FAM_I86,intergenic_3094924_3095201,intergenic_region,6,6
FAM_I87,intergenic_3126471_3126522,intergenic_region,6,6
FAM_I88,intergenic_2423540_2423735,intergenic_region,6,6
FAM_I89,intergenic_2477630_2477846,intergenic_region,4,5
FAM_I90,intergenic_2539584_2539716,intergenic_region,6,6
FAM_I91,intergenic_2572051_2572156,intergenic_region,6,6
FAM_I92,intergenic_2685508_2685834,intergenic_region,6,6
FAM_I93,intergenic_2716450_2716753,intergenic_region,6,6
SING_I14X,intergenic_2768574_2768664,intergenic_region,1,1
FAM_I94,intergenic_2800476_2800722,intergenic_region,6,8
FAM_I95,intergenic_2824347_2824490,intergenic_region,6,6
FAM_I96,intergenic_2860417_2860466,intergenic_region,3,3
FAM_I97,intergenic_2899419_2899487,intergenic_region,6,6
FAM_I98,intergenic_2929519_2929575,intergenic_region,6,6
FAM_I99,intergenic_2968978_2969329,intergenic_region,6,6
FAM_I100,intergenic_3024187_3024350,intergenic_region,5,5
FAM_I101,intergenic_3089679_3089796,intergenic_region,5,5
FAM_I102,intergenic_3155219_3155354,intergenic_region,6,6
FAM_I103,intergenic_3183324_3183380,intergenic_region,5,5
FAM_I104,intergenic_3214889_3214966,intergenic_region,6,6
FAM_I105,intergenic_3241745_3241826,intergenic_region,6,6
FAM_I106,intergenic_3299916_3299965,intergenic_region,6,6
FAM_I107,intergenic_3328084_3328238,intergenic_region,6,6
FAM_I108,intergenic_3476441_3476606,intergenic_region,6,6
FAM_I109,intergenic_3503953_3504051,intergenic_region,4,4
FAM_I110,intergenic_3578727_3578949,intergenic_region,6,6
FAM_I111,intergenic_3608650_3608750,intergenic_region,6,16
FAM_I112,intergenic_3639721_3640110,intergenic_region,6,6
FAM_I113,intergenic_3785016_3785259,intergenic_region,6,6
FAM_I114,intergenic_3863604_3863898,intergenic_region,5,5
FAM_I115,intergenic_3895219_3895271,intergenic_region,6,6
FAM_I116,intergenic_3925634_3926011,intergenic_region,6,6
FAM_I117,intergenic_3960461_3960676,intergenic_region,4,4
FAM_I118,intergenic_4004698_4004861,intergenic_region,6,6
FAM_I119,intergenic_4042000_4042068,intergenic_region,6,6
FAM_I120,intergenic_4069277_4069474,intergenic_region,3,3
FAM_I121,intergenic_4122288_4122379,intergenic_region,6,6
FAM_I122,intergenic_4154848_4155000,intergenic_region,6,6
FAM_I123,intergenic_4392150_4392927,intergenic_region,6,6
FAM_I124,intergenic_4442177_4442381,intergenic_region,6,6
SING_I1TT,intergenic_4525804_4526105,intergenic_region,1,1
FAM_I125,intergenic_4618103_4618228,intergenic_region,5,9
FAM_I2556,intergenic_414435_414566,intergenic_region,6,28
FAM_I126,intergenic_32583_32748,intergenic_region,6,6
FAM_I127,intergenic_107475_107629,intergenic_region,6,6
FAM_I128,intergenic_141226_141430,intergenic_region,6,6
FAM_I129,intergenic_180729_180809,intergenic_region,6,6
FAM_I130,intergenic_215165_215220,intergenic_region,6,6
FAM_I131,intergenic_361035_361390,intergenic_region,6,6
FAM_I132,intergenic_462943_463060,intergenic_region,6,6
FAM_I133,intergenic_488550_488641,intergenic_region,6,6
FAM_I134,intergenic_511229_511355,intergenic_region,6,6
FAM_I1416,intergenic_4849496_4849684,intergenic_region,6,47
FAM_I135,intergenic_650195_650664,intergenic_region,5,5
FAM_I136,intergenic_724775_724911,intergenic_region,4,4
FAM_I137,intergenic_855160_855964,intergenic_region,4,4
FAM_I138,intergenic_953012_953239,intergenic_region,6,6
FAM_I139,intergenic_979073_979129,intergenic_region,6,6
FAM_I140,intergenic_1008677_1008960,intergenic_region,6,6
FAM_I141,intergenic_1070451_1070540,intergenic_region,6,6
FAM_I142,intergenic_1100265_1100315,intergenic_region,6,6
FAM_I143,intergenic_1141344_1141472,intergenic_region,6,6
FAM_I144,intergenic_1219695_1219878,intergenic_region,6,6
FAM_I145,intergenic_1458106_1458159,intergenic_region,6,6
FAM_I146,intergenic_1481893_1481997,intergenic_region,6,6
FAM_I147,intergenic_1507928_1507994,intergenic_region,6,6
FAM_I148,intergenic_1591997_1592245,intergenic_region,6,6
FAM_I149,intergenic_1684746_1684844,intergenic_region,6,6
FAM_I150,intergenic_1715039_1715185,intergenic_region,6,19
FAM_I151,intergenic_1827487_1827698,intergenic_region,6,6
FAM_I152,intergenic_1850950_1851092,intergenic_region,6,6
FAM_I153,intergenic_1894524_1894670,intergenic_region,6,6
FAM_I154,intergenic_1923062_1923160,intergenic_region,5,5
FAM_I155,intergenic_1978424_1978696,intergenic_region,6,6
FAM_I156,intergenic_2009497_2009607,intergenic_region,6,6
FAM_I157,intergenic_2034747_2034926,intergenic_region,6,6
FAM_I1717,intergenic_1558463_1558512,intergenic_region,2,16
FAM_I159,intergenic_2158319_2158377,intergenic_region,2,4
FAM_I160,intergenic_1554934_1555247,intergenic_region,2,8
FAM_I161,intergenic_2257810_2258007,intergenic_region,6,6
FAM_I162,intergenic_2295830_2296219,intergenic_region,6,6
FAM_I163,intergenic_2345976_2346547,intergenic_region,6,6
FAM_I164,intergenic_2421907_2422107,intergenic_region,6,6
FAM_I165,intergenic_2480306_2480748,intergenic_region,6,6
FAM_I166,intergenic_2500263_2500392,intergenic_region,6,6
FAM_I167,intergenic_2527307_2527407,intergenic_region,6,6
FAM_I168,intergenic_2592182_2592242,intergenic_region,6,6
FAM_I169,intergenic_2649507_2649668,intergenic_region,6,6
FAM_I170,intergenic_2731541_2731996,intergenic_region,6,7
FAM_I171,intergenic_2755191_2755398,intergenic_region,6,6
FAM_I172,intergenic_2812755_2813412,intergenic_region,6,6
FAM_I173,intergenic_2852233_2852488,intergenic_region,6,6
FAM_I174,intergenic_2948489_2948739,intergenic_region,6,6
FAM_I175,intergenic_2976797_2976937,intergenic_region,6,6
FAM_I176,intergenic_3004632_3005043,intergenic_region,6,6
FAM_I177,intergenic_3044657_3044767,intergenic_region,6,6
FAM_I178,intergenic_3114585_3115715,intergenic_region,6,9
FAM_I179,intergenic_3146091_3146145,intergenic_region,6,6
FAM_I180,intergenic_2508243_2508460,intergenic_region,6,6
FAM_I181,intergenic_2665245_2665434,intergenic_region,6,6
FAM_I182,intergenic_2699924_2700617,intergenic_region,6,7
FAM_I183,intergenic_2736884_2737153,intergenic_region,6,6
FAM_I184,intergenic_3499074_3499172,intergenic_region,3,3
FAM_I185,intergenic_2905419_2905556,intergenic_region,6,6
FAM_I186,intergenic_2933689_2934234,intergenic_region,6,6
FAM_I187,intergenic_2971134_2971270,intergenic_region,6,6
FAM_I188,intergenic_2995093_2995313,intergenic_region,4,4
FAM_I189,intergenic_3060647_3060849,intergenic_region,6,6
FAM_I190,intergenic_3090253_3090346,intergenic_region,6,6
FAM_I191,intergenic_3860697_3861483,intergenic_region,2,2
FAM_I192,intergenic_3151985_3152235,intergenic_region,6,6
FAM_I193,intergenic_3179597_3179743,intergenic_region,6,6
FAM_I194,intergenic_3298847_3298973,intergenic_region,6,6
FAM_I195,intergenic_3327665_3327789,intergenic_region,6,6
FAM_I196,intergenic_3372575_3372682,intergenic_region,6,6
FAM_I197,intergenic_3396259_3396325,intergenic_region,6,6
FAM_I198,intergenic_3433561_3433689,intergenic_region,6,6
FAM_I199,intergenic_3481159_3481288,intergenic_region,6,6
FAM_I200,intergenic_3515914_3516019,intergenic_region,6,6
FAM_I201,intergenic_3546200_3546558,intergenic_region,6,6
FAM_I202,intergenic_3647652_3647815,intergenic_region,6,6
FAM_I203,intergenic_3664619_3664985,intergenic_region,6,6
FAM_I204,intergenic_3727749_3727916,intergenic_region,6,6
FAM_I205,intergenic_3792552_3792825,intergenic_region,3,3
FAM_I206,intergenic_3843790_3843963,intergenic_region,6,6
FAM_I207,intergenic_3876953_3877066,intergenic_region,6,6
FAM_I208,intergenic_3927004_3927154,intergenic_region,6,6
FAM_I209,intergenic_3966091_3966416,intergenic_region,6,6
FAM_I210,intergenic_4046603_4046721,intergenic_region,6,6
FAM_I211,intergenic_4075455_4075552,intergenic_region,6,6
FAM_I212,intergenic_4106321_4106468,intergenic_region,6,6
FAM_I213,intergenic_4123235_4123430,intergenic_region,6,6
FAM_I214,intergenic_4150266_4150446,intergenic_region,6,6
FAM_I215,intergenic_4189574_4189785,intergenic_region,4,4
FAM_I2550,intergenic_5038671_5039052,intergenic_region,6,25
FAM_I997,intergenic_4108515_4108833,intergenic_region,6,13
FAM_I218,intergenic_4274662_4274759,intergenic_region,6,6
FAM_I219,intergenic_4343267_4343380,intergenic_region,4,4
FAM_I220,intergenic_4370413_4370687,intergenic_region,6,6
FAM_I221,intergenic_4400597_4400671,intergenic_region,6,6
FAM_I222,intergenic_4426558_4426627,intergenic_region,6,6
FAM_I223,intergenic_4605664_4605803,intergenic_region,6,6
FAM_I224,intergenic_4632671_4632789,intergenic_region,6,6
FAM_I225,intergenic_3742533_3742732,intergenic_region,4,4
FAM_I226,intergenic_4391572_4392253,intergenic_region,4,4
FAM_I227,intergenic_4355441_4355516,intergenic_region,3,3
SING_I469,intergenic_330805_330857,intergenic_region,1,1
FAM_I228,intergenic_3455399_3455577,intergenic_region,3,3
FAM_I229,intergenic_3412538_3412620,intergenic_region,6,6
FAM_I230,intergenic_3216492_3216778,intergenic_region,6,6
SING_I4B5,intergenic_692837_692922,intergenic_region,1,1
FAM_I231,intergenic_3162670_3162743,intergenic_region,6,6
SING_I4EP,intergenic_1003794_1003851,intergenic_region,1,1
SING_I4FL,intergenic_1067089_1067212,intergenic_region,1,1
SING_I4HD,intergenic_1191950_1192090,intergenic_region,1,1
FAM_I232,intergenic_2744108_2744182,intergenic_region,6,6
FAM_I233,intergenic_2531234_2531462,intergenic_region,6,6
SING_I4LT,intergenic_1504294_1504393,intergenic_region,1,1
FAM_I234,intergenic_2436650_2436714,intergenic_region,6,6
FAM_I235,intergenic_3139438_3139774,intergenic_region,6,6
FAM_I236,intergenic_3065326_3065471,intergenic_region,5,5
SING_I4O1,intergenic_1680300_1680407,intergenic_region,1,1
FAM_I237,intergenic_2991078_2991147,intergenic_region,5,5
SING_I8U8,intergenic_1722348_1722415,intergenic_region,1,1
SING_I4PT,intergenic_1805095_1805218,intergenic_region,1,1
FAM_I238,intergenic_1856543_1856716,intergenic_region,3,3
FAM_I239,intergenic_2752004_2752174,intergenic_region,6,6
SING_I4RL,intergenic_1941161_1941264,intergenic_region,1,1
SING_I4S1,intergenic_2022900_2022986,intergenic_region,1,1
FAM_I240,intergenic_2532359_2532424,intergenic_region,6,6
FAM_I241,intergenic_1137073_1137315,intergenic_region,6,14
FAM_I242,intergenic_2314136_2314240,intergenic_region,6,6
FAM_I243,intergenic_2077344_2077444,intergenic_region,6,6
FAM_I244,intergenic_1843828_1843952,intergenic_region,6,6
FAM_I245,intergenic_1656649_1656704,intergenic_region,5,6
SING_I541,intergenic_2806165_2806220,intergenic_region,1,1
SING_I54X,intergenic_2852847_2853003,intergenic_region,1,1
FAM_I246,intergenic_1518539_1518597,intergenic_region,6,6
FAM_I247,intergenic_1489414_1489488,intergenic_region,6,6
SING_I57L,intergenic_3032626_3032825,intergenic_region,1,1
FAM_I248,intergenic_1325280_1325336,intergenic_region,6,6
SING_I5A9,intergenic_3229083_3229411,intergenic_region,1,1
SING_I5B5,intergenic_3294097_3294175,intergenic_region,1,1
FAM_I249,intergenic_791491_791629,intergenic_region,6,6
FAM_I250,intergenic_771947_772035,intergenic_region,6,6
FAM_I251,intergenic_737325_737912,intergenic_region,6,6
FAM_I1810,intergenic_3586658_3587074,intergenic_region,3,4
FAM_I252,intergenic_482893_482967,intergenic_region,6,6
SING_I5J5,intergenic_3846831_3847242,intergenic_region,1,1
FAM_I253,intergenic_237369_237577,intergenic_region,6,6
FAM_I254,intergenic_198063_198250,intergenic_region,6,6
FAM_I255,intergenic_4599442_4599694,intergenic_region,6,6
FAM_I256,intergenic_4558290_4558353,intergenic_region,6,6
FAM_I257,intergenic_1425570_1426298,intergenic_region,3,3
SING_I5QP,intergenic_4369136_4369284,intergenic_region,1,1
FAM_I258,intergenic_4485952_4486238,intergenic_region,6,6
FAM_I259,intergenic_4457866_4457958,intergenic_region,6,6
FAM_I260,intergenic_4428718_4428934,intergenic_region,6,6
FAM_I261,intergenic_4376266_4376316,intergenic_region,6,6
FAM_I262,intergenic_4347327_4347403,intergenic_region,6,6
FAM_I263,intergenic_4312043_4312100,intergenic_region,4,4
FAM_I264,intergenic_4277384_4277468,intergenic_region,6,6
SING_I5UP,intergenic_4656524_4656678,intergenic_region,1,1
FAM_I265,intergenic_4200554_4200625,intergenic_region,6,6
SING_I5WH,intergenic_4795479_4795554,intergenic_region,1,1
FAM_I266,intergenic_4112215_4112314,intergenic_region,6,6
FAM_I267,intergenic_4053419_4053646,intergenic_region,3,3
FAM_I268,intergenic_4017193_4017332,intergenic_region,6,6
FAM_I269,intergenic_3920889_3920949,intergenic_region,6,6
FAM_I270,intergenic_2156947_2157034,intergenic_region,6,6
FAM_I271,intergenic_2136375_2136512,intergenic_region,6,6
FAM_I272,intergenic_2100697_2101013,intergenic_region,6,6
FAM_I273,intergenic_2038966_2039206,intergenic_region,6,6
FAM_I274,intergenic_2012718_2012933,intergenic_region,6,6
FAM_I275,intergenic_1980483_1980689,intergenic_region,6,6
FAM_I276,intergenic_1564486_1564548,intergenic_region,2,9
FAM_I277,intergenic_2279310_2279494,intergenic_region,6,6
FAM_I278,intergenic_2364972_2365070,intergenic_region,6,6
FAM_I279,intergenic_2393961_2394022,intergenic_region,6,6
FAM_I280,intergenic_2412983_2413270,intergenic_region,5,5
FAM_I281,intergenic_2444521_2444647,intergenic_region,4,4
FAM_I282,intergenic_2471981_2472258,intergenic_region,6,6
FAM_I283,intergenic_2493234_2493290,intergenic_region,6,6
SING_I69D,intergenic_567873_567924,intergenic_region,1,1
FAM_I284,intergenic_2541060_2541189,intergenic_region,6,6
FAM_I285,intergenic_2583677_2583842,intergenic_region,6,6
FAM_I286,intergenic_2721626_2721886,intergenic_region,6,6
FAM_I287,intergenic_1453831_1453892,intergenic_region,6,10
FAM_I1400,intergenic_2052057_2052424,intergenic_region,4,7
FAM_I289,intergenic_1253746_1253819,intergenic_region,5,7
FAM_I290,intergenic_3070088_3070782,intergenic_region,6,6
FAM_I291,intergenic_2432943_2433011,intergenic_region,6,6
FAM_I292,intergenic_2464071_2464251,intergenic_region,6,6
FAM_I293,intergenic_2491951_2492003,intergenic_region,6,6
FAM_I294,intergenic_2530177_2530246,intergenic_region,6,6
FAM_I295,intergenic_2578378_2578665,intergenic_region,6,6
FAM_I296,intergenic_2620873_2621196,intergenic_region,6,6
FAM_I297,intergenic_2719155_2719222,intergenic_region,6,6
FAM_I298,intergenic_2750709_2750830,intergenic_region,6,6
FAM_I299,intergenic_2798496_2799163,intergenic_region,6,6
FAM_I300,intergenic_2819147_2819380,intergenic_region,6,6
FAM_I301,intergenic_2922101_2922534,intergenic_region,6,6
FAM_I302,intergenic_2950574_2950634,intergenic_region,5,5
SING_I8L3,intergenic_1026514_1026594,intergenic_region,1,1
FAM_I303,intergenic_2988169_2988249,intergenic_region,4,4
FAM_I304,intergenic_3005787_3006264,intergenic_region,5,5
FAM_I492,intergenic_567222_567353,intergenic_region,6,11
FAM_I2728,intergenic_173445_173601,intergenic_region,6,24
FAM_I2669,intergenic_4108669_4108786,intergenic_region,4,4
FAM_I306,intergenic_3105513_3105713,intergenic_region,6,6
FAM_I307,intergenic_3253268_3253317,intergenic_region,5,5
FAM_I308,intergenic_3286270_3286323,intergenic_region,6,6
FAM_I1636,intergenic_3313179_3313341,intergenic_region,6,6
FAM_I310,intergenic_3348239_3348451,intergenic_region,6,6
FAM_I311,intergenic_3385174_3385537,intergenic_region,6,6
FAM_I312,intergenic_3418285_3418389,intergenic_region,6,6
FAM_I313,intergenic_4193549_4193644,intergenic_region,5,5
FAM_I314,intergenic_3496878_3497002,intergenic_region,6,6
FAM_I315,intergenic_3534441_3534515,intergenic_region,5,5
FAM_I316,intergenic_4294964_4295102,intergenic_region,3,3
FAM_I317,intergenic_3605611_3605750,intergenic_region,6,6
FAM_I318,intergenic_3637411_3637641,intergenic_region,6,6
FAM_I319,intergenic_3655831_3655965,intergenic_region,6,6
FAM_I320,intergenic_3683448_3683629,intergenic_region,6,6
FAM_I321,intergenic_3751869_3751991,intergenic_region,4,4
FAM_I322,intergenic_3784129_3784190,intergenic_region,6,6
FAM_I323,intergenic_3866898_3867008,intergenic_region,6,6
FAM_I324,intergenic_4686275_4686410,intergenic_region,3,3
FAM_I325,intergenic_4004179_4004229,intergenic_region,6,6
FAM_I326,intergenic_4101431_4101689,intergenic_region,6,6
FAM_I327,intergenic_4222488_4222803,intergenic_region,4,4
FAM_I328,intergenic_4246420_4246511,intergenic_region,6,8
FAM_I329,intergenic_4266862_4267113,intergenic_region,6,6
FAM_I330,intergenic_4335591_4335693,intergenic_region,6,6
FAM_I331,intergenic_4360032_4360395,intergenic_region,6,6
FAM_I332,intergenic_5239749_5239898,intergenic_region,4,4
FAM_I333,intergenic_4416771_4416951,intergenic_region,6,6
FAM_I334,intergenic_4437496_4437706,intergenic_region,4,4
FAM_I335,intergenic_4466181_4466298,intergenic_region,6,6
FAM_I336,intergenic_5421689_5422037,intergenic_region,3,3
FAM_I337,intergenic_4595852_4595989,intergenic_region,5,5
FAM_I338,intergenic_4620827_4620882,intergenic_region,5,5
FAM_I339,intergenic_110985_111043,intergenic_region,6,6
FAM_I340,intergenic_144473_144576,intergenic_region,6,6
FAM_I341,intergenic_184955_185083,intergenic_region,6,6
FAM_I342,intergenic_465425_465543,intergenic_region,6,6
FAM_I343,intergenic_491250_491309,intergenic_region,6,6
FAM_I344,intergenic_517665_518123,intergenic_region,6,6
FAM_I345,intergenic_542360_542737,intergenic_region,6,6
FAM_I346,intergenic_622611_622725,intergenic_region,4,4
FAM_I347,intergenic_656941_657304,intergenic_region,6,6
FAM_I348,intergenic_756143_756377,intergenic_region,6,6
FAM_I349,intergenic_918655_918714,intergenic_region,5,8
FAM_I350,intergenic_980051_980268,intergenic_region,6,6
FAM_I351,intergenic_1035496_1035705,intergenic_region,3,3
FAM_I352,intergenic_1071834_1072071,intergenic_region,6,6
FAM_I353,intergenic_1101242_1101394,intergenic_region,6,6
FAM_I354,intergenic_1144932_1145186,intergenic_region,6,6
FAM_I355,intergenic_1221184_1221302,intergenic_region,4,4
FAM_I1618,intergenic_1174845_1175291,intergenic_region,5,11
FAM_I356,intergenic_1305300_1305418,intergenic_region,4,8
FAM_I357,intergenic_1459476_1459546,intergenic_region,6,6
FAM_I358,intergenic_1482559_1482691,intergenic_region,6,6
FAM_I359,intergenic_1510641_1510850,intergenic_region,6,6
FAM_I360,intergenic_1594643_1594890,intergenic_region,6,6
FAM_I361,intergenic_3815769_3815862,intergenic_region,6,6
FAM_I362,intergenic_3612915_3612968,intergenic_region,4,4
FAM_I363,intergenic_3499616_3499909,intergenic_region,6,6
FAM_I364,intergenic_3474553_3474677,intergenic_region,6,6
FAM_I365,intergenic_3420067_3420133,intergenic_region,6,6
FAM_I366,intergenic_3326945_3327034,intergenic_region,6,6
FAM_I367,intergenic_3258011_3258284,intergenic_region,6,6
FAM_I368,intergenic_3210544_3210780,intergenic_region,6,6
FAM_I369,intergenic_3156519_3156622,intergenic_region,6,6
FAM_I370,intergenic_4378100_4378874,intergenic_region,2,2
FAM_I371,intergenic_2970352_2970419,intergenic_region,6,6
SING_I8NL,intergenic_1214174_1214477,intergenic_region,1,1
FAM_I372,intergenic_2653340_2654156,intergenic_region,6,6
FAM_I373,intergenic_2628939_2629119,intergenic_region,6,6
FAM_I374,intergenic_2582778_2582902,intergenic_region,6,6
FAM_I375,intergenic_2462647_2463011,intergenic_region,5,5
FAM_I376,intergenic_3135084_3135166,intergenic_region,6,6
SING_I8TD,intergenic_1640851_1641074,intergenic_region,1,1
FAM_I377,intergenic_2990250_2990378,intergenic_region,6,6
FAM_I378,intergenic_2868090_2868380,intergenic_region,6,6
SING_I8WH,intergenic_1903489_1903605,intergenic_region,1,1
FAM_I379,intergenic_2753906_2754023,intergenic_region,6,6
FAM_I381,intergenic_2633738_2633874,intergenic_region,4,9
SING_I8YP,intergenic_2046621_2046689,intergenic_region,1,1
FAM_I382,intergenic_2289690_2289789,intergenic_region,6,6
FAM_I383,intergenic_2257433_2257503,intergenic_region,6,6
FAM_I384,intergenic_2102172_2102222,intergenic_region,6,6
FAM_I385,intergenic_2014278_2014537,intergenic_region,6,6
SING_I975,intergenic_2590292_2590542,intergenic_region,1,1
FAM_I386,intergenic_1875869_1876034,intergenic_region,6,6
FAM_I387,intergenic_1734315_1734387,intergenic_region,6,6
FAM_I388,intergenic_4582815_4582933,intergenic_region,3,6
FAM_I389,intergenic_2830373_2830473,intergenic_region,1,1
SING_IB60,intergenic_2643472_2643604,intergenic_region,1,1
FAM_I390,intergenic_1487015_1487123,intergenic_region,6,6
FAM_I391,intergenic_878519_878646,intergenic_region,6,6
FAM_I1386,intergenic_798795_799104,intergenic_region,5,7
FAM_I392,intergenic_3369179_3369300,intergenic_region,1,1
FAM_I393,intergenic_773580_773692,intergenic_region,6,6
FAM_I394,intergenic_684388_684488,intergenic_region,6,6
FAM_I395,intergenic_612078_612137,intergenic_region,6,6
FAM_I396,intergenic_419957_420007,intergenic_region,6,6
SING_I9PD,intergenic_3870175_3870290,intergenic_region,1,1
FAM_I397,intergenic_166355_166427,intergenic_region,6,6
FAM_I398,intergenic_136465_136569,intergenic_region,6,6
FAM_I399,intergenic_100712_100764,intergenic_region,6,6
FAM_I400,intergenic_5038_5250,intergenic_region,6,6
FAM_I401,intergenic_4594723_4594936,intergenic_region,5,5
FAM_I402,intergenic_4405986_4406189,intergenic_region,6,6
SING_I9Z5,intergenic_4560196_4560384,intergenic_region,1,1
FAM_I403,intergenic_4111508_4111614,intergenic_region,6,6
FAM_I404,intergenic_4079510_4079726,intergenic_region,6,6
FAM_I405,intergenic_3997900_3997982,intergenic_region,6,6
FAM_I406,intergenic_3821171_3821427,intergenic_region,6,6
FAM_I407,intergenic_3790082_3790319,intergenic_region,6,6
FAM_I408,intergenic_3696186_3696469,intergenic_region,6,6
FAM_I409,intergenic_3609883_3609954,intergenic_region,6,6
FAM_I410,intergenic_3581627_3581862,intergenic_region,3,3
FAM_I411,intergenic_3542965_3543166,intergenic_region,6,6
FAM_I412,intergenic_3510977_3511059,intergenic_region,4,4
FAM_I413,intergenic_3478498_3478591,intergenic_region,6,6
FAM_I414,intergenic_3437895_3438023,intergenic_region,6,6
FAM_I415,intergenic_3401088_3401391,intergenic_region,6,6
FAM_I416,intergenic_3374490_3374868,intergenic_region,5,5
FAM_I417,intergenic_3333452_3333709,intergenic_region,6,6
FAM_I418,intergenic_3305818_3305970,intergenic_region,6,6
FAM_I419,intergenic_3276854_3277001,intergenic_region,5,5
FAM_I420,intergenic_3247429_3247772,intergenic_region,6,6
FAM_I421,intergenic_3217403_3217555,intergenic_region,5,5
FAM_I422,intergenic_3158577_3158626,intergenic_region,4,4
FAM_I423,intergenic_3083798_3083934,intergenic_region,6,6
FAM_I424,intergenic_3055445_3055611,intergenic_region,6,6
FAM_I425,intergenic_2966038_2966187,intergenic_region,6,6
FAM_I426,intergenic_2926197_2926307,intergenic_region,6,6
FAM_I427,intergenic_2892580_2892656,intergenic_region,6,6
FAM_I428,intergenic_2822640_2822707,intergenic_region,6,6
FAM_I429,intergenic_2797029_2797210,intergenic_region,6,6
FAM_I430,intergenic_2736012_2736145,intergenic_region,6,6
FAM_I431,intergenic_2635815_2635883,intergenic_region,4,4
FAM_I432,intergenic_2512707_2513041,intergenic_region,6,7
FAM_I433,intergenic_2480531_2480637,intergenic_region,6,6
FAM_I434,intergenic_2426789_2427008,intergenic_region,6,6
FAM_I435,intergenic_3131378_3131639,intergenic_region,6,6
FAM_I436,intergenic_1643663_1643735,intergenic_region,4,4
FAM_I437,intergenic_3017867_3018004,intergenic_region,6,6
FAM_I1091,intergenic_2955428_2955556,intergenic_region,2,2
FAM_I439,intergenic_2840568_2840757,intergenic_region,6,6
FAM_I440,intergenic_2726126_2726467,intergenic_region,6,6
FAM_I441,intergenic_2649897_2650193,intergenic_region,6,6
FAM_I442,intergenic_2564528_2564646,intergenic_region,4,4
FAM_I443,intergenic_2548044_2548317,intergenic_region,6,6
FAM_I444,intergenic_2523631_2523747,intergenic_region,6,6
FAM_I445,intergenic_2496698_2496770,intergenic_region,6,6
FAM_I446,intergenic_2478597_2478650,intergenic_region,6,6
FAM_I447,intergenic_2447658_2447773,intergenic_region,6,6
FAM_I448,intergenic_2370036_2370463,intergenic_region,6,6
FAM_I449,intergenic_2337394_2337691,intergenic_region,6,6
FAM_I450,intergenic_2315751_2315811,intergenic_region,6,6
FAM_I451,intergenic_2255081_2255285,intergenic_region,6,6
FAM_I452,intergenic_2143457_2143667,intergenic_region,6,6
FAM_I453,intergenic_2075219_2075351,intergenic_region,6,6
FAM_I454,intergenic_2042767_2042841,intergenic_region,5,5
FAM_I455,intergenic_2561282_2561378,intergenic_region,3,5
FAM_I456,intergenic_1904336_1904385,intergenic_region,6,6
FAM_I457,intergenic_1719082_1719230,intergenic_region,6,6
FAM_I458,intergenic_1669632_1669702,intergenic_region,6,6
FAM_I459,intergenic_1483340_1483402,intergenic_region,6,6
FAM_I460,intergenic_3012320_3012383,intergenic_region,4,4
FAM_I461,intergenic_1156488_1156582,intergenic_region,6,6
FAM_I462,intergenic_1116455_1117056,intergenic_region,6,6
FAM_I463,intergenic_1086277_1086405,intergenic_region,6,6
FAM_I464,intergenic_1053667_1053988,intergenic_region,6,6
FAM_I465,intergenic_1017195_1017254,intergenic_region,6,6
FAM_I466,intergenic_3290919_3291060,intergenic_region,2,3
FAM_I467,intergenic_990700_990902,intergenic_region,6,6
FAM_I468,intergenic_965984_966247,intergenic_region,6,6
FAM_I469,intergenic_638873_639188,intergenic_region,6,6
FAM_I470,intergenic_3627399_3627522,intergenic_region,3,3
FAM_I471,intergenic_527777_527967,intergenic_region,6,6
FAM_I472,intergenic_498815_498902,intergenic_region,6,6
FAM_I473,intergenic_467886_467956,intergenic_region,6,6
FAM_I474,intergenic_402999_403183,intergenic_region,6,6
FAM_I475,intergenic_289841_289891,intergenic_region,6,6
FAM_I2828,intergenic_194087_194343,intergenic_region,6,7
FAM_I477,intergenic_129337_129406,intergenic_region,5,5
FAM_I2266,intergenic_4010394_4010634,intergenic_region,6,9
FAM_I478,intergenic_85313_85629,intergenic_region,6,6
FAM_I479,intergenic_54047_54126,intergenic_region,6,6
FAM_I480,intergenic_4638121_4638177,intergenic_region,6,6
FAM_I481,intergenic_4612002_4612127,intergenic_region,6,6
FAM_I482,intergenic_4562676_4562742,intergenic_region,3,3
SING_IBPT,intergenic_4015880_4016124,intergenic_region,1,1
FAM_I483,intergenic_4448236_4448446,intergenic_region,5,5
FAM_I484,intergenic_4424792_4425117,intergenic_region,6,6
FAM_I485,intergenic_4400203_4400287,intergenic_region,6,6
FAM_I486,intergenic_4227512_4227730,intergenic_region,5,5
FAM_I487,intergenic_4185274_4185349,intergenic_region,6,6
FAM_I488,intergenic_4119331_4119422,intergenic_region,6,6
FAM_I489,intergenic_4063513_4063602,intergenic_region,5,5
FAM_I490,intergenic_4003194_4003287,intergenic_region,4,4
FAM_I491,intergenic_3890146_3890235,intergenic_region,6,6
FAM_I493,intergenic_1528161_1528337,intergenic_region,6,6
FAM_I494,intergenic_2284122_2284196,intergenic_region,6,6
FAM_I495,intergenic_2414701_2414863,intergenic_region,4,4
FAM_I496,intergenic_2140233_2140309,intergenic_region,6,11
FAM_I497,intergenic_2105342_2105588,intergenic_region,6,6
FAM_I498,intergenic_2074063_2074207,intergenic_region,5,5
FAM_I499,intergenic_2041883_2042148,intergenic_region,6,6
FAM_I500,intergenic_2018096_2018218,intergenic_region,6,6
SING_IB36,intergenic_2464476_2464707,intergenic_region,1,1
FAM_I501,intergenic_1902387_1902721,intergenic_region,5,5
FAM_I502,intergenic_1867258_1867559,intergenic_region,5,5
FAM_I503,intergenic_1717829_1717964,intergenic_region,6,6
FAM_I504,intergenic_1236450_1236578,intergenic_region,6,6
FAM_I505,intergenic_1153821_1153942,intergenic_region,6,6
FAM_I506,intergenic_1115182_1115365,intergenic_region,6,6
FAM_I507,intergenic_1084111_1084515,intergenic_region,6,6
FAM_I508,intergenic_1053370_1053441,intergenic_region,6,6
FAM_I509,intergenic_1016042_1016200,intergenic_region,6,6
FAM_I510,intergenic_577070_577330,intergenic_region,6,6
FAM_I511,intergenic_552475_552601,intergenic_region,6,6
FAM_I512,intergenic_527296_527503,intergenic_region,6,6
FAM_I513,intergenic_497108_497257,intergenic_region,6,6
FAM_I514,intergenic_466951_467207,intergenic_region,6,6
FAM_I515,intergenic_436469_436560,intergenic_region,6,6
FAM_I516,intergenic_288715_288784,intergenic_region,6,6
FAM_I517,intergenic_192994_193360,intergenic_region,6,6
FAM_I518,intergenic_163417_163508,intergenic_region,6,6
FAM_I519,intergenic_127588_127911,intergenic_region,6,6
FAM_I520,intergenic_51554_51660,intergenic_region,6,6
FAM_I521,intergenic_4635311_4635520,intergenic_region,6,6
SING_IBPU,intergenic_4016782_4016838,intergenic_region,1,1
FAM_I522,intergenic_4365357_4365471,intergenic_region,6,6
FAM_I523,intergenic_4337930_4338253,intergenic_region,6,6
FAM_I524,intergenic_4304404_4304611,intergenic_region,6,6
FAM_I525,intergenic_4270128_4270237,intergenic_region,6,6
FAM_I526,intergenic_4180926_4181244,intergenic_region,6,6
FAM_I527,intergenic_4118761_4118844,intergenic_region,4,4
FAM_I528,intergenic_4062146_4062246,intergenic_region,5,5
FAM_I529,intergenic_4030972_4031160,intergenic_region,6,6
FAM_I530,intergenic_4001057_4001425,intergenic_region,6,6
FAM_I531,intergenic_3957821_3957969,intergenic_region,6,6
FAM_I532,intergenic_225977_226163,intergenic_region,6,6
FAM_I533,intergenic_134213_134387,intergenic_region,6,6
FAM_I534,intergenic_62086_62339,intergenic_region,6,6
FAM_I893,intergenic_30114_30200,intergenic_region,6,12
FAM_I536,intergenic_4617066_4617322,intergenic_region,6,6
SING_I9VM,intergenic_4330046_4330127,intergenic_region,1,1
FAM_I537,intergenic_4273872_4274124,intergenic_region,6,6
SING_I9Z6,intergenic_4565662_4565759,intergenic_region,1,1
FAM_I538,intergenic_4110686_4110739,intergenic_region,6,6
FAM_I539,intergenic_3910399_3910484,intergenic_region,6,6
FAM_I540,intergenic_3725319_3725412,intergenic_region,6,6
FAM_I541,intergenic_3659173_3659231,intergenic_region,5,5
FAM_I542,intergenic_3332736_3332861,intergenic_region,6,6
FAM_I543,intergenic_3304456_3304572,intergenic_region,6,6
FAM_I544,intergenic_3274908_3275281,intergenic_region,6,6
FAM_I545,intergenic_3184467_3184839,intergenic_region,6,6
FAM_I546,intergenic_3157451_3157649,intergenic_region,6,6
FAM_I547,intergenic_3009976_3010027,intergenic_region,5,5
FAM_I548,intergenic_2964178_2964360,intergenic_region,6,6
FAM_I549,intergenic_2925281_2925347,intergenic_region,6,6
FAM_I550,intergenic_2796787_2796869,intergenic_region,6,6
FAM_I551,intergenic_2734174_2734302,intergenic_region,6,6
FAM_I552,intergenic_2634071_2634231,intergenic_region,6,6
FAM_I553,intergenic_2590709_2591246,intergenic_region,6,6
FAM_I554,intergenic_2455002_2455082,intergenic_region,2,2
FAM_I555,intergenic_2724570_2724670,intergenic_region,6,6
FAM_I556,intergenic_2617768_2618225,intergenic_region,6,6
FAM_I557,intergenic_2161193_2161265,intergenic_region,4,4
FAM_I558,intergenic_2496399_2496517,intergenic_region,6,6
FAM_I559,intergenic_2477316_2477414,intergenic_region,6,6
FAM_I560,intergenic_4274803_4274899,intergenic_region,2,2
SING_I8LU,intergenic_1077802_1079530,intergenic_region,1,1
FAM_I561,intergenic_3524273_3524359,intergenic_region,4,4
SING_I8NM,intergenic_1216159_1216340,intergenic_region,1,1
FAM_I562,intergenic_2460935_2461305,intergenic_region,6,6
FAM_I563,intergenic_2428627_2428720,intergenic_region,6,6
FAM_I564,intergenic_3019013_3019193,intergenic_region,6,6
FAM_I565,intergenic_1774894_1774973,intergenic_region,4,4
SING_I8W2,intergenic_1867521_1867754,intergenic_region,1,1
SING_I8WI,intergenic_1903822_1903930,intergenic_region,1,1
SING_I8YQ,intergenic_2050727_2050777,intergenic_region,1,1
FAM_I566,intergenic_2119618_2119669,intergenic_region,2,2
FAM_I567,intergenic_2400381_2400491,intergenic_region,6,6
FAM_I568,intergenic_2375294_2375437,intergenic_region,6,6
FAM_I569,intergenic_2343091_2343304,intergenic_region,6,6
FAM_I570,intergenic_2288316_2288513,intergenic_region,6,6
SING_I976,intergenic_2590939_2591088,intergenic_region,1,1
FAM_I571,intergenic_1917405_1917658,intergenic_region,6,6
FAM_I572,intergenic_1703832_1703947,intergenic_region,6,6
SING_I9AA,intergenic_2792437_2792659,intergenic_region,1,1
SING_I9AQ,intergenic_2830627_2830991,intergenic_region,1,1
FAM_I573,intergenic_1484612_1484846,intergenic_region,6,6
FAM_I574,intergenic_1149526_1149881,intergenic_region,6,6
FAM_I575,intergenic_3098343_3098423,intergenic_region,2,2
FAM_I576,intergenic_877663_877729,intergenic_region,6,6
SING_I9HU,intergenic_3331078_3331127,intergenic_region,1,1
FAM_I577,intergenic_678105_678260,intergenic_region,6,6
FAM_I578,intergenic_534296_534446,intergenic_region,6,6
FAM_I579,intergenic_510570_510736,intergenic_region,6,6
FAM_I580,intergenic_4297126_4297218,intergenic_region,5,5
SING_I5U0,intergenic_4599465_4599574,intergenic_region,1,1
FAM_I581,intergenic_4337032_4337167,intergenic_region,6,6
FAM_I582,intergenic_4361935_4362732,intergenic_region,6,9
FAM_I583,intergenic_4390361_4390456,intergenic_region,6,6
FAM_I584,intergenic_4418454_4418560,intergenic_region,6,6
FAM_I585,intergenic_4438646_4438707,intergenic_region,4,4
FAM_I586,intergenic_4467247_4467624,intergenic_region,6,6
FAM_I587,intergenic_4537595_4537658,intergenic_region,6,6
FAM_I588,intergenic_5423217_5423283,intergenic_region,3,3
FAM_I589,intergenic_9209_9322,intergenic_region,6,6
FAM_I590,intergenic_40570_40677,intergenic_region,6,6
FAM_I591,intergenic_70049_70386,intergenic_region,6,6
FAM_I592,intergenic_149391_149453,intergenic_region,6,6
FAM_I593,intergenic_186509_186662,intergenic_region,6,6
FAM_I594,intergenic_217471_217635,intergenic_region,6,6
FAM_I595,intergenic_343081_343154,intergenic_region,5,5
FAM_I596,intergenic_367169_367662,intergenic_region,6,6
FAM_I597,intergenic_466003_466184,intergenic_region,6,6
FAM_I598,intergenic_520222_520528,intergenic_region,6,6
FAM_I599,intergenic_544684_544846,intergenic_region,6,6
FAM_I600,intergenic_572874_573076,intergenic_region,6,6
FAM_I601,intergenic_623821_623888,intergenic_region,6,6
FAM_I602,intergenic_658067_658248,intergenic_region,5,5
FAM_I603,intergenic_726359_726471,intergenic_region,6,6
FAM_I604,intergenic_783636_783967,intergenic_region,6,6
FAM_I605,intergenic_819204_819473,intergenic_region,6,6
FAM_I606,intergenic_860785_860848,intergenic_region,6,6
FAM_I607,intergenic_922129_922198,intergenic_region,4,22
FAM_I608,intergenic_1037867_1037964,intergenic_region,6,6
FAM_I609,intergenic_1076672_1076985,intergenic_region,6,6
FAM_I610,intergenic_1103045_1103179,intergenic_region,6,6
FAM_I611,intergenic_1145355_1145423,intergenic_region,6,6
FAM_I612,intergenic_1228606_1228711,intergenic_region,4,4
FAM_I613,intergenic_1628982_1629266,intergenic_region,3,3
SING_I88I,intergenic_121551_121847,intergenic_region,1,1
FAM_I614,intergenic_3774195_3774423,intergenic_region,6,6
FAM_I615,intergenic_3663528_3663889,intergenic_region,5,5
FAM_I616,intergenic_3611767_3611864,intergenic_region,6,6
FAM_I617,intergenic_3237233_3237310,intergenic_region,6,6
FAM_I618,intergenic_2253974_2254060,intergenic_region,3,3
FAM_I619,intergenic_2281969_2282096,intergenic_region,6,6
FAM_I620,intergenic_2473603_2473782,intergenic_region,6,6
FAM_I621,intergenic_2495202_2495329,intergenic_region,6,6
FAM_I622,intergenic_2514544_2514734,intergenic_region,6,6
FAM_I623,intergenic_2542162_2542280,intergenic_region,6,6
FAM_I624,intergenic_2586359_2586427,intergenic_region,6,6
FAM_I625,intergenic_2665794_2666028,intergenic_region,6,6
FAM_I626,intergenic_2966844_2966972,intergenic_region,6,6
FAM_I627,intergenic_2992399_2992491,intergenic_region,6,6
FAM_I628,intergenic_3037186_3037293,intergenic_region,6,6
FAM_I629,intergenic_3104187_3104295,intergenic_region,6,6
FAM_I630,intergenic_3137658_3137743,intergenic_region,6,6
FAM_I631,intergenic_2433927_2434081,intergenic_region,6,6
FAM_I632,intergenic_2465008_2465300,intergenic_region,6,6
FAM_I633,intergenic_2493255_2493766,intergenic_region,6,6
FAM_I1337,intergenic_2581640_2581733,intergenic_region,5,7
FAM_I635,intergenic_2656359_2656535,intergenic_region,4,4
FAM_I890,intergenic_2368535_2368922,intergenic_region,6,6
FAM_I636,intergenic_2722614_2722726,intergenic_region,6,6
FAM_I637,intergenic_2751710_2751794,intergenic_region,6,6
FAM_I638,intergenic_900015_900197,intergenic_region,2,4
FAM_I639,intergenic_2799995_2800145,intergenic_region,6,6
FAM_I640,intergenic_2850436_2850646,intergenic_region,6,6
FAM_I641,intergenic_2958885_2959059,intergenic_region,6,6
FAM_I642,intergenic_2988382_2988501,intergenic_region,4,4
FAM_I643,intergenic_3007453_3007509,intergenic_region,5,5
FAM_I644,intergenic_3169232_3169283,intergenic_region,6,6
FAM_I645,intergenic_3234456_3234738,intergenic_region,6,6
FAM_I646,intergenic_3254215_3254318,intergenic_region,6,6
FAM_I647,intergenic_3287026_3287425,intergenic_region,4,4
FAM_I648,intergenic_3318007_3318636,intergenic_region,6,6
FAM_I649,intergenic_3350460_3350688,intergenic_region,6,6
FAM_I650,intergenic_3418612_3419041,intergenic_region,6,6
FAM_I651,intergenic_3577593_3577730,intergenic_region,6,6
FAM_I652,intergenic_3606378_3606450,intergenic_region,6,6
FAM_I653,intergenic_3656305_3656407,intergenic_region,6,6
FAM_I654,intergenic_3784443_3784583,intergenic_region,6,6
FAM_I655,intergenic_4688820_4689119,intergenic_region,3,3
FAM_I656,intergenic_3923681_3923743,intergenic_region,6,6
FAM_I657,intergenic_4102674_4102821,intergenic_region,6,6
FAM_I658,intergenic_4142222_4142529,intergenic_region,6,6
FAM_I659,intergenic_4180494_4180559,intergenic_region,6,6
FAM_I660,intergenic_4247900_4247970,intergenic_region,6,6
SING_IBPV,intergenic_4016944_4017180,intergenic_region,1,1
FAM_I661,intergenic_4470914_4470985,intergenic_region,6,6
FAM_I662,intergenic_4441216_4441537,intergenic_region,6,6
FAM_I663,intergenic_4097449_4097735,intergenic_region,6,6
FAM_I2569,intergenic_4060231_4060446,intergenic_region,6,6
FAM_I665,intergenic_3956876_3956926,intergenic_region,4,8
FAM_I666,intergenic_3886723_3886827,intergenic_region,6,6
FAM_I2284,intergenic_2488777_2488829,intergenic_region,6,11
FAM_I669,intergenic_3049042_3049159,intergenic_region,6,6
FAM_I670,intergenic_2924114_2924734,intergenic_region,6,6
FAM_I671,intergenic_2794016_2794252,intergenic_region,5,5
FAM_I672,intergenic_2699608_2699662,intergenic_region,6,6
FAM_I673,intergenic_2664246_2664389,intergenic_region,6,6
FAM_I674,intergenic_2632536_2632603,intergenic_region,6,6
FAM_I675,intergenic_2587432_2587594,intergenic_region,6,6
FAM_I676,intergenic_3094282_3094380,intergenic_region,6,6
FAM_I677,intergenic_3015549_3015696,intergenic_region,6,6
FAM_I678,intergenic_2984733_2984830,intergenic_region,6,6
FAM_I679,intergenic_2861647_2861766,intergenic_region,6,6
SING_IAS3,intergenic_1768051_1768415,intergenic_region,1,1
FAM_I680,intergenic_2750476_2750581,intergenic_region,4,4
FAM_I681,intergenic_2518150_2518224,intergenic_region,6,6
FAM_I682,intergenic_2335824_2335968,intergenic_region,6,6
FAM_I683,intergenic_2105071_2105143,intergenic_region,6,6
FAM_I684,intergenic_2016522_2016583,intergenic_region,6,6
FAM_I685,intergenic_2588948_2589117,intergenic_region,3,3
FAM_I686,intergenic_2638128_2638205,intergenic_region,2,2
SING_IB6R,intergenic_2674305_2674436,intergenic_region,1,1
FAM_I687,intergenic_1234629_1234755,intergenic_region,6,6
FAM_I688,intergenic_1150392_1150609,intergenic_region,6,6
FAM_I689,intergenic_1083199_1083252,intergenic_region,6,6
FAM_I690,intergenic_1050197_1050310,intergenic_region,6,6
FAM_I691,intergenic_1015108_1015376,intergenic_region,6,6
FAM_I692,intergenic_987744_987873,intergenic_region,6,6
FAM_I693,intergenic_962367_962630,intergenic_region,6,6
FAM_I694,intergenic_885686_885760,intergenic_region,6,6
FAM_I695,intergenic_744001_744109,intergenic_region,6,6
FAM_I696,intergenic_723223_723442,intergenic_region,4,4
SING_IBG3,intergenic_3343738_3343928,intergenic_region,1,1
FAM_I697,intergenic_633018_633073,intergenic_region,6,6
FAM_I698,intergenic_551686_551826,intergenic_region,6,6
FAM_I699,intergenic_524754_524940,intergenic_region,6,6
FAM_I700,intergenic_496270_496567,intergenic_region,6,6
FAM_I701,intergenic_122857_123016,intergenic_region,6,6
FAM_I702,intergenic_17324_17388,intergenic_region,6,6
FAM_I703,intergenic_2638647_2638823,intergenic_region,2,2
SING_IB6S,intergenic_2674776_2675000,intergenic_region,1,1
FAM_I704,intergenic_1480773_1480845,intergenic_region,6,6
FAM_I705,intergenic_1080725_1080915,intergenic_region,6,6
FAM_I706,intergenic_1047124_1047548,intergenic_region,6,6
FAM_I707,intergenic_1013248_1013421,intergenic_region,6,6
FAM_I708,intergenic_884450_884632,intergenic_region,6,6
FAM_I709,intergenic_807161_807561,intergenic_region,6,6
FAM_I710,intergenic_775118_775262,intergenic_region,6,6
FAM_I711,intergenic_743637_743736,intergenic_region,6,6
FAM_I712,intergenic_722674_722793,intergenic_region,6,6
FAM_I713,intergenic_3606928_3606986,intergenic_region,4,4
FAM_I714,intergenic_546775_547319,intergenic_region,6,6
FAM_I715,intergenic_523354_523478,intergenic_region,6,6
FAM_I716,intergenic_121549_122091,intergenic_region,5,5
FAM_I717,intergenic_48544_48593,intergenic_region,6,6
FAM_I718,intergenic_4556321_4556573,intergenic_region,5,8
SING_IBPG,intergenic_3992283_3992542,intergenic_region,1,1
SING_IBPW,intergenic_4017463_4018288,intergenic_region,1,1
FAM_I719,intergenic_4499501_4499676,intergenic_region,2,2
FAM_I720,intergenic_4179584_4179995,intergenic_region,6,6
FAM_I721,intergenic_4058035_4058406,intergenic_region,6,6
FAM_I722,intergenic_4024822_4024987,intergenic_region,6,6
FAM_I723,intergenic_3913669_3913829,intergenic_region,6,6
FAM_I724,intergenic_494774_494860,intergenic_region,6,6
FAM_I2735,intergenic_2775022_2775918,intergenic_region,1,2
FAM_I727,intergenic_4429556_4429863,intergenic_region,6,6
FAM_I728,intergenic_3090801_3090856,intergenic_region,6,6
FAM_I729,intergenic_2981886_2982176,intergenic_region,6,6
SING_IAS5,intergenic_1773364_1773665,intergenic_region,1,1
FAM_I730,intergenic_2539490_2539616,intergenic_region,6,6
FAM_I731,intergenic_2441053_2441138,intergenic_region,6,6
FAM_I732,intergenic_2409900_2410061,intergenic_region,6,6
FAM_I733,intergenic_2391872_2392117,intergenic_region,6,6
FAM_I734,intergenic_2358574_2358721,intergenic_region,6,6
FAM_I735,intergenic_2277842_2278364,intergenic_region,6,6
SING_IAZP,intergenic_2243183_2244334,intergenic_region,1,1
FAM_I736,intergenic_2067589_2067846,intergenic_region,5,5
SING_IB39,intergenic_2468864_2469157,intergenic_region,1,1
FAM_I737,intergenic_2533179_2533966,intergenic_region,2,2
SING_IB6T,intergenic_2675217_2675358,intergenic_region,1,1
FAM_I738,intergenic_1534432_1534692,intergenic_region,6,6
FAM_I739,intergenic_3271971_3272060,intergenic_region,2,3
FAM_I740,intergenic_3368706_3368920,intergenic_region,3,3
FAM_I741,intergenic_688404_688467,intergenic_region,6,6
FAM_I742,intergenic_284469_284653,intergenic_region,5,5
FAM_I743,intergenic_220337_220388,intergenic_region,6,6
SING_IBPH,intergenic_3993806_3994043,intergenic_region,1,1
SING_IBPX,intergenic_4019072_4019376,intergenic_region,1,1
FAM_I744,intergenic_4496210_4496526,intergenic_region,6,6
FAM_I745,intergenic_4358618_4358696,intergenic_region,6,6
FAM_I746,intergenic_4332005_4332115,intergenic_region,6,6
FAM_I747,intergenic_4215210_4215477,intergenic_region,6,6
SING_I8WM,intergenic_1911527_1911720,intergenic_region,1,1
SING_I8YE,intergenic_2027190_2027434,intergenic_region,1,1
FAM_I748,intergenic_2418149_2418253,intergenic_region,6,6
FAM_I749,intergenic_1906919_1907069,intergenic_region,6,6
SING_I99Y,intergenic_2773247_2773465,intergenic_region,1,1
SING_I9AE,intergenic_2797758_2797944,intergenic_region,1,1
SING_I9EU,intergenic_3110598_3110663,intergenic_region,1,1
FAM_I750,intergenic_1064168_1064301,intergenic_region,6,6
FAM_I1312,intergenic_2069980_2070147,intergenic_region,2,2
FAM_I751,intergenic_570429_570892,intergenic_region,2,2
SING_I9LI,intergenic_3606474_3606526,intergenic_region,1,1
FAM_I752,intergenic_557156_557307,intergenic_region,6,6
FAM_I753,intergenic_530362_530466,intergenic_region,6,6
SING_I9QU,intergenic_3984498_3984560,intergenic_region,1,1
SING_I9UU,intergenic_4282695_4282820,intergenic_region,1,1
FAM_I754,intergenic_3781689_3781740,intergenic_region,5,5
FAM_I755,intergenic_3679188_3679418,intergenic_region,6,6
FAM_I756,intergenic_3635894_3636207,intergenic_region,5,5
FAM_I757,intergenic_3604244_3604392,intergenic_region,6,6
FAM_I758,intergenic_3575665_3575720,intergenic_region,3,3
FAM_I759,intergenic_3532440_3532817,intergenic_region,6,6
FAM_I760,intergenic_3043149_3043311,intergenic_region,6,6
SING_IANA,intergenic_1402557_1402608,intergenic_region,1,1
FAM_I761,intergenic_2944605_2944663,intergenic_region,6,6
SING_IAS6,intergenic_1774374_1774423,intergenic_region,1,1
FAM_I762,intergenic_2667574_2668283,intergenic_region,6,8
SING_IAZQ,intergenic_2244672_2244848,intergenic_region,1,1
FAM_I763,intergenic_2823298_2823354,intergenic_region,4,4
SING_IB6U,intergenic_2676007_2676283,intergenic_region,1,1
FAM_I764,intergenic_3288264_3288358,intergenic_region,2,3
FAM_I765,intergenic_1971542_1971622,intergenic_region,2,4
FAM_I766,intergenic_2484739_2484988,intergenic_region,5,5
FAM_I767,intergenic_2628737_2628813,intergenic_region,6,6
FAM_I768,intergenic_2657001_2657066,intergenic_region,6,6
FAM_I1092,intergenic_1182009_1182183,intergenic_region,4,37
FAM_I769,intergenic_1183161_1183364,intergenic_region,6,15
FAM_I770,intergenic_2770501_2770645,intergenic_region,6,6
FAM_I771,intergenic_2552139_2552351,intergenic_region,6,6
FAM_I772,intergenic_2679368_2679463,intergenic_region,6,6
FAM_I773,intergenic_2837426_2837577,intergenic_region,6,6
FAM_I774,intergenic_2982183_2982496,intergenic_region,6,6
FAM_I775,intergenic_3100729_3100903,intergenic_region,6,6
FAM_I776,intergenic_3334682_3334908,intergenic_region,6,6
FAM_I777,intergenic_3379998_3380190,intergenic_region,6,6
FAM_I778,intergenic_3407267_3407374,intergenic_region,4,4
FAM_I779,intergenic_3597561_3597983,intergenic_region,6,6
FAM_I780,intergenic_3671895_3672341,intergenic_region,6,6
FAM_I781,intergenic_4482453_4482559,intergenic_region,4,4
FAM_I782,intergenic_3812560_3812730,intergenic_region,6,6
FAM_I783,intergenic_4085823_4086015,intergenic_region,6,6
FAM_I784,intergenic_4967555_4967883,intergenic_region,3,3
FAM_I785,intergenic_4260004_4260320,intergenic_region,5,5
FAM_I786,intergenic_4281630_4281782,intergenic_region,4,4
FAM_I787,intergenic_4351663_4351842,intergenic_region,6,6
FAM_I788,intergenic_4376443_4376552,intergenic_region,6,6
FAM_I789,intergenic_2446885_2446941,intergenic_region,2,2
FAM_I790,intergenic_1849755_1849821,intergenic_region,6,6
FAM_I791,intergenic_1170352_1170819,intergenic_region,3,3
FAM_I792,intergenic_831428_831807,intergenic_region,6,6
FAM_I793,intergenic_687181_687287,intergenic_region,6,6
SING_IBK7,intergenic_3623407_3623482,intergenic_region,1,1
SING_IBPJ,intergenic_3996411_3996533,intergenic_region,1,1
SING_IBPZ,intergenic_4023343_4023588,intergenic_region,1,1
FAM_I794,intergenic_4415901_4416016,intergenic_region,6,6
FAM_I795,intergenic_4382319_4382642,intergenic_region,6,6
FAM_I796,intergenic_4354718_4354953,intergenic_region,6,6
FAM_I797,intergenic_4291433_4291547,intergenic_region,6,6
FAM_I798,intergenic_4264232_4264313,intergenic_region,5,5
FAM_I799,intergenic_4133507_4133834,intergenic_region,6,6
FAM_I800,intergenic_2883165_2883273,intergenic_region,4,4
FAM_I801,intergenic_3203357_3203427,intergenic_region,2,2
FAM_I802,intergenic_3478540_3478617,intergenic_region,2,2
FAM_I803,intergenic_3626817_3627049,intergenic_region,2,2
FAM_I804,intergenic_3863134_3863740,intergenic_region,2,2
FAM_I805,intergenic_5050950_5051018,intergenic_region,2,2
FAM_I806,intergenic_4268027_4268092,intergenic_region,2,2
FAM_I807,intergenic_4457572_4457635,intergenic_region,2,2
FAM_I808,intergenic_4610005_4610087,intergenic_region,2,2
FAM_I809,intergenic_4640339_4640485,intergenic_region,2,2
FAM_I810,intergenic_3911526_3911838,intergenic_region,6,6
FAM_I811,intergenic_4933427_4933478,intergenic_region,2,2
FAM_I812,intergenic_5083526_5083872,intergenic_region,4,4
FAM_I813,intergenic_5283546_5283679,intergenic_region,2,2
FAM_I814,intergenic_5355426_5355576,intergenic_region,2,2
FAM_I815,intergenic_5435183_5435278,intergenic_region,2,2
FAM_I816,intergenic_3045102_3045157,intergenic_region,2,2
FAM_I817,intergenic_3167719_3167850,intergenic_region,6,6
FAM_I818,intergenic_3227668_3227800,intergenic_region,6,6
FAM_I819,intergenic_3284004_3284169,intergenic_region,6,6
SING_I1FT,intergenic_3560355_3560621,intergenic_region,1,1
FAM_I820,intergenic_4434025_4434112,intergenic_region,6,6
FAM_I821,intergenic_4480927_4480981,intergenic_region,5,5
FAM_I822,intergenic_4508943_4509140,intergenic_region,2,3
FAM_I2894,intergenic_1396122_1396182,intergenic_region,3,11
FAM_I823,intergenic_161293_161572,intergenic_region,2,2
FAM_I824,intergenic_267004_267078,intergenic_region,2,2
FAM_I825,intergenic_321893_322024,intergenic_region,2,2
FAM_I826,intergenic_581252_581353,intergenic_region,3,3
FAM_I827,intergenic_1257708_1257824,intergenic_region,3,3
FAM_I828,intergenic_1287133_1287271,intergenic_region,2,2
FAM_I829,intergenic_1321776_1321923,intergenic_region,2,2
FAM_I830,intergenic_1396312_1396735,intergenic_region,2,2
FAM_I831,intergenic_1424808_1425371,intergenic_region,2,2
FAM_I832,intergenic_1442719_1443046,intergenic_region,2,2
SING_I4I4,intergenic_1238349_1238591,intergenic_region,1,1
FAM_I2544,intergenic_4158819_4158873,intergenic_region,4,5
FAM_I834,intergenic_4488850_4489074,intergenic_region,3,3
FAM_I835,intergenic_4594957_4595098,intergenic_region,2,2
FAM_I836,intergenic_4623688_4624080,intergenic_region,2,2
FAM_I837,intergenic_4900370_4900459,intergenic_region,2,2
FAM_I838,intergenic_5373685_5373907,intergenic_region,3,3
FAM_I839,intergenic_5449906_5450133,intergenic_region,2,2
FAM_I840,intergenic_301813_301939,intergenic_region,2,2
FAM_I841,intergenic_334983_335399,intergenic_region,3,3
FAM_I842,intergenic_854134_854214,intergenic_region,3,3
FAM_I843,intergenic_1165077_1165169,intergenic_region,5,13
FAM_I844,intergenic_1183680_1184144,intergenic_region,2,6
FAM_I845,intergenic_1539608_1539762,intergenic_region,6,6
FAM_I846,intergenic_1683736_1683830,intergenic_region,6,6
FAM_I847,intergenic_362717_362941,intergenic_region,6,6
FAM_I848,intergenic_2814997_2815070,intergenic_region,3,3
FAM_I849,intergenic_3244742_3245223,intergenic_region,6,6
FAM_I850,intergenic_3215474_3215726,intergenic_region,6,6
FAM_I2829,intergenic_3615944_3616001,intergenic_region,6,16
FAM_I851,intergenic_6477_6545,intergenic_region,6,6
FAM_I852,intergenic_4619552_4619602,intergenic_region,6,6
FAM_I853,intergenic_4310981_4311106,intergenic_region,4,4
FAM_I854,intergenic_2155071_2155246,intergenic_region,6,6
FAM_I855,intergenic_2096572_2096627,intergenic_region,6,6
FAM_I856,intergenic_2065694_2065815,intergenic_region,4,4
FAM_I857,intergenic_2035965_2036161,intergenic_region,5,5
FAM_I858,intergenic_2009776_2010115,intergenic_region,5,5
FAM_I859,intergenic_1979383_1979492,intergenic_region,6,6
FAM_I860,intergenic_2395004_2395103,intergenic_region,6,6
FAM_I861,intergenic_1561975_1562263,intergenic_region,2,9
FAM_I862,intergenic_1749750_1749801,intergenic_region,6,6
FAM_I863,intergenic_3867423_3867799,intergenic_region,6,6
FAM_I864,intergenic_3536585_3536811,intergenic_region,6,6
FAM_I865,intergenic_3474082_3474177,intergenic_region,6,6
FAM_I866,intergenic_2969477_2969661,intergenic_region,6,6
FAM_I867,intergenic_4591280_4591656,intergenic_region,6,6
FAM_I868,intergenic_4046908_4046965,intergenic_region,6,6
FAM_I1274,intergenic_3877466_3877704,intergenic_region,6,12
FAM_I870,intergenic_3847168_3847304,intergenic_region,6,6
FAM_I871,intergenic_3685580_3685699,intergenic_region,6,6
FAM_I872,intergenic_3608997_3609216,intergenic_region,6,6
FAM_I873,intergenic_3539707_3540162,intergenic_region,6,6
FAM_I874,intergenic_3504784_3504934,intergenic_region,4,5
FAM_I875,intergenic_3477420_3477639,intergenic_region,6,6
FAM_I876,intergenic_3399979_3400043,intergenic_region,6,6
FAM_I877,intergenic_3373577_3373697,intergenic_region,6,6
FAM_I878,intergenic_3246523_3246651,intergenic_region,5,5
FAM_I879,intergenic_3109156_3109552,intergenic_region,6,6
FAM_I880,intergenic_3050668_3051114,intergenic_region,6,6
FAM_I881,intergenic_2891899_2892213,intergenic_region,6,6
FAM_I882,intergenic_2822012_2822138,intergenic_region,6,6
FAM_I883,intergenic_2543529_2543831,intergenic_region,6,12
FAM_I884,intergenic_2425917_2426005,intergenic_region,6,6
FAM_I885,intergenic_3130163_3130255,intergenic_region,6,6
FAM_I886,intergenic_1647583_1647777,intergenic_region,4,4
FAM_I887,intergenic_2828370_2829584,intergenic_region,6,7
FAM_I888,intergenic_2563863_2564038,intergenic_region,4,4
FAM_I889,intergenic_2413535_2413716,intergenic_region,6,6
FAM_I891,intergenic_2337139_2337303,intergenic_region,6,6
FAM_I892,intergenic_4223629_4223827,intergenic_region,6,6
FAM_I894,intergenic_106457_106556,intergenic_region,6,6
FAM_I895,intergenic_293605_293864,intergenic_region,6,6
FAM_I896,intergenic_461427_461526,intergenic_region,6,6
FAM_I897,intergenic_625528_625604,intergenic_region,6,6
SING_I8I,intergenic_566362_566683,intergenic_region,1,1
FAM_I898,intergenic_699696_699910,intergenic_region,6,6
FAM_I899,intergenic_760768_760868,intergenic_region,5,5
FAM_I900,intergenic_790142_790224,intergenic_region,6,6
FAM_I901,intergenic_931625_931710,intergenic_region,6,6
FAM_I902,intergenic_1003921_1004030,intergenic_region,6,6
FAM_I903,intergenic_1032333_1032549,intergenic_region,6,6
FAM_I904,intergenic_1093757_1093962,intergenic_region,6,6
FAM_I905,intergenic_1500235_1500428,intergenic_region,6,6
FAM_I906,intergenic_1171333_1171534,intergenic_region,2,2
FAM_I907,intergenic_1667706_1668224,intergenic_region,6,6
FAM_I908,intergenic_1717329_1717597,intergenic_region,6,6
FAM_I909,intergenic_1834490_1834698,intergenic_region,6,6
FAM_I910,intergenic_1865181_1865492,intergenic_region,6,6
FAM_I911,intergenic_2607405_2607474,intergenic_region,3,3
FAM_I912,intergenic_1926995_1927095,intergenic_region,4,4
FAM_I913,intergenic_1998828_1999027,intergenic_region,6,6
FAM_I914,intergenic_2021981_2022071,intergenic_region,6,6
FAM_I915,intergenic_2078437_2078491,intergenic_region,6,6
FAM_I916,intergenic_2150529_2150803,intergenic_region,5,5
FAM_I917,intergenic_2268503_2268636,intergenic_region,6,6
FAM_I918,intergenic_2297807_2297917,intergenic_region,6,6
FAM_I919,intergenic_2325784_2325885,intergenic_region,6,6
FAM_I920,intergenic_2350862_2350924,intergenic_region,6,6
FAM_I921,intergenic_2384529_2384584,intergenic_region,6,6
FAM_I922,intergenic_2405124_2405175,intergenic_region,6,6
FAM_I923,intergenic_2424588_2424789,intergenic_region,6,6
FAM_I924,intergenic_1696230_1696775,intergenic_region,6,6
FAM_I925,intergenic_1776689_1776837,intergenic_region,3,7
FAM_I926,intergenic_1804357_1804829,intergenic_region,2,2
SING_I87Q,intergenic_60775_60976,intergenic_region,1,1
SING_I886,intergenic_96700_96834,intergenic_region,1,1
FAM_I927,intergenic_3491621_3491724,intergenic_region,6,6
FAM_I928,intergenic_4189730_4189801,intergenic_region,3,3
FAM_I929,intergenic_3201828_3201890,intergenic_region,6,6
SING_I8IE,intergenic_855949_856039,intergenic_region,1,1
SING_I8IU,intergenic_881652_881977,intergenic_region,1,1
FAM_I930,intergenic_2985593_2985846,intergenic_region,6,6
SING_I8NQ,intergenic_1219481_1219534,intergenic_region,1,1
FAM_I931,intergenic_2615882_2616093,intergenic_region,6,6
SING_I8RQ,intergenic_1520495_1520574,intergenic_region,1,1
SING_I43A,intergenic_113584_113658,intergenic_region,1,1
FAM_I932,intergenic_3380590_3380742,intergenic_region,6,6
FAM_I933,intergenic_2999892_3000305,intergenic_region,6,6
SING_I4HI,intergenic_1205715_1205801,intergenic_region,1,1
FAM_I934,intergenic_2522478_2522728,intergenic_region,4,4
SING_I4LI,intergenic_1477495_1477602,intergenic_region,1,1
FAM_I935,intergenic_2858970_2859302,intergenic_region,6,6
FAM_I2309,intergenic_2822568_2822667,intergenic_region,6,12
SING_I4QE,intergenic_1868207_1868348,intergenic_region,1,1
FAM_I937,intergenic_1892462_1892551,intergenic_region,2,3
FAM_I938,intergenic_2328858_2328949,intergenic_region,6,11
SING_I52E,intergenic_2692726_2692882,intergenic_region,1,1
FAM_I939,intergenic_1706796_1706946,intergenic_region,6,6
SING_I552,intergenic_2869487_2869536,intergenic_region,1,1
FAM_I940,intergenic_942114_942248,intergenic_region,6,6
FAM_I941,intergenic_1670363_1670453,intergenic_region,6,6
FAM_I942,intergenic_1724832_1725223,intergenic_region,6,6
SING_IL2,intergenic_1420242_1420364,intergenic_region,1,1
FAM_I943,intergenic_2448442_2448820,intergenic_region,2,2
FAM_I944,intergenic_2133082_2133277,intergenic_region,6,6
SING_IOM,intergenic_1647851_1647933,intergenic_region,1,1
FAM_I945,intergenic_2491779_2491916,intergenic_region,6,6
FAM_I946,intergenic_2579205_2579330,intergenic_region,6,6
FAM_I2599,intergenic_2430764_2431021,intergenic_region,6,9
FAM_I948,intergenic_2520673_2521592,intergenic_region,6,6
FAM_I949,intergenic_2976015_2976598,intergenic_region,6,6
FAM_I950,intergenic_3041071_3041312,intergenic_region,6,6
FAM_I951,intergenic_3191940_3192207,intergenic_region,6,6
FAM_I952,intergenic_3221248_3221465,intergenic_region,6,6
FAM_I953,intergenic_3250377_3250471,intergenic_region,6,6
FAM_I954,intergenic_3278666_3278913,intergenic_region,6,7
FAM_I955,intergenic_5166467_5166579,intergenic_region,2,2
FAM_I956,intergenic_5353149_5353340,intergenic_region,2,2
FAM_I1523,intergenic_77300_77387,intergenic_region,6,10
FAM_I958,intergenic_377000_377127,intergenic_region,6,6
FAM_I959,intergenic_449650_449755,intergenic_region,4,4
FAM_I960,intergenic_831115_831319,intergenic_region,6,6
FAM_I961,intergenic_870551_870715,intergenic_region,6,6
FAM_I962,intergenic_1018158_1018244,intergenic_region,6,6
FAM_I2856,intergenic_1370406_1370771,intergenic_region,6,9
FAM_I965,intergenic_1572210_1572261,intergenic_region,2,7
FAM_I966,intergenic_1699919_1700252,intergenic_region,6,6
FAM_I967,intergenic_1805742_1805806,intergenic_region,2,2
SING_I86V,intergenic_5501367_5501438,intergenic_region,1,1
FAM_I968,intergenic_23448_23506,intergenic_region,2,2
SING_I87R,intergenic_65316_65563,intergenic_region,1,1
SING_I887,intergenic_97233_97491,intergenic_region,1,1
FAM_I969,intergenic_3716395_3716546,intergenic_region,6,6
FAM_I970,intergenic_3573503_3573774,intergenic_region,6,6
FAM_I971,intergenic_3528605_3528668,intergenic_region,6,6
FAM_I1129,intergenic_2051346_2051444,intergenic_region,3,4
FAM_I1555,intergenic_4286257_4286546,intergenic_region,5,9
FAM_I973,intergenic_556709_556777,intergenic_region,6,6
FAM_I2009,intergenic_3488894_3488959,intergenic_region,6,16
FAM_I975,intergenic_3226172_3226233,intergenic_region,6,6
FAM_I976,intergenic_4568520_4568997,intergenic_region,5,5
FAM_I977,intergenic_3632591_3632851,intergenic_region,5,5
FAM_I978,intergenic_718040_718185,intergenic_region,4,4
FAM_I979,intergenic_4353082_4353199,intergenic_region,6,6
FAM_I980,intergenic_4132268_4132615,intergenic_region,4,4
FAM_I981,intergenic_283774_284207,intergenic_region,6,6
SING_I3S,intergenic_263213_263327,intergenic_region,1,1
SING_I48,intergenic_285169_285394,intergenic_region,1,1
FAM_I982,intergenic_382580_382738,intergenic_region,3,3
FAM_I983,intergenic_769109_769504,intergenic_region,6,12
FAM_I2295,intergenic_3494697_3495149,intergenic_region,2,2
FAM_I1617,intergenic_2067286_2068634,intergenic_region,6,9
SING_IAW,intergenic_715907_716387,intergenic_region,1,1
FAM_I984,intergenic_2830323_2830526,intergenic_region,4,4
FAM_I985,intergenic_2444364_2444610,intergenic_region,2,2
FAM_I986,intergenic_2730522_2730622,intergenic_region,6,6
FAM_I987,intergenic_3165974_3166110,intergenic_region,6,6
FAM_I988,intergenic_3200966_3201206,intergenic_region,6,6
FAM_I989,intergenic_3252011_3252303,intergenic_region,6,6
FAM_I990,intergenic_3281626_3281975,intergenic_region,6,6
FAM_I991,intergenic_3311169_3311414,intergenic_region,6,6
FAM_I992,intergenic_3623783_3623886,intergenic_region,3,3
FAM_I993,intergenic_4239731_4240324,intergenic_region,6,6
FAM_I994,intergenic_4322812_4323335,intergenic_region,5,5
FAM_I995,intergenic_4433057_4433163,intergenic_region,6,6
FAM_I996,intergenic_4506977_4507196,intergenic_region,2,3
FAM_I998,intergenic_81315_81469,intergenic_region,3,3
FAM_I999,intergenic_160610_160695,intergenic_region,2,2
FAM_I1000,intergenic_445933_446234,intergenic_region,2,2
FAM_I1001,intergenic_1174085_1174449,intergenic_region,2,2
FAM_I1002,intergenic_1256553_1257053,intergenic_region,2,2
FAM_I1003,intergenic_1282775_1282829,intergenic_region,2,2
FAM_I1004,intergenic_1424447_1424534,intergenic_region,2,2
FAM_I1005,intergenic_1442323_1442535,intergenic_region,2,2
FAM_I1006,intergenic_1203205_1203337,intergenic_region,2,4
FAM_I1007,intergenic_1993421_1993590,intergenic_region,5,5
FAM_I1008,intergenic_2510515_2510891,intergenic_region,6,6
FAM_I1009,intergenic_2943146_2943336,intergenic_region,6,6
FAM_I1010,intergenic_1917192_1917996,intergenic_region,2,2
FAM_I1011,intergenic_2090206_2090335,intergenic_region,6,6
FAM_I1454,intergenic_2550757_2550816,intergenic_region,4,4
FAM_I1013,intergenic_4472396_4472813,intergenic_region,6,6
FAM_I1014,intergenic_3811675_3811890,intergenic_region,6,6
FAM_I1015,intergenic_974405_974756,intergenic_region,6,6
FAM_I1016,intergenic_4268308_4268808,intergenic_region,5,5
FAM_I1017,intergenic_2697858_2697914,intergenic_region,6,6
FAM_I1018,intergenic_2537238_2537341,intergenic_region,6,6
FAM_I1019,intergenic_2560375_2560690,intergenic_region,3,5
FAM_I2844,intergenic_3296985_3297097,intergenic_region,6,39
FAM_I2405,intergenic_839386_839478,intergenic_region,6,6
FAM_I2492,intergenic_3772335_3772658,intergenic_region,1,1
FAM_I1021,intergenic_630060_630227,intergenic_region,6,6
FAM_I1022,intergenic_522486_522729,intergenic_region,6,6
FAM_I1023,intergenic_118646_118732,intergenic_region,6,6
SING_IL,intergenic_34696_34780,intergenic_region,1,1
FAM_I1024,intergenic_278259_278438,intergenic_region,6,6
FAM_I1025,intergenic_258621_258733,intergenic_region,2,4
SING_I45,intergenic_279876_280023,intergenic_region,1,1
FAM_I1514,intergenic_1086935_1087231,intergenic_region,6,22
FAM_I1026,intergenic_1622044_1622287,intergenic_region,4,4
FAM_I1027,intergenic_711185_711364,intergenic_region,6,6
FAM_I1028,intergenic_738858_738910,intergenic_region,6,6
FAM_I1029,intergenic_765774_765890,intergenic_region,6,6
FAM_I1030,intergenic_791993_792062,intergenic_region,6,6
FAM_I1031,intergenic_939014_939409,intergenic_region,6,6
FAM_I1032,intergenic_1335383_1335968,intergenic_region,6,6
FAM_I1033,intergenic_1479869_1479982,intergenic_region,6,6
FAM_I1034,intergenic_1505871_1506029,intergenic_region,6,6
FAM_I1035,intergenic_1533279_1533357,intergenic_region,6,6
FAM_I1036,intergenic_2672395_2672627,intergenic_region,2,2
FAM_I1037,intergenic_1167179_1167742,intergenic_region,4,10
FAM_I1078,intergenic_1544568_1544804,intergenic_region,2,2
FAM_I2197,intergenic_2054243_2054337,intergenic_region,4,5
FAM_I1039,intergenic_2246163_2246598,intergenic_region,2,2
FAM_I1040,intergenic_2304077_2304318,intergenic_region,6,8
FAM_I1041,intergenic_2356960_2357269,intergenic_region,6,6
FAM_I1042,intergenic_2389333_2389463,intergenic_region,6,6
FAM_I1043,intergenic_2407542_2407646,intergenic_region,6,6
FAM_I1044,intergenic_2432884_2433049,intergenic_region,6,6
FAM_I1045,intergenic_2468215_2468649,intergenic_region,6,6
FAM_I1046,intergenic_2489946_2490026,intergenic_region,6,6
FAM_I1047,intergenic_2511132_2511274,intergenic_region,6,6
FAM_I1048,intergenic_2536573_2536806,intergenic_region,6,6
FAM_I1049,intergenic_2574759_2574900,intergenic_region,6,6
FAM_I1050,intergenic_2796975_2797028,intergenic_region,6,6
FAM_I1051,intergenic_2868663_2868923,intergenic_region,6,6
FAM_I1052,intergenic_2965623_2965752,intergenic_region,6,6
FAM_I1053,intergenic_2489169_2489241,intergenic_region,6,6
FAM_I2450,intergenic_2684057_2684253,intergenic_region,6,66
FAM_I1108,intergenic_3069808_3070164,intergenic_region,6,14
FAM_I2194,intergenic_2844552_2844632,intergenic_region,4,4
FAM_I1451,intergenic_3272827_3272883,intergenic_region,4,4
FAM_I2290,intergenic_3361103_3361638,intergenic_region,6,9
FAM_I2033,intergenic_1140123_1140190,intergenic_region,6,9
FAM_I1055,intergenic_2695544_2695800,intergenic_region,6,6
SING_I151,intergenic_2773037_2773317,intergenic_region,1,1
SING_I185,intergenic_2996021_2996371,intergenic_region,1,1
FAM_I1056,intergenic_3039744_3039854,intergenic_region,6,6
FAM_I1057,intergenic_3161147_3161256,intergenic_region,4,4
FAM_I1058,intergenic_3219077_3219382,intergenic_region,6,6
FAM_I1059,intergenic_3248823_3248968,intergenic_region,6,6
FAM_I1060,intergenic_3277802_3277855,intergenic_region,5,5
FAM_I1061,intergenic_3584181_3584403,intergenic_region,2,2
FAM_I1062,intergenic_3710476_3710798,intergenic_region,6,6
SING_I1J9,intergenic_3800197_3800266,intergenic_region,1,1
FAM_I1063,intergenic_3835930_3836952,intergenic_region,6,7
FAM_I1064,intergenic_4163271_4163638,intergenic_region,6,6
FAM_I1065,intergenic_4233234_4233757,intergenic_region,6,6
FAM_I1066,intergenic_4313800_4313867,intergenic_region,4,4
SING_I1T1,intergenic_4477252_4477306,intergenic_region,1,1
FAM_I1068,intergenic_4500792_4502102,intergenic_region,2,2
SING_I1TX,intergenic_4534054_4535014,intergenic_region,1,1
FAM_I1069,intergenic_218095_218177,intergenic_region,2,2
FAM_I1070,intergenic_261146_261235,intergenic_region,2,2
FAM_I1071,intergenic_826519_826656,intergenic_region,2,2
FAM_I1072,intergenic_924446_924621,intergenic_region,2,2
FAM_I1073,intergenic_1169154_1169359,intergenic_region,2,2
FAM_I1074,intergenic_1275326_1275474,intergenic_region,3,5
SING_I52J,intergenic_2709396_2709702,intergenic_region,1,1
FAM_I1075,intergenic_1349065_1350075,intergenic_region,2,2
FAM_I1076,intergenic_1390250_1390629,intergenic_region,2,2
FAM_I1077,intergenic_1439799_1440166,intergenic_region,2,2
FAM_I1079,intergenic_1602045_1602168,intergenic_region,2,2
FAM_I1080,intergenic_1690861_1691024,intergenic_region,2,2
FAM_I1081,intergenic_1927838_1928155,intergenic_region,4,4
FAM_I1082,intergenic_1570750_1570807,intergenic_region,2,9
FAM_I1083,intergenic_2103906_2104308,intergenic_region,6,6
FAM_I1084,intergenic_1178583_1178645,intergenic_region,2,4
FAM_I1085,intergenic_2354326_2354780,intergenic_region,6,6
FAM_I1086,intergenic_2626274_2626538,intergenic_region,4,4
FAM_I1087,intergenic_2654050_2654221,intergenic_region,6,6
FAM_I1088,intergenic_1195640_1195696,intergenic_region,3,6
FAM_I1366,intergenic_2769427_2769522,intergenic_region,6,6
FAM_I1090,intergenic_2818932_2819248,intergenic_region,6,6
FAM_I2486,intergenic_1739633_1739751,intergenic_region,2,2
FAM_I1301,intergenic_2892167_2892349,intergenic_region,6,6
SING_I4RG,intergenic_1932094_1932347,intergenic_region,1,1
FAM_I1093,intergenic_2551217_2551276,intergenic_region,6,6
FAM_I1094,intergenic_2599761_2599905,intergenic_region,6,6
FAM_I1095,intergenic_2675762_2675826,intergenic_region,6,6
FAM_I1096,intergenic_2814155_2814217,intergenic_region,5,5
FAM_I1097,intergenic_2876330_2876580,intergenic_region,6,6
FAM_I1098,intergenic_2909667_2909893,intergenic_region,6,6
FAM_I1099,intergenic_2980636_2980763,intergenic_region,6,6
FAM_I1100,intergenic_3099566_3099681,intergenic_region,6,6
FAM_I1101,intergenic_3378652_3378869,intergenic_region,6,6
FAM_I1102,intergenic_3404459_3405435,intergenic_region,6,6
FAM_I1103,intergenic_3486753_3486802,intergenic_region,6,6
FAM_I1104,intergenic_3522752_3522870,intergenic_region,6,6
FAM_I1105,intergenic_3734902_3734978,intergenic_region,6,6
FAM_I1106,intergenic_3771745_3772280,intergenic_region,6,6
FAM_I1107,intergenic_1455770_1455853,intergenic_region,5,7
FAM_I1804,intergenic_4269085_4269165,intergenic_region,6,7
FAM_I2555,intergenic_4000146_4000291,intergenic_region,2,2
FAM_I2205,intergenic_984298_984518,intergenic_region,3,3
FAM_I1109,intergenic_4016170_4016430,intergenic_region,6,6
FAM_I1110,intergenic_4051857_4052044,intergenic_region,6,6
FAM_I1111,intergenic_4080152_4080298,intergenic_region,4,4
FAM_I1112,intergenic_5044282_5044351,intergenic_region,2,2
FAM_I1113,intergenic_4279829_4279979,intergenic_region,6,6
FAM_I1114,intergenic_4348745_4349314,intergenic_region,6,6
FAM_I1115,intergenic_4611004_4611395,intergenic_region,6,6
FAM_I1116,intergenic_3712008_3712235,intergenic_region,6,6
FAM_I1117,intergenic_3650663_3651290,intergenic_region,4,4
FAM_I1413,intergenic_236035_236650,intergenic_region,4,15
SING_I45X,intergenic_302124_302497,intergenic_region,1,1
FAM_I1118,intergenic_483558_483912,intergenic_region,2,2
FAM_I1119,intergenic_3336495_3336548,intergenic_region,6,6
FAM_I1120,intergenic_3307861_3308039,intergenic_region,6,6
FAM_I1121,intergenic_3210997_3211106,intergenic_region,6,6
SING_I4GL,intergenic_1136063_1136114,intergenic_region,1,1
SING_I4H1,intergenic_1168339_1168446,intergenic_region,1,1
SING_I4HH,intergenic_1205211_1205420,intergenic_region,1,1
FAM_I1122,intergenic_2523986_2524044,intergenic_region,4,4
SING_I4LH,intergenic_1476938_1477308,intergenic_region,1,1
SING_I4QD,intergenic_1866762_1867102,intergenic_region,1,1
SING_I4RP,intergenic_1992389_1992667,intergenic_region,1,1
SING_I511,intergenic_2597857_2597952,intergenic_region,1,1
FAM_I1123,intergenic_1876704_1876756,intergenic_region,6,6
SING_I52D,intergenic_2692405_2692470,intergenic_region,1,1
SING_I52T,intergenic_2723254_2723324,intergenic_region,1,1
FAM_I1124,intergenic_1707961_1708044,intergenic_region,6,6
FAM_I1125,intergenic_1674655_1674799,intergenic_region,6,6
SING_I551,intergenic_2867952_2868041,intergenic_region,1,1
SING_I57P,intergenic_3038313_3039223,intergenic_region,1,1
FAM_I1126,intergenic_882306_882459,intergenic_region,6,6
SING_I5DH,intergenic_3467000_3467218,intergenic_region,1,1
SING_I5F9,intergenic_3592581_3592690,intergenic_region,1,1
FAM_I1127,intergenic_609572_609716,intergenic_region,6,6
FAM_I1128,intergenic_507398_507602,intergenic_region,6,6
SING_I5IT,intergenic_3821260_3821383,intergenic_region,1,1
SING_I5L1,intergenic_3982785_3983145,intergenic_region,1,1
SING_I5LH,intergenic_4017763_4018217,intergenic_region,1,1
SING_I5O5,intergenic_4194693_4195382,intergenic_region,1,1
SING_I5OL,intergenic_4234505_4234578,intergenic_region,1,1
SING_I5PH,intergenic_4281022_4281143,intergenic_region,1,1
SING_I5PX,intergenic_4321994_4322297,intergenic_region,1,1
SING_I5QD,intergenic_4356426_4356475,intergenic_region,1,1
FAM_I1130,intergenic_4478312_4478472,intergenic_region,6,6
SING_I5S5,intergenic_4465016_4465157,intergenic_region,1,1
SING_I5XH,intergenic_4845738_4845798,intergenic_region,1,1
FAM_I1131,intergenic_4917012_4917088,intergenic_region,2,2
FAM_I1132,intergenic_2061964_2062044,intergenic_region,6,6
FAM_I1133,intergenic_2032903_2033288,intergenic_region,6,6
FAM_I1134,intergenic_2008360_2008547,intergenic_region,6,6
FAM_I1135,intergenic_2255613_2255746,intergenic_region,6,6
FAM_I1136,intergenic_2372135_2372360,intergenic_region,6,6
FAM_I1137,intergenic_2399850_2399945,intergenic_region,6,6
FAM_I1138,intergenic_2843247_2843651,intergenic_region,6,6
FAM_I1139,intergenic_2870034_2870164,intergenic_region,6,6
FAM_I1140,intergenic_1272086_1272219,intergenic_region,2,4
FAM_I1141,intergenic_3000360_3000513,intergenic_region,6,6
FAM_I1142,intergenic_3039877_3040093,intergenic_region,6,6
FAM_I1143,intergenic_3076655_3076805,intergenic_region,3,3
FAM_I1144,intergenic_3111676_3111729,intergenic_region,6,6
FAM_I1145,intergenic_3140978_3141051,intergenic_region,6,6
FAM_I1146,intergenic_2437852_2437949,intergenic_region,6,6
FAM_I1147,intergenic_2495293_2495644,intergenic_region,6,6
FAM_I1148,intergenic_2754738_2754895,intergenic_region,6,6
FAM_I1149,intergenic_2927673_2928228,intergenic_region,6,6
FAM_I1150,intergenic_3015058_3015159,intergenic_region,5,5
FAM_I1151,intergenic_3056790_3057177,intergenic_region,6,6
FAM_I1152,intergenic_3147741_3147896,intergenic_region,6,6
FAM_I1153,intergenic_3917148_3917520,intergenic_region,4,4
FAM_I1154,intergenic_3259650_3259720,intergenic_region,6,6
FAM_I1155,intergenic_3324912_3325000,intergenic_region,6,6
FAM_I1156,intergenic_3580806_3581137,intergenic_region,6,6
FAM_I1157,intergenic_4603416_4603612,intergenic_region,2,2
FAM_I1158,intergenic_4693038_4693126,intergenic_region,2,2
FAM_I1159,intergenic_4306598_4306869,intergenic_region,6,6
FAM_I1160,intergenic_4565851_4565965,intergenic_region,6,6
FAM_I1161,intergenic_14097_14184,intergenic_region,6,6
FAM_I1162,intergenic_75481_75643,intergenic_region,6,6
FAM_I1163,intergenic_263438_264133,intergenic_region,3,3
FAM_I1164,intergenic_371273_372407,intergenic_region,3,3
FAM_I1165,intergenic_1464577_1464696,intergenic_region,6,6
FAM_I1166,intergenic_1803004_1803663,intergenic_region,2,2
FAM_I1167,intergenic_2974419_2974478,intergenic_region,6,6
FAM_I1168,intergenic_3041738_3041812,intergenic_region,6,6
FAM_I1169,intergenic_3112192_3112255,intergenic_region,5,5
FAM_I1170,intergenic_3143197_3143427,intergenic_region,6,6
FAM_I1171,intergenic_2440121_2440384,intergenic_region,6,6
FAM_I1172,intergenic_2496566_2497056,intergenic_region,6,6
FAM_I1173,intergenic_2755379_2755553,intergenic_region,6,9
FAM_I1174,intergenic_2825682_2825831,intergenic_region,6,6
FAM_I1175,intergenic_2859655_2859759,intergenic_region,6,6
FAM_I1176,intergenic_3015739_3016059,intergenic_region,5,5
FAM_I1177,intergenic_3087861_3088283,intergenic_region,6,6
FAM_I1178,intergenic_3149472_3149661,intergenic_region,6,6
FAM_I1179,intergenic_3238298_3238579,intergenic_region,6,6
SING_I6UE,intergenic_2094647_2094767,intergenic_region,1,1
FAM_I1180,intergenic_3298139_3298210,intergenic_region,6,6
FAM_I1181,intergenic_4605068_4605438,intergenic_region,2,2
FAM_I1182,intergenic_4693262_4693685,intergenic_region,3,3
FAM_I1183,intergenic_5162961_5163014,intergenic_region,2,2
FAM_I1184,intergenic_5351678_5352680,intergenic_region,2,2
FAM_I1185,intergenic_264653_264861,intergenic_region,3,3
FAM_I1186,intergenic_317257_318189,intergenic_region,2,2
FAM_I1187,intergenic_579559_579895,intergenic_region,3,3
FAM_I1188,intergenic_629081_629180,intergenic_region,6,6
FAM_I1189,intergenic_1609323_1610178,intergenic_region,2,2
FAM_I1190,intergenic_1377415_1378234,intergenic_region,2,2
FAM_I1875,intergenic_1305632_1305864,intergenic_region,4,14
FAM_I2652,intergenic_2941822_2941908,intergenic_region,2,2
SING_ILP,intergenic_1470510_1470689,intergenic_region,1,1
FAM_I1192,intergenic_1488339_1488546,intergenic_region,2,2
FAM_I1193,intergenic_2473967_2474031,intergenic_region,3,3
SING_I125,intergenic_2563118_2563591,intergenic_region,1,1
SING_I14T,intergenic_2760395_2760546,intergenic_region,1,1
FAM_I1194,intergenic_3110261_3110589,intergenic_region,3,3
FAM_I1195,intergenic_3744211_3744327,intergenic_region,3,3
SING_I1UL,intergenic_4579356_4579498,intergenic_region,1,1
FAM_I1196,intergenic_277371_277487,intergenic_region,2,2
FAM_I1197,intergenic_504315_504368,intergenic_region,4,4
FAM_I1198,intergenic_973219_973516,intergenic_region,6,6
FAM_I1199,intergenic_1028392_1028441,intergenic_region,2,2
FAM_I1200,intergenic_1132260_1132427,intergenic_region,2,2
FAM_I1201,intergenic_1247493_1247544,intergenic_region,2,2
FAM_I1202,intergenic_1292760_1292815,intergenic_region,2,2
FAM_I1203,intergenic_1381314_1381474,intergenic_region,2,2
FAM_I1204,intergenic_1401003_1401321,intergenic_region,2,2
FAM_I1205,intergenic_1429236_1429692,intergenic_region,2,2
FAM_I1206,intergenic_1557186_1557332,intergenic_region,2,2
FAM_I1207,intergenic_1587092_1587252,intergenic_region,2,2
FAM_I1208,intergenic_1619719_1619821,intergenic_region,3,3
FAM_I1209,intergenic_1763753_1764015,intergenic_region,2,2
FAM_I1210,intergenic_2199208_2199598,intergenic_region,3,3
FAM_I1211,intergenic_2254488_2254987,intergenic_region,2,2
FAM_I1212,intergenic_2588718_2588796,intergenic_region,2,2
FAM_I1213,intergenic_4555350_4555489,intergenic_region,5,5
FAM_I1214,intergenic_3647990_3648527,intergenic_region,6,6
FAM_I1215,intergenic_3267066_3267853,intergenic_region,6,9
FAM_I1216,intergenic_2391096_2391157,intergenic_region,6,6
FAM_I2018,intergenic_4846012_4846095,intergenic_region,6,6
FAM_I1218,intergenic_2055232_2055309,intergenic_region,6,6
FAM_I1219,intergenic_3875031_3875348,intergenic_region,3,8
FAM_I1220,intergenic_706168_706355,intergenic_region,6,6
FAM_I1221,intergenic_2552590_2552898,intergenic_region,6,6
FAM_I1222,intergenic_2524938_2525332,intergenic_region,6,6
FAM_I1223,intergenic_2498715_2498897,intergenic_region,6,6
FAM_I1224,intergenic_3871731_3871849,intergenic_region,4,4
FAM_I1225,intergenic_3266029_3266126,intergenic_region,6,6
FAM_I1226,intergenic_2814734_2814882,intergenic_region,6,6
FAM_I1227,intergenic_2538283_2538447,intergenic_region,6,6
FAM_I1228,intergenic_2512067_2512242,intergenic_region,6,6
FAM_I1229,intergenic_2470585_2470696,intergenic_region,6,6
FAM_I1230,intergenic_2439050_2439115,intergenic_region,6,6
FAM_I1231,intergenic_2409085_2409230,intergenic_region,6,6
FAM_I1232,intergenic_2357507_2357568,intergenic_region,6,6
FAM_I1233,intergenic_2304933_2305017,intergenic_region,6,6
FAM_I1234,intergenic_2273440_2273850,intergenic_region,6,6
FAM_I1235,intergenic_3384269_3384702,intergenic_region,6,6
SING_I8IF,intergenic_856505_856569,intergenic_region,1,1
FAM_I1236,intergenic_2817504_2817922,intergenic_region,6,9
SING_I8NR,intergenic_1222998_1223211,intergenic_region,1,1
SING_I8RR,intergenic_1528379_1528463,intergenic_region,1,1
FAM_I1237,intergenic_2761772_2762392,intergenic_region,6,8
FAM_I1238,intergenic_1483986_1484581,intergenic_region,2,2
SING_I97B,intergenic_2597542_2597642,intergenic_region,1,1
SING_I99Z,intergenic_2773715_2773995,intergenic_region,1,1
SING_I9AF,intergenic_2803129_2803520,intergenic_region,1,1
FAM_I1239,intergenic_1480238_1480526,intergenic_region,6,6
SING_I9EV,intergenic_3114032_3114130,intergenic_region,1,1
FAM_I1240,intergenic_1063129_1063672,intergenic_region,6,6
FAM_I1241,intergenic_529840_529989,intergenic_region,6,6
FAM_I1242,intergenic_928534_928594,intergenic_region,2,2
FAM_I1243,intergenic_1172960_1173310,intergenic_region,2,2
FAM_I1244,intergenic_1280372_1280528,intergenic_region,2,2
FAM_I1245,intergenic_1358807_1358879,intergenic_region,2,2
FAM_I1246,intergenic_1395525_1395779,intergenic_region,2,2
FAM_I1247,intergenic_1424216_1424266,intergenic_region,2,2
FAM_I1248,intergenic_1606737_1607025,intergenic_region,2,2
FAM_I1249,intergenic_1905418_1905660,intergenic_region,6,6
FAM_I1250,intergenic_1929772_1929850,intergenic_region,3,3
FAM_I1251,intergenic_1202487_1202676,intergenic_region,2,4
FAM_I1252,intergenic_1991051_1991113,intergenic_region,6,6
FAM_I1253,intergenic_1970840_1970911,intergenic_region,2,4
FAM_I1254,intergenic_2466474_2466523,intergenic_region,4,4
FAM_I1255,intergenic_2630749_2630934,intergenic_region,6,6
FAM_I1256,intergenic_2657763_2658732,intergenic_region,6,7
FAM_I1257,intergenic_2771813_2772060,intergenic_region,6,6
FAM_I1258,intergenic_2823517_2823697,intergenic_region,6,6
FAM_I1259,intergenic_3062416_3062697,intergenic_region,6,6
FAM_I1260,intergenic_2838106_2838253,intergenic_region,6,6
FAM_I1261,intergenic_3194526_3195319,intergenic_region,6,6
FAM_I1262,intergenic_164928_165104,intergenic_region,6,6
FAM_I1263,intergenic_417924_418025,intergenic_region,4,4
FAM_I1264,intergenic_454199_454285,intergenic_region,6,6
FAM_I1265,intergenic_875929_876189,intergenic_region,6,6
FAM_I1266,intergenic_997137_997313,intergenic_region,6,6
FAM_I1267,intergenic_1087099_1087296,intergenic_region,6,6
FAM_I1268,intergenic_1119829_1120093,intergenic_region,6,6
FAM_I1269,intergenic_1157246_1157417,intergenic_region,6,6
FAM_I1270,intergenic_1323268_1324266,intergenic_region,2,2
FAM_I1271,intergenic_1809655_1809958,intergenic_region,2,2
FAM_I1272,intergenic_1933366_1933470,intergenic_region,2,2
FAM_I1273,intergenic_3839994_3840214,intergenic_region,6,6
SING_I889,intergenic_99415_99764,intergenic_region,1,1
SING_I895,intergenic_173711_173777,intergenic_region,1,1
FAM_I1923,intergenic_763025_763083,intergenic_region,5,5
FAM_I1276,intergenic_2788239_2788984,intergenic_region,6,6
FAM_I1518,intergenic_3309222_3309301,intergenic_region,6,10
FAM_I1277,intergenic_1533731_1533785,intergenic_region,1,1
SING_I8WP,intergenic_1923410_1923461,intergenic_region,1,1
FAM_I1278,intergenic_2230848_2230923,intergenic_region,2,2
FAM_I1279,intergenic_2122146_2122675,intergenic_region,5,5
SING_I95L,intergenic_2488655_2488958,intergenic_region,1,1
SING_I9A1,intergenic_2777589_2778022,intergenic_region,1,1
SING_I9AH,intergenic_2810614_2810668,intergenic_region,1,1
SING_I9AX,intergenic_2842500_2842626,intergenic_region,1,1
SING_I9C9,intergenic_2920220_2920352,intergenic_region,1,1
FAM_I1280,intergenic_1216869_1217001,intergenic_region,6,6
FAM_I1281,intergenic_1091529_1091638,intergenic_region,6,6
SING_I9EX,intergenic_3116865_3117037,intergenic_region,1,1
FAM_I1282,intergenic_1057522_1057805,intergenic_region,6,6
SING_I9KP,intergenic_3553152_3553468,intergenic_region,1,1
FAM_I1283,intergenic_401689_402365,intergenic_region,6,6
SING_I9PL,intergenic_3887481_3887610,intergenic_region,1,1
FAM_I2443,intergenic_152238_152535,intergenic_region,4,4
FAM_I1284,intergenic_3992119_3992199,intergenic_region,2,2
FAM_I1285,intergenic_4129867_4130477,intergenic_region,2,2
SING_I9UX,intergenic_4293227_4293401,intergenic_region,1,1
SING_IARE,intergenic_1701927_1702087,intergenic_region,1,1
FAM_I1286,intergenic_1838963_1839420,intergenic_region,3,3
FAM_I1287,intergenic_2632371_2632478,intergenic_region,6,6
SING_IAUI,intergenic_1932009_1932145,intergenic_region,1,1
FAM_I1288,intergenic_1918643_1918916,intergenic_region,6,6
SING_IB3U,intergenic_2513747_2513845,intergenic_region,1,1
FAM_I1289,intergenic_1845190_1845278,intergenic_region,6,6
FAM_I1290,intergenic_1816928_1817012,intergenic_region,6,6
FAM_I1291,intergenic_1736438_1736638,intergenic_region,6,6
SING_IB6Y,intergenic_2679099_2679153,intergenic_region,1,1
FAM_I1292,intergenic_3297920_3298071,intergenic_region,2,3
FAM_I1293,intergenic_752170_752228,intergenic_region,2,2
FAM_I1294,intergenic_2828798_2829110,intergenic_region,4,4
FAM_I1295,intergenic_738854_739000,intergenic_region,2,2
SING_IBF2,intergenic_3274297_3274358,intergenic_region,1,1
FAM_I1296,intergenic_3584147_3584803,intergenic_region,4,4
FAM_I1297,intergenic_99_336,intergenic_region,6,6
SING_IBOU,intergenic_3957118_3957315,intergenic_region,1,1
SING_IBPQ,intergenic_4010046_4010109,intergenic_region,1,1
SING_IBQ6,intergenic_4050599_4050789,intergenic_region,1,1
FAM_I1298,intergenic_4231227_4231358,intergenic_region,2,2
FAM_I2729,intergenic_4549711_4549952,intergenic_region,6,6
FAM_I1299,intergenic_331497_332370,intergenic_region,4,4
FAM_I1300,intergenic_3171834_3172529,intergenic_region,6,6
SING_IAG8,intergenic_889068_889306,intergenic_region,1,1
SING_IAJC,intergenic_1116243_1116524,intergenic_region,1,1
SING_IANC,intergenic_1404962_1405048,intergenic_region,1,1
SING_IARC,intergenic_1698130_1698185,intergenic_region,1,1
FAM_I1302,intergenic_1921428_1921561,intergenic_region,2,2
FAM_I1303,intergenic_2589049_2589510,intergenic_region,6,6
SING_IAUG,intergenic_1929482_1930039,intergenic_region,1,1
FAM_I1304,intergenic_2246932_2247463,intergenic_region,2,2
FAM_I1305,intergenic_1891914_1892067,intergenic_region,6,6
FAM_I1306,intergenic_1824104_1824376,intergenic_region,6,6
FAM_I1307,intergenic_1738105_1738707,intergenic_region,6,6
FAM_I1308,intergenic_1709520_1709732,intergenic_region,6,6
FAM_I1309,intergenic_3005805_3006361,intergenic_region,1,2
FAM_I1310,intergenic_423083_423204,intergenic_region,6,6
FAM_I1311,intergenic_3073692_3073975,intergenic_region,6,6
FAM_I1313,intergenic_2903375_2904746,intergenic_region,6,6
FAM_I1314,intergenic_3177911_3178114,intergenic_region,6,6
FAM_I1409,intergenic_5464528_5464841,intergenic_region,6,11
FAM_I1316,intergenic_3453271_3453507,intergenic_region,6,6
FAM_I1317,intergenic_50165_50221,intergenic_region,6,6
FAM_I1318,intergenic_3719045_3719477,intergenic_region,6,6
FAM_I1319,intergenic_3150547_3150817,intergenic_region,4,4
FAM_I1320,intergenic_2984125_2984410,intergenic_region,6,6
FAM_I1321,intergenic_2911340_2911416,intergenic_region,6,6
FAM_I1322,intergenic_2441606_2441763,intergenic_region,6,6
FAM_I1323,intergenic_3145482_3145538,intergenic_region,6,6
FAM_I1324,intergenic_3043528_3043600,intergenic_region,6,6
FAM_I1325,intergenic_719089_719297,intergenic_region,2,2
FAM_I1570,intergenic_637619_637826,intergenic_region,4,4
FAM_I1326,intergenic_4602859_4603476,intergenic_region,6,6
SING_I47,intergenic_281972_282277,intergenic_region,1,1
FAM_I1327,intergenic_572252_572465,intergenic_region,2,2
FAM_I1328,intergenic_714948_715055,intergenic_region,6,6
FAM_I1329,intergenic_1012628_1012710,intergenic_region,6,6
FAM_I1330,intergenic_2932680_2932816,intergenic_region,4,4
FAM_I1331,intergenic_2831259_2831478,intergenic_region,4,4
FAM_I1332,intergenic_1670901_1671106,intergenic_region,6,6
FAM_I1333,intergenic_1753251_1753550,intergenic_region,6,6
SING_ION,intergenic_1648342_1648507,intergenic_region,1,1
FAM_I1334,intergenic_2333965_2334298,intergenic_region,6,6
FAM_I1335,intergenic_2729265_2729570,intergenic_region,6,6
SING_I153,intergenic_2777783_2778145,intergenic_region,1,1
FAM_I1336,intergenic_2998829_2999135,intergenic_region,6,6
FAM_I2871,intergenic_4115580_4115713,intergenic_region,5,5
FAM_I1338,intergenic_3136372_3136662,intergenic_region,6,6
FAM_I1339,intergenic_3163482_3163714,intergenic_region,6,6
FAM_I1340,intergenic_3222450_3222632,intergenic_region,6,6
FAM_I1341,intergenic_3250955_3251023,intergenic_region,6,6
SING_I1C7,intergenic_3281103_3281169,intergenic_region,1,1
FAM_I1342,intergenic_3768639_3770242,intergenic_region,5,7
FAM_I1343,intergenic_3906568_3906852,intergenic_region,3,3
FAM_I1344,intergenic_4012817_4013052,intergenic_region,6,6
FAM_I1345,intergenic_4236149_4236261,intergenic_region,6,6
FAM_I1346,intergenic_4431984_4432090,intergenic_region,6,6
FAM_I1347,intergenic_4478890_4479033,intergenic_region,2,2
FAM_I1348,intergenic_4506574_4506625,intergenic_region,2,2
FAM_I1349,intergenic_46339_46816,intergenic_region,6,6
FAM_I1350,intergenic_154194_154327,intergenic_region,2,2
FAM_I1351,intergenic_315269_315677,intergenic_region,2,2
FAM_I1352,intergenic_406273_406427,intergenic_region,2,2
FAM_I1353,intergenic_443678_443761,intergenic_region,2,2
FAM_I1354,intergenic_667536_667703,intergenic_region,2,2
FAM_I1355,intergenic_762026_762187,intergenic_region,2,2
FAM_I1356,intergenic_829445_829830,intergenic_region,2,2
FAM_I1358,intergenic_3856308_3856414,intergenic_region,4,4
FAM_I1359,intergenic_3891484_3891614,intergenic_region,6,6
FAM_I1360,intergenic_5052480_5052690,intergenic_region,2,2
FAM_I1361,intergenic_4326735_4327134,intergenic_region,6,6
FAM_I1362,intergenic_4378945_4379006,intergenic_region,5,5
FAM_I1363,intergenic_4459312_4459552,intergenic_region,6,6
SING_I42H,intergenic_41032_41327,intergenic_region,1,1
FAM_I1364,intergenic_1324096_1324303,intergenic_region,2,2
FAM_I1365,intergenic_1518470_1519034,intergenic_region,2,2
FAM_I1799,intergenic_1375854_1375929,intergenic_region,1,1
FAM_I1367,intergenic_1899359_1899575,intergenic_region,2,2
FAM_I1368,intergenic_1925057_1925284,intergenic_region,1,2
FAM_I1369,intergenic_2073091_2073602,intergenic_region,4,6
FAM_I1370,intergenic_1920494_1920621,intergenic_region,6,6
FAM_I1371,intergenic_1681608_1681998,intergenic_region,5,5
FAM_I1372,intergenic_2921488_2921564,intergenic_region,2,2
FAM_I1373,intergenic_2940773_2941105,intergenic_region,2,2
FAM_I1374,intergenic_3194436_3194609,intergenic_region,2,2
FAM_I1375,intergenic_3491753_3491827,intergenic_region,2,2
FAM_I1376,intergenic_3713811_3714035,intergenic_region,2,2
FAM_I1377,intergenic_3853626_3853741,intergenic_region,2,2
FAM_I1378,intergenic_4599388_4599446,intergenic_region,2,2
FAM_I1379,intergenic_4865202_4865308,intergenic_region,2,2
FAM_I1380,intergenic_4920405_4920463,intergenic_region,2,2
FAM_I1381,intergenic_5074274_5074777,intergenic_region,2,2
FAM_I1382,intergenic_4597013_4597149,intergenic_region,6,6
SING_I431,intergenic_89670_89738,intergenic_region,1,1
SING_I45P,intergenic_280944_281046,intergenic_region,1,1
SING_I48T,intergenic_526652_526718,intergenic_region,1,1
SING_I4CD,intergenic_809761_809909,intergenic_region,1,1
SING_I4EL,intergenic_981351_981424,intergenic_region,1,1
SING_I4H9,intergenic_1180691_1180787,intergenic_region,1,1
SING_I4I5,intergenic_1239245_1239381,intergenic_region,1,1
FAM_I1383,intergenic_2476179_2476309,intergenic_region,3,3
SING_I4LP,intergenic_1491213_1491302,intergenic_region,1,1
SING_I4Q5,intergenic_1840839_1840918,intergenic_region,1,1
SING_I4QL,intergenic_1883990_1884062,intergenic_region,1,1
FAM_I1384,intergenic_2453772_2453859,intergenic_region,1,2
SING_I4ZX,intergenic_2517238_2517570,intergenic_region,1,1
FAM_I1385,intergenic_1847586_1847819,intergenic_region,6,6
SING_I52L,intergenic_2711000_2711104,intergenic_region,1,1
SING_I57H,intergenic_3025731_3026616,intergenic_region,1,1
SING_I57X,intergenic_3056827_3056895,intergenic_region,1,1
SING_I5B1,intergenic_3285985_3286079,intergenic_region,1,1
SING_IVJ,intergenic_2074659_2074778,intergenic_region,1,1
SING_IVZ,intergenic_2101269_2101395,intergenic_region,1,1
FAM_I1387,intergenic_1827009_1827072,intergenic_region,3,3
SING_I127,intergenic_2565333_2565480,intergenic_region,1,1
SING_I14V,intergenic_2765154_2765917,intergenic_region,1,1
FAM_I1388,intergenic_3360617_3361175,intergenic_region,2,2
FAM_I1389,intergenic_3499202_3499447,intergenic_region,6,6
FAM_I1390,intergenic_4492526_4492586,intergenic_region,2,2
SING_I1TR,intergenic_4520325_4520670,intergenic_region,1,1
SING_I5LK,intergenic_4021684_4022210,intergenic_region,1,1
FAM_I1391,intergenic_15629_16156,intergenic_region,6,6
SING_I5O8,intergenic_4202385_4202501,intergenic_region,1,1
SING_I5OO,intergenic_4240270_4240335,intergenic_region,1,1
SING_I5P4,intergenic_4267705_4268471,intergenic_region,1,1
SING_I5Q0,intergenic_4330877_4331014,intergenic_region,1,1
SING_I5QG,intergenic_4363651_4363883,intergenic_region,1,1
FAM_I1392,intergenic_4380202_4380381,intergenic_region,2,2
SING_I5RC,intergenic_4412530_4412644,intergenic_region,1,1
SING_I5UG,intergenic_4641085_4641265,intergenic_region,1,1
SING_I5VC,intergenic_4691423_4691592,intergenic_region,1,1
SING_I5XK,intergenic_4847836_4847898,intergenic_region,1,1
SING_I5YG,intergenic_4923226_4923709,intergenic_region,1,1
FAM_I1393,intergenic_2882786_2882846,intergenic_region,6,6
FAM_I1394,intergenic_3079219_3079441,intergenic_region,2,2
FAM_I1395,intergenic_3201512_3202108,intergenic_region,2,2
FAM_I1396,intergenic_3477707_3477888,intergenic_region,2,2
FAM_I1397,intergenic_3550646_3550749,intergenic_region,2,2
FAM_I1398,intergenic_2831884_2832144,intergenic_region,4,4
FAM_I2744,intergenic_385922_386012,intergenic_region,6,6
SING_I95M,intergenic_2489503_2489567,intergenic_region,1,1
FAM_I2895,intergenic_271908_272652,intergenic_region,5,11
FAM_I1404,intergenic_1020185_1020278,intergenic_region,6,6
FAM_I1405,intergenic_2145686_2145879,intergenic_region,6,6
FAM_I1406,intergenic_3722606_3722961,intergenic_region,2,2
SING_IAGB,intergenic_895135_895195,intergenic_region,1,1
FAM_I1407,intergenic_4641140_4641401,intergenic_region,3,3
FAM_I1410,intergenic_3413466_3413863,intergenic_region,6,6
FAM_I1411,intergenic_1586787_1586923,intergenic_region,4,4
FAM_I1412,intergenic_4503432_4504057,intergenic_region,2,4
FAM_I2620,intergenic_2131349_2131404,intergenic_region,6,8
FAM_I2691,intergenic_2748519_2748643,intergenic_region,6,12
FAM_I1414,intergenic_4283076_4283252,intergenic_region,4,4
FAM_I1415,intergenic_156202_156298,intergenic_region,2,2
SING_I3U,intergenic_265544_265619,intergenic_region,1,1
SING_I4A,intergenic_290306_290648,intergenic_region,1,1
SING_I4OF,intergenic_1707565_1708019,intergenic_region,1,1
FAM_I1417,intergenic_1877571_1877644,intergenic_region,6,6
FAM_I1931,intergenic_3131195_3131340,intergenic_region,6,13
FAM_I1418,intergenic_1427483_1427745,intergenic_region,1,1
FAM_I1419,intergenic_2432422_2432521,intergenic_region,2,2
SING_IUY,intergenic_2034537_2034755,intergenic_region,1,1
SING_I122,intergenic_2560067_2560370,intergenic_region,1,1
FAM_I1420,intergenic_2877619_2878568,intergenic_region,2,3
FAM_I2264,intergenic_3598269_3598657,intergenic_region,2,2
FAM_I1421,intergenic_4136016_4136107,intergenic_region,2,2
FAM_I1661,intergenic_4943025_4943117,intergenic_region,4,4
FAM_I1422,intergenic_4213618_4213679,intergenic_region,3,3
FAM_I1423,intergenic_4377723_4377810,intergenic_region,6,6
SING_I1UI,intergenic_4571916_4572413,intergenic_region,1,1
FAM_I1424,intergenic_271294_271361,intergenic_region,2,2
FAM_I1425,intergenic_322982_323656,intergenic_region,2,2
FAM_I1426,intergenic_379162_379734,intergenic_region,2,2
FAM_I1427,intergenic_585740_585946,intergenic_region,2,2
FAM_I1428,intergenic_897680_897890,intergenic_region,2,2
FAM_I1429,intergenic_1177087_1177237,intergenic_region,2,2
FAM_I1430,intergenic_1258041_1258181,intergenic_region,3,3
FAM_I1431,intergenic_1287461_1287754,intergenic_region,2,2
FAM_I1432,intergenic_1397000_1397300,intergenic_region,2,2
FAM_I1433,intergenic_1443920_1444290,intergenic_region,3,3
FAM_I1434,intergenic_1578209_1578261,intergenic_region,2,2
FAM_I1435,intergenic_1655222_1655299,intergenic_region,2,2
FAM_I1436,intergenic_2364235_2364782,intergenic_region,6,6
FAM_I1437,intergenic_2609416_2609565,intergenic_region,2,2
FAM_I1438,intergenic_2787411_2787728,intergenic_region,2,2
FAM_I1439,intergenic_2867460_2867546,intergenic_region,2,2
FAM_I1440,intergenic_3486809_3486898,intergenic_region,2,2
FAM_I1441,intergenic_2888313_2888386,intergenic_region,2,2
FAM_I2246,intergenic_1065864_1065936,intergenic_region,1,1
FAM_I1442,intergenic_3741583_3741683,intergenic_region,6,6
FAM_I1443,intergenic_3860117_3860282,intergenic_region,6,6
FAM_I1444,intergenic_3893725_3893880,intergenic_region,6,6
FAM_I1445,intergenic_4794878_4794959,intergenic_region,4,4
FAM_I1446,intergenic_4175003_4175943,intergenic_region,6,6
FAM_I1447,intergenic_4214124_4214279,intergenic_region,6,6
SING_I3VE,intergenic_5058641_5058758,intergenic_region,1,1
SING_I42I,intergenic_41697_42265,intergenic_region,1,1
SING_I48Q,intergenic_521069_521184,intergenic_region,1,1
FAM_I1448,intergenic_3112909_3113066,intergenic_region,3,3
SING_I4EI,intergenic_974297_974597,intergenic_region,1,1
FAM_I1449,intergenic_1020645_1020748,intergenic_region,2,2
FAM_I1450,intergenic_1172210_1172299,intergenic_region,2,2
SING_I4I2,intergenic_1237244_1237347,intergenic_region,1,1
SING_I4JE,intergenic_1326509_1326562,intergenic_region,1,1
SING_I4M2,intergenic_1519785_1519960,intergenic_region,1,1
SING_I4QY,intergenic_1900011_1900438,intergenic_region,1,1
SING_I4YI,intergenic_2431121_2431176,intergenic_region,1,1
FAM_I1452,intergenic_2446801_2446899,intergenic_region,1,2
SING_I54Q,intergenic_2832298_2832490,intergenic_region,1,1
SING_I57U,intergenic_3049947_3050439,intergenic_region,1,1
SING_I58A,intergenic_3069503_3070307,intergenic_region,1,1
SING_I5AY,intergenic_3278899_3279040,intergenic_region,1,1
FAM_I1453,intergenic_434870_434970,intergenic_region,6,9
SING_I5JU,intergenic_3879516_3879621,intergenic_region,1,1
FAM_I2835,intergenic_4583049_4583248,intergenic_region,5,6
FAM_I1628,intergenic_4208333_4208533,intergenic_region,2,2
SING_I5OQ,intergenic_4243135_4243263,intergenic_region,1,1
SING_I5PM,intergenic_4289878_4289930,intergenic_region,1,1
SING_I5Q2,intergenic_4333998_4334136,intergenic_region,1,1
SING_I5QI,intergenic_4364953_4365014,intergenic_region,1,1
SING_I5QY,intergenic_4385506_4385956,intergenic_region,1,1
SING_I5XM,intergenic_4853152_4853249,intergenic_region,1,1
FAM_I1455,intergenic_1933684_1933934,intergenic_region,2,6
FAM_I1456,intergenic_2113640_2113999,intergenic_region,4,4
FAM_I1457,intergenic_2595720_2596017,intergenic_region,2,2
FAM_I1458,intergenic_2706246_2706342,intergenic_region,2,2
FAM_I1459,intergenic_3204343_3204557,intergenic_region,2,2
FAM_I1460,intergenic_3479677_3479805,intergenic_region,2,2
FAM_I1461,intergenic_3865454_3865887,intergenic_region,2,2
FAM_I1462,intergenic_5047168_5047264,intergenic_region,2,2
FAM_I1463,intergenic_3592326_3592723,intergenic_region,6,6
FAM_I1464,intergenic_4458161_4458503,intergenic_region,2,2
FAM_I1465,intergenic_4585429_4585488,intergenic_region,2,2
FAM_I1466,intergenic_4613509_4613891,intergenic_region,2,2
FAM_I1467,intergenic_4674551_4674699,intergenic_region,2,2
FAM_I1468,intergenic_4703297_4703619,intergenic_region,2,2
FAM_I1469,intergenic_4933758_4934001,intergenic_region,3,3
FAM_I1470,intergenic_5332875_5332930,intergenic_region,4,4
FAM_I1471,intergenic_5356351_5356472,intergenic_region,2,2
FAM_I1472,intergenic_23029_23329,intergenic_region,4,4
FAM_I1473,intergenic_131261_131614,intergenic_region,6,6
FAM_I1474,intergenic_456068_456418,intergenic_region,6,6
FAM_I1475,intergenic_479814_479870,intergenic_region,6,6
FAM_I1476,intergenic_607292_607657,intergenic_region,4,4
FAM_I1477,intergenic_795224_795279,intergenic_region,4,4
FAM_I1478,intergenic_1088386_1088455,intergenic_region,6,6
FAM_I1479,intergenic_1126986_1127340,intergenic_region,5,5
FAM_I1480,intergenic_1397442_1398312,intergenic_region,2,2
FAM_I1481,intergenic_1474518_1474943,intergenic_region,6,6
FAM_I1482,intergenic_1554170_1554622,intergenic_region,3,7
FAM_I1483,intergenic_1616815_1616985,intergenic_region,6,6
FAM_I1484,intergenic_1810229_1810982,intergenic_region,2,2
FAM_I1485,intergenic_1909236_1909345,intergenic_region,2,2
SING_I86Y,intergenic_5503718_5503841,intergenic_region,1,1
FAM_I1486,intergenic_485694_485753,intergenic_region,2,2
FAM_I1487,intergenic_727481_727550,intergenic_region,2,2
FAM_I1488,intergenic_817828_818636,intergenic_region,2,2
FAM_I1489,intergenic_851733_852108,intergenic_region,2,2
FAM_I1490,intergenic_973278_973348,intergenic_region,2,2
FAM_I1491,intergenic_2785012_2786396,intergenic_region,5,6
SING_I8PM,intergenic_1348350_1348404,intergenic_region,1,1
FAM_I1492,intergenic_2850882_2851179,intergenic_region,5,5
SING_I8WA,intergenic_1894141_1894321,intergenic_region,1,1
SING_I98Q,intergenic_2696944_2696999,intergenic_region,1,1
SING_I9A2,intergenic_2782793_2783344,intergenic_region,1,1
FAM_I1493,intergenic_2786996_2787184,intergenic_region,2,2
FAM_I1494,intergenic_1672019_1672390,intergenic_region,5,5
SING_I9CA,intergenic_2920647_2920711,intergenic_region,1,1
FAM_I1495,intergenic_3090174_3090392,intergenic_region,4,4
FAM_I1496,intergenic_1090673_1090844,intergenic_region,6,6
SING_I9EY,intergenic_3119845_3120510,intergenic_region,1,1
FAM_I1497,intergenic_1056617_1057302,intergenic_region,5,5
FAM_I1498,intergenic_2837676_2837766,intergenic_region,4,4
SING_I9KQ,intergenic_3553955_3554060,intergenic_region,1,1
FAM_I1499,intergenic_3828992_3829190,intergenic_region,2,2
FAM_I1500,intergenic_290587_290670,intergenic_region,6,6
SING_I9QY,intergenic_3989750_3989817,intergenic_region,1,1
FAM_I1501,intergenic_237128_237458,intergenic_region,1,2
SING_IA4Q,intergenic_53429_53901,intergenic_region,1,1
FAM_I1502,intergenic_3808135_3808539,intergenic_region,6,6
FAM_I1504,intergenic_3466726_3466796,intergenic_region,3,3
SING_IAGA,intergenic_891233_891363,intergenic_region,1,1
SING_IAJE,intergenic_1120133_1120184,intergenic_region,1,1
FAM_I1505,intergenic_3624133_3624377,intergenic_region,6,17
FAM_I1803,intergenic_1865936_1866383,intergenic_region,4,4
FAM_I1506,intergenic_66551_66834,intergenic_region,6,6
SING_I9GF,intergenic_3224683_3224975,intergenic_region,1,1
SING_I9Z3,intergenic_4557096_4557239,intergenic_region,1,1
FAM_I1507,intergenic_4788844_4789224,intergenic_region,2,2
FAM_I1508,intergenic_3827292_3827459,intergenic_region,2,2
SING_IAJJ,intergenic_1126582_1126642,intergenic_region,1,1
FAM_I1509,intergenic_2667847_2668005,intergenic_region,6,11
FAM_I1510,intergenic_2519206_2519256,intergenic_region,3,3
FAM_I1511,intergenic_2254308_2254669,intergenic_region,2,2
FAM_I1512,intergenic_3705412_3705464,intergenic_region,4,4
FAM_I1513,intergenic_3756101_3756707,intergenic_region,4,4
SING_IBQ7,intergenic_4050961_4052161,intergenic_region,1,1
FAM_I1606,intergenic_1327541_1327660,intergenic_region,2,2
FAM_I1515,intergenic_4585633_4586204,intergenic_region,2,2
FAM_I2830,intergenic_3959446_3959531,intergenic_region,6,11
FAM_I1517,intergenic_1398985_1400516,intergenic_region,2,2
FAM_I1663,intergenic_3645851_3645932,intergenic_region,2,2
FAM_I1519,intergenic_785915_786116,intergenic_region,6,6
FAM_I1520,intergenic_240350_240886,intergenic_region,6,6
FAM_I1521,intergenic_1677283_1677333,intergenic_region,5,5
FAM_I1522,intergenic_481167_481572,intergenic_region,6,6
FAM_I1524,intergenic_156884_157252,intergenic_region,3,3
FAM_I1525,intergenic_2769487_2769702,intergenic_region,1,2
SING_I4B,intergenic_291347_291499,intergenic_region,1,1
FAM_I1526,intergenic_611161_611222,intergenic_region,5,5
FAM_I1527,intergenic_645554_645670,intergenic_region,6,6
FAM_I1528,intergenic_1915259_1915587,intergenic_region,6,6
FAM_I1529,intergenic_922799_922857,intergenic_region,4,19
FAM_I1530,intergenic_2575431_2575805,intergenic_region,3,3
FAM_I1531,intergenic_2255730_2255880,intergenic_region,2,2
SING_I10R,intergenic_2470463_2470802,intergenic_region,1,1
SING_I123,intergenic_2560899_2561370,intergenic_region,1,1
SING_I14R,intergenic_2757401_2757643,intergenic_region,1,1
FAM_I1532,intergenic_3204132_3204220,intergenic_region,6,6
SING_I1L7,intergenic_3951544_3951667,intergenic_region,1,1
FAM_I1533,intergenic_4092824_4093123,intergenic_region,2,2
FAM_I1534,intergenic_4462661_4463053,intergenic_region,6,6
FAM_I1535,intergenic_4510134_4510689,intergenic_region,2,2
SING_I1UJ,intergenic_4573932_4574134,intergenic_region,1,1
FAM_I1536,intergenic_18752_18959,intergenic_region,3,3
FAM_I1537,intergenic_324557_324654,intergenic_region,2,2
FAM_I1538,intergenic_351955_352241,intergenic_region,2,2
FAM_I1539,intergenic_383719_383859,intergenic_region,2,2
FAM_I1540,intergenic_501361_501537,intergenic_region,2,2
FAM_I1541,intergenic_606191_606274,intergenic_region,3,3
FAM_I1542,intergenic_898851_899324,intergenic_region,2,2
FAM_I1543,intergenic_971428_971564,intergenic_region,6,6
FAM_I1544,intergenic_1000999_1001067,intergenic_region,3,3
FAM_I1545,intergenic_1178057_1178342,intergenic_region,2,2
FAM_I1546,intergenic_1243432_1243540,intergenic_region,2,2
FAM_I1547,intergenic_1291562_1291651,intergenic_region,2,2
FAM_I1548,intergenic_1427424_1427841,intergenic_region,2,2
FAM_I1549,intergenic_1447141_1447250,intergenic_region,2,2
FAM_I1550,intergenic_1581652_1582241,intergenic_region,2,2
FAM_I1551,intergenic_1655483_1655979,intergenic_region,2,2
FAM_I1552,intergenic_2002931_2003075,intergenic_region,6,8
FAM_I1553,intergenic_2147504_2147597,intergenic_region,2,2
FAM_I1554,intergenic_2609932_2609985,intergenic_region,2,2
FAM_I1556,intergenic_2788623_2788864,intergenic_region,3,3
FAM_I2588,intergenic_903124_903797,intergenic_region,3,3
FAM_I1557,intergenic_1560756_1561111,intergenic_region,2,11
SING_I55C,intergenic_2897950_2898429,intergenic_region,1,1
FAM_I1558,intergenic_4118091_4118520,intergenic_region,6,6
FAM_I1559,intergenic_5059233_5059408,intergenic_region,2,2
FAM_I1560,intergenic_4488401_4488560,intergenic_region,5,5
FAM_I1561,intergenic_5390156_5391107,intergenic_region,3,4
FAM_I1562,intergenic_5416256_5416585,intergenic_region,3,3
FAM_I1563,intergenic_800773_801829,intergenic_region,2,2
SING_I4EJ,intergenic_979727_980095,intergenic_region,1,1
SING_I4H7,intergenic_1178815_1178999,intergenic_region,1,1
SING_I4LN,intergenic_1485940_1486144,intergenic_region,1,1
SING_I4M3,intergenic_1525443_1525761,intergenic_region,1,1
SING_I4QZ,intergenic_1905446_1905498,intergenic_region,1,1
SING_I4RF,intergenic_1929194_1930240,intergenic_region,1,1
FAM_I1564,intergenic_2447347_2447517,intergenic_region,1,2
FAM_I1565,intergenic_2093428_2093787,intergenic_region,6,6
FAM_I1566,intergenic_1756646_1757001,intergenic_region,6,6
FAM_I1567,intergenic_1731887_1732246,intergenic_region,6,11
SING_I54R,intergenic_2832647_2832768,intergenic_region,1,1
FAM_I1568,intergenic_2694022_2694169,intergenic_region,2,4
SING_I5AZ,intergenic_3279608_3280035,intergenic_region,1,1
FAM_I1569,intergenic_741574_741781,intergenic_region,6,11
FAM_I1571,intergenic_685866_685932,intergenic_region,6,6
FAM_I1572,intergenic_345190_345449,intergenic_region,6,10
SING_I5JV,intergenic_3881740_3881824,intergenic_region,1,1
FAM_I1573,intergenic_2514245_2514330,intergenic_region,6,10
SING_I5OR,intergenic_4246269_4246681,intergenic_region,1,1
SING_I5PN,intergenic_4296385_4296435,intergenic_region,1,1
SING_I5Q3,intergenic_4335777_4336959,intergenic_region,1,1
SING_I5QJ,intergenic_4365492_4366192,intergenic_region,1,1
SING_I5UJ,intergenic_4646664_4646735,intergenic_region,1,1
SING_I5XN,intergenic_4854684_4854752,intergenic_region,1,1
FAM_I1574,intergenic_1998172_1998221,intergenic_region,6,6
FAM_I1575,intergenic_2244843_2244898,intergenic_region,2,2
FAM_I1576,intergenic_2597247_2597338,intergenic_region,2,2
FAM_I1577,intergenic_2932444_2932557,intergenic_region,2,2
FAM_I1578,intergenic_3088131_3088197,intergenic_region,2,2
FAM_I1579,intergenic_3181586_3181666,intergenic_region,2,2
FAM_I1580,intergenic_3206953_3207236,intergenic_region,2,2
FAM_I1581,intergenic_2211512_2211690,intergenic_region,2,4
FAM_I1582,intergenic_3724329_3724406,intergenic_region,2,2
FAM_I1583,intergenic_3866677_3867327,intergenic_region,2,2
FAM_I1584,intergenic_4311219_4311336,intergenic_region,2,2
FAM_I1585,intergenic_4614306_4614359,intergenic_region,2,2
FAM_I1586,intergenic_4704004_4704106,intergenic_region,2,2
FAM_I1587,intergenic_4934275_4934418,intergenic_region,3,3
FAM_I1588,intergenic_5356932_5357646,intergenic_region,2,2
FAM_I1589,intergenic_5441204_5441269,intergenic_region,2,2
FAM_I1590,intergenic_24752_25220,intergenic_region,5,5
FAM_I1591,intergenic_89033_89633,intergenic_region,6,6
FAM_I1592,intergenic_234212_234472,intergenic_region,6,6
FAM_I1593,intergenic_325823_326524,intergenic_region,2,2
FAM_I1594,intergenic_386316_386777,intergenic_region,6,6
FAM_I1595,intergenic_841515_842180,intergenic_region,5,6
FAM_I1596,intergenic_1089740_1089907,intergenic_region,6,6
FAM_I1597,intergenic_1127881_1127962,intergenic_region,5,5
FAM_I2823,intergenic_1451605_1451943,intergenic_region,4,13
FAM_I1599,intergenic_1528596_1528677,intergenic_region,6,6
FAM_I1600,intergenic_1618237_1618349,intergenic_region,3,3
FAM_I1601,intergenic_1676342_1676562,intergenic_region,6,6
FAM_I1602,intergenic_1811631_1811813,intergenic_region,2,2
SING_I86Z,intergenic_5504490_5504577,intergenic_region,1,1
SING_I88B,intergenic_107770_108371,intergenic_region,1,1
FAM_I1603,intergenic_490271_490361,intergenic_region,2,2
SING_I8GB,intergenic_687524_687814,intergenic_region,1,1
SING_I8HN,intergenic_780951_781117,intergenic_region,1,1
SING_I8IJ,intergenic_868485_868720,intergenic_region,1,1
FAM_I1604,intergenic_855446_855593,intergenic_region,2,2
SING_I8KR,intergenic_996118_996230,intergenic_region,1,1
FAM_I1605,intergenic_2884139_2884552,intergenic_region,3,3
SING_I8WB,intergenic_1895673_1896011,intergenic_region,1,1
SING_I8WR,intergenic_1930178_1930267,intergenic_region,1,1
FAM_I1607,intergenic_2574748_2575220,intergenic_region,2,2
SING_I98R,intergenic_2698341_2698509,intergenic_region,1,1
SING_I9A3,intergenic_2783729_2783929,intergenic_region,1,1
SING_I9E3,intergenic_3046325_3046389,intergenic_region,1,1
SING_I9EZ,intergenic_3120625_3120926,intergenic_region,1,1
SING_I9H7,intergenic_3281449_3281518,intergenic_region,1,1
FAM_I1608,intergenic_3436044_3436190,intergenic_region,2,2
FAM_I1609,intergenic_756861_756929,intergenic_region,5,5
SING_I9KR,intergenic_3555669_3556255,intergenic_region,1,1
SING_I9NF,intergenic_3741563_3741626,intergenic_region,1,1
SING_I9VF,intergenic_4316447_4316512,intergenic_region,1,1
FAM_I1610,intergenic_4094273_4094722,intergenic_region,6,6
FAM_I1611,intergenic_4100526_4100809,intergenic_region,6,6
FAM_I1612,intergenic_3922441_3923056,intergenic_region,6,6
SING_IA57,intergenic_89676_89838,intergenic_region,1,1
FAM_I1613,intergenic_3736158_3736352,intergenic_region,2,2
FAM_I1614,intergenic_3168545_3168748,intergenic_region,2,2
SING_IAJF,intergenic_1121455_1121535,intergenic_region,1,1
FAM_I1615,intergenic_2746186_2746433,intergenic_region,6,6
FAM_I1616,intergenic_1678233_1678343,intergenic_region,2,2
SING_IARF,intergenic_1704064_1704275,intergenic_region,1,1
SING_IAUJ,intergenic_1932470_1933022,intergenic_region,1,1
FAM_I1619,intergenic_2407923_2408180,intergenic_region,2,2
FAM_I1620,intergenic_2827839_2827950,intergenic_region,4,4
SING_IB6Z,intergenic_2680508_2680641,intergenic_region,1,1
FAM_I1621,intergenic_1135251_1135423,intergenic_region,6,6
FAM_I1622,intergenic_3302096_3302162,intergenic_region,2,3
FAM_I1623,intergenic_562891_563010,intergenic_region,6,6
FAM_I1624,intergenic_368080_368260,intergenic_region,6,6
FAM_I1625,intergenic_238121_238256,intergenic_region,3,3
FAM_I1626,intergenic_4509794_4509875,intergenic_region,2,2
SING_IBQ3,intergenic_4028599_4028696,intergenic_region,1,1
FAM_I1627,intergenic_3898610_3898670,intergenic_region,3,3
SING_I47S,intergenic_454000_454050,intergenic_region,1,1
FAM_I1629,intergenic_3114353_3114549,intergenic_region,3,3
FAM_I1630,intergenic_968822_969078,intergenic_region,2,2
SING_I4FS,intergenic_1080269_1080410,intergenic_region,1,1
SING_I4KO,intergenic_1428037_1428086,intergenic_region,1,1
SING_I4LK,intergenic_1480515_1480583,intergenic_region,1,1
FAM_I1631,intergenic_2071507_2072007,intergenic_region,4,5
FAM_I1632,intergenic_2265060_2265252,intergenic_region,6,6
SING_I4YG,intergenic_2426154_2426267,intergenic_region,1,1
SING_I554,intergenic_2874792_2874888,intergenic_region,1,1
SING_I57S,intergenic_3045351_3045453,intergenic_region,1,1
SING_I588,intergenic_3068283_3068450,intergenic_region,1,1
SING_I5AW,intergenic_3276718_3276843,intergenic_region,1,1
SING_I5BC,intergenic_3306415_3306504,intergenic_region,1,1
SING_I5DK,intergenic_3472768_3472874,intergenic_region,1,1
FAM_I1633,intergenic_745322_745460,intergenic_region,6,6
FAM_I1635,intergenic_3681941_3682160,intergenic_region,6,6
FAM_I1865,intergenic_2245979_2246104,intergenic_region,2,4
FAM_I1638,intergenic_83530_84367,intergenic_region,6,6
SING_I3W,intergenic_268006_268096,intergenic_region,1,1
SING_I4C,intergenic_292232_292321,intergenic_region,1,1
FAM_I1639,intergenic_392902_393020,intergenic_region,4,8
FAM_I1640,intergenic_1243790_1244079,intergenic_region,6,6
FAM_I1641,intergenic_2827080_2827589,intergenic_region,4,4
SING_IKC,intergenic_1381790_1381946,intergenic_region,1,1
SING_IL8,intergenic_1430284_1430413,intergenic_region,1,1
FAM_I1642,intergenic_2254883_2255555,intergenic_region,2,2
FAM_I1643,intergenic_1489264_1489535,intergenic_region,2,2
SING_I10S,intergenic_2473247_2473603,intergenic_region,1,1
SING_I124,intergenic_2561994_2562110,intergenic_region,1,1
SING_I14S,intergenic_2758857_2758984,intergenic_region,1,1
FAM_I1644,intergenic_4516678_4516763,intergenic_region,2,2
SING_I1UK,intergenic_4576856_4576911,intergenic_region,1,1
FAM_I1645,intergenic_54718_54802,intergenic_region,4,4
FAM_I1646,intergenic_325378_325543,intergenic_region,2,2
FAM_I1647,intergenic_352599_352790,intergenic_region,2,2
FAM_I1648,intergenic_503110_503339,intergenic_region,2,2
FAM_I1649,intergenic_1001774_1001998,intergenic_region,3,3
FAM_I1650,intergenic_1024934_1025230,intergenic_region,2,2
FAM_I1651,intergenic_1292387_1292618,intergenic_region,2,2
FAM_I1652,intergenic_1378799_1378952,intergenic_region,2,2
FAM_I1653,intergenic_1585644_1585811,intergenic_region,2,2
FAM_I1654,intergenic_2004263_2004386,intergenic_region,2,2
FAM_I1655,intergenic_2611683_2611839,intergenic_region,2,2
FAM_I1656,intergenic_3490439_3490658,intergenic_region,2,2
FAM_I1657,intergenic_3522789_3522937,intergenic_region,2,2
FAM_I1658,intergenic_4492457_4492585,intergenic_region,3,3
FAM_I1659,intergenic_3838138_3838247,intergenic_region,5,5
FAM_I1660,intergenic_4798423_4799381,intergenic_region,3,3
FAM_I1662,intergenic_5065494_5065619,intergenic_region,2,2
SING_I430,intergenic_87306_87386,intergenic_region,1,1
SING_I4CC,intergenic_806229_806290,intergenic_region,1,1
SING_I4EK,intergenic_980540_980795,intergenic_region,1,1
SING_I4H8,intergenic_1179336_1179779,intergenic_region,1,1
FAM_I2742,intergenic_4153099_4153695,intergenic_region,6,6
FAM_I1664,intergenic_1486688_1486914,intergenic_region,2,2
FAM_I1665,intergenic_1836971_1837098,intergenic_region,3,3
SING_I4R0,intergenic_1905757_1906286,intergenic_region,1,1
FAM_I1666,intergenic_2319467_2319738,intergenic_region,6,6
FAM_I1667,intergenic_2449422_2449485,intergenic_region,1,2
SING_I4ZW,intergenic_2516706_2517021,intergenic_region,1,1
SING_I54S,intergenic_2833528_2834225,intergenic_region,1,1
FAM_I1668,intergenic_2701064_2701114,intergenic_region,1,2
SING_I57W,intergenic_3051879_3052181,intergenic_region,1,1
FAM_I1669,intergenic_1373979_1376028,intergenic_region,3,4
SING_I5B0,intergenic_3285046_3285113,intergenic_region,1,1
FAM_I1670,intergenic_740508_740607,intergenic_region,6,6
FAM_I1671,intergenic_3536239_3536384,intergenic_region,2,2
FAM_I1672,intergenic_372543_372970,intergenic_region,3,3
FAM_I1673,intergenic_343698_344521,intergenic_region,6,8
SING_I5JW,intergenic_3882344_3883048,intergenic_region,1,1
FAM_I1674,intergenic_2464169_2464509,intergenic_region,6,6
FAM_I1675,intergenic_2509028_2509192,intergenic_region,6,6
FAM_I1676,intergenic_2615226_2615281,intergenic_region,6,6
FAM_I1677,intergenic_2648362_2648650,intergenic_region,6,6
FAM_I2613,intergenic_216971_217022,intergenic_region,2,2
FAM_I1678,intergenic_1622767_1622872,intergenic_region,2,2
FAM_I1679,intergenic_2455647_2456326,intergenic_region,2,2
FAM_I1680,intergenic_2620161_2620245,intergenic_region,6,6
FAM_I1681,intergenic_2718529_2718734,intergenic_region,6,6
FAM_I1682,intergenic_2900274_2900591,intergenic_region,6,6
SING_I176,intergenic_2930944_2931054,intergenic_region,1,1
FAM_I1683,intergenic_2993471_2993637,intergenic_region,4,4
FAM_I1684,intergenic_3030932_3031366,intergenic_region,6,6
FAM_I1685,intergenic_3183552_3183812,intergenic_region,5,5
FAM_I1686,intergenic_3271771_3271866,intergenic_region,6,6
FAM_I1687,intergenic_3301277_3301484,intergenic_region,6,6
FAM_I1688,intergenic_3328716_3328962,intergenic_region,6,6
FAM_I1689,intergenic_3368955_3369013,intergenic_region,5,5
FAM_I1690,intergenic_3579646_3579767,intergenic_region,6,6
FAM_I1691,intergenic_3640546_3640861,intergenic_region,6,6
FAM_I1692,intergenic_3828666_3828944,intergenic_region,6,6
FAM_I1693,intergenic_3866274_3866468,intergenic_region,6,6
FAM_I1694,intergenic_3926456_3926544,intergenic_region,6,6
FAM_I1695,intergenic_3964230_3964364,intergenic_region,6,6
FAM_I1696,intergenic_4005732_4005857,intergenic_region,6,6
FAM_I1697,intergenic_4042339_4042414,intergenic_region,6,6
FAM_I1698,intergenic_4105671_4105819,intergenic_region,6,6
FAM_I1699,intergenic_4156790_4156849,intergenic_region,6,6
FAM_I1700,intergenic_4196100_4196331,intergenic_region,6,6
FAM_I1701,intergenic_4230143_4230353,intergenic_region,3,3
FAM_I1702,intergenic_4341629_4341910,intergenic_region,6,6
FAM_I1703,intergenic_4368328_4368663,intergenic_region,6,6
FAM_I1704,intergenic_4474054_4474123,intergenic_region,5,5
SING_I1TU,intergenic_4527981_4528110,intergenic_region,1,1
FAM_I1705,intergenic_33571_34025,intergenic_region,6,6
FAM_I1706,intergenic_65781_65854,intergenic_region,6,6
FAM_I1707,intergenic_108218_108278,intergenic_region,6,6
FAM_I1708,intergenic_142671_142778,intergenic_region,6,6
FAM_I1709,intergenic_183354_183436,intergenic_region,6,6
FAM_I1710,intergenic_215611_215674,intergenic_region,6,6
FAM_I1711,intergenic_400631_400872,intergenic_region,5,5
FAM_I1712,intergenic_463382_463482,intergenic_region,6,6
FAM_I1713,intergenic_621496_622238,intergenic_region,4,4
FAM_I1714,intergenic_651208_651426,intergenic_region,5,5
FAM_I1715,intergenic_954608_955214,intergenic_region,2,2
FAM_I1716,intergenic_1166306_1166491,intergenic_region,2,2
FAM_I1718,intergenic_1346620_1346671,intergenic_region,2,2
FAM_I1719,intergenic_1386993_1387677,intergenic_region,2,2
FAM_I1720,intergenic_1417190_1417610,intergenic_region,2,2
FAM_I1721,intergenic_1543124_1543184,intergenic_region,2,2
FAM_I1722,intergenic_1561253_1561474,intergenic_region,2,2
FAM_I1723,intergenic_1685457_1685643,intergenic_region,2,2
FAM_I1724,intergenic_1798916_1799066,intergenic_region,3,3
FAM_I1725,intergenic_1829957_1830175,intergenic_region,6,6
FAM_I1726,intergenic_1851882_1852358,intergenic_region,4,4
FAM_I1727,intergenic_1896763_1896880,intergenic_region,6,6
FAM_I1728,intergenic_2260435_2260521,intergenic_region,6,6
FAM_I1729,intergenic_2320688_2320887,intergenic_region,6,6
FAM_I1730,intergenic_2346854_2346978,intergenic_region,6,6
FAM_I1731,intergenic_2381191_2381245,intergenic_region,6,6
FAM_I1732,intergenic_2455733_2455849,intergenic_region,6,6
FAM_I1733,intergenic_2503552_2504013,intergenic_region,6,6
FAM_I1734,intergenic_2530808_2531015,intergenic_region,6,6
FAM_I1735,intergenic_2560200_2560586,intergenic_region,6,6
FAM_I1736,intergenic_2619241_2619469,intergenic_region,6,6
FAM_I1737,intergenic_1546139_1546206,intergenic_region,2,6
FAM_I1738,intergenic_2732933_2732993,intergenic_region,6,6
FAM_I1739,intergenic_2758115_2758346,intergenic_region,5,5
FAM_I1740,intergenic_2856450_2856500,intergenic_region,6,6
FAM_I1741,intergenic_2883364_2884404,intergenic_region,6,6
FAM_I1742,intergenic_1261594_1261725,intergenic_region,2,4
FAM_I1743,intergenic_2951008_2951232,intergenic_region,6,6
FAM_I1744,intergenic_2978781_2979037,intergenic_region,6,6
FAM_I1745,intergenic_3005611_3005790,intergenic_region,6,6
FAM_I1746,intergenic_3045872_3046609,intergenic_region,6,6
FAM_I1747,intergenic_3081882_3082153,intergenic_region,6,6
FAM_I1748,intergenic_3116220_3116285,intergenic_region,6,6
FAM_I1749,intergenic_3146791_3146925,intergenic_region,6,6
FAM_I1750,intergenic_2448441_2448605,intergenic_region,6,6
FAM_I1751,intergenic_2509427_2509629,intergenic_region,6,6
FAM_I1752,intergenic_2545610_2545772,intergenic_region,5,5
FAM_I1753,intergenic_2593771_2593843,intergenic_region,6,6
FAM_I1754,intergenic_2637357_2637473,intergenic_region,6,6
FAM_I1755,intergenic_2704064_2704334,intergenic_region,6,6
FAM_I1756,intergenic_2737496_2737744,intergenic_region,6,6
FAM_I1757,intergenic_3500025_3500450,intergenic_region,3,3
FAM_I1758,intergenic_2809494_2809616,intergenic_region,6,6
FAM_I1759,intergenic_2828517_2828620,intergenic_region,6,6
FAM_I1760,intergenic_2867552_2867613,intergenic_region,6,6
FAM_I1761,intergenic_2937360_2937467,intergenic_region,6,6
FAM_I1762,intergenic_2971490_2971596,intergenic_region,6,6
FAM_I1763,intergenic_3721402_3722104,intergenic_region,3,3
FAM_I1764,intergenic_3067174_3067339,intergenic_region,6,6
FAM_I1765,intergenic_3091055_3091133,intergenic_region,6,6
FAM_I1766,intergenic_3153424_3153562,intergenic_region,6,6
FAM_I1767,intergenic_3182435_3182549,intergenic_region,6,6
FAM_I1768,intergenic_3484437_3484489,intergenic_region,6,6
FAM_I1769,intergenic_3517307_3517397,intergenic_region,6,6
FAM_I1770,intergenic_3552474_3553084,intergenic_region,6,6
FAM_I1771,intergenic_3586824_3586942,intergenic_region,6,6
FAM_I1772,intergenic_3665811_3666179,intergenic_region,6,6
FAM_I1773,intergenic_3729372_3729442,intergenic_region,6,6
FAM_I1774,intergenic_3761250_3761346,intergenic_region,6,6
FAM_I1775,intergenic_3793699_3793986,intergenic_region,3,3
FAM_I1776,intergenic_3931094_3931315,intergenic_region,6,6
FAM_I1777,intergenic_3970078_3970132,intergenic_region,6,6
FAM_I1778,intergenic_4009060_4009169,intergenic_region,6,6
FAM_I1779,intergenic_4078439_4078848,intergenic_region,5,5
FAM_I1780,intergenic_4124457_4124611,intergenic_region,6,6
FAM_I1781,intergenic_4190326_4190734,intergenic_region,6,6
FAM_I1782,intergenic_5040283_5040333,intergenic_region,4,4
FAM_I1783,intergenic_5080726_5080790,intergenic_region,4,4
FAM_I1784,intergenic_4256467_4256636,intergenic_region,6,6
FAM_I1785,intergenic_4401953_4402037,intergenic_region,6,6
FAM_I1786,intergenic_4427423_4427768,intergenic_region,5,5
FAM_I1787,intergenic_4545030_4545095,intergenic_region,6,6
FAM_I1788,intergenic_3818585_3818873,intergenic_region,6,6
FAM_I1789,intergenic_4388452_4388511,intergenic_region,4,4
FAM_I1790,intergenic_3561824_3562012,intergenic_region,6,6
FAM_I1791,intergenic_3411568_3411652,intergenic_region,6,6
FAM_I1792,intergenic_3346461_3346577,intergenic_region,6,6
FAM_I1793,intergenic_3311685_3311832,intergenic_region,6,6
SING_I4B6,intergenic_693487_694057,intergenic_region,1,1
FAM_I1794,intergenic_2947179_2947756,intergenic_region,6,6
FAM_I1795,intergenic_2915001_2915056,intergenic_region,6,6
SING_I4G2,intergenic_1105547_1105790,intergenic_region,1,1
FAM_I1796,intergenic_2816440_2816511,intergenic_region,6,6
SING_I4HE,intergenic_1193927_1193986,intergenic_region,1,1
FAM_I1797,intergenic_2652288_2652493,intergenic_region,6,6
FAM_I1798,intergenic_2622873_2623043,intergenic_region,6,6
FAM_I2480,intergenic_1304021_1304095,intergenic_region,1,1
FAM_I1800,intergenic_2494974_2495049,intergenic_region,6,6
SING_I4LE,intergenic_1475420_1475477,intergenic_region,1,1
SING_I4LU,intergenic_1507340_1508641,intergenic_region,1,1
FAM_I1801,intergenic_2434742_2434823,intergenic_region,6,6
FAM_I1802,intergenic_3111292_3111369,intergenic_region,6,6
SING_I4S2,intergenic_2029095_2029284,intergenic_region,1,1
FAM_I1805,intergenic_2452969_2453060,intergenic_region,6,6
FAM_I1806,intergenic_2312023_2312149,intergenic_region,6,11
FAM_I1807,intergenic_2153413_2153548,intergenic_region,6,6
FAM_I2253,intergenic_2634704_2634753,intergenic_region,5,5
FAM_I1809,intergenic_1842572_1842703,intergenic_region,6,6
SING_I54Y,intergenic_2853340_2853436,intergenic_region,1,1
FAM_I1811,intergenic_1615637_1615689,intergenic_region,6,6
SING_I57M,intergenic_3035607_3035951,intergenic_region,1,1
FAM_I1812,intergenic_1159427_1159535,intergenic_region,6,6
SING_I5AA,intergenic_3233626_3234517,intergenic_region,1,1
SING_I5B6,intergenic_3294716_3295125,intergenic_region,1,1
FAM_I1813,intergenic_790672_790959,intergenic_region,6,6
FAM_I1814,intergenic_458747_458804,intergenic_region,6,6
SING_I5J6,intergenic_3849466_3849590,intergenic_region,1,1
FAM_I1815,intergenic_235253_235329,intergenic_region,4,4
FAM_I1816,intergenic_196775_196865,intergenic_region,6,6
SING_I5OI,intergenic_4225576_4225661,intergenic_region,1,1
FAM_I2642,intergenic_4308051_4308317,intergenic_region,3,4
FAM_I1817,intergenic_3030414_3031073,intergenic_region,1,2
SING_I5QQ,intergenic_4372355_4372439,intergenic_region,1,1
FAM_I1818,intergenic_4456609_4456819,intergenic_region,2,2
FAM_I1819,intergenic_4404584_4404686,intergenic_region,6,6
FAM_I1820,intergenic_4259122_4259236,intergenic_region,6,6
FAM_I1821,intergenic_4200095_4200280,intergenic_region,6,6
SING_I5WI,intergenic_4796416_4796632,intergenic_region,1,1
FAM_I1822,intergenic_3918266_3918315,intergenic_region,6,6
FAM_I1823,intergenic_4231632_4231883,intergenic_region,6,6
FAM_I1824,intergenic_2559182_2560140,intergenic_region,3,5
SING_I5XJ,intergenic_4846699_4846926,intergenic_region,1,1
SING_I5YF,intergenic_4921068_4921117,intergenic_region,1,1
FAM_I1825,intergenic_2590779_2590969,intergenic_region,6,6
FAM_I1826,intergenic_1209128_1209251,intergenic_region,2,4
FAM_I1827,intergenic_2753234_2753431,intergenic_region,6,6
FAM_I1828,intergenic_2845413_2845511,intergenic_region,5,5
FAM_I1829,intergenic_3002776_3002892,intergenic_region,6,6
FAM_I1830,intergenic_3113174_3113363,intergenic_region,5,5
FAM_I1831,intergenic_2498296_2498670,intergenic_region,6,6
FAM_I1832,intergenic_2993857_2994040,intergenic_region,4,4
FAM_I1833,intergenic_3059326_3059380,intergenic_region,6,10
FAM_I1834,intergenic_64203_64619,intergenic_region,5,7
FAM_I1835,intergenic_4302497_4302864,intergenic_region,2,2
FAM_I1836,intergenic_4332290_4332680,intergenic_region,2,2
FAM_I1837,intergenic_4605760_4605818,intergenic_region,2,2
FAM_I1838,intergenic_1242273_1242531,intergenic_region,5,5
FAM_I1839,intergenic_1653150_1653268,intergenic_region,2,2
FAM_I1840,intergenic_2077050_2077205,intergenic_region,6,6
FAM_I1841,intergenic_2109117_2109175,intergenic_region,6,6
SING_I2QX,intergenic_2161518_2161650,intergenic_region,1,1
FAM_I1842,intergenic_2580263_2581041,intergenic_region,6,7
FAM_I1843,intergenic_2633148_2633257,intergenic_region,4,4
FAM_I1844,intergenic_2661363_2661469,intergenic_region,6,6
FAM_I1845,intergenic_2911142_2911228,intergenic_region,2,2
FAM_I1846,intergenic_3383268_3383329,intergenic_region,6,6
FAM_I1847,intergenic_3634459_3634840,intergenic_region,5,5
FAM_I1848,intergenic_4395656_4395739,intergenic_region,4,4
FAM_I1849,intergenic_616629_617057,intergenic_region,4,4
FAM_I1850,intergenic_3896610_3896773,intergenic_region,6,6
SING_ID,intergenic_19621_19810,intergenic_region,1,1
SING_I3X,intergenic_268961_269288,intergenic_region,1,1
SING_I4D,intergenic_292949_293219,intergenic_region,1,1
FAM_I1851,intergenic_689901_690338,intergenic_region,6,13
FAM_I1852,intergenic_3158884_3159051,intergenic_region,2,2
FAM_I1853,intergenic_299869_300072,intergenic_region,6,6
FAM_I1854,intergenic_328732_328872,intergenic_region,2,2
FAM_I1855,intergenic_426074_426187,intergenic_region,2,2
FAM_I1856,intergenic_907653_907746,intergenic_region,2,2
FAM_I1857,intergenic_1162538_1162604,intergenic_region,2,2
FAM_I1858,intergenic_1160891_1161297,intergenic_region,6,8
FAM_I1859,intergenic_1295954_1296022,intergenic_region,2,2
FAM_I1860,intergenic_1339036_1339136,intergenic_region,2,2
FAM_I1861,intergenic_1405339_1405598,intergenic_region,2,2
FAM_I1862,intergenic_1430915_1431009,intergenic_region,2,2
SING_I5PV,intergenic_4308942_4309038,intergenic_region,1,1
FAM_I1863,intergenic_1588100_1588287,intergenic_region,2,2
FAM_I1864,intergenic_1661129_1661314,intergenic_region,2,2
FAM_I1866,intergenic_2669364_2669687,intergenic_region,2,2
FAM_I1867,intergenic_2873068_2873256,intergenic_region,2,2
FAM_I2600,intergenic_2924115_2924624,intergenic_region,3,15
FAM_I1869,intergenic_2943883_2943956,intergenic_region,2,2
FAM_I1870,intergenic_3077685_3077837,intergenic_region,2,2
FAM_I1871,intergenic_3200220_3200405,intergenic_region,2,2
FAM_I1872,intergenic_1371975_1372160,intergenic_region,3,3
FAM_I1873,intergenic_1494760_1494811,intergenic_region,6,6
FAM_I1874,intergenic_1526638_1526863,intergenic_region,6,6
FAM_I1876,intergenic_1701897_1702739,intergenic_region,4,6
FAM_I1877,intergenic_1758817_1759106,intergenic_region,3,3
FAM_I1878,intergenic_929294_929799,intergenic_region,6,8
FAM_I1879,intergenic_1868979_1869189,intergenic_region,5,5
FAM_I1880,intergenic_1930525_1930601,intergenic_region,2,2
SING_I87S,intergenic_66062_66362,intergenic_region,1,1
SING_I888,intergenic_98816_99312,intergenic_region,1,1
FAM_I1881,intergenic_92712_92924,intergenic_region,3,3
SING_I894,intergenic_173100_173407,intergenic_region,1,1
FAM_I1882,intergenic_4397464_4397514,intergenic_region,4,4
FAM_I1883,intergenic_3564006_3564133,intergenic_region,5,5
FAM_I1884,intergenic_481683_481774,intergenic_region,2,2
FAM_I1885,intergenic_3340066_3340274,intergenic_region,6,6
SING_I8IG,intergenic_858948_859438,intergenic_region,1,1
SING_I8NC,intergenic_1189880_1190190,intergenic_region,1,1
FAM_I1886,intergenic_1323818_1323879,intergenic_region,2,2
FAM_I1887,intergenic_2490187_2490255,intergenic_region,6,6
FAM_I1897,intergenic_2504986_2505047,intergenic_region,6,6
FAM_I1889,intergenic_3613557_3613666,intergenic_region,6,6
FAM_I1890,intergenic_2531676_2531734,intergenic_region,6,6
FAM_I1892,intergenic_3109908_3109995,intergenic_region,6,6
FAM_I1893,intergenic_3008707_3008763,intergenic_region,5,5
FAM_I1894,intergenic_4269013_4269413,intergenic_region,2,2
FAM_I2185,intergenic_5122287_5122686,intergenic_region,4,4
FAM_I1895,intergenic_1042163_1042294,intergenic_region,6,6
FAM_I1896,intergenic_1512417_1512535,intergenic_region,6,6
FAM_I1898,intergenic_2481690_2481861,intergenic_region,6,6
FAM_I1899,intergenic_3303368_3303447,intergenic_region,6,6
FAM_I1900,intergenic_2854265_2854337,intergenic_region,6,6
FAM_I1901,intergenic_2510887_2511000,intergenic_region,6,6
FAM_I1902,intergenic_2953919_2954091,intergenic_region,6,6
FAM_I1903,intergenic_2722940_2723252,intergenic_region,6,6
FAM_I1904,intergenic_2495678_2496098,intergenic_region,6,6
FAM_I1905,intergenic_2475820_2476093,intergenic_region,6,6
FAM_I1906,intergenic_1901350_1901486,intergenic_region,5,5
FAM_I1907,intergenic_1835674_1836003,intergenic_region,6,6
FAM_I1908,intergenic_1668594_1668695,intergenic_region,6,6
FAM_I1909,intergenic_776439_777676,intergenic_region,6,6
FAM_I1910,intergenic_287985_288078,intergenic_region,5,5
FAM_I1911,intergenic_4391510_4391603,intergenic_region,6,6
FAM_I1912,intergenic_4299367_4299563,intergenic_region,6,6
FAM_I1913,intergenic_4143945_4143994,intergenic_region,6,6
FAM_I1914,intergenic_68198_68360,intergenic_region,6,6
FAM_I1915,intergenic_179083_179306,intergenic_region,6,6
FAM_I1916,intergenic_205341_205444,intergenic_region,6,6
FAM_I1917,intergenic_294324_294414,intergenic_region,6,6
SING_I43,intergenic_275249_275300,intergenic_region,1,1
FAM_I1918,intergenic_399495_399580,intergenic_region,5,5
FAM_I2585,intergenic_3802113_3802182,intergenic_region,4,4
FAM_I1919,intergenic_489713_489766,intergenic_region,6,6
FAM_I1920,intergenic_569031_569266,intergenic_region,6,6
FAM_I1921,intergenic_626421_626509,intergenic_region,6,6
FAM_I1922,intergenic_703847_703956,intergenic_region,6,6
FAM_I1924,intergenic_868689_868801,intergenic_region,6,6
FAM_I1925,intergenic_935315_935892,intergenic_region,6,6
FAM_I1926,intergenic_972312_972714,intergenic_region,6,6
FAM_I1927,intergenic_1005770_1006014,intergenic_region,6,6
FAM_I1928,intergenic_3255292_3255416,intergenic_region,3,3
FAM_I1929,intergenic_1475865_1476088,intergenic_region,6,6
FAM_I1930,intergenic_1503615_1504186,intergenic_region,6,6
FAM_I1932,intergenic_1927372_1927445,intergenic_region,4,4
FAM_I1933,intergenic_2516044_2516115,intergenic_region,3,3
FAM_I1934,intergenic_2084456_2084712,intergenic_region,5,5
FAM_I1935,intergenic_2124269_2124346,intergenic_region,5,5
FAM_I1936,intergenic_2269531_2269636,intergenic_region,6,6
FAM_I1937,intergenic_2298947_2299120,intergenic_region,6,6
FAM_I1938,intergenic_2327620_2327699,intergenic_region,6,6
FAM_I1939,intergenic_2386964_2387295,intergenic_region,6,6
FAM_I1940,intergenic_2405935_2406220,intergenic_region,6,6
FAM_I1941,intergenic_2465506_2465588,intergenic_region,6,6
FAM_I1942,intergenic_2487756_2487810,intergenic_region,5,5
FAM_I1943,intergenic_2509403_2510226,intergenic_region,6,6
FAM_I1944,intergenic_2532716_2532848,intergenic_region,6,6
FAM_I1945,intergenic_2956319_2956370,intergenic_region,6,6
FAM_I1946,intergenic_2456813_2457014,intergenic_region,6,6
FAM_I1947,intergenic_2483340_2483754,intergenic_region,6,6
FAM_I1948,intergenic_2750061_2750114,intergenic_region,6,6
SING_I14Z,intergenic_2771616_2771839,intergenic_region,1,1
FAM_I1949,intergenic_2807075_2807131,intergenic_region,6,6
SING_I16B,intergenic_2863502_2863592,intergenic_region,1,1
FAM_I1950,intergenic_3032943_3033064,intergenic_region,6,6
FAM_I1951,intergenic_3645183_3645384,intergenic_region,6,6
FAM_I1952,intergenic_3757828_3758016,intergenic_region,6,6
FAM_I1953,intergenic_3897440_3897505,intergenic_region,3,3
FAM_I1954,intergenic_3965631_3965760,intergenic_region,6,6
FAM_I1955,intergenic_4007694_4007756,intergenic_region,6,6
FAM_I1956,intergenic_4044045_4044198,intergenic_region,6,6
FAM_I1957,intergenic_4158224_4158489,intergenic_region,6,6
FAM_I1958,intergenic_4196809_4196902,intergenic_region,6,6
FAM_I1959,intergenic_4275042_4275470,intergenic_region,6,6
FAM_I1960,intergenic_4449043_4449121,intergenic_region,6,6
SING_I1TV,intergenic_4531652_4532436,intergenic_region,1,1
FAM_I1961,intergenic_243214_243291,intergenic_region,2,2
FAM_I1962,intergenic_302955_303072,intergenic_region,2,2
FAM_I1963,intergenic_891063_891196,intergenic_region,2,2
FAM_I1964,intergenic_957228_957510,intergenic_region,2,2
FAM_I1965,intergenic_1185914_1186168,intergenic_region,2,2
FAM_I1966,intergenic_1272713_1272788,intergenic_region,2,2
FAM_I1967,intergenic_1347374_1347458,intergenic_region,2,2
FAM_I1968,intergenic_1388038_1388129,intergenic_region,2,2
FAM_I1969,intergenic_1417920_1418510,intergenic_region,2,2
FAM_I1970,intergenic_1434522_1434761,intergenic_region,2,2
FAM_I1971,intergenic_1460069_1460131,intergenic_region,2,2
FAM_I1972,intergenic_1543530_1543706,intergenic_region,2,2
FAM_I1973,intergenic_1596121_1596730,intergenic_region,2,2
FAM_I1974,intergenic_1770084_1770152,intergenic_region,2,2
FAM_I1975,intergenic_1800652_1801002,intergenic_region,2,6
FAM_I1976,intergenic_1852926_1853073,intergenic_region,4,4
FAM_I1977,intergenic_1898550_1898839,intergenic_region,6,6
FAM_I1978,intergenic_2066320_2066487,intergenic_region,3,3
FAM_I1979,intergenic_2209492_2209640,intergenic_region,2,2
FAM_I1980,intergenic_2324519_2324706,intergenic_region,6,6
FAM_I1981,intergenic_2456609_2456744,intergenic_region,6,6
FAM_I1982,intergenic_2621888_2621991,intergenic_region,6,6
FAM_I1983,intergenic_2652701_2652870,intergenic_region,6,6
FAM_I2820,intergenic_2166672_2166911,intergenic_region,2,8
FAM_I1985,intergenic_2759706_2759971,intergenic_region,6,6
FAM_I1986,intergenic_2815690_2815741,intergenic_region,3,3
FAM_I1987,intergenic_2857320_2857383,intergenic_region,6,6
FAM_I1988,intergenic_1261245_1261314,intergenic_region,3,5
FAM_I1989,intergenic_3007348_3007428,intergenic_region,6,6
FAM_I1990,intergenic_3086219_3086410,intergenic_region,6,6
FAM_I1991,intergenic_2421269_2421324,intergenic_region,6,6
FAM_I1992,intergenic_2596738_2596904,intergenic_region,6,6
FAM_I1993,intergenic_2640576_2640685,intergenic_region,6,6
FAM_I1994,intergenic_2668897_2669031,intergenic_region,5,5
FAM_I1995,intergenic_2707125_2707321,intergenic_region,6,6
FAM_I1996,intergenic_2741151_2741362,intergenic_region,6,6
FAM_I1997,intergenic_2782727_2783637,intergenic_region,4,4
FAM_I1998,intergenic_2810680_2810769,intergenic_region,6,6
FAM_I1999,intergenic_2828981_2829046,intergenic_region,6,6
FAM_I2000,intergenic_2868754_2868892,intergenic_region,6,6
FAM_I2001,intergenic_2906584_2906642,intergenic_region,6,6
FAM_I2002,intergenic_2939311_2939367,intergenic_region,6,6
FAM_I2003,intergenic_3068081_3068172,intergenic_region,6,6
FAM_I2004,intergenic_3438650_3438704,intergenic_region,6,6
FAM_I2005,intergenic_3485360_3485413,intergenic_region,6,6
FAM_I2006,intergenic_3518487_3518542,intergenic_region,6,6
FAM_I2007,intergenic_3590912_3591008,intergenic_region,6,6
FAM_I2008,intergenic_3667581_3667790,intergenic_region,6,6
FAM_I2010,intergenic_3730766_3731130,intergenic_region,6,6
FAM_I2011,intergenic_3761956_3762182,intergenic_region,6,10
FAM_I2012,intergenic_3850727_3850801,intergenic_region,6,7
FAM_I2013,intergenic_3883730_3884335,intergenic_region,6,6
FAM_I2014,intergenic_3933185_3933350,intergenic_region,6,6
FAM_I2015,intergenic_3980697_3980886,intergenic_region,6,6
FAM_I2016,intergenic_4011001_4011075,intergenic_region,6,6
FAM_I2017,intergenic_4049753_4050132,intergenic_region,6,6
FAM_I2019,intergenic_4126811_4127012,intergenic_region,6,6
FAM_I2020,intergenic_5040988_5041219,intergenic_region,2,2
FAM_I2021,intergenic_5082509_5082577,intergenic_region,4,4
FAM_I2022,intergenic_4257006_4257114,intergenic_region,6,6
FAM_I2023,intergenic_4345559_4345679,intergenic_region,6,6
FAM_I2024,intergenic_4404305_4404385,intergenic_region,6,6
FAM_I2025,intergenic_4474718_4474861,intergenic_region,5,5
FAM_I2026,intergenic_4571575_4571750,intergenic_region,4,4
FAM_I2027,intergenic_4607701_4607802,intergenic_region,6,6
FAM_I2028,intergenic_4633746_4633796,intergenic_region,6,6
SING_I42R,intergenic_69009_69164,intergenic_region,1,1
SING_I46B,intergenic_332880_332929,intergenic_region,1,1
FAM_I2029,intergenic_3448150_3448313,intergenic_region,6,6
FAM_I2030,intergenic_606255_606305,intergenic_region,1,2
SING_I4B7,intergenic_694229_694289,intergenic_region,1,1
FAM_I2031,intergenic_3133943_3134130,intergenic_region,4,4
FAM_I2032,intergenic_3104369_3104432,intergenic_region,6,6
FAM_I2738,intergenic_3566261_3566383,intergenic_region,2,2
SING_I4HF,intergenic_1201401_1201495,intergenic_region,1,1
FAM_I2034,intergenic_1475679_1475756,intergenic_region,1,2
FAM_I2035,intergenic_2987903_2987957,intergenic_region,6,9
FAM_I2036,intergenic_1859968_1860024,intergenic_region,2,2
FAM_I2037,intergenic_2750124_2750211,intergenic_region,6,8
FAM_I2038,intergenic_1915458_1915656,intergenic_region,2,2
SING_I4RN,intergenic_1942625_1943025,intergenic_region,1,1
SING_I4S3,intergenic_2030245_2030410,intergenic_region,1,1
FAM_I2039,intergenic_2506713_2506766,intergenic_region,6,6
FAM_I2040,intergenic_2305459_2305534,intergenic_region,6,6
FAM_I2041,intergenic_2271623_2271897,intergenic_region,6,6
FAM_I2042,intergenic_1840939_1841086,intergenic_region,6,6
SING_I54Z,intergenic_2859254_2859467,intergenic_region,1,1
FAM_I2043,intergenic_2902169_2902253,intergenic_region,4,4
SING_I57N,intergenic_3036846_3036970,intergenic_region,1,1
SING_I583,intergenic_3061729_3062024,intergenic_region,1,1
FAM_I2044,intergenic_1319845_1319898,intergenic_region,6,10
FAM_I2045,intergenic_1158194_1158250,intergenic_region,6,6
FAM_I2046,intergenic_1118458_1118625,intergenic_region,6,6
SING_I5B7,intergenic_3297576_3297748,intergenic_region,1,1
SING_I5CZ,intergenic_3424061_3424299,intergenic_region,1,1
FAM_I2047,intergenic_649007_649113,intergenic_region,6,6
SING_I5J7,intergenic_3850116_3850549,intergenic_region,1,1
FAM_I2048,intergenic_59679_59730,intergenic_region,6,6
FAM_I2049,intergenic_4169903_4169979,intergenic_region,2,2
SING_I5O3,intergenic_4191826_4191963,intergenic_region,1,1
SING_I5OJ,intergenic_4228451_4228736,intergenic_region,1,1
SING_I5PF,intergenic_4277214_4278695,intergenic_region,1,1
SING_I5QB,intergenic_4354211_4355065,intergenic_region,1,1
SING_I5QR,intergenic_4374872_4374946,intergenic_region,1,1
SING_I5R7,intergenic_4404249_4404440,intergenic_region,1,1
FAM_I2050,intergenic_4257724_4257795,intergenic_region,6,6
FAM_I2051,intergenic_4128396_4128671,intergenic_region,6,6
FAM_I2052,intergenic_3915201_3915552,intergenic_region,6,6
FAM_I2053,intergenic_2064999_2065060,intergenic_region,2,2
FAM_I2054,intergenic_2448326_2448485,intergenic_region,6,6
FAM_I2055,intergenic_2517502_2517597,intergenic_region,6,6
FAM_I2056,intergenic_2587418_2588213,intergenic_region,6,6
FAM_I2057,intergenic_2666701_2667042,intergenic_region,4,4
FAM_I2058,intergenic_2967858_2968006,intergenic_region,6,6
FAM_I2059,intergenic_2994360_2994782,intergenic_region,5,5
FAM_I2060,intergenic_3138900_3138981,intergenic_region,6,6
FAM_I2061,intergenic_2466234_2466544,intergenic_region,6,6
FAM_I2062,intergenic_2494403_2494697,intergenic_region,6,6
FAM_I2063,intergenic_2532225_2532408,intergenic_region,6,6
FAM_I2064,intergenic_2659468_2659562,intergenic_region,6,6
FAM_I2065,intergenic_2691054_2691655,intergenic_region,6,6
FAM_I2066,intergenic_2724083_2724178,intergenic_region,6,6
FAM_I2067,intergenic_2753457_2753604,intergenic_region,6,6
FAM_I2068,intergenic_2990361_2990553,intergenic_region,4,4
FAM_I2069,intergenic_3825403_3825547,intergenic_region,4,4
FAM_I2070,intergenic_3146262_3146449,intergenic_region,6,6
FAM_I2071,intergenic_3169677_3169827,intergenic_region,6,6
FAM_I2072,intergenic_3204590_3204693,intergenic_region,6,6
FAM_I2073,intergenic_3235876_3235959,intergenic_region,6,6
FAM_I2074,intergenic_3255208_3255340,intergenic_region,5,5
FAM_I2075,intergenic_3288011_3288089,intergenic_region,4,4
FAM_I2076,intergenic_3353026_3353120,intergenic_region,6,6
FAM_I2077,intergenic_3386130_3386220,intergenic_region,6,6
FAM_I2078,intergenic_3656741_3656994,intergenic_region,6,6
FAM_I2079,intergenic_3756512_3756675,intergenic_region,6,6
FAM_I2080,intergenic_3830337_3830456,intergenic_region,6,6
FAM_I2081,intergenic_3869277_3869376,intergenic_region,6,6
FAM_I2082,intergenic_4120350_4120415,intergenic_region,6,6
FAM_I2083,intergenic_4419626_4419979,intergenic_region,6,6
FAM_I2084,intergenic_4439263_4439586,intergenic_region,6,6
FAM_I2085,intergenic_4539502_4540956,intergenic_region,6,8
FAM_I2086,intergenic_5424127_5424391,intergenic_region,3,3
FAM_I2087,intergenic_4624790_4624894,intergenic_region,6,6
FAM_I2088,intergenic_10512_10659,intergenic_region,6,6
FAM_I2089,intergenic_42232_42304,intergenic_region,6,6
FAM_I2090,intergenic_71266_71350,intergenic_region,6,6
FAM_I2091,intergenic_113220_113443,intergenic_region,6,6
FAM_I2092,intergenic_151068_151340,intergenic_region,6,6
FAM_I2093,intergenic_187821_187908,intergenic_region,4,4
FAM_I2094,intergenic_308278_309100,intergenic_region,2,2
FAM_I2095,intergenic_403460_403556,intergenic_region,6,6
FAM_I2096,intergenic_520844_521186,intergenic_region,6,6
FAM_I2097,intergenic_545318_545432,intergenic_region,6,6
FAM_I2098,intergenic_573872_573954,intergenic_region,6,6
FAM_I2099,intergenic_664337_664601,intergenic_region,6,6
FAM_I2100,intergenic_960652_960791,intergenic_region,6,6
FAM_I2101,intergenic_983295_983445,intergenic_region,5,5
FAM_I2102,intergenic_1110430_1110689,intergenic_region,6,6
FAM_I2103,intergenic_1147772_1147956,intergenic_region,6,6
FAM_I2104,intergenic_1229018_1229956,intergenic_region,6,9
FAM_I2105,intergenic_1254097_1254168,intergenic_region,4,6
FAM_I2106,intergenic_1308325_1309282,intergenic_region,6,6
FAM_I2107,intergenic_1687506_1687705,intergenic_region,6,6
FAM_I2108,intergenic_1751627_1751996,intergenic_region,6,7
SING_I883,intergenic_94346_94461,intergenic_region,1,1
FAM_I2109,intergenic_3814388_3814493,intergenic_region,6,6
FAM_I2110,intergenic_3720262_3720447,intergenic_region,6,6
SING_I8CJ,intergenic_421568_421625,intergenic_region,1,1
FAM_I2111,intergenic_3389338_3389519,intergenic_region,6,6
FAM_I2112,intergenic_3354051_3354631,intergenic_region,6,6
FAM_I2113,intergenic_3293336_3293399,intergenic_region,6,6
FAM_I2114,intergenic_3236464_3236539,intergenic_region,6,6
FAM_I2115,intergenic_4275890_4275989,intergenic_region,2,2
FAM_I2116,intergenic_3086651_3086705,intergenic_region,6,6
FAM_I2117,intergenic_2823770_2823848,intergenic_region,6,6
SING_I8NN,intergenic_1216884_1216995,intergenic_region,1,1
FAM_I2118,intergenic_2715321_2715422,intergenic_region,6,6
FAM_I2119,intergenic_2682746_2682862,intergenic_region,6,6
FAM_I2120,intergenic_2427792_2428056,intergenic_region,6,6
FAM_I2121,intergenic_2863163_2863243,intergenic_region,6,6
FAM_I2122,intergenic_2827633_2827709,intergenic_region,6,6
SING_I8W3,intergenic_1875961_1876076,intergenic_region,1,1
SING_I8WJ,intergenic_1904667_1904741,intergenic_region,1,1
SING_I8YR,intergenic_2051288_2051344,intergenic_region,1,1
FAM_I2123,intergenic_2340971_2341260,intergenic_region,6,6
FAM_I2124,intergenic_2317872_2317929,intergenic_region,6,6
FAM_I2125,intergenic_2286527_2286668,intergenic_region,6,6
SING_I95F,intergenic_2476001_2476062,intergenic_region,1,1
FAM_I2126,intergenic_1973280_1973419,intergenic_region,6,6
SING_I977,intergenic_2591518_2592295,intergenic_region,1,1
FAM_I2128,intergenic_1840005_1840173,intergenic_region,6,6
FAM_I2129,intergenic_1755229_1755332,intergenic_region,6,6
SING_I99V,intergenic_2769921_2770133,intergenic_region,1,1
SING_I9AB,intergenic_2794179_2794236,intergenic_region,1,1
FAM_I2130,intergenic_3141803_3141879,intergenic_region,2,2
SING_I9ER,intergenic_3102529_3102672,intergenic_region,1,1
FAM_I2131,intergenic_1008023_1008079,intergenic_region,6,6
FAM_I2132,intergenic_977305_977489,intergenic_region,6,6
FAM_I2133,intergenic_946866_946997,intergenic_region,6,6
SING_I9HV,intergenic_3335290_3335452,intergenic_region,1,1
FAM_I2134,intergenic_1237522_1237745,intergenic_region,2,4
SING_I9IR,intergenic_3402003_3402134,intergenic_region,1,1
FAM_I2135,intergenic_675390_675982,intergenic_region,5,8
FAM_I2136,intergenic_646891_647063,intergenic_region,6,6
FAM_I2137,intergenic_509052_509104,intergenic_region,6,6
SING_I9O3,intergenic_3784237_3784323,intergenic_region,1,1
FAM_I2138,intergenic_363797_364322,intergenic_region,6,6
FAM_I2139,intergenic_223327_223443,intergenic_region,6,6
FAM_I2140,intergenic_192138_192198,intergenic_region,6,6
FAM_I2141,intergenic_87849_88027,intergenic_region,6,6
FAM_I2142,intergenic_4172568_4172697,intergenic_region,3,3
SING_I9TV,intergenic_4200521_4200850,intergenic_region,1,1
FAM_I2143,intergenic_4455610_4455784,intergenic_region,6,6
FAM_I2144,intergenic_4372672_4372808,intergenic_region,6,6
FAM_I2145,intergenic_4761740_4761805,intergenic_region,2,2
FAM_I2146,intergenic_4925098_4925585,intergenic_region,2,2
FAM_I2147,intergenic_3937169_3937293,intergenic_region,6,6
FAM_I2148,intergenic_3722050_3722327,intergenic_region,6,6
FAM_I2149,intergenic_3657568_3658365,intergenic_region,6,6
SING_IA7N,intergenic_252424_252565,intergenic_region,1,1
FAM_I2150,intergenic_3081636_3081912,intergenic_region,6,6
FAM_I2151,intergenic_4763021_4763517,intergenic_region,2,2
FAM_I2152,intergenic_3986008_3986685,intergenic_region,6,6
SING_IA38,intergenic_4902409_4902475,intergenic_region,1,1
SING_IA44,intergenic_7591_7700,intergenic_region,1,1
FAM_I2153,intergenic_3816550_3816675,intergenic_region,6,6
FAM_I2154,intergenic_3720601_3720679,intergenic_region,3,3
SING_IA7O,intergenic_259503_259854,intergenic_region,1,1
FAM_I2155,intergenic_3079331_3079643,intergenic_region,4,4
FAM_I2156,intergenic_2887220_2887577,intergenic_region,6,6
FAM_I2157,intergenic_2698551_2698758,intergenic_region,6,6
FAM_I2158,intergenic_2663324_2663441,intergenic_region,6,6
FAM_I2159,intergenic_2630866_2630957,intergenic_region,6,6
FAM_I2160,intergenic_2585526_2585730,intergenic_region,6,6
FAM_I2161,intergenic_2449158_2449227,intergenic_region,2,2
FAM_I2162,intergenic_1581986_1582148,intergenic_region,4,4
FAM_I2163,intergenic_3092860_3093078,intergenic_region,6,6
SING_IAS4,intergenic_1768812_1768883,intergenic_region,1,1
FAM_I2164,intergenic_2441785_2442019,intergenic_region,6,6
FAM_I2165,intergenic_2410653_2410784,intergenic_region,6,6
FAM_I2166,intergenic_2139251_2139350,intergenic_region,6,6
FAM_I2167,intergenic_2068672_2068959,intergenic_region,6,6
FAM_I2168,intergenic_2016158_2016296,intergenic_region,6,6
FAM_I2169,intergenic_4178289_4178446,intergenic_region,6,6
FAM_I2170,intergenic_4114473_4114568,intergenic_region,6,6
FAM_I2171,intergenic_4056340_4056624,intergenic_region,6,6
FAM_I2172,intergenic_4021867_4021944,intergenic_region,6,6
FAM_I2173,intergenic_3994060_3994521,intergenic_region,6,6
FAM_I2174,intergenic_3949970_3950559,intergenic_region,6,8
FAM_I2175,intergenic_976905_977175,intergenic_region,6,6
SING_I86T,intergenic_5499513_5499585,intergenic_region,1,1
SING_I87P,intergenic_59026_59076,intergenic_region,1,1
FAM_I2176,intergenic_3385802_3385856,intergenic_region,6,6
SING_I8H1,intergenic_734800_734878,intergenic_region,1,1
SING_I8ID,intergenic_855101_855159,intergenic_region,1,1
SING_I8IT,intergenic_880251_880919,intergenic_region,1,1
SING_I8J9,intergenic_900610_900864,intergenic_region,1,1
SING_I8NP,intergenic_1218812_1219003,intergenic_region,1,1
FAM_I2177,intergenic_2554281_2554332,intergenic_region,6,6
FAM_I2178,intergenic_2526938_2527075,intergenic_region,6,6
SING_I979,intergenic_2593991_2594456,intergenic_region,1,1
FAM_I2179,intergenic_1907823_1908016,intergenic_region,6,6
FAM_I2180,intergenic_1836303_1836674,intergenic_region,6,8
SING_I99X,intergenic_2772505_2772721,intergenic_region,1,1
SING_I9AD,intergenic_2796301_2796489,intergenic_region,1,1
FAM_I2181,intergenic_1506552_1506602,intergenic_region,6,6
FAM_I2182,intergenic_1231858_1231928,intergenic_region,6,6
SING_I57Q,intergenic_3039542_3040435,intergenic_region,1,1
FAM_I2183,intergenic_1078135_1078343,intergenic_region,6,6
SING_I5BA,intergenic_3302505_3302621,intergenic_region,1,1
SING_I5DI,intergenic_3470197_3470365,intergenic_region,1,1
FAM_I2184,intergenic_472173_472230,intergenic_region,6,6
SING_I5JQ,intergenic_3874925_3875017,intergenic_region,1,1
SING_I5L2,intergenic_3983737_3983844,intergenic_region,1,1
SING_I5MU,intergenic_4123743_4123837,intergenic_region,1,1
SING_I5O6,intergenic_4196355_4196417,intergenic_region,1,1
SING_I5OM,intergenic_4235722_4235776,intergenic_region,1,1
SING_I5PY,intergenic_4323508_4323887,intergenic_region,1,1
SING_I5QE,intergenic_4358119_4358693,intergenic_region,1,1
SING_I5RA,intergenic_4407202_4407878,intergenic_region,1,1
SING_I5TY,intergenic_4594020_4594393,intergenic_region,1,1
SING_I5YE,intergenic_4917995_4918194,intergenic_region,1,1
FAM_I2186,intergenic_3947968_3948085,intergenic_region,6,6
SING_I606,intergenic_436_605,intergenic_region,1,1
FAM_I2187,intergenic_1762048_1762520,intergenic_region,4,8
FAM_I2811,intergenic_2707415_2707894,intergenic_region,2,4
FAM_I2188,intergenic_2088510_2088885,intergenic_region,6,6
FAM_I2189,intergenic_2027310_2027553,intergenic_region,6,6
FAM_I2190,intergenic_1972265_1972844,intergenic_region,2,4
FAM_I2191,intergenic_2421269_2421567,intergenic_region,6,6
FAM_I2192,intergenic_2479275_2479456,intergenic_region,6,6
FAM_I2193,intergenic_2589835_2590004,intergenic_region,6,6
SING_I8VG,intergenic_1807497_1807577,intergenic_region,1,1
FAM_I2195,intergenic_2872199_2872338,intergenic_region,6,6
SING_I1IU,intergenic_3767923_3768176,intergenic_region,1,1
FAM_I2196,intergenic_3905598_3905730,intergenic_region,3,3
SING_I1TY,intergenic_4536032_4536613,intergenic_region,1,1
FAM_I2198,intergenic_310240_310806,intergenic_region,2,2
FAM_I2199,intergenic_370482_371104,intergenic_region,2,2
FAM_I2200,intergenic_441277_441344,intergenic_region,2,2
FAM_I2201,intergenic_828820_828877,intergenic_region,2,2
FAM_I2202,intergenic_893512_893721,intergenic_region,2,2
FAM_I2203,intergenic_926656_927755,intergenic_region,2,2
FAM_I2204,intergenic_986207_986283,intergenic_region,2,2
FAM_I2206,intergenic_1169816_1169893,intergenic_region,2,2
FAM_I2207,intergenic_1189940_1190016,intergenic_region,2,2
FAM_I2208,intergenic_1254972_1255029,intergenic_region,3,3
FAM_I2209,intergenic_1275679_1275733,intergenic_region,2,2
FAM_I2210,intergenic_1353889_1353976,intergenic_region,2,2
FAM_I2211,intergenic_1391329_1391418,intergenic_region,2,2
FAM_I2212,intergenic_1423679_1424020,intergenic_region,2,2
FAM_I2213,intergenic_1440812_1441126,intergenic_region,2,2
FAM_I2214,intergenic_1545282_1545405,intergenic_region,2,2
FAM_I2215,intergenic_1602394_1602685,intergenic_region,2,2
FAM_I2216,intergenic_1694437_1694543,intergenic_region,4,4
FAM_I2217,intergenic_1753848_1754070,intergenic_region,6,6
FAM_I2218,intergenic_499813_499889,intergenic_region,6,6
FAM_I2219,intergenic_359164_359411,intergenic_region,5,9
SING_I9QV,intergenic_3986371_3986423,intergenic_region,1,1
SING_I9UV,intergenic_4284978_4285274,intergenic_region,1,1
SING_IA2F,intergenic_4825942_4826099,intergenic_region,1,1
FAM_I2220,intergenic_3781018_3781214,intergenic_region,4,4
FAM_I2221,intergenic_3678351_3678419,intergenic_region,6,6
FAM_I2222,intergenic_3600784_3601027,intergenic_region,6,6
FAM_I2223,intergenic_3574879_3575070,intergenic_region,6,6
FAM_I2224,intergenic_3530653_3530714,intergenic_region,6,6
FAM_I2225,intergenic_3493750_3494010,intergenic_region,6,6
FAM_I2226,intergenic_1931091_1931221,intergenic_region,2,2
SING_IAS7,intergenic_1776250_1776497,intergenic_region,1,1
FAM_I2227,intergenic_1918855_1919505,intergenic_region,3,3
SING_IAUF,intergenic_1927204_1928812,intergenic_region,1,1
FAM_I2228,intergenic_3409952_3410279,intergenic_region,6,6
FAM_I2229,intergenic_3490181_3490265,intergenic_region,6,6
FAM_I2230,intergenic_3526150_3526468,intergenic_region,6,6
FAM_I2231,intergenic_3630603_3630967,intergenic_region,6,6
FAM_I2232,intergenic_3737178_3737496,intergenic_region,6,6
FAM_I2233,intergenic_3776381_3776664,intergenic_region,6,6
FAM_I2234,intergenic_3852785_3853552,intergenic_region,5,6
FAM_I2235,intergenic_3888193_3888729,intergenic_region,6,6
FAM_I2236,intergenic_4201689_4201925,intergenic_region,6,6
FAM_I2237,intergenic_4325166_4325297,intergenic_region,6,6
FAM_I2238,intergenic_4376700_4376874,intergenic_region,6,6
FAM_I2239,intergenic_4410007_4410132,intergenic_region,6,6
FAM_I2240,intergenic_4479538_4479729,intergenic_region,5,5
FAM_I2241,intergenic_5358475_5358933,intergenic_region,4,5
SING_I4FR,intergenic_1079001_1079224,intergenic_region,1,1
FAM_I2242,intergenic_2600949_2601200,intergenic_region,6,6
FAM_I2243,intergenic_1478192_1478253,intergenic_region,2,2
SING_IA4P,intergenic_48321_49211,intergenic_region,1,1
FAM_I2244,intergenic_3466992_3467159,intergenic_region,3,3
SING_IAG9,intergenic_890583_891079,intergenic_region,1,1
SING_IAJD,intergenic_1117755_1118078,intergenic_region,1,1
FAM_I2245,intergenic_2467703_2468213,intergenic_region,2,2
FAM_I2247,intergenic_3001087_3001299,intergenic_region,6,6
SING_IARD,intergenic_1699461_1699561,intergenic_region,1,1
FAM_I2248,intergenic_1923548_1923922,intergenic_region,2,2
FAM_I2249,intergenic_2664046_2664152,intergenic_region,6,6
FAM_I2250,intergenic_2096836_2096912,intergenic_region,4,4
SING_IAUH,intergenic_1930217_1930510,intergenic_region,1,1
FAM_I2251,intergenic_2247991_2248061,intergenic_region,2,2
SING_IB0P,intergenic_2286250_2286336,intergenic_region,1,1
FAM_I2252,intergenic_2547906_2548165,intergenic_region,3,3
FAM_I2254,intergenic_1845453_1845599,intergenic_region,6,6
FAM_I2255,intergenic_1817193_1817572,intergenic_region,6,6
FAM_I2256,intergenic_1737548_1737690,intergenic_region,6,6
FAM_I2257,intergenic_3006893_3007158,intergenic_region,1,2
FAM_I2258,intergenic_752796_753184,intergenic_region,2,2
FAM_I2259,intergenic_459114_459372,intergenic_region,6,6
FAM_I2260,intergenic_4621603_4621768,intergenic_region,6,6
SING_IBP5,intergenic_3980375_3980625,intergenic_region,1,1
SING_IBQ1,intergenic_4026907_4027297,intergenic_region,1,1
SING_IBQX,intergenic_4092192_4092381,intergenic_region,1,1
FAM_I2261,intergenic_4434494_4434621,intergenic_region,6,6
FAM_I2262,intergenic_3902221_3902288,intergenic_region,3,3
FAM_I2263,intergenic_1462478_1463230,intergenic_region,6,6
SING_I88F,intergenic_118949_119136,intergenic_region,1,1
SING_I8B3,intergenic_306530_306892,intergenic_region,1,1
SING_I8BJ,intergenic_333838_333956,intergenic_region,1,1
FAM_I2265,intergenic_3121280_3121633,intergenic_region,3,3
SING_I8J3,intergenic_894289_894698,intergenic_region,1,1
SING_I8NJ,intergenic_1212935_1213048,intergenic_region,1,1
FAM_I2267,intergenic_1303616_1303673,intergenic_region,2,2
SING_I8TB,intergenic_1637294_1637370,intergenic_region,1,1
FAM_I2268,intergenic_2841091_2841237,intergenic_region,6,6
SING_I8WV,intergenic_1934297_1934621,intergenic_region,1,1
FAM_I2269,intergenic_2587386_2587522,intergenic_region,2,2
SING_I9A7,intergenic_2789374_2789474,intergenic_region,1,1
FAM_I2270,intergenic_1910758_1911782,intergenic_region,2,2
FAM_I2271,intergenic_2659920_2660510,intergenic_region,6,6
FAM_I2272,intergenic_2748346_2748426,intergenic_region,3,3
FAM_I2273,intergenic_1254538_1254719,intergenic_region,5,8
FAM_I2274,intergenic_2748754_2748818,intergenic_region,6,6
FAM_I2275,intergenic_2839268_2839523,intergenic_region,6,6
FAM_I2276,intergenic_3382111_3382199,intergenic_region,6,6
FAM_I2277,intergenic_3739528_3739704,intergenic_region,6,6
FAM_I2278,intergenic_3853643_3853921,intergenic_region,6,6
FAM_I2279,intergenic_4891575_4892051,intergenic_region,4,4
FAM_I2280,intergenic_2729971_2731599,intergenic_region,6,42
FAM_I2281,intergenic_4262707_4262839,intergenic_region,6,6
FAM_I2282,intergenic_4411252_4411301,intergenic_region,4,4
SING_I46G,intergenic_350250_350352,intergenic_region,1,1
FAM_I2283,intergenic_1420602_1422053,intergenic_region,2,2
FAM_I2285,intergenic_4109824_4109929,intergenic_region,6,6
FAM_I2286,intergenic_3817540_3817759,intergenic_region,6,6
FAM_I2288,intergenic_2716011_2716065,intergenic_region,6,6
FAM_I2289,intergenic_3884853_3885075,intergenic_region,6,6
FAM_I2291,intergenic_3085912_3086398,intergenic_region,6,6
FAM_I2292,intergenic_2370821_2370919,intergenic_region,6,6
FAM_I2293,intergenic_2339647_2339758,intergenic_region,6,6
FAM_I2294,intergenic_2317087_2317214,intergenic_region,6,6
FAM_I2296,intergenic_185001_185122,intergenic_region,3,3
FAM_I2297,intergenic_4264235_4264445,intergenic_region,3,3
FAM_I2298,intergenic_3842403_3842454,intergenic_region,6,6
FAM_I2299,intergenic_2753947_2754007,intergenic_region,6,6
FAM_I2300,intergenic_3013303_3013634,intergenic_region,6,6
FAM_I2301,intergenic_2983647_2983850,intergenic_region,6,6
FAM_I2302,intergenic_1112538_1112717,intergenic_region,6,6
FAM_I2303,intergenic_984262_984406,intergenic_region,6,6
FAM_I2304,intergenic_212925_213022,intergenic_region,6,6
SING_I44,intergenic_277648_277755,intergenic_region,1,1
FAM_I2305,intergenic_3637878_3638094,intergenic_region,4,4
FAM_I2306,intergenic_738474_738647,intergenic_region,6,6
FAM_I2307,intergenic_764755_764837,intergenic_region,5,5
FAM_I2308,intergenic_869183_869497,intergenic_region,6,6
FAM_I2310,intergenic_1478329_1478588,intergenic_region,6,6
FAM_I2311,intergenic_1529638_1529783,intergenic_region,6,6
FAM_I2312,intergenic_2673462_2673567,intergenic_region,2,2
FAM_I2313,intergenic_2005681_2005876,intergenic_region,6,6
FAM_I2314,intergenic_2024643_2024733,intergenic_region,6,6
FAM_I2315,intergenic_2053226_2053397,intergenic_region,6,6
FAM_I2316,intergenic_2125301_2125548,intergenic_region,5,5
FAM_I2317,intergenic_2270891_2271313,intergenic_region,6,6
FAM_I2318,intergenic_2301896_2301998,intergenic_region,6,6
FAM_I2319,intergenic_2328108_2328209,intergenic_region,6,6
FAM_I2320,intergenic_2354991_2355546,intergenic_region,6,6
FAM_I2321,intergenic_2388130_2388285,intergenic_region,6,6
FAM_I2322,intergenic_2407151_2407250,intergenic_region,6,6
FAM_I2323,intergenic_2431632_2432076,intergenic_region,6,6
FAM_I2324,intergenic_2467379_2467467,intergenic_region,6,6
FAM_I2325,intergenic_2534028_2534082,intergenic_region,6,6
FAM_I2326,intergenic_2568259_2568459,intergenic_region,6,6
FAM_I2327,intergenic_1045971_1046427,intergenic_region,6,11
FAM_I2328,intergenic_3021202_3021452,intergenic_region,6,6
FAM_I2329,intergenic_3060099_3060241,intergenic_region,6,6
FAM_I2330,intergenic_2460470_2460649,intergenic_region,6,6
FAM_I2331,intergenic_2487968_2488022,intergenic_region,6,6
FAM_I2332,intergenic_2517833_2518451,intergenic_region,6,6
SING_I150,intergenic_2772761_2772835,intergenic_region,1,1
FAM_I2333,intergenic_2865013_2865100,intergenic_region,3,3
FAM_I2334,intergenic_3036066_3036372,intergenic_region,6,6
FAM_I2335,intergenic_3185131_3185413,intergenic_region,2,2
FAM_I2336,intergenic_3545566_3545623,intergenic_region,6,6
FAM_I2337,intergenic_3646228_3646298,intergenic_region,6,6
FAM_I2338,intergenic_3832167_3832218,intergenic_region,4,4
FAM_I2339,intergenic_4449653_4449961,intergenic_region,6,6
SING_I1TG,intergenic_4499920_4500042,intergenic_region,1,1
SING_I1TW,intergenic_4533184_4533238,intergenic_region,1,1
FAM_I2340,intergenic_248834_248969,intergenic_region,2,2
FAM_I2341,intergenic_307447_307503,intergenic_region,2,2
SING_I528,intergenic_2683252_2683365,intergenic_region,1,1
FAM_I2342,intergenic_494107_494256,intergenic_region,2,2
FAM_I2343,intergenic_757518_757751,intergenic_region,2,2
FAM_I2344,intergenic_824417_824564,intergenic_region,6,6
FAM_I2345,intergenic_891968_892498,intergenic_region,2,2
FAM_I2346,intergenic_1168364_1168471,intergenic_region,2,2
FAM_I2347,intergenic_1348686_1348953,intergenic_region,2,2
FAM_I2348,intergenic_1389750_1389973,intergenic_region,2,2
FAM_I2349,intergenic_1437443_1437942,intergenic_region,2,2
FAM_I2350,intergenic_1544223_1544336,intergenic_region,2,2
FAM_I2351,intergenic_1600733_1601102,intergenic_region,2,2
FAM_I2352,intergenic_2137799_2137861,intergenic_region,6,6
FAM_I2353,intergenic_2210292_2210564,intergenic_region,2,2
FAM_I2354,intergenic_1550847_1550961,intergenic_region,2,6
FAM_I2355,intergenic_2425276_2425603,intergenic_region,6,6
FAM_I2356,intergenic_2653054_2653131,intergenic_region,6,6
FAM_I2357,intergenic_1195964_1196055,intergenic_region,2,4
FAM_I2358,intergenic_2818199_2818289,intergenic_region,6,6
FAM_I2359,intergenic_2895772_2896285,intergenic_region,6,6
FAM_I2360,intergenic_2550546_2550640,intergenic_region,6,6
FAM_I2361,intergenic_2597619_2597689,intergenic_region,6,6
FAM_I2362,intergenic_2642845_2643128,intergenic_region,6,6
FAM_I2363,intergenic_2710013_2710419,intergenic_region,6,6
FAM_I2364,intergenic_2741726_2741874,intergenic_region,6,6
FAM_I2365,intergenic_2811301_2811426,intergenic_region,6,6
FAM_I2366,intergenic_2832290_2832475,intergenic_region,6,6
FAM_I2367,intergenic_2872821_2873013,intergenic_region,6,6
FAM_I2368,intergenic_2907942_2908028,intergenic_region,6,6
FAM_I2369,intergenic_2942568_2942917,intergenic_region,6,6
FAM_I2370,intergenic_2978900_2979020,intergenic_region,6,6
FAM_I2371,intergenic_3068809_3068946,intergenic_region,6,6
FAM_I2372,intergenic_3377421_3377814,intergenic_region,6,6
FAM_I2373,intergenic_3403333_3403483,intergenic_region,6,6
FAM_I2374,intergenic_3439510_3439615,intergenic_region,6,6
FAM_I2375,intergenic_3485819_3486119,intergenic_region,6,6
FAM_I2376,intergenic_3558080_3558267,intergenic_region,6,6
FAM_I2377,intergenic_4353720_4353917,intergenic_region,3,3
FAM_I2378,intergenic_3669189_3669591,intergenic_region,6,6
FAM_I2379,intergenic_3732124_3732200,intergenic_region,6,6
FAM_I2380,intergenic_3811153_3811249,intergenic_region,6,6
FAM_I2381,intergenic_4050766_4051346,intergenic_region,6,6
FAM_I2382,intergenic_4127226_4127285,intergenic_region,6,6
FAM_I2383,intergenic_4277934_4278478,intergenic_region,6,6
FAM_I2384,intergenic_4475315_4475436,intergenic_region,5,5
FAM_I2385,intergenic_4551297_4551635,intergenic_region,6,6
FAM_I2386,intergenic_4609324_4609413,intergenic_region,6,6
FAM_I2387,intergenic_3712935_3713091,intergenic_region,6,6
FAM_I2388,intergenic_3671242_3671291,intergenic_region,6,6
FAM_I2389,intergenic_3584560_3584758,intergenic_region,3,3
FAM_I2390,intergenic_3519065_3519464,intergenic_region,6,6
FAM_I2391,intergenic_3442472_3442617,intergenic_region,6,6
FAM_I2392,intergenic_3336819_3336962,intergenic_region,6,6
FAM_I2393,intergenic_3308925_3309032,intergenic_region,6,6
FAM_I2394,intergenic_3212853_3213046,intergenic_region,6,6
FAM_I2395,intergenic_3102853_3103012,intergenic_region,6,6
SING_I4GK,intergenic_1134196_1134245,intergenic_region,1,1
SING_I4HG,intergenic_1203386_1204436,intergenic_region,1,1
FAM_I2396,intergenic_2644284_2644432,intergenic_region,6,6
FAM_I2397,intergenic_2524879_2525126,intergenic_region,4,4
SING_I4QC,intergenic_1862710_1862765,intergenic_region,1,1
FAM_I2398,intergenic_1916227_1916391,intergenic_region,2,2
SING_I4RO,intergenic_1981245_1981305,intergenic_region,1,1
SING_I4S4,intergenic_2036608_2036881,intergenic_region,1,1
FAM_I2470,intergenic_2592909_2593264,intergenic_region,3,3
FAM_I2399,intergenic_2614278_2614676,intergenic_region,6,6
FAM_I2400,intergenic_2392583_2392659,intergenic_region,6,6
FAM_I2401,intergenic_2335115_2335241,intergenic_region,6,6
FAM_I2402,intergenic_2148773_2148990,intergenic_region,6,6
SING_I4ZO,intergenic_2499049_2499143,intergenic_region,1,1
SING_I510,intergenic_2595123_2595316,intergenic_region,1,1
SING_I52S,intergenic_2721589_2721719,intergenic_region,1,1
SING_I550,intergenic_2866726_2866855,intergenic_region,1,1
SING_I55G,intergenic_2902754_2902959,intergenic_region,1,1
FAM_I2403,intergenic_1511088_1511174,intergenic_region,6,6
SING_I57O,intergenic_3037420_3037877,intergenic_region,1,1
SING_I584,intergenic_3062367_3062557,intergenic_region,1,1
FAM_I2404,intergenic_1314917_1315203,intergenic_region,6,6
FAM_I2406,intergenic_768031_768199,intergenic_region,6,6
FAM_I2407,intergenic_560907_561015,intergenic_region,6,6
FAM_I2408,intergenic_533378_533476,intergenic_region,6,6
FAM_I2409,intergenic_478935_479123,intergenic_region,6,6
FAM_I2410,intergenic_195196_195341,intergenic_region,6,6
SING_I5MC,intergenic_4092513_4092701,intergenic_region,1,1
SING_I5O4,intergenic_4192870_4193039,intergenic_region,1,1
SING_I5OK,intergenic_4230672_4231064,intergenic_region,1,1
SING_I5PG,intergenic_4279428_4279754,intergenic_region,1,1
SING_I5PW,intergenic_4309273_4309635,intergenic_region,1,1
SING_I5QC,intergenic_4355708_4355876,intergenic_region,1,1
FAM_I2411,intergenic_3050941_3051137,intergenic_region,2,3
SING_I5S4,intergenic_4463765_4463845,intergenic_region,1,1
SING_I5XG,intergenic_4845064_4845458,intergenic_region,1,1
FAM_I2412,intergenic_4911333_4911426,intergenic_region,2,2
FAM_I2413,intergenic_3953414_3953477,intergenic_region,6,6
FAM_I2414,intergenic_2091872_2092026,intergenic_region,6,6
FAM_I2415,intergenic_2033463_2033547,intergenic_region,6,6
FAM_I2416,intergenic_2009079_2009322,intergenic_region,6,6
FAM_I2417,intergenic_2399600_2399651,intergenic_region,6,6
FAM_I2418,intergenic_2419455_2419504,intergenic_region,6,6
FAM_I2419,intergenic_2637636_2637849,intergenic_region,6,6
FAM_I2420,intergenic_2789861_2790017,intergenic_region,3,3
FAM_I2421,intergenic_2842600_2842928,intergenic_region,6,6
FAM_I2422,intergenic_2968969_2969161,intergenic_region,6,6
FAM_I2423,intergenic_2998560_2998926,intergenic_region,6,6
FAM_I2424,intergenic_3075384_3075463,intergenic_region,6,6
FAM_I2425,intergenic_2533381_2533763,intergenic_region,6,6
FAM_I2426,intergenic_2583479_2583545,intergenic_region,6,6
FAM_I2427,intergenic_2629482_2629794,intergenic_region,6,6
FAM_I2428,intergenic_2661532_2661642,intergenic_region,6,6
FAM_I2429,intergenic_2894772_2894918,intergenic_region,6,6
FAM_I2430,intergenic_3055942_3056186,intergenic_region,6,6
FAM_I2431,intergenic_3206257_3206462,intergenic_region,6,6
FAM_I2432,intergenic_3322506_3322732,intergenic_region,6,6
FAM_I2433,intergenic_4499373_4499501,intergenic_region,4,4
FAM_I2434,intergenic_4690308_4690775,intergenic_region,3,4
FAM_I2435,intergenic_4073572_4073738,intergenic_region,5,5
FAM_I2436,intergenic_4250602_4250702,intergenic_region,5,5
FAM_I2437,intergenic_4424387_4424515,intergenic_region,6,6
FAM_I2438,intergenic_4439794_4439871,intergenic_region,6,6
FAM_I2439,intergenic_5426600_5426910,intergenic_region,3,3
FAM_I2440,intergenic_4601518_4601623,intergenic_region,6,6
FAM_I2441,intergenic_11804_12179,intergenic_region,6,6
FAM_I2442,intergenic_117550_117751,intergenic_region,6,6
FAM_I2444,intergenic_188296_188609,intergenic_region,6,6
FAM_I2445,intergenic_262628_262677,intergenic_region,3,3
FAM_I2446,intergenic_405144_405381,intergenic_region,6,6
FAM_I2447,intergenic_545985_546155,intergenic_region,6,6
FAM_I2448,intergenic_733212_733590,intergenic_region,6,6
FAM_I2449,intergenic_757908_758071,intergenic_region,5,5
FAM_I2451,intergenic_864816_865949,intergenic_region,2,2
FAM_I2452,intergenic_1044928_1045070,intergenic_region,6,6
FAM_I2453,intergenic_1079775_1079983,intergenic_region,5,5
FAM_I2454,intergenic_1148410_1148484,intergenic_region,4,4
FAM_I2455,intergenic_1230170_1230783,intergenic_region,6,6
FAM_I2456,intergenic_1422273_1423549,intergenic_region,2,2
FAM_I2457,intergenic_1464186_1464243,intergenic_region,6,6
FAM_I2458,intergenic_1516811_1517104,intergenic_region,6,6
FAM_I2459,intergenic_1569200_1569278,intergenic_region,2,3
FAM_I2460,intergenic_1636110_1636164,intergenic_region,3,5
FAM_I2461,intergenic_1772830_1772979,intergenic_region,3,3
FAM_I2462,intergenic_1801339_1801677,intergenic_region,2,2
FAM_I2463,intergenic_1859847_1859897,intergenic_region,2,2
SING_I87O,intergenic_48145_48477,intergenic_region,1,1
FAM_I2464,intergenic_3719769_3720048,intergenic_region,6,6
SING_I8CK,intergenic_421944_422057,intergenic_region,1,1
FAM_I2465,intergenic_3471330_3471399,intergenic_region,6,6
SING_I8IS,intergenic_878557_879719,intergenic_region,1,1
SING_I8J8,intergenic_899208_899565,intergenic_region,1,1
FAM_I2466,intergenic_1124091_1124170,intergenic_region,1,2
SING_I8NO,intergenic_1217890_1217956,intergenic_region,1,1
FAM_I2467,intergenic_2712765_2712895,intergenic_region,6,6
SING_I8QC,intergenic_1419168_1419532,intergenic_region,1,1
FAM_I2468,intergenic_2526857_2526945,intergenic_region,6,6
FAM_I2469,intergenic_2954680_2954848,intergenic_region,6,6
FAM_I2471,intergenic_2420864_2420947,intergenic_region,6,6
FAM_I2472,intergenic_2134730_2134955,intergenic_region,6,6
FAM_I2473,intergenic_2063434_2063738,intergenic_region,6,6
SING_I978,intergenic_2592434_2592561,intergenic_region,1,1
FAM_I2474,intergenic_1914175_1914349,intergenic_region,5,5
FAM_I2475,intergenic_1839351_1839413,intergenic_region,6,6
FAM_I2476,intergenic_1723346_1723439,intergenic_region,6,6
SING_I99W,intergenic_2771310_2771616,intergenic_region,1,1
SING_I9AC,intergenic_2795695_2795925,intergenic_region,1,1
FAM_I2477,intergenic_1506777_1506886,intergenic_region,6,6
SING_I9ES,intergenic_3102949_3103003,intergenic_region,1,1
FAM_I2478,intergenic_871469_871669,intergenic_region,6,6
SING_I9HW,intergenic_3337151_3337461,intergenic_region,1,1
FAM_I2479,intergenic_740176_740303,intergenic_region,6,6
SING_I9K4,intergenic_3499063_3499144,intergenic_region,1,1
FAM_I2481,intergenic_559920_559971,intergenic_region,6,6
FAM_I2482,intergenic_415467_415575,intergenic_region,5,5
FAM_I2483,intergenic_222108_222217,intergenic_region,6,6
FAM_I2484,intergenic_4639531_4639589,intergenic_region,6,6
SING_I9TW,intergenic_4202702_4202941,intergenic_region,1,1
FAM_I2485,intergenic_4552821_4552900,intergenic_region,6,6
FAM_I2487,intergenic_4462869_4463066,intergenic_region,2,2
SING_I9ET,intergenic_3104726_3104784,intergenic_region,1,1
SING_I9HX,intergenic_3337582_3337907,intergenic_region,1,1
FAM_I2488,intergenic_792828_793011,intergenic_region,6,6
FAM_I2489,intergenic_739295_739386,intergenic_region,6,6
FAM_I2490,intergenic_557860_557987,intergenic_region,6,6
FAM_I2491,intergenic_530866_530916,intergenic_region,6,6
FAM_I2493,intergenic_295660_295716,intergenic_region,6,6
SING_I9QT,intergenic_3981070_3981166,intergenic_region,1,1
FAM_I2494,intergenic_4612290_4612410,intergenic_region,6,6
SING_I9UT,intergenic_4281586_4281695,intergenic_region,1,1
FAM_I2495,intergenic_4107422_4107551,intergenic_region,6,6
FAM_I2496,intergenic_3841788_3841949,intergenic_region,6,6
FAM_I2497,intergenic_3782563_3782641,intergenic_region,6,6
FAM_I2498,intergenic_3680349_3680443,intergenic_region,6,6
FAM_I2499,intergenic_3367643_3367826,intergenic_region,2,2
FAM_I2501,intergenic_2987077_2987535,intergenic_region,4,4
FAM_I2502,intergenic_2949011_2949241,intergenic_region,6,6
SING_I7NQ,intergenic_4212263_4212315,intergenic_region,1,1
FAM_I2503,intergenic_962898_962972,intergenic_region,6,6
FAM_I2504,intergenic_1255463_1256030,intergenic_region,3,3
FAM_I2505,intergenic_1441758_1441810,intergenic_region,3,5
FAM_I2506,intergenic_1465009_1465102,intergenic_region,6,6
FAM_I2507,intergenic_1490149_1490302,intergenic_region,6,6
FAM_I2508,intergenic_1520788_1521132,intergenic_region,6,6
FAM_I2509,intergenic_1571905_1571999,intergenic_region,2,7
SING_I5M4,intergenic_4072499_4073012,intergenic_region,1,1
FAM_I2510,intergenic_4630523_4630732,intergenic_region,6,6
FAM_I2511,intergenic_4247456_4247669,intergenic_region,2,2
FAM_I2512,intergenic_4299933_4300603,intergenic_region,3,3
SING_I5Q4,intergenic_4340553_4340622,intergenic_region,1,1
SING_I5QK,intergenic_4366403_4366540,intergenic_region,1,1
SING_I5UK,intergenic_4647771_4648025,intergenic_region,1,1
SING_I5XO,intergenic_4857587_4857757,intergenic_region,1,1
FAM_I2513,intergenic_2217392_2217732,intergenic_region,2,2
FAM_I2514,intergenic_2598542_2598863,intergenic_region,2,2
FAM_I2515,intergenic_2932777_2932893,intergenic_region,2,2
FAM_I2516,intergenic_3054837_3054908,intergenic_region,2,2
FAM_I2517,intergenic_3182231_3182875,intergenic_region,2,2
FAM_I2518,intergenic_3727303_3727374,intergenic_region,2,2
FAM_I2519,intergenic_5041751_5042190,intergenic_region,2,2
FAM_I2520,intergenic_4360209_4360280,intergenic_region,3,3
FAM_I2521,intergenic_4517965_4518608,intergenic_region,2,2
FAM_I2522,intergenic_4588518_4589381,intergenic_region,2,2
FAM_I2523,intergenic_4614732_4614926,intergenic_region,2,2
FAM_I2524,intergenic_4704710_4705408,intergenic_region,2,2
FAM_I2525,intergenic_4935028_4935086,intergenic_region,4,4
FAM_I2526,intergenic_4261307_4261668,intergenic_region,5,5
FAM_I2527,intergenic_5443703_5443979,intergenic_region,2,2
FAM_I2528,intergenic_25485_25818,intergenic_region,6,6
FAM_I2529,intergenic_171588_171806,intergenic_region,6,6
FAM_I2530,intergenic_531613_531676,intergenic_region,6,6
FAM_I2531,intergenic_845385_845491,intergenic_region,3,3
FAM_I2532,intergenic_1062041_1062162,intergenic_region,6,6
FAM_I2533,intergenic_1160141_1160230,intergenic_region,6,6
FAM_I2534,intergenic_1263116_1263568,intergenic_region,3,5
FAM_I2719,intergenic_1481230_1481404,intergenic_region,4,4
FAM_I2535,intergenic_1452763_1452852,intergenic_region,3,3
FAM_I2536,intergenic_1812405_1814051,intergenic_region,2,2
FAM_I2537,intergenic_1938626_1939124,intergenic_region,2,2
FAM_I2538,intergenic_47454_47747,intergenic_region,2,2
SING_I88C,intergenic_109343_109518,intergenic_region,1,1
FAM_I2539,intergenic_3654528_3654682,intergenic_region,6,6
SING_I8GC,intergenic_689062_689151,intergenic_region,1,1
FAM_I2540,intergenic_730374_730445,intergenic_region,2,2
SING_I8KS,intergenic_997065_997412,intergenic_region,1,1
FAM_I2541,intergenic_2945843_2946080,intergenic_region,6,6
SING_I8M4,intergenic_1105139_1105903,intergenic_region,1,1
SING_I8PO,intergenic_1357583_1357635,intergenic_region,1,1
SING_I8UK,intergenic_1741634_1741703,intergenic_region,1,1
SING_I8WS,intergenic_1930754_1930823,intergenic_region,1,1
SING_I95O,intergenic_2491006_2491377,intergenic_region,1,1
SING_I970,intergenic_2575671_2575762,intergenic_region,1,1
SING_I9A4,intergenic_2784266_2784562,intergenic_region,1,1
SING_I9F0,intergenic_3124216_3124278,intergenic_region,1,1
FAM_I2542,intergenic_3530810_3530951,intergenic_region,2,3
SING_I9OC,intergenic_3804526_3804620,intergenic_region,1,1
FAM_I2543,intergenic_349717_349950,intergenic_region,4,4
SING_I9Y4,intergenic_4507067_4507147,intergenic_region,1,1
SING_IA0C,intergenic_4671912_4672241,intergenic_region,1,1
FAM_I2545,intergenic_4984341_4984426,intergenic_region,2,2
SING_IA58,intergenic_91572_91642,intergenic_region,1,1
FAM_I2546,intergenic_2866466_2866558,intergenic_region,3,3
SING_IAJG,intergenic_1122295_1122373,intergenic_region,1,1
FAM_I2547,intergenic_2644865_2645012,intergenic_region,6,6
SING_IARG,intergenic_1707121_1707188,intergenic_region,1,1
SING_IAUK,intergenic_1933966_1934061,intergenic_region,1,1
FAM_I2548,intergenic_2828218_2828560,intergenic_region,4,4
SING_IB70,intergenic_2681608_2682169,intergenic_region,1,1
FAM_I2549,intergenic_1468225_1468649,intergenic_region,6,6
FAM_I2551,intergenic_3013600_3013724,intergenic_region,1,2
FAM_I2552,intergenic_4542634_4543114,intergenic_region,6,6
SING_IBQ4,intergenic_4029654_4029705,intergenic_region,1,1
FAM_I2553,intergenic_4160791_4161066,intergenic_region,3,3
FAM_I2554,intergenic_2040269_2040382,intergenic_region,6,6
FAM_I2557,intergenic_901006_901806,intergenic_region,2,2
FAM_I2558,intergenic_2019802_2020104,intergenic_region,6,6
SING_I971,intergenic_2579630_2579727,intergenic_region,1,1
SING_I9F1,intergenic_3125314_3125421,intergenic_region,1,1
FAM_I2559,intergenic_893944_894041,intergenic_region,3,6
FAM_I2560,intergenic_3770425_3770603,intergenic_region,1,1
FAM_I2561,intergenic_3866944_3867040,intergenic_region,1,2
SING_I9Z1,intergenic_4554934_4554987,intergenic_region,1,1
SING_IA59,intergenic_92453_92504,intergenic_region,1,1
FAM_I2562,intergenic_3618990_3619191,intergenic_region,2,2
FAM_I2563,intergenic_2804462_2804814,intergenic_region,6,6
SING_IARH,intergenic_1709165_1709237,intergenic_region,1,1
SING_IATP,intergenic_1876178_1876431,intergenic_region,1,1
SING_IAUL,intergenic_1936147_1936302,intergenic_region,1,1
FAM_I2564,intergenic_2402421_2402942,intergenic_region,6,6
SING_IB71,intergenic_2683929_2684336,intergenic_region,1,1
FAM_I2565,intergenic_3014502_3014687,intergenic_region,1,2
SING_IBEL,intergenic_3244621_3244746,intergenic_region,1,1
FAM_I2566,intergenic_450731_451255,intergenic_region,6,6
FAM_I2567,intergenic_4541560_4542036,intergenic_region,6,6
SING_IBPP,intergenic_4006972_4007177,intergenic_region,1,1
SING_IBQ5,intergenic_4049781_4050235,intergenic_region,1,1
FAM_I2568,intergenic_342436_342492,intergenic_region,6,6
SING_I5JX,intergenic_3902158_3902243,intergenic_region,1,1
SING_I5P9,intergenic_4270997_4271082,intergenic_region,1,1
SING_I5Q5,intergenic_4344202_4345146,intergenic_region,1,1
SING_I5QL,intergenic_4366910_4367075,intergenic_region,1,1
SING_I5UL,intergenic_4650370_4650459,intergenic_region,1,1
FAM_I2570,intergenic_2193462_2193582,intergenic_region,2,2
FAM_I2571,intergenic_2141099_2141176,intergenic_region,2,2
FAM_I2572,intergenic_2016881_2017114,intergenic_region,2,2
FAM_I2573,intergenic_2248562_2248658,intergenic_region,2,2
FAM_I2574,intergenic_2599095_2599166,intergenic_region,2,2
FAM_I2575,intergenic_2859543_2860592,intergenic_region,2,2
FAM_I2576,intergenic_336015_336903,intergenic_region,6,8
FAM_I2577,intergenic_2933533_2933654,intergenic_region,2,2
FAM_I2578,intergenic_3735011_3735355,intergenic_region,2,2
FAM_I2579,intergenic_3872842_3873063,intergenic_region,2,2
FAM_I2580,intergenic_4317778_4317926,intergenic_region,2,2
FAM_I2581,intergenic_4590129_4590212,intergenic_region,2,2
FAM_I2582,intergenic_4620283_4621595,intergenic_region,2,2
FAM_I2583,intergenic_5360081_5360325,intergenic_region,3,3
FAM_I2584,intergenic_5445632_5445699,intergenic_region,2,2
FAM_I2586,intergenic_720980_721077,intergenic_region,6,6
FAM_I2587,intergenic_846773_846932,intergenic_region,3,3
FAM_I2589,intergenic_1133963_1134239,intergenic_region,5,5
FAM_I2590,intergenic_1678867_1679228,intergenic_region,6,6
FAM_I2591,intergenic_52110_52189,intergenic_region,2,2
SING_I88D,intergenic_116514_116627,intergenic_region,1,1
SING_I8GD,intergenic_692904_692978,intergenic_region,1,1
FAM_I2592,intergenic_733953_734274,intergenic_region,2,2
FAM_I2593,intergenic_772806_773208,intergenic_region,3,3
SING_I8J1,intergenic_892333_892644,intergenic_region,1,1
FAM_I2594,intergenic_2910686_2910755,intergenic_region,6,6
SING_I8ML,intergenic_1147420_1147496,intergenic_region,1,1
SING_I8X9,intergenic_1949661_1949972,intergenic_region,1,1
FAM_I2595,intergenic_2107869_2108201,intergenic_region,6,6
FAM_I2596,intergenic_4137658_4137931,intergenic_region,5,5
SING_I4HB,intergenic_1181559_1181660,intergenic_region,1,1
SING_I4LB,intergenic_1471886_1471979,intergenic_region,1,1
SING_I4LR,intergenic_1502861_1502965,intergenic_region,1,1
SING_I4N3,intergenic_1588667_1588786,intergenic_region,1,1
SING_I4RJ,intergenic_1939657_1939974,intergenic_region,1,1
SING_I4RZ,intergenic_2007127_2007776,intergenic_region,1,1
SING_I50V,intergenic_2586827_2587062,intergenic_region,1,1
SING_I54F,intergenic_2823883_2824027,intergenic_region,1,1
SING_I54V,intergenic_2841405_2842007,intergenic_region,1,1
SING_I55B,intergenic_2897501_2897622,intergenic_region,1,1
SING_I57Z,intergenic_3058788_3058894,intergenic_region,1,1
SING_I5A7,intergenic_3224237_3225277,intergenic_region,1,1
SING_I5AN,intergenic_3263438_3263525,intergenic_region,1,1
SING_I5J3,intergenic_3843225_3844525,intergenic_region,1,1
FAM_I2597,intergenic_4109183_4109471,intergenic_region,3,3
FAM_I2598,intergenic_1576537_1577329,intergenic_region,2,2
FAM_I2601,intergenic_2613146_2614025,intergenic_region,2,2
FAM_I2602,intergenic_4306127_4306372,intergenic_region,2,2
SING_I5QN,intergenic_4367634_4368091,intergenic_region,1,1
FAM_I2603,intergenic_4490064_4490140,intergenic_region,6,6
FAM_I2604,intergenic_1987292_1987510,intergenic_region,2,2
FAM_I2605,intergenic_1273543_1273812,intergenic_region,2,17
FAM_I2606,intergenic_2959453_2959611,intergenic_region,2,2
FAM_I2607,intergenic_3132947_3133865,intergenic_region,6,6
FAM_I2608,intergenic_3607217_3607407,intergenic_region,2,2
FAM_I2609,intergenic_5079597_5079719,intergenic_region,2,2
FAM_I2610,intergenic_4189997_4190178,intergenic_region,3,3
FAM_I2736,intergenic_1268348_1268833,intergenic_region,2,2
FAM_I2611,intergenic_1774039_1774834,intergenic_region,2,6
FAM_I2612,intergenic_2199938_2200148,intergenic_region,3,3
FAM_I2614,intergenic_2991760_2992093,intergenic_region,4,4
FAM_I2615,intergenic_3411554_3412698,intergenic_region,2,2
FAM_I2616,intergenic_1493840_1493976,intergenic_region,3,3
FAM_I2618,intergenic_2480998_2481143,intergenic_region,6,6
FAM_I2619,intergenic_2148570_2148676,intergenic_region,6,6
FAM_I2621,intergenic_3142999_3144537,intergenic_region,2,2
SING_I4E,intergenic_294800_294917,intergenic_region,1,1
FAM_I2623,intergenic_734103_734219,intergenic_region,2,2
SING_IHA,intergenic_1196374_1196866,intergenic_region,1,1
FAM_I2624,intergenic_1989971_1990189,intergenic_region,6,6
SING_IUM,intergenic_2011540_2012000,intergenic_region,1,1
SING_IVI,intergenic_2071212_2071538,intergenic_region,1,1
FAM_I2625,intergenic_1827535_1827734,intergenic_region,3,3
FAM_I2626,intergenic_1487858_1487915,intergenic_region,2,2
FAM_I2627,intergenic_2474857_2474983,intergenic_region,3,3
SING_I126,intergenic_2564373_2564522,intergenic_region,1,1
SING_I14U,intergenic_2761174_2761350,intergenic_region,1,1
SING_I19Q,intergenic_3111971_3112053,intergenic_region,1,1
SING_I1I6,intergenic_3721202_3721683,intergenic_region,1,1
FAM_I2628,intergenic_3750782_3751127,intergenic_region,2,2
FAM_I2629,intergenic_4385342_4385392,intergenic_region,2,2
SING_I1TQ,intergenic_4519225_4519337,intergenic_region,1,1
FAM_I2630,intergenic_4579841_4580067,intergenic_region,5,5
FAM_I2631,intergenic_203706_203825,intergenic_region,6,6
FAM_I2632,intergenic_327428_327672,intergenic_region,2,2
FAM_I2633,intergenic_358186_358305,intergenic_region,3,3
FAM_I2634,intergenic_1029174_1029326,intergenic_region,6,6
FAM_I2635,intergenic_1209963_1210600,intergenic_region,2,2
FAM_I2636,intergenic_1247830_1247914,intergenic_region,2,2
FAM_I2637,intergenic_1264304_1264377,intergenic_region,2,2
FAM_I2638,intergenic_1293218_1293310,intergenic_region,2,2
FAM_I2639,intergenic_1337328_1337424,intergenic_region,2,2
FAM_I2640,intergenic_1381745_1382069,intergenic_region,2,2
FAM_I2641,intergenic_1404600_1404680,intergenic_region,2,2
FAM_I2643,intergenic_1557823_1557897,intergenic_region,2,2
FAM_I2644,intergenic_1587725_1587865,intergenic_region,2,2
FAM_I2645,intergenic_1621644_1621710,intergenic_region,6,6
FAM_I2646,intergenic_1659342_1659643,intergenic_region,2,2
FAM_I2647,intergenic_1764424_1764499,intergenic_region,2,2
FAM_I2648,intergenic_2450343_2450457,intergenic_region,2,2
FAM_I2649,intergenic_2641176_2641236,intergenic_region,2,2
FAM_I2650,intergenic_2668503_2668709,intergenic_region,2,2
FAM_I2651,intergenic_2727185_2728157,intergenic_region,5,7
FAM_I2653,intergenic_3198138_3198806,intergenic_region,2,2
FAM_I2654,intergenic_3493091_3493485,intergenic_region,2,2
FAM_I2655,intergenic_3854528_3854615,intergenic_region,2,2
FAM_I2656,intergenic_4222334_4222383,intergenic_region,2,2
FAM_I2657,intergenic_3754429_3754541,intergenic_region,4,6
FAM_I2658,intergenic_4599918_4600054,intergenic_region,2,2
FAM_I2659,intergenic_4628247_4628431,intergenic_region,3,3
FAM_I2660,intergenic_4866185_4866244,intergenic_region,2,2
FAM_I2661,intergenic_5075339_5075437,intergenic_region,2,2
SING_I45A,intergenic_249009_249094,intergenic_region,1,1
FAM_I2662,intergenic_3599659_3599928,intergenic_region,6,6
SING_I466,intergenic_320896_321388,intergenic_region,1,1
FAM_I2663,intergenic_3492298_3492567,intergenic_region,6,6
FAM_I2664,intergenic_3390450_3390582,intergenic_region,6,6
SING_I4BI,intergenic_722157_722253,intergenic_region,1,1
FAM_I2665,intergenic_816773_816843,intergenic_region,2,2
SING_I4EM,intergenic_989373_989835,intergenic_region,1,1
FAM_I2666,intergenic_2856807_2856882,intergenic_region,6,10
SING_I4HA,intergenic_1181013_1181390,intergenic_region,1,1
SING_I4I6,intergenic_1239559_1239900,intergenic_region,1,1
SING_I4LQ,intergenic_1502271_1502330,intergenic_region,1,1
SING_I4RY,intergenic_2006245_2006376,intergenic_region,1,1
FAM_I2667,intergenic_2454109_2454304,intergenic_region,1,2
SING_I4ZY,intergenic_2518357_2518408,intergenic_region,1,1
SING_I55A,intergenic_2896672_2897146,intergenic_region,1,1
FAM_I2668,intergenic_894258_894333,intergenic_region,3,8
SING_I57I,intergenic_3026851_3028699,intergenic_region,1,1
SING_I57Y,intergenic_3058079_3058241,intergenic_region,1,1
SING_I5EM,intergenic_3540784_3540895,intergenic_region,1,1
SING_I5JY,intergenic_3902655_3902993,intergenic_region,1,1
SING_I5NI,intergenic_4159493_4159583,intergenic_region,1,1
FAM_I2670,intergenic_4304450_4305559,intergenic_region,2,3
SING_I5Q6,intergenic_4348192_4348564,intergenic_region,1,1
FAM_I2671,intergenic_3060131_3060404,intergenic_region,1,2
FAM_I2672,intergenic_4491140_4491205,intergenic_region,2,2
FAM_I2673,intergenic_4352358_4352583,intergenic_region,6,6
SING_I5U6,intergenic_4614177_4614279,intergenic_region,1,1
SING_I5UM,intergenic_4653899_4654003,intergenic_region,1,1
SING_I5Z2,intergenic_4977102_4977340,intergenic_region,1,1
FAM_I2674,intergenic_2191758_2191819,intergenic_region,2,2
FAM_I2675,intergenic_2602362_2602437,intergenic_region,2,2
FAM_I2676,intergenic_2710836_2710893,intergenic_region,2,2
FAM_I2677,intergenic_2861265_2861373,intergenic_region,2,2
FAM_I2678,intergenic_2934495_2935006,intergenic_region,2,2
FAM_I2679,intergenic_3284556_3284654,intergenic_region,2,2
FAM_I2680,intergenic_3365957_3366119,intergenic_region,2,2
FAM_I2681,intergenic_3604420_3604516,intergenic_region,2,2
FAM_I2682,intergenic_3735536_3735601,intergenic_region,2,2
FAM_I2683,intergenic_3873415_3873626,intergenic_region,2,2
FAM_I2684,intergenic_4593843_4593900,intergenic_region,2,2
FAM_I2685,intergenic_4622742_4622868,intergenic_region,2,2
FAM_I2686,intergenic_5363800_5364010,intergenic_region,3,3
FAM_I2687,intergenic_486315_486501,intergenic_region,3,3
FAM_I2688,intergenic_688669_688781,intergenic_region,5,5
FAM_I2689,intergenic_853164_853710,intergenic_region,3,3
FAM_I2690,intergenic_942954_943160,intergenic_region,6,6
SING_I87Y,intergenic_81880_81931,intergenic_region,1,1
SING_I88E,intergenic_117594_117688,intergenic_region,1,1
FAM_I2692,intergenic_699209_699692,intergenic_region,2,2
FAM_I2693,intergenic_735025_735275,intergenic_region,2,2
FAM_I2694,intergenic_3128022_3128271,intergenic_region,3,3
SING_I8J2,intergenic_893644_893946,intergenic_region,1,1
FAM_I2695,intergenic_830901_830968,intergenic_region,2,2
SING_I8NI,intergenic_1207726_1208059,intergenic_region,1,1
SING_I8WU,intergenic_1931732_1931818,intergenic_region,1,1
FAM_I2696,intergenic_1907433_1908166,intergenic_region,2,3
SING_I972,intergenic_2580493_2580596,intergenic_region,1,1
FAM_I2697,intergenic_1877960_1878168,intergenic_region,6,6
SING_I9A6,intergenic_2787319_2787931,intergenic_region,1,1
FAM_I2698,intergenic_1669098_1669167,intergenic_region,6,6
SING_I9BI,intergenic_2866115_2866446,intergenic_region,1,1
SING_I9F2,intergenic_3125722_3125814,intergenic_region,1,1
FAM_I2699,intergenic_3445378_3445477,intergenic_region,2,2
SING_I9QM,intergenic_3968346_3968589,intergenic_region,1,1
FAM_I2700,intergenic_3493900_3493996,intergenic_region,2,2
FAM_I2701,intergenic_4103097_4103279,intergenic_region,3,3
FAM_I2702,intergenic_4601732_4602154,intergenic_region,2,2
FAM_I2703,intergenic_4689792_4689881,intergenic_region,2,2
FAM_I2704,intergenic_4867148_4867213,intergenic_region,3,3
FAM_I2705,intergenic_5077478_5077623,intergenic_region,2,2
SING_I467,intergenic_322094_322193,intergenic_region,1,1
FAM_I2706,intergenic_3321506_3322172,intergenic_region,6,6
SING_I4DR,intergenic_907808_907857,intergenic_region,1,1
SING_I4EN,intergenic_997833_998023,intergenic_region,1,1
FAM_I2707,intergenic_3587090_3587208,intergenic_region,3,3
FAM_I2708,intergenic_3767071_3767288,intergenic_region,2,2
FAM_I2709,intergenic_5051445_5051515,intergenic_region,2,2
FAM_I2710,intergenic_4333059_4333126,intergenic_region,2,2
FAM_I2711,intergenic_4583681_4583930,intergenic_region,2,2
FAM_I2712,intergenic_4609521_4609704,intergenic_region,2,2
FAM_I2713,intergenic_4639579_4639855,intergenic_region,3,3
FAM_I2714,intergenic_3982273_3982957,intergenic_region,6,6
FAM_I2715,intergenic_5168851_5168918,intergenic_region,2,2
FAM_I2716,intergenic_5353911_5354108,intergenic_region,2,2
FAM_I2717,intergenic_350872_351027,intergenic_region,4,4
FAM_I2718,intergenic_713471_713651,intergenic_region,5,5
FAM_I2720,intergenic_966509_966783,intergenic_region,6,6
FAM_I2721,intergenic_1018722_1019071,intergenic_region,6,6
FAM_I2723,intergenic_892667_892908,intergenic_region,5,7
FAM_I2724,intergenic_2451169_2451299,intergenic_region,6,6
FAM_I2725,intergenic_3857103_3857955,intergenic_region,2,2
FAM_I2726,intergenic_1814562_1815874,intergenic_region,6,6
SING_I4RK,intergenic_1940374_1940680,intergenic_region,1,1
FAM_I2727,intergenic_1763381_1763452,intergenic_region,2,4
SING_IBQ0,intergenic_4025605_4025874,intergenic_region,1,1
FAM_I2730,intergenic_4436566_4436754,intergenic_region,6,6
FAM_I2731,intergenic_4414192_4414274,intergenic_region,6,6
FAM_I2732,intergenic_4287372_4287763,intergenic_region,6,6
FAM_I2733,intergenic_4263083_4263247,intergenic_region,6,6
FAM_I2734,intergenic_4242255_4242625,intergenic_region,6,6
FAM_I2737,intergenic_2575806_2576097,intergenic_region,5,5
FAM_I2739,intergenic_3699894_3699979,intergenic_region,6,17
FAM_I2740,intergenic_353367_353931,intergenic_region,6,6
FAM_I2741,intergenic_2725747_2727330,intergenic_region,6,54
FAM_I2743,intergenic_3959814_3960241,intergenic_region,4,4
SING_I40,intergenic_272256_272846,intergenic_region,1,1
SING_I4G,intergenic_297022_297380,intergenic_region,1,1
SING_IHC,intergenic_1199589_1199678,intergenic_region,1,1
FAM_I2879,intergenic_2114564_2115536,intergenic_region,6,6
FAM_I2746,intergenic_2250849_2251269,intergenic_region,2,2
FAM_I2747,intergenic_2404842_2405015,intergenic_region,6,8
FAM_I2748,intergenic_2476511_2476693,intergenic_region,3,3
SING_I14W,intergenic_2767356_2767709,intergenic_region,1,1
FAM_I2749,intergenic_2991001_2991267,intergenic_region,2,2
FAM_I2750,intergenic_3020490_3020539,intergenic_region,2,2
FAM_I2751,intergenic_3113478_3113542,intergenic_region,3,3
FAM_I2752,intergenic_3361941_3362111,intergenic_region,2,2
SING_I1PC,intergenic_4250898_4250954,intergenic_region,1,1
FAM_I2753,intergenic_4494407_4494622,intergenic_region,2,2
SING_I1TS,intergenic_4522021_4522126,intergenic_region,1,1
FAM_I2754,intergenic_4586762_4586948,intergenic_region,2,2
FAM_I2755,intergenic_301048_301422,intergenic_region,2,2
FAM_I2756,intergenic_330001_330178,intergenic_region,2,2
FAM_I2757,intergenic_394808_395057,intergenic_region,3,3
FAM_I2758,intergenic_427136_427211,intergenic_region,5,5
FAM_I2759,intergenic_910082_910167,intergenic_region,2,2
FAM_I2760,intergenic_1033066_1033688,intergenic_region,3,3
FAM_I2761,intergenic_1250105_1250255,intergenic_region,2,2
FAM_I2762,intergenic_1304405_1304526,intergenic_region,2,2
FAM_I2763,intergenic_1340446_1341132,intergenic_region,2,2
FAM_I2764,intergenic_1384770_1384908,intergenic_region,2,2
FAM_I2765,intergenic_1412317_1412638,intergenic_region,2,2
FAM_I2766,intergenic_1431244_1431295,intergenic_region,2,2
FAM_I2767,intergenic_1589650_1590012,intergenic_region,2,2
FAM_I2768,intergenic_1623815_1624315,intergenic_region,2,2
FAM_I2769,intergenic_1662269_1662766,intergenic_region,2,2
FAM_I2770,intergenic_1767658_1768355,intergenic_region,2,2
FAM_I2771,intergenic_2318254_2318356,intergenic_region,6,6
FAM_I2772,intergenic_2925852_2926357,intergenic_region,2,2
FAM_I2773,intergenic_2975478_2975755,intergenic_region,6,6
FAM_I2774,intergenic_3077970_3078147,intergenic_region,2,2
FAM_I2775,intergenic_3200583_3200884,intergenic_region,2,2
FAM_I2776,intergenic_3476615_3477115,intergenic_region,2,2
FAM_I2777,intergenic_3498545_3498866,intergenic_region,2,2
FAM_I2778,intergenic_3550276_3550438,intergenic_region,2,2
FAM_I2779,intergenic_3586536_3586681,intergenic_region,3,3
FAM_I2780,intergenic_3654338_3654391,intergenic_region,2,2
FAM_I2781,intergenic_4301010_4301219,intergenic_region,2,2
FAM_I2782,intergenic_4602767_4603031,intergenic_region,2,2
FAM_I2783,intergenic_3875161_3875437,intergenic_region,6,6
FAM_I2784,intergenic_5351224_5351344,intergenic_region,2,2
SING_I43K,intergenic_136163_136275,intergenic_region,1,1
SING_I468,intergenic_328544_328715,intergenic_region,1,1
SING_I4B4,intergenic_688459_688511,intergenic_region,1,1
SING_I4EO,intergenic_998516_998572,intergenic_region,1,1
FAM_I2785,intergenic_1182012_1182136,intergenic_region,2,2
FAM_I2786,intergenic_1473470_1473544,intergenic_region,2,2
SING_I4LS,intergenic_1503307_1503369,intergenic_region,1,1
SING_I4PS,intergenic_1804429_1804488,intergenic_region,1,1
SING_I4S0,intergenic_2009799_2009929,intergenic_region,1,1
SING_I4TC,intergenic_2112701_2112825,intergenic_region,1,1
SING_I4Z4,intergenic_2465118_2465242,intergenic_region,1,1
FAM_I2787,intergenic_1921558_1921608,intergenic_region,6,6
SING_I54G,intergenic_2824340_2824694,intergenic_region,1,1
SING_I54W,intergenic_2846731_2846784,intergenic_region,1,1
SING_I57K,intergenic_3031257_3031362,intergenic_region,1,1
SING_I580,intergenic_3058988_3059908,intergenic_region,1,1
SING_I59C,intergenic_3155904_3156139,intergenic_region,1,1
SING_I5A8,intergenic_3227497_3227562,intergenic_region,1,1
SING_I5B4,intergenic_3293862_3293916,intergenic_region,1,1
SING_I5J4,intergenic_3844742_3845333,intergenic_region,1,1
SING_I5MO,intergenic_4109931_4110153,intergenic_region,1,1
SING_I5O0,intergenic_4187576_4187626,intergenic_region,1,1
FAM_I2788,intergenic_4560681_4560929,intergenic_region,6,6
FAM_I2789,intergenic_4273975_4274121,intergenic_region,2,2
SING_I5PS,intergenic_4306934_4307001,intergenic_region,1,1
SING_I5Q8,intergenic_4349975_4350371,intergenic_region,1,1
SING_I5QO,intergenic_4368365_4368571,intergenic_region,1,1
SING_I5SG,intergenic_4484604_4484694,intergenic_region,1,1
FAM_I2790,intergenic_4312992_4313349,intergenic_region,4,4
SING_I5WG,intergenic_4792036_4792267,intergenic_region,1,1
SING_I5XC,intergenic_4837684_4837796,intergenic_region,1,1
FAM_I2791,intergenic_2210712_2211001,intergenic_region,2,2
FAM_I2792,intergenic_1983843_1984255,intergenic_region,2,2
FAM_I2793,intergenic_2412177_2412226,intergenic_region,2,2
FAM_I2794,intergenic_2605955_2606110,intergenic_region,2,2
FAM_I2795,intergenic_2773468_2773667,intergenic_region,2,2
FAM_I2796,intergenic_2964588_2964713,intergenic_region,2,2
FAM_I2798,intergenic_3520353_3520404,intergenic_region,2,2
FAM_I2799,intergenic_3783259_3783423,intergenic_region,4,4
FAM_I2800,intergenic_3252670_3252910,intergenic_region,5,5
FAM_I2801,intergenic_5078591_5078858,intergenic_region,2,2
FAM_I2802,intergenic_4026315_4026526,intergenic_region,2,2
FAM_I2803,intergenic_4292933_4292990,intergenic_region,2,2
FAM_I2804,intergenic_4596320_4596582,intergenic_region,2,2
FAM_I2805,intergenic_4919608_4919729,intergenic_region,2,2
FAM_I2806,intergenic_241688_241871,intergenic_region,2,2
FAM_I2807,intergenic_302654_302753,intergenic_region,2,2
FAM_I2808,intergenic_815500_815647,intergenic_region,2,2
FAM_I2809,intergenic_912502_912561,intergenic_region,2,2
FAM_I2810,intergenic_1034931_1035204,intergenic_region,2,2
FAM_I2812,intergenic_1184728_1184947,intergenic_region,3,3
FAM_I2813,intergenic_1304623_1304954,intergenic_region,2,2
FAM_I2814,intergenic_1341916_1342060,intergenic_region,2,2
FAM_I2815,intergenic_1385728_1385839,intergenic_region,2,2
FAM_I2816,intergenic_1416546_1416613,intergenic_region,2,2
FAM_I2817,intergenic_1431488_1432080,intergenic_region,2,2
FAM_I2818,intergenic_1541601_1541766,intergenic_region,2,2
FAM_I2819,intergenic_1626407_1626727,intergenic_region,2,2
FAM_I2821,intergenic_113818_114375,intergenic_region,2,2
SING_I89C,intergenic_189600_190071,intergenic_region,1,1
SING_I8B4,intergenic_307895_308000,intergenic_region,1,1
SING_I8C0,intergenic_367862_367921,intergenic_region,1,1
FAM_I2822,intergenic_3119113_3119596,intergenic_region,3,3
FAM_I2824,intergenic_4377316_4377799,intergenic_region,2,2
SING_I8NK,intergenic_1213463_1213519,intergenic_region,1,1
SING_I8TC,intergenic_1638070_1638306,intergenic_region,1,1
SING_I8VK,intergenic_1812765_1812886,intergenic_region,1,1
FAM_I2825,intergenic_1476057_1476577,intergenic_region,2,2
FAM_I2826,intergenic_1912386_1912478,intergenic_region,2,2
SING_I8YO,intergenic_2041055_2041405,intergenic_region,1,1
SING_I8Z4,intergenic_2078254_2078340,intergenic_region,1,1
SING_I98W,intergenic_2710982_2711253,intergenic_region,1,1
FAM_I2827,intergenic_3163135_3163229,intergenic_region,2,2
SING_I9Z4,intergenic_4559828_4559877,intergenic_region,1,1
FAM_I2831,intergenic_4790779_4790910,intergenic_region,2,2
FAM_I2832,intergenic_4909668_4909797,intergenic_region,2,2
SING_IA2O,intergenic_4837772_4837825,intergenic_region,1,1
SING_IA3K,intergenic_4925852_4926158,intergenic_region,1,1
SING_IA8G,intergenic_314438_314489,intergenic_region,1,1
SING_IADS,intergenic_710310_710359,intergenic_region,1,1
SING_IAJK,intergenic_1126814_1126887,intergenic_region,1,1
FAM_I2833,intergenic_3131805_3132007,intergenic_region,6,6
SING_IAPC,intergenic_1549112_1549171,intergenic_region,1,1
SING_IB0G,intergenic_2273367_2273476,intergenic_region,1,1
FAM_I2834,intergenic_2395158_2395393,intergenic_region,2,2
FAM_I2836,intergenic_2630722_2630820,intergenic_region,2,2
FAM_I2837,intergenic_1612311_1612478,intergenic_region,6,6
FAM_I2838,intergenic_468242_468384,intergenic_region,6,11
FAM_I2839,intergenic_3849058_3849134,intergenic_region,2,2
SING_IBNK,intergenic_3879736_3879875,intergenic_region,1,1
SING_IBPS,intergenic_4012389_4012541,intergenic_region,1,1
SING_IBQ8,intergenic_4052906_4053208,intergenic_region,1,1
FAM_I2840,intergenic_4064296_4064362,intergenic_region,2,2
FAM_I2841,intergenic_878797_878962,intergenic_region,6,6
FAM_I2842,intergenic_720045_720415,intergenic_region,6,6
FAM_I2843,intergenic_687942_688034,intergenic_region,6,6
SING_I5U1,intergenic_4600265_4600411,intergenic_region,1,1
FAM_I2845,intergenic_4416293_4416440,intergenic_region,6,6
FAM_I2846,intergenic_4383621_4383883,intergenic_region,6,6
FAM_I2847,intergenic_4356412_4356469,intergenic_region,6,6
FAM_I2848,intergenic_4330239_4330501,intergenic_region,6,6
FAM_I2849,intergenic_4294140_4294480,intergenic_region,6,6
FAM_I2850,intergenic_4265730_4265781,intergenic_region,6,6
FAM_I2851,intergenic_4177129_4177357,intergenic_region,6,6
FAM_I2852,intergenic_4112756_4112966,intergenic_region,6,6
FAM_I2853,intergenic_4086850_4087001,intergenic_region,6,6
FAM_I2854,intergenic_4053758_4053868,intergenic_region,6,6
FAM_I2855,intergenic_4018761_4018854,intergenic_region,6,6
FAM_I2858,intergenic_4640307_4640941,intergenic_region,6,6
FAM_I2859,intergenic_3128312_3128410,intergenic_region,3,3
FAM_I2860,intergenic_3990788_3991152,intergenic_region,6,6
FAM_I2861,intergenic_281373_281611,intergenic_region,6,6
FAM_I2862,intergenic_297213_297499,intergenic_region,6,6
SING_I46,intergenic_280736_280828,intergenic_region,1,1
SING_I4YF,intergenic_2425644_2425841,intergenic_region,1,1
FAM_I2863,intergenic_2024905_2025185,intergenic_region,6,11
FAM_I2864,intergenic_1865739_1865871,intergenic_region,6,11
FAM_I2865,intergenic_1705089_1705142,intergenic_region,6,6
SING_I553,intergenic_2869726_2869777,intergenic_region,1,1
SING_I57R,intergenic_3041552_3041690,intergenic_region,1,1
SING_I587,intergenic_3065068_3065203,intergenic_region,1,1
SING_I5BB,intergenic_3303690_3303814,intergenic_region,1,1
SING_I5DJ,intergenic_3472415_3472473,intergenic_region,1,1
FAM_I2866,intergenic_3563904_3563977,intergenic_region,2,2
SING_I5FB,intergenic_3594690_3594841,intergenic_region,1,1
FAM_I2867,intergenic_437981_438139,intergenic_region,6,6
SING_I5JR,intergenic_3875522_3875749,intergenic_region,1,1
FAM_I2868,intergenic_4018509_4018916,intergenic_region,1,2
SING_I5ON,intergenic_4237567_4237618,intergenic_region,1,1
SING_I5P3,intergenic_4265319_4265940,intergenic_region,1,1
SING_I5PZ,intergenic_4329581_4330260,intergenic_region,1,1
SING_I5QF,intergenic_4359243_4359306,intergenic_region,1,1
FAM_I2869,intergenic_4379244_4379460,intergenic_region,2,2
SING_I5RB,intergenic_4411070_4411125,intergenic_region,1,1
SING_I5TZ,intergenic_4595963_4596061,intergenic_region,1,1
SING_I5UF,intergenic_4633436_4633646,intergenic_region,1,1
FAM_I2870,intergenic_4252284_4252505,intergenic_region,6,6
SING_I4YH,intergenic_2427930_2427983,intergenic_region,1,1
FAM_I2872,intergenic_2445420_2445594,intergenic_region,1,3
FAM_I2873,intergenic_1735333_1735423,intergenic_region,6,6
SING_I555,intergenic_2877804_2877932,intergenic_region,1,1
SING_I57T,intergenic_3046684_3046767,intergenic_region,1,1
SING_I589,intergenic_3068658_3068758,intergenic_region,1,1
SING_I5AX,intergenic_3277147_3277200,intergenic_region,1,1
FAM_I2874,intergenic_3307558_3307661,intergenic_region,2,3
SING_I5DL,intergenic_3473196_3473259,intergenic_region,1,1
FAM_I2875,intergenic_635543_635769,intergenic_region,6,6
FAM_I2876,intergenic_3956593_3956645,intergenic_region,2,2
FAM_I2877,intergenic_4127464_4127591,intergenic_region,2,2
SING_I5OP,intergenic_4241419_4241742,intergenic_region,1,1
FAM_I2878,intergenic_4268691_4268928,intergenic_region,2,2
SING_I5PL,intergenic_4288485_4289003,intergenic_region,1,1
SING_I5Q1,intergenic_4331105_4331804,intergenic_region,1,1
SING_I5QH,intergenic_4364295_4364745,intergenic_region,1,1
SING_I5QX,intergenic_4381882_4381989,intergenic_region,1,1
SING_I5VD,intergenic_4692406_4692464,intergenic_region,1,1
SING_I5YH,intergenic_4924004_4924414,intergenic_region,1,1
SING_I49,intergenic_289163_289300,intergenic_region,1,1
FAM_I2880,intergenic_3372816_3373163,intergenic_region,3,3
FAM_I2881,intergenic_1704533_1704809,intergenic_region,6,6
FAM_I2882,intergenic_2442034_2442317,intergenic_region,2,2
FAM_I2883,intergenic_3037459_3037591,intergenic_region,6,6
SING_I121,intergenic_2558680_2558857,intergenic_region,1,1
SING_I155,intergenic_2784430_2784528,intergenic_region,1,1
FAM_I2884,intergenic_1844172_1844439,intergenic_region,6,6
FAM_I2885,intergenic_3653163_3653960,intergenic_region,6,6
SING_I9Z2,intergenic_4555336_4555872,intergenic_region,1,1
SING_IA5A,intergenic_93648_93700,intergenic_region,1,1
FAM_I2886,intergenic_3058411_3058665,intergenic_region,6,6
FAM_I2887,intergenic_2931811_2931864,intergenic_region,2,2
FAM_I2888,intergenic_2861235_2861429,intergenic_region,3,3
SING_IAJI,intergenic_1125960_1126050,intergenic_region,1,1
FAM_I2889,intergenic_2624197_2624515,intergenic_region,6,6
SING_IAUM,intergenic_1938588_1938639,intergenic_region,1,1
FAM_I2890,intergenic_2199144_2199212,intergenic_region,2,2
FAM_I2891,intergenic_2251999_2252599,intergenic_region,2,2
FAM_I2892,intergenic_3071245_3071458,intergenic_region,6,22
FAM_I2893,intergenic_196068_196216,intergenic_region,6,6
SING_I4F,intergenic_295580_295695,intergenic_region,1,1
SING_IHB,intergenic_1198229_1198694,intergenic_region,1,1
FAM_I2896,intergenic_2662601_2662684,intergenic_region,2,2
FAM_I2897,intergenic_5391354_5391648,intergenic_region,4,4
FAM_I2898,intergenic_2198988_2199047,intergenic_region,2,2
SING_I9A0,intergenic_2776135_2776679,intergenic_region,1,1
SING_I9AG,intergenic_2807553_2807607,intergenic_region,1,1
SING_I9EW,intergenic_3115952_3116009,intergenic_region,1,1
FAM_I2899,intergenic_1023218_1023276,intergenic_region,6,6
SING_I9P4,intergenic_3860138_3860198,intergenic_region,1,1
FAM_I2900,intergenic_149602_149714,intergenic_region,4,4
FAM_I2901,intergenic_3717207_3717309,intergenic_region,6,6
FAM_I2902,intergenic_3469854_3470144,intergenic_region,3,3
FAM_T1,tRNA-Arg-TCG,tRNA-Arg,2,2
FAM_T2,tRNA-Cys-GCA,tRNA-Cys,3,3
FAM_T3,tRNA-Undet-NNN,tRNA-Undet,6,6
SING_T4A,tRNA-Undet-NNN,tRNA-Undet,1,1
FAM_T4,tRNA-Pro-TGG,tRNA-Pro,2,2
FAM_T5,tRNA-Arg-TCG,tRNA-Arg,2,2
SING_TBF,tRNA-Asn-GTT,tRNA-Asn,1,1
SING_TBG,tRNA-Thr-TGT,tRNA-Thr,1,1
FAM_T6,tRNA-Pro-GGG,tRNA-Pro,3,3
SING_T8I,tRNA-Undet-NNN,tRNA-Undet,1,1
FAM_T7,tRNA-Thr-GGT,tRNA-Thr,6,6
FAM_T8,tRNA-Arg-CCT,tRNA-Arg,3,3
FAM_T9,tRNA-Val-TAC,tRNA-Val,3,15
FAM_T10,tRNA-Leu-GAG,tRNA-Leu,6,6
FAM_T11,tRNA-Thr-TGT,tRNA-Thr,3,3
FAM_T12,tRNA-Ser-CGA,tRNA-Ser,3,3
FAM_T13,tRNA-Gly-TCC,tRNA-Gly,3,3
FAM_T14,tRNA-Ile-GAT,tRNA-Ile,6,9
FAM_T15,tRNA-Arg-ACG,tRNA-Arg,3,12
FAM_T16,tRNA-Lys-TTT,tRNA-Lys,3,16
FAM_T17,tRNA-Ile2-CAT,tRNA-Ile2,5,5
FAM_T18,tRNA-Gly-CCC,tRNA-Gly,3,3
FAM_T19,tRNA-Gln-TTG,tRNA-Gln,3,12
FAM_T20,tRNA-Gln-TTG,tRNA-Gln,3,12
FAM_T21,tRNA-Thr-CGT,tRNA-Thr,3,3
FAM_T22,tRNA-Val-GAC,tRNA-Val,3,6
FAM_T23,tRNA-Tyr-GTA,tRNA-Tyr,6,9
FAM_T24,tRNA-Tyr-GTA,tRNA-Tyr,6,9
FAM_T25,tRNA-Ile2-CAT,tRNA-Ile2,3,6
FAM_T26,tRNA-Gly-GCC,tRNA-Gly,6,12
FAM_T27,tRNA-fMet-CAT,tRNA-fMet,6,12
FAM_T28,tRNA-Ile-GAT,tRNA-Ile,6,9
FAM_T29,tRNA-Ala-TGC,tRNA-Ala,6,15
FAM_T30,tRNA-Glu-TTC,tRNA-Glu,6,12
FAM_T31,tRNA-Arg-TCT,tRNA-Arg,3,3
FAM_T32,tRNA-Gly-TCC,tRNA-Gly,3,3
FAM_T33,tRNA-Arg-TCG,tRNA-Arg,2,4
FAM_T34,tRNA-Phe-GAA,tRNA-Phe,6,6
FAM_T35,tRNA-Ser-GGA,tRNA-Ser,6,11
FAM_T36,tRNA-Ala-TGC,tRNA-Ala,6,15
FAM_T37,tRNA-Asp-GTC,tRNA-Asp,3,9
FAM_T38,tRNA-Met-CAT,tRNA-Met,3,6
FAM_T39,tRNA-Met-CAT,tRNA-Met,3,6
FAM_T40,tRNA-Lys-TTT,tRNA-Lys,3,18
FAM_T41,tRNA-Asn-GTT,tRNA-Asn,6,13
FAM_T42,tRNA-Thr-GGT,tRNA-Thr,6,6
FAM_T43,tRNA-Ser-TGA,tRNA-Ser,6,6
FAM_T44,tRNA-Arg-TCT,tRNA-Arg,3,6
FAM_T45,tRNA-Ile2-CAT,tRNA-Ile2,6,6
FAM_T46,tRNA-Asp-GTC,tRNA-Asp,3,9
FAM_T47,tRNA-Trp-CCA,tRNA-Trp,3,3
FAM_T48,tRNA-Val-TAC,tRNA-Val,3,15
FAM_T49,tRNA-SeC-TCA,tRNA-SeC,6,6
FAM_T50,tRNA-Thr-CGT,tRNA-Thr,3,3
FAM_T51,tRNA-Arg-CCG,tRNA-Arg,3,3
FAM_T52,tRNA-Gly-GCC,tRNA-Gly,6,12
SING_TDH,tRNA-Asn-GTT,tRNA-Asn,1,1
SING_T6,tRNA-Thr-CGT,tRNA-Thr,1,1
FAM_T53,tRNA-His-GTG,tRNA-His,3,3
FAM_T54,tRNA-Glu-TTC,tRNA-Glu,6,12
FAM_T55,tRNA-Pro-CGG,tRNA-Pro,3,3
FAM_T56,tRNA-Pro-GGG,tRNA-Pro,3,3
FAM_T57,tRNA-Ser-TGA,tRNA-Ser,2,2
SING_T66,tRNA-Ser-GGA,tRNA-Ser,1,1
FAM_T58,tRNA-Undet-NNN,tRNA-Undet,2,2
FAM_T59,tRNA-Ser-CGA,tRNA-Ser,3,3
FAM_T60,tRNA-Cys-GCA,tRNA-Cys,3,3
SING_TDI,tRNA-Tyr-GTA,tRNA-Tyr,1,1
FAM_T61,tRNA-Arg-TCT,tRNA-Arg,3,3
FAM_T62,tRNA-Ile2-CAT,tRNA-Ile2,2,9
FAM_T63,tRNA-Arg-CCT,tRNA-Arg,3,3
FAM_T64,tRNA-Leu-TAG,tRNA-Leu,6,6
FAM_T65,tRNA-Leu-TAA,tRNA-Leu,6,6
SING_TDJ,tRNA-Thr-TGT,tRNA-Thr,1,1
FAM_T66,tRNA-Pro-TGG,tRNA-Pro,3,3
FAM_T67,tRNA-Leu-CAA,tRNA-Leu,6,6
SING_TDK,tRNA-Ser-TGA,tRNA-Ser,1,1
FAM_T68,tRNA-Asn-GTT,tRNA-Asn,6,11
FAM_T69,tRNA-Arg-TCT,tRNA-Arg,2,9
FAM_T70,tRNA-Phe-GAA,tRNA-Phe,6,6
SING_T7E,tRNA-Arg-TCT,tRNA-Arg,1,1
FAM_T71,tRNA-fMet-CAT,tRNA-fMet,6,12
FAM_T72,tRNA-Undet-NNN,tRNA-Undet,3,3
FAM_T73,tRNA-Thr-TGT,tRNA-Thr,3,3
FAM_T74,tRNA-Gly-CCC,tRNA-Gly,3,3
FAM_T75,tRNA-Trp-CCA,tRNA-Trp,3,3
SING_T7G,tRNA-Arg-TCG,tRNA-Arg,1,1
FAM_T76,tRNA-Ser-GCT,tRNA-Ser,6,6
FAM_T77,tRNA-Arg-CCG,tRNA-Arg,3,3
FAM_T78,tRNA-Leu-CAG,tRNA-Leu,6,22
FAM_T79,tRNA-Arg-ACG,tRNA-Arg,3,11
FAM_T80,tRNA-His-GTG,tRNA-His,3,3
FAM_T81,tRNA-Val-GAC,tRNA-Val,3,6
FAM_T82,tRNA-Pro-CGG,tRNA-Pro,3,3
FAM_T83,tRNA-Undet-NNN,tRNA-Undet,2,2
FAM_T84,tRNA-Pro-TGG,tRNA-Pro,3,3
FAM_R1,16S_rRNA,16S ribosomal RNA,6,42
FAM_R2,5S_rRNA,5S ribosomal RNA,6,48
FAM_R3,23S_rRNA,23S ribosomal RNA,6,42
FAM_C1,crispr_spacer_1,CRISPR_spacer,1,1
SING_C13,crispr_spacer_1,CRISPR_spacer,1,1
SING_C14,crispr_spacer_2,CRISPR_spacer,1,1
SING_C15,crispr_spacer_3,CRISPR_spacer,1,1
SING_C16,crispr_spacer_4,CRISPR_spacer,1,1
SING_C17,crispr_spacer_5,CRISPR_spacer,1,1
SING_C18,crispr_spacer_6,CRISPR_spacer,1,1
SING_C19,crispr_spacer_7,CRISPR_spacer,1,1
SING_C1A,crispr_spacer_8,CRISPR_spacer,1,1
SING_C1B,crispr_spacer_9,CRISPR_spacer,1,1
SING_C1C,crispr_spacer_10,CRISPR_spacer,1,1
SING_C1D,crispr_spacer_11,CRISPR_spacer,1,1
SING_C1E,crispr_spacer_12,CRISPR_spacer,1,1
SING_C1F,crispr_spacer_13,CRISPR_spacer,1,1
SING_C1G,crispr_spacer_14,CRISPR_spacer,1,1
SING_C1H,crispr_spacer_15,CRISPR_spacer,1,1
SING_C1I,crispr_spacer_16,CRISPR_spacer,1,1
SING_C1J,crispr_spacer_17,CRISPR_spacer,1,1
SING_C1K,crispr_spacer_18,CRISPR_spacer,1,1
SING_C1L,crispr_spacer_19,CRISPR_spacer,1,1
SING_C1M,crispr_spacer_20,CRISPR_spacer,1,1
SING_C1N,crispr_spacer_21,CRISPR_spacer,1,1
SING_C1O,crispr_spacer_22,CRISPR_spacer,1,1
SING_C1P,crispr_spacer_23,CRISPR_spacer,1,1
SING_C1Q,crispr_spacer_24,CRISPR_spacer,1,1
SING_C1R,crispr_spacer_25,CRISPR_spacer,1,1
SING_C1S,crispr_spacer_26,CRISPR_spacer,1,1
SING_C1T,crispr_spacer_27,CRISPR_spacer,1,1
SING_C1U,crispr_spacer_28,CRISPR_spacer,1,1
SING_C1V,crispr_spacer_29,CRISPR_spacer,1,1
SING_C1W,crispr_spacer_30,CRISPR_spacer,1,1
SING_C1X,crispr_spacer_31,CRISPR_spacer,1,1
SING_C1Y,crispr_spacer_32,CRISPR_spacer,1,1
SING_C1Z,crispr_spacer_33,CRISPR_spacer,1,1
SING_C2,crispr_spacer_2,CRISPR_spacer,1,1
SING_C20,crispr_spacer_34,CRISPR_spacer,1,1
SING_C21,crispr_spacer_1,CRISPR_spacer,1,1
SING_C22,crispr_spacer_2,CRISPR_spacer,1,1
SING_C23,crispr_spacer_3,CRISPR_spacer,1,1
SING_C24,crispr_spacer_4,CRISPR_spacer,1,1
SING_C25,crispr_spacer_5,CRISPR_spacer,1,1
SING_C26,crispr_spacer_6,CRISPR_spacer,1,1
SING_C27,crispr_spacer_7,CRISPR_spacer,1,1
SING_C28,crispr_spacer_8,CRISPR_spacer,1,1
SING_C29,crispr_spacer_9,CRISPR_spacer,1,1
SING_C2A,crispr_spacer_10,CRISPR_spacer,1,1
SING_C2B,crispr_spacer_11,CRISPR_spacer,1,1
SING_C2C,crispr_spacer_12,CRISPR_spacer,1,1
SING_C2D,crispr_spacer_13,CRISPR_spacer,1,1
SING_C2E,crispr_spacer_14,CRISPR_spacer,1,1
SING_C2F,crispr_spacer_15,CRISPR_spacer,1,1
SING_C3,crispr_spacer_3,CRISPR_spacer,1,1
SING_C4,crispr_spacer_4,CRISPR_spacer,1,1
SING_C5,crispr_spacer_5,CRISPR_spacer,1,1
SING_C6,crispr_spacer_6,CRISPR_spacer,1,1
SING_C7,crispr_spacer_7,CRISPR_spacer,1,1
SING_C8,crispr_spacer_8,CRISPR_spacer,1,1
SING_C9,crispr_spacer_9,CRISPR_spacer,1,1
SING_CA,crispr_spacer_10,CRISPR_spacer,1,1
SING_CB,crispr_spacer_11,CRISPR_spacer,1,1
SING_CC,crispr_spacer_12,CRISPR_spacer,1,1
SING_CD,crispr_spacer_13,CRISPR_spacer,1,1
SING_CE,crispr_spacer_14,CRISPR_spacer,1,1
SING_CF,crispr_spacer_15,CRISPR_spacer,1,1
SING_CG,crispr_spacer_16,CRISPR_spacer,1,1
SING_CH,crispr_spacer_17,CRISPR_spacer,1,1
SING_CI,crispr_spacer_18,CRISPR_spacer,1,1
SING_CM,crispr_spacer_1,CRISPR_spacer,1,1
SING_CN,crispr_spacer_2,CRISPR_spacer,1,1
SING_CO,crispr_spacer_3,CRISPR_spacer,1,1
SING_CP,crispr_spacer_4,CRISPR_spacer,1,1
SING_CQ,crispr_spacer_5,CRISPR_spacer,1,1
SING_CR,crispr_spacer_6,CRISPR_spacer,1,1
SING_CS,crispr_spacer_7,CRISPR_spacer,1,1
SING_CT,crispr_spacer_8,CRISPR_spacer,1,1
SING_CU,crispr_spacer_9,CRISPR_spacer,1,1
SING_CV,crispr_spacer_10,CRISPR_spacer,1,1
SING_CW,crispr_spacer_11,CRISPR_spacer,1,1
SING_CX,crispr_spacer_12,CRISPR_spacer,1,1
SING_CY,crispr_spacer_13,CRISPR_spacer,1,1
SING_CZ,crispr_spacer_14,CRISPR_spacer,1,1
SING_CJ,crispr_spacer_1,CRISPR_spacer,1,1
SING_CK,crispr_spacer_2,CRISPR_spacer,1,1
SING_C10,crispr_spacer_1,CRISPR_spacer,1,1
SING_CL,crispr_spacer_3,CRISPR_spacer,1,1
SING_C11,crispr_spacer_2,CRISPR_spacer,1,1
SING_C12,crispr_spacer_3,CRISPR_spacer,1,1
