I12P	I12P
I12P	I4JP_RC
I12P	I8PX_RC
I12P	I37S
I12P	IALM_RC
I12P	I6KF
I1OX	I1OX
I1OX	I784
I1OX	I5VB_RC
I1OX	I9ZD_RC
I1OX	I3V4
I1OX	IBUO_RC
I1OX	I1OX_RC
I1OX	I784_RC
I1OX	I5VB
I1OX	I9ZD
I1OX	IBUO
I1OX	I3V4_RC
I3S1	I3S1
I3S1	I1LW
I3S1	I751
I3S1	IBXO_RC
I3S1	I5YM_RC
I3S1	I807
I3S1	I2H4
I3S1	I9BW_RC
I3S1	IB7G_RC
I3S1	IGV
I3S1	I567_RC
I3S1	I8JR_RC
I3S1	I4CY_RC
I3S1	IYI
I3S1	I6GK
I3S1	IAPM_RC
I3S1	I33X
I3S1	I4NX_RC
I3S1	I8TP_RC
I4R5	I4R5
I4R5	I8XD
I4SX	I4SX
I4SX	IATT
I4SX	I2Y9_RC
I4SX	IUC_RC
I4SX	I6AW_RC
I4SX	I8YI
I4SX	I2Y9
I4SX	I4SX_RC
I4SX	IATT_RC
I4SX	IUC
I4SX	I6AW
I4SX	I8YI_RC
I4Y9	I4Y9
I4Y9	I2QP_RC
I4Y9	I61F
I4Y9	IO4_RC
I4Y9	I947
I4Y9	IB09
I4Y9	I2QP
I4Y9	I4Y9_RC
I4Y9	I61F_RC
I4Y9	IO4
I4Y9	I947_RC
I4Y9	IB09_RC
I5GH	I5GH
I5GH	I75_RC
I5GH	I236_RC
I5GH	IBHL
I5GH	I9M8
I5GH	I7M8_RC
I5GH	I75
I5GH	I5GH_RC
I5GH	I236
I5GH	IBHL_RC
I5GH	I7M8
I5GH	I9M8_RC
I5GX	I5GX
I5GX	I6P_RC
I5GX	I22Q_RC
I5GX	IBI1
I5GX	I9MO
I5GX	I7LS_RC
I5GX	I6P
I5GX	I5GX_RC
I5GX	I22Q
I5GX	IBI1_RC
I5GX	I7LS
I5GX	I9MO_RC
I5LT	I5LT
I5LT	I1D_RC
I5LT	IBML
I5LT	I7FX_RC
I5LT	I1WV_RC
I5LT	I9RK
I5LT	I1D
I5LT	I5LT_RC
I5LT	I7FX
I5LT	IBML_RC
I5LT	I1WV
I5LT	I9RK_RC
I5M9	I5M9
I5OX	I5OX
I5OX	I40H_RC
I5OX	I7D2_RC
I5OX	I9UG
I5OX	IBP7
I5OX	I1U3_RC
I5OX	I40H
I5OX	I5OX_RC
I5OX	I7D2
I5OX	I9UG_RC
I5OX	I1U3
I5OX	IBP7_RC
I6LD	I6LD
I6LD	I4IP_RC
I6LD	I13M
I6LD	IAKP_RC
I6LD	I38Q
I6LD	I8OW_RC
I6LD	I4IP
I6LD	I6LD_RC
I6LD	I13M_RC
I6LD	IAKP
I6LD	I38Q_RC
I6LD	I8OW
I6O1	I6O1
I6O1	I4G1_RC
I6O1	IAID_RC
I6O1	I8MG_RC
I6O1	I3BE
I6O1	I163
I6O1	I4G1
I6O1	I6O1_RC
I6O1	IAID
I6O1	I8MG
I6O1	I3BE_RC
I6O1	I163_RC
I6S1	I6S1
I6S1	I4C1_RC
I6S1	I1A0
I6S1	I3FE
I6S1	I8I2_RC
I6S1	IAEL_RC
I6S1	I4C1
I6S1	I6S1_RC
I6S1	I1A0_RC
I6S1	I8I2
I6S1	I3FE_RC
I6S1	IAEL
I7EP	I7EP
I7EP	I5N5_RC
I7EP	I1VN
I7EP	I5
I7EP	IBNU_RC
I7EP	I9SV_RC
I7EP	I5N5
I7EP	I7EP_RC
I7EP	I1VN_RC
I7EP	I5_RC
I7EP	IBNU
I7EP	I9SV
I7KH	I7KH
I7KH	I21F
I7KH	I9NV_RC
I7KH	I5I1_RC
I83L	I83L
I83L	I535_RC
I83L	I2KI
I83L	IB4Z_RC
I83L	IJ8
I83L	I994_RC
I83L	I535
I83L	I83L_RC
I83L	I2KI_RC
I83L	IB4Z
I83L	IJ8_RC
I83L	I994
I881	I881
I881	I71T_RC
I881	I3OT_RC
I881	I42O
I881	IA4W
I881	I1JK_RC
I881	I71T
I881	I881_RC
I881	I3OT
I881	I1JK
I881	I42O_RC
I881	IA4W_RC
I8B5	I8B5
I8B5	I3MB_RC
I8B5	I1H3_RC
I8B5	I6ZD_RC
I8B5	IA7E
I8CH	I8CH
I8CH	I1FL_RC
I8CH	IA8Z
I8CH	I6XV_RC
I8CH	I46J
I8CH	I3KT_RC
I8CH	I1FL
I8CH	I8CH_RC
I8CH	I6XV
I8CH	IA8Z_RC
I8CH	I46J_RC
I8CH	I3KT
I8HD	I8HD
I8HD	I8HD_RC
I8HD	I6SM
I8HD	I6SM_RC
I8HD	I4BC
I8HD	I4BC_RC
I8HD	I3FZ
I8HD	I3FZ_RC
I8O1	I8O1
I8O1	I14H_RC
I8O1	I39J_RC
I8O1	IAJU
I8O1	I6M6_RC
I8O1	I4HR
I8O1	I14H
I8O1	I8O1_RC
I8O1	I39J
I8O1	IAJU_RC
I8O1	I6M6
I8O1	I4HR_RC
I929	I929
I929	I2U9_RC
I929	I66V_RC
I929	I4WD
I929	IAXP
I929	IQN_RC
I929	I2U9
I929	I929_RC
I929	I66V
I929	I4WD_RC
I929	IAXP_RC
I929	IQN
I9G1	I9G1
I9G1	I7SH_RC
I9G1	I29E_RC
I9G1	ID2_RC
I9G1	IBBU
I9G1	I5BF
I9G1	I7SH
I9G1	I9G1_RC
I9G1	I29E
I9G1	ID2
I9G1	IBBU_RC
I9G1	I5BF_RC
I9LT	I9LT
I9LT	I5G2
I9LT	I7MM_RC
I9LT	I23K_RC
I9LT	IBH6_RC
I9LT	I9V2_RC
I9LT	I7K
I9LT	I9LT_RC
I9LT	I5G2_RC
I9LT	I7MM
I9LT	I23K
I9LT	IBWU_RC
I9LT	I1MQ
I9LT	I7K_RC
I9LT	IBH6
I9M9	I9M9
I9M9	I235_RC
I9M9	I5GI
I9M9	IBHM
I9M9	I7M7_RC
I9M9	I74_RC
I9M9	I235
I9M9	I9M9_RC
I9M9	I5GI_RC
I9M9	IBHM_RC
I9M9	I7M7
I9M9	I74
I9SH	I9SH
I9SH	IH_RC
I9SH	I5MR
I9SH	IBNG
I9SH	I7F2_RC
I9SH	I1W0_RC
I9SH	IH
I9SH	I9SH_RC
I9SH	I5MR_RC
I9SH	IBNG_RC
I9SH	I7F2
I9SH	I1W0
IA69	IA69
IA69	I1I9_RC
IA69	I70K_RC
IA69	I43W
IA69	I89R
IA69	I3NK_RC
IA69	I1I9
IA69	IA69_RC
IA69	I70K
IA69	I43W_RC
IA69	I89R_RC
IA69	I3NK
IAM9	IAM9
IAM9	I375_RC
IAM9	I11V_RC
IAM9	I6JS_RC
IAM9	I4KB
IAM9	I8QK
IAM9	I375
IAM9	IAM9_RC
IAM9	I11V
IAM9	I6JS
IAM9	I4KB_RC
IAM9	I8QK_RC
IAOX	IAOX
IAOX	I6HD_RC
IAOX	I8SY
IAOX	IZ6_RC
IAOX	I4N9
IAOX	I34Q_RC
IAOX	I6HD
IAOX	IAOX_RC
IAOX	IZ6
IAOX	I8SY_RC
IAOX	I4N9_RC
IAOX	I34Q
IB8X	IB8X
IB8X	I9DE
IB8X	I58O
IB8X	IFE_RC
IBDD	IBDD
IBDD	I5CX
IBDD	I7Q9_RC
IBDD	I276_RC
IBDD	I9HN
IBDD	IBJ_RC
IBDD	I7Q9
IBDD	I5CX_RC
IBDD	IBDD_RC
IBDD	I276
IBDD	I9HN_RC
IBDD	IBJ
IBE9	IBE9
IBE9	I7PD_RC
IBE9	I26A_RC
IBE9	I5DO
IBE9	I9IL
IBE9	IAM_RC
IBE9	I7PD
IBE9	IBE9_RC
IBE9	I26A
IBE9	I5DO_RC
IBE9	I9IL_RC
IBE9	IAM
IBEP	IBEP
IBEP	I25T_RC
IBEP	I5DZ
IBEP	I9J1
IBEP	IA6_RC
IBEP	I7OW_RC
IBEP	I25T
IBEP	IBEP_RC
IBEP	I5DZ_RC
IBEP	I9J1_RC
IBEP	IA6
IBEP	I7OW
IBF5	IBF5
IBF5	I7OH_RC
IBF5	I25E_RC
IBF5	I5ED
IBF5	I9JF
IBF5	I9R_RC
IBF5	I7OH
IBF5	IBF5_RC
IBF5	I25E
IBF5	I5ED_RC
IBF5	I9JF_RC
IBF5	I9R
IBQP	IBQP
IBQP	I1SX_RC
IBQP	I3ZL_RC
IBQP	I7C6_RC
IBQP	I9VC
IBQP	I1SX
IBQP	I3ZL
IBQP	IBQP_RC
IBQP	I7C6
IBQP	I9VC_RC
IBSH	IBSH
IBSH	I1R5_RC
IBSH	I7AC_RC
IBSH	I5T2
IBSH	I9X2
IBSH	I3XR_RC
IBSH	I1R5
IBSH	IBSH_RC
IBSH	I7AC
IBSH	I5T2_RC
IBSH	I9X2_RC
IBSH	I3XR
IBSX	IBSX
IBSX	I1QP_RC
IBSX	I5TG
IBSX	I9XG
IBSX	I79W_RC
IBSX	I3XB_RC
IBSX	I1QP
IBSX	IBSX_RC
IBSX	I79W
IBSX	I5TG_RC
IBSX	I9XG_RC
IBSX	I3XB
IX_RC	IX_RC
IX_RC	I9S1
IX_RC	IBN1
IX_RC	I7FH_RC
IX_RC	I1WF_RC
IX_RC	IX
IX_RC	I9S1_RC
IX_RC	I7FH
IX_RC	IBN1_RC
IX_RC	I1WF
I1T_RC	I1T_RC
I1T_RC	IBM5
I1T_RC	I7GD_RC
I1T_RC	I5LA
I1T_RC	I1XB_RC
I1T_RC	I9R4
I1T_RC	I1T
I1T_RC	I7GD
I1T_RC	IBM5_RC
I1T_RC	I5LA_RC
I1T_RC	I1XB
I1T_RC	I9R4_RC
I29_RC	I29_RC
I29_RC	I9QL
I29_RC	IBLP
I29_RC	I7GT_RC
I29_RC	I5KV
I29_RC	I1XR_RC
I29_RC	I29
I29_RC	I7GT
I29_RC	I9QL_RC
I29_RC	IBLP_RC
I29_RC	I1XR
I29_RC	I5KV_RC
I35_RC	I35_RC
I35_RC	I9PO
I35_RC	IBKT
I35_RC	I7HQ_RC
I35_RC	I5K0
I35_RC	I1YO_RC
I35_RC	I35
I35_RC	I9PO_RC
I35_RC	IBKT_RC
I35_RC	I7HQ
I35_RC	I1YO
I35_RC	I5K0_RC
I3L_RC	I3L_RC
I3L_RC	I7IG_RC
I3L_RC	I5JE
I3L_RC	I1ZE_RC
I3L_RC	IBKE
I3L_RC	I3L
I3L_RC	I7IG
I3L_RC	I1ZE
I3L_RC	I5JE_RC
I3L_RC	IBKE_RC
I5T_RC	I5T_RC
I5T_RC	I9NL
I5T_RC	IBIW
I5T_RC	I7KT_RC
I5T_RC	I21R_RC
I5T_RC	I5HS
I5T_RC	I5T
I5T_RC	I9NL_RC
I5T_RC	IBIW_RC
I5T_RC	I7KT
I5T_RC	I21R
I5T_RC	I5HS_RC
I69_RC	I69_RC
I69_RC	IBIH
I69_RC	I7L9_RC
I69_RC	I227_RC
I69_RC	I5HC
I69_RC	I9N4
I69_RC	I69
I69_RC	IBIH_RC
I69_RC	I7L9
I69_RC	I227
I69_RC	I5HC_RC
I69_RC	I9N4_RC
I7L_RC	I7L_RC
I7L_RC	I5G1
I7L_RC	I23L_RC
I7L_RC	IBH5
I7L_RC	I7MN_RC
I7L_RC	I9LS
I7L_RC	I7L
I7L_RC	I23L
I7L_RC	I5G1_RC
I7L_RC	IBH5_RC
I7L_RC	I7MN
I7L_RC	I9LS_RC
I81_RC	I81_RC
I81_RC	I7N7_RC
I81_RC	I245_RC
I81_RC	IBGP
I81_RC	I9LA
I81_RC	I5FK
I81_RC	I81
I81_RC	I7N7
I81_RC	I245
I81_RC	IBGP_RC
I81_RC	I9LA_RC
I81_RC	I5FK_RC
I8H_RC	I8H_RC
I8H_RC	I9KU
I8H_RC	I8H
I8H_RC	I9KU_RC
I8X_RC	I8X_RC
I8X_RC	I9K9
I8X_RC	IBFZ
I8X_RC	I8X
I8X_RC	I9K9_RC
I8X_RC	IBFZ_RC
I9D_RC	I9D_RC
I9D_RC	I5ER
I9D_RC	I7O3_RC
I9D_RC	I250_RC
I9D_RC	I9JS
I9D_RC	IBFJ
I9D_RC	I9D
I9D_RC	I7O3
I9D_RC	I5ER_RC
I9D_RC	I250
I9D_RC	I9JS_RC
I9D_RC	IBFJ_RC
I9T_RC	I9T_RC
I9T_RC	I5EB
I9T_RC	I7OJ_RC
I9T_RC	I25G_RC
I9T_RC	IBF3
I9T_RC	I9T
I9T_RC	I7OJ
I9T_RC	I5EB_RC
I9T_RC	I25G
I9T_RC	IBF3_RC
IBL_RC	IBL_RC
IBL_RC	I7QB_RC
IBL_RC	I278_RC
IBL_RC	I9HL
IBL_RC	I5CV
IBL_RC	IBDB
IBL_RC	IBL
IBL_RC	I7QB
IBL_RC	I278
IBL_RC	I9HL_RC
IBL_RC	I5CV_RC
IBL_RC	IBDB_RC
IC1_RC	IC1_RC
IC1_RC	I7RC_RC
IC1_RC	I9H5
IC1_RC	I289_RC
IC1_RC	I5CF
IC1_RC	IBCV
IC1_RC	IC1
IC1_RC	I7RC
IC1_RC	I289
IC1_RC	I9H5_RC
IC1_RC	I5CF_RC
IC1_RC	IBCV_RC
ICH_RC	ICH_RC
ICH_RC	I9GP
ICH_RC	I7RT_RC
ICH_RC	I28Q_RC
ICH_RC	I5BZ
ICH_RC	IBCF
ICH_RC	ICH
ICH_RC	I7RT
ICH_RC	I9GP_RC
ICH_RC	I28Q
ICH_RC	I5BZ_RC
ICH_RC	IBCF_RC
ICX_RC	ICX_RC
ICX_RC	I9G6
ICX_RC	I7SC_RC
ICX_RC	I299_RC
ICX_RC	IBBZ
ICX_RC	I5BK
ICX_RC	ICX
ICX_RC	I9G6_RC
ICX_RC	I7SC
ICX_RC	I299
ICX_RC	IBBZ_RC
ICX_RC	I5BK_RC
IDT_RC	IDT_RC
IDT_RC	I9F9
IDT_RC	I5A2
IDT_RC	IBAJ
IDT_RC	I7TB_RC
IDT_RC	I2A8_RC
IDT_RC	IDT
IDT_RC	I9F9_RC
IDT_RC	I5A2_RC
IDT_RC	IBAJ_RC
IDT_RC	I7TB
IDT_RC	I2A8
IE9_RC	IE9_RC
IE9_RC	I9EG
IE9_RC	IBA2
IE9_RC	I59O
IE9_RC	I7TQ_RC
IE9_RC	I2AN_RC
IE9_RC	IE9
IE9_RC	I9EG_RC
IE9_RC	IBA2_RC
IE9_RC	I59O_RC
IE9_RC	I7TQ
IE9_RC	I2AN
IG1_RC	IG1_RC
IG1_RC	I7ZD_RC
IG1_RC	IB8A
IG1_RC	I2GA_RC
IG1_RC	I9CS
IG1_RC	I571
IG1_RC	IG1
IG1_RC	I7ZD
IG1_RC	I2GA
IG1_RC	IB8A_RC
IG1_RC	I9CS_RC
IG1_RC	I571_RC
IGH_RC	IGH_RC
IGH_RC	I7ZT_RC
IGH_RC	IB7U
IGH_RC	I2GQ_RC
IGH_RC	I9CC
IGH_RC	I56L
IGH_RC	IGH
IGH_RC	I7ZT
IGH_RC	I2GQ
IGH_RC	IB7U_RC
IGH_RC	I9CC_RC
IGH_RC	I56L_RC
IGX_RC	IGX_RC
IGX_RC	I809_RC
IGX_RC	I9BU
IGX_RC	IB7E
IGX_RC	I2H6_RC
IGX_RC	I565
IGX_RC	IGX
IGX_RC	I809
IGX_RC	I2H6
IGX_RC	I9BU_RC
IGX_RC	IB7E_RC
IGX_RC	I565_RC
IHT_RC	IHT_RC
IHT_RC	I9B6
IHT_RC	I82A_RC
IHT_RC	I2J7_RC
IHT_RC	IB6D
IHT_RC	I54C
IHT_RC	I54D
IHT_RC	I9B5
IHT_RC	IHT
IHT_RC	I82A
IHT_RC	I9B6_RC
IHT_RC	I2J7
IHT_RC	IB6D_RC
IHT_RC	I54C_RC
IHT_RC	I54D_RC
IHT_RC	I9B5_RC
IJ5_RC	IJ5_RC
IJ5_RC	I537
IJ5_RC	IB51
IJ5_RC	I996
IJ5_RC	I83J_RC
IJ5_RC	I2KG_RC
IJ5_RC	IJ5
IJ5_RC	I537_RC
IJ5_RC	IB51_RC
IJ5_RC	I996_RC
IJ5_RC	I83J
IJ5_RC	I2KG
IJL_RC	IJL_RC
IJL_RC	I2LV_RC
IJL_RC	I84Z_RC
IJL_RC	IB4L
IJL_RC	I98O
IJL_RC	I521
IJL_RC	IJL
IJL_RC	I2LV
IJL_RC	I84Z
IJL_RC	IB4L_RC
IJL_RC	I98O_RC
IJL_RC	I521_RC
IKX_RC	IKX_RC
IKX_RC	I2N6_RC
IKX_RC	I86A_RC
IKX_RC	IB3A
IKX_RC	I97H
IKX_RC	IKX
IKX_RC	I2N6
IKX_RC	I86A
IKX_RC	IB3A_RC
IKX_RC	I97H_RC
ILD_RC	ILD_RC
ILD_RC	I96Q
ILD_RC	I644
ILD_RC	I50T
ILD_RC	IB31
ILD_RC	I2O0_RC
ILD_RC	ILD
ILD_RC	I96Q_RC
ILD_RC	I644_RC
ILD_RC	I50T_RC
ILD_RC	IB31_RC
ILD_RC	I2O0
IM9_RC	IM9_RC
IM9_RC	I3YR_RC
IM9_RC	I36V
IM9_RC	I7BC_RC
IM9_RC	IATL_RC
IM9_RC	I6JI
IM9_RC	IB27
IM9_RC	IM9
IM9_RC	I3YR
IM9_RC	I36V_RC
IM9_RC	I7BC
IM9_RC	IATL
IM9_RC	I6JI_RC
IM9_RC	IB27_RC
IMP_RC	IMP_RC
IMP_RC	I7I2_RC
IMP_RC	I1Z0_RC
IMP_RC	IB1Q
IMP_RC	IMP
IMP_RC	I7I2
IMP_RC	I1Z0
IMP_RC	IB1Q_RC
IN5_RC	IN5_RC
IN5_RC	I62H
IN5_RC	I956
IN5_RC	I2PN_RC
IN5_RC	IB1A
IN5_RC	I4ZK
IN5_RC	IN5
IN5_RC	I62H_RC
IN5_RC	I956_RC
IN5_RC	I2PN
IN5_RC	IB1A_RC
IN5_RC	I4ZK_RC
IO1_RC	IO1_RC
IO1_RC	I4YB
IO1_RC	I61I
IO1_RC	I94A
IO1_RC	IB0C
IO1_RC	I2QM_RC
IO1_RC	IO1
IO1_RC	I4YB_RC
IO1_RC	I61I_RC
IO1_RC	I94A_RC
IO1_RC	IB0C_RC
IO1_RC	I2QM
IOX_RC	IOX_RC
IOX_RC	I2SK_RC
IOX_RC	I4XZ
IOX_RC	I656_RC
IOX_RC	IAZF
IOX_RC	I93X
IOX_RC	IOX
IOX_RC	I2SK
IOX_RC	I4XZ_RC
IOX_RC	I656
IOX_RC	IAZF_RC
IOX_RC	I93X_RC
IPD_RC	IPD_RC
IPD_RC	I2SY_RC
IPD_RC	I65K_RC
IPD_RC	I4XL
IPD_RC	IAYZ
IPD_RC	I93J
IPD_RC	I93J_RC
IPD_RC	IPD
IPD_RC	I2SY
IPD_RC	I65K
IPD_RC	I4XL_RC
IPD_RC	IAYZ_RC
IQ9_RC	IQ9_RC
IQ9_RC	I2TV_RC
IQ9_RC	I66H_RC
IQ9_RC	I4WR
IQ9_RC	IAY3
IQ9_RC	I92N
IQ9_RC	IQ9
IQ9_RC	I2TV
IQ9_RC	I66H
IQ9_RC	I4WR_RC
IQ9_RC	IAY3_RC
IQ9_RC	I92N_RC
IQP_RC	IQP_RC
IQP_RC	I2UB_RC
IQP_RC	I66X_RC
IQP_RC	I4WB
IQP_RC	IAXN
IQP_RC	I927
IQP_RC	IQP
IQP_RC	I2UB
IQP_RC	I66X
IQP_RC	I4WB_RC
IQP_RC	IAXN_RC
IQP_RC	I927_RC
IRL_RC	IRL_RC
IRL_RC	I91D
IRL_RC	I2V6_RC
IRL_RC	I67S_RC
IRL_RC	IAWR
IRL_RC	I4VI
IS1_RC	IS1_RC
IS1_RC	I90Y
IS1_RC	I2VO_RC
IS1_RC	I68A_RC
IS1_RC	IAWB
IS1_RC	I4V3
IS1_RC	IS1
IS1_RC	I90Y_RC
IS1_RC	I2VO
IS1_RC	I68A
IS1_RC	IAWB_RC
IS1_RC	I4V3_RC
ISH_RC	ISH_RC
ISH_RC	I90H
ISH_RC	I2W5_RC
ISH_RC	IAVV
ISH_RC	I68R_RC
ISH_RC	ISH
ISH_RC	I90H_RC
ISH_RC	I2W5
ISH_RC	I68R
ISH_RC	IAVV_RC
ISX_RC	ISX_RC
ISX_RC	I901
ISX_RC	I4UA
ISX_RC	I2WL_RC
ISX_RC	IAVF
ISX_RC	I697_RC
ISX_RC	ISX
ISX_RC	I901_RC
ISX_RC	I4UA_RC
ISX_RC	I2WL
ISX_RC	I697
ISX_RC	IAVF_RC
ITD_RC	ITD_RC
ITD_RC	I4TU
ITD_RC	IAUZ
ITD_RC	I8ZL
ITD_RC	ITD
ITD_RC	I4TU_RC
ITD_RC	IAUZ_RC
ITD_RC	I8ZL_RC
ITT_RC	ITT_RC
ITT_RC	I4TF
ITT_RC	I8Z7
ITT_RC	IAUB
ITT_RC	I2XF_RC
ITT_RC	I6A2_RC
ITT_RC	ITT
ITT_RC	I2XF
ITT_RC	I4TF_RC
ITT_RC	I8Z7_RC
ITT_RC	IAUB_RC
ITT_RC	I6A2
IUP_RC	IUP_RC
IUP_RC	I4SK
IUP_RC	IATG
IUP_RC	I6BA_RC
IUP_RC	I8Y7
IUP_RC	I2YN_RC
IUP_RC	IUP
IUP_RC	I4SK_RC
IUP_RC	IATG_RC
IUP_RC	I6BA
IUP_RC	I2YN
IUP_RC	I8Y7_RC
IV5_RC	IV5_RC
IV5_RC	I8XT
IV5_RC	IAT1
IV5_RC	I2ZT_RC
IV5_RC	I6CG_RC
IV5_RC	IV5
IV5_RC	I8XT_RC
IV5_RC	IAT1_RC
IV5_RC	I2ZT
IV5_RC	I6CG
IVL_RC	IVL_RC
IVL_RC	I6CY_RC
IVL_RC	I4QS
IVL_RC	IASL
IVL_RC	I8X3
IVL_RC	I30A_RC
IVL_RC	I5P8
IVL_RC	IVL
IVL_RC	I6CY
IVL_RC	I4QS_RC
IVL_RC	IASL_RC
IVL_RC	I8X3_RC
IVL_RC	I30A
IVL_RC	I5P8_RC
IWX_RC	IWX_RC
IWX_RC	IAR6
IWX_RC	I4PG
IWX_RC	I8V8
IWX_RC	I31K_RC
IWX_RC	I6E8_RC
IWX_RC	IWX
IWX_RC	IAR6_RC
IWX_RC	I4PG_RC
IWX_RC	I8V8_RC
IWX_RC	I31K
IWX_RC	I6E8
IXT_RC	IXT_RC
IXT_RC	IAQA
IXT_RC	I4OK
IXT_RC	I8UC
IXT_RC	I33A_RC
IXT_RC	I6FX_RC
IXT_RC	IXT
IXT_RC	IAQA_RC
IXT_RC	I4OK_RC
IXT_RC	I8UC_RC
IXT_RC	I33A
IXT_RC	I6FX
IY9_RC	IY9_RC
IY9_RC	IAPU
IY9_RC	I8TW
IY9_RC	I4O5
IY9_RC	I33Q_RC
IY9_RC	I6GD_RC
IY9_RC	IY9
IY9_RC	IAPU_RC
IY9_RC	I8TW_RC
IY9_RC	I4O5_RC
IY9_RC	I33Q
IY9_RC	I6GD
IYP_RC	IYP_RC
IYP_RC	IAPF
IYP_RC	I4NQ
IYP_RC	I8TI
IYP_RC	IYP
IYP_RC	IAPF_RC
IYP_RC	I4NQ_RC
IYP_RC	I8TI_RC
IYP_RC	I6GR
IYP_RC	I344
IYP_RC	I6GR_RC
IYP_RC	I344_RC
IZ5_RC	IZ5_RC
IZ5_RC	IAOY
IZ5_RC	I8SZ
IZ5_RC	I4NA
IZ5_RC	I34P_RC
IZ5_RC	I6HC_RC
IZ5_RC	IZ5
IZ5_RC	IAOY_RC
IZ5_RC	I8SZ_RC
IZ5_RC	I4NA_RC
IZ5_RC	I34P
IZ5_RC	I6HC
IZL_RC	IZL_RC
IZL_RC	IAOJ
IZL_RC	I350_RC
IZL_RC	I8SM
IZL_RC	I4MY
IZL_RC	I6HN_RC
IZL_RC	IZL
IZL_RC	IAOJ_RC
IZL_RC	I350
IZL_RC	I8SM_RC
IZL_RC	I4MY_RC
IZL_RC	I6HN
I101_RC	I101_RC
I101_RC	IAO3
I101_RC	I35G_RC
I101_RC	I8S6
I101_RC	I4MI
I101_RC	I6I3_RC
I101_RC	I101
I101_RC	IAO3_RC
I101_RC	I35G
I101_RC	I8S6_RC
I101_RC	I4MI_RC
I101_RC	I6I3
I10X_RC	I10X_RC
I10X_RC	IAN6
I10X_RC	I4L7
I10X_RC	I8RH
I10X_RC	I5PP_RC
I10X_RC	I10X
I10X_RC	IAN6_RC
I10X_RC	I4L7_RC
I10X_RC	I5PP
I10X_RC	I8RH_RC
I11T_RC	I11T_RC
I11T_RC	IAMB
I11T_RC	I6JQ_RC
I11T_RC	I8QM
I11T_RC	I373_RC
I11T_RC	I4KD
I11T_RC	I11T
I11T_RC	IAMB_RC
I11T_RC	I6JQ
I11T_RC	I8QM_RC
I11T_RC	I373
I11T_RC	I4KD_RC
I129_RC	I129_RC
I129_RC	I4K5
I129_RC	I8QD
I129_RC	I37C_RC
I129_RC	IAM2
I129_RC	I6JZ_RC
I129_RC	I129
I129_RC	I4K5_RC
I129_RC	I8QD_RC
I129_RC	I37C
I129_RC	IAM2_RC
I129_RC	I6JZ
I13L_RC	I13L_RC
I13L_RC	I8OX
I13L_RC	I4IQ
I13L_RC	I38P_RC
I13L_RC	IAKQ
I13L_RC	I6LC_RC
I13L_RC	I13L
I13L_RC	I8OX_RC
I13L_RC	I4IQ_RC
I13L_RC	I38P
I13L_RC	IAKQ_RC
I13L_RC	I6LC
I141_RC	I141_RC
I141_RC	I8OH
I141_RC	I4IB
I141_RC	I394_RC
I141_RC	IAKA
I141_RC	I6LR_RC
I141_RC	I141
I141_RC	I8OH_RC
I141_RC	I4IB_RC
I141_RC	I394
I141_RC	IAKA_RC
I141_RC	I6LR
I14X_RC	I14X_RC
I14X_RC	I14X
I15D_RC	I15D_RC
I15D_RC	I8N5
I15D_RC	I8N7
I15D_RC	I6N9_RC
I15D_RC	I4GS
I15D_RC	I4GU
I15D_RC	IAJ2
I15D_RC	I3AM_RC
I15D_RC	I15D
I15D_RC	I8N5_RC
I15D_RC	I8N7_RC
I15D_RC	I6N9
I15D_RC	I4GS_RC
I15D_RC	I3AM
I15D_RC	I4GU_RC
I15D_RC	IAJ2_RC
I15T_RC	I15T_RC
I15T_RC	I8MQ
I15T_RC	I6NP_RC
I15T_RC	I4GC
I15T_RC	I3B2_RC
I15T_RC	IAIN
I15T_RC	I15T
I15T_RC	I8MQ_RC
I15T_RC	I6NP
I15T_RC	I4GC_RC
I15T_RC	I3B2
I15T_RC	IAIN_RC
I169_RC	I169_RC
I169_RC	I4FV
I169_RC	IAI7
I169_RC	I169
I169_RC	I4FV_RC
I169_RC	IAI7_RC
I16P_RC	I16P_RC
I16P_RC	I8LX
I16P_RC	I6OL_RC
I16P_RC	I4FF
I16P_RC	I3BY_RC
I16P_RC	IAHR
I16P_RC	I16P
I16P_RC	I6OL
I16P_RC	I8LX_RC
I16P_RC	I4FF_RC
I16P_RC	I3BY
I16P_RC	IAHR_RC
I175_RC	I175_RC
I175_RC	I8LG
I175_RC	I6P2_RC
I175_RC	I4EZ
I175_RC	IAHB
I175_RC	I3CF_RC
I175_RC	I175
I175_RC	I8LG_RC
I175_RC	I6P2
I175_RC	I4EZ_RC
I175_RC	I3CF
I175_RC	IAHB_RC
I17L_RC	I17L_RC
I17L_RC	I4EA
I17L_RC	I8KZ
I17L_RC	I6PH_RC
I17L_RC	I3CU_RC
I17L_RC	IAGW
I17L_RC	I17L
I17L_RC	I4EA_RC
I17L_RC	I8KZ_RC
I17L_RC	I6PH
I17L_RC	I3CU
I17L_RC	IAGW_RC
I18H_RC	I18H_RC
I18H_RC	I6QF_RC
I18H_RC	IAFX
I18H_RC	I4DQ
I18H_RC	I3DS_RC
I18H_RC	I18H
I18H_RC	I6QF
I18H_RC	IAFX_RC
I18H_RC	I4DQ_RC
I18H_RC	I3DS
I19D_RC	I19D_RC
I19D_RC	I6RB_RC
I19D_RC	I4CS
I19D_RC	IAF1
I19D_RC	I3EO_RC
I19D_RC	I19D
I19D_RC	I6RB
I19D_RC	I4CS_RC
I19D_RC	IAF1_RC
I19D_RC	I3EO
I1A9_RC	I1A9_RC
I1A9_RC	I8HU
I1A9_RC	I3FN_RC
I1A9_RC	IAEC
I1A9_RC	I4BT
I1A9_RC	I6SA_RC
I1A9_RC	I1A9
I1A9_RC	I8HU_RC
I1A9_RC	I3FN
I1A9_RC	IAEC_RC
I1A9_RC	I4BT_RC
I1A9_RC	I6SA
I1AP_RC	I1AP_RC
I1AP_RC	I3G3_RC
I1AP_RC	IADW
I1AP_RC	I6SQ_RC
I1AP_RC	I8H8
I1AP_RC	I1AP
I1AP_RC	I3G3
I1AP_RC	IADW_RC
I1AP_RC	I6SQ
I1AP_RC	I8H8_RC
I1B5_RC	I1B5_RC
I1B5_RC	I3GH_RC
I1B5_RC	I4AR
I1B5_RC	IADG
I1B5_RC	I6T4_RC
I1B5_RC	I8GU
I1B5_RC	I1B5
I1B5_RC	I3GH
I1B5_RC	I4AR_RC
I1B5_RC	IADG_RC
I1B5_RC	I6T4
I1B5_RC	I8GU_RC
I1BL_RC	I1BL_RC
I1BL_RC	I3GX_RC
I1BL_RC	I4AB
I1BL_RC	IAD0
I1BL_RC	I6TK_RC
I1BL_RC	I8GF
I1BL_RC	I1BL
I1BL_RC	I3GX
I1BL_RC	I4AB_RC
I1BL_RC	IAD0_RC
I1BL_RC	I6TK
I1BL_RC	I8GF_RC
I1CH_RC	I1CH_RC
I1CH_RC	I3HU_RC
I1CH_RC	IAC5
I1CH_RC	I6UW_RC
I1CH_RC	I49M
I1CH_RC	I8FJ
I1CH_RC	I1CH
I1CH_RC	I3HU
I1CH_RC	IAC5_RC
I1CH_RC	I6UW
I1CH_RC	I49M_RC
I1CH_RC	I8FJ_RC
I1CX_RC	I1CX_RC
I1CX_RC	I3IA_RC
I1CX_RC	IABP
I1CX_RC	I6VC_RC
I1CX_RC	I496
I1CX_RC	I8F3
I1CX_RC	I1CX
I1CX_RC	I3IA
I1CX_RC	IABP_RC
I1CX_RC	I6VC
I1CX_RC	I496_RC
I1CX_RC	I8F3_RC
I1EP_RC	I1EP_RC
I1EP_RC	IA9V
I1EP_RC	I6X0_RC
I1EP_RC	I47D
I1EP_RC	I3JY_RC
I1EP_RC	I8DC
I1EP_RC	I1EP
I1EP_RC	IA9V_RC
I1EP_RC	I6X0
I1EP_RC	I47D_RC
I1EP_RC	I3JY
I1EP_RC	I8DC_RC
I1F5_RC	I1F5_RC
I1F5_RC	IA9F
I1F5_RC	I6XH_RC
I1F5_RC	I3KF_RC
I1F5_RC	I1F5
I1F5_RC	IA9F_RC
I1F5_RC	I6XH
I1F5_RC	I3KF
I1G1_RC	I1G1_RC
I1G1_RC	I8C3
I1G1_RC	I6YB_RC
I1G1_RC	IA8K
I1G1_RC	I461
I1G1_RC	I3L9_RC
I1G1_RC	I1G1
I1G1_RC	I6YB
I1G1_RC	I8C3_RC
I1G1_RC	IA8K_RC
I1G1_RC	I461_RC
I1G1_RC	I3L9
I1GH_RC	I1GH_RC
I1GH_RC	IA83
I1GH_RC	I6YR_RC
I1GH_RC	I8BP
I1GH_RC	I45K
I1GH_RC	I3LP_RC
I1GH_RC	I8QA_RC
I1GH_RC	I3QR_RC
I1GH_RC	IA3N
I1GH_RC	I5ZR
I1GH_RC	IBYV
I1GH_RC	I73R_RC
I1GH_RC	I1KO_RC
I1GH_RC	I1QE_RC
I1GH_RC	I3X0_RC
I1GH_RC	I79L_RC
I1GH_RC	IBT8
I1GH_RC	I1GH
I1GH_RC	I6YR
I1GH_RC	IA83_RC
I1GH_RC	I8BP_RC
I1GH_RC	I45K_RC
I1GH_RC	I3LP
I1GH_RC	I8FM
I1GH_RC	I3QR
I1GH_RC	IA3N_RC
I1GH_RC	I73R
I1GH_RC	I5ZR_RC
I1GH_RC	IBYV_RC
I1GH_RC	I1KO
I1GH_RC	I1QE
I1GH_RC	I3X0
I1GH_RC	I79L
I1GH_RC	IBT8_RC
I1GX_RC	I1GX_RC
I1GX_RC	I6Z7_RC
I1GX_RC	I8BB
I1GX_RC	I457
I1GX_RC	I3M5_RC
I1GX_RC	IA7K
I1GX_RC	I1GX
I1GX_RC	I6Z7
I1GX_RC	I8BB_RC
I1GX_RC	I457_RC
I1GX_RC	I3M5
I1GX_RC	IA7K_RC
I1J5_RC	I1J5_RC
I1J5_RC	IA5E
I1J5_RC	I71F_RC
I1J5_RC	I88Q
I1J5_RC	I3OF_RC
I1J5_RC	I434
I1J5_RC	I1J5
I1J5_RC	IA5E_RC
I1J5_RC	I71F
I1J5_RC	I88Q_RC
I1J5_RC	I3OF
I1J5_RC	I434_RC
I1K1_RC	I1K1_RC
I1K1_RC	I879
I1K1_RC	IA4B
I1K1_RC	I3Q3_RC
I1K1_RC	I733_RC
I1K1_RC	I1K1
I1K1_RC	I879_RC
I1K1_RC	I3Q3
I1K1_RC	IA4B_RC
I1K1_RC	I733
I1KH_RC	I1KH_RC
I1KH_RC	IA3U
I1KH_RC	I3QJ_RC
I1KH_RC	I5ZY
I1KH_RC	IBZ2
I1KH_RC	I73J_RC
I1KH_RC	I1KH
I1KH_RC	IA3U_RC
I1KH_RC	I3QJ
I1KH_RC	I5ZY_RC
I1KH_RC	IBZ2_RC
I1KH_RC	I73J
I1KX_RC	I1KX_RC
I1KX_RC	I743_RC
I1KX_RC	IA3D
I1KX_RC	I5ZI
I1KX_RC	IBYM
I1KX_RC	I3R3_RC
I1KX_RC	I1KX
I1KX_RC	I743
I1KX_RC	IA3D_RC
I1KX_RC	I5ZI_RC
I1KX_RC	IBYM_RC
I1KX_RC	I3R3
I1LD_RC	I1LD_RC
I1LD_RC	I74I_RC
I1LD_RC	I3RI_RC
I1LD_RC	IBY7
I1LD_RC	I1LD
I1LD_RC	I74I
I1LD_RC	I3RI
I1LD_RC	IBY7_RC
I1LT_RC	I1LT_RC
I1LT_RC	I5YP
I1LT_RC	I74Y_RC
I1LT_RC	IA2I
I1LT_RC	I3RY_RC
I1LT_RC	IBXR
I1LT_RC	I1LT
I1LT_RC	I5YP_RC
I1LT_RC	I74Y
I1LT_RC	IA2I_RC
I1LT_RC	I3RY
I1LT_RC	IBXR_RC
I1M9_RC	I1M9_RC
I1M9_RC	I75E_RC
I1M9_RC	IA1Y
I1M9_RC	I5Y1
I1M9_RC	I3SE_RC
I1M9_RC	IBXB
I1M9_RC	I1M9
I1M9_RC	I75E
I1M9_RC	IA1Y_RC
I1M9_RC	I5Y1_RC
I1M9_RC	I3SE
I1M9_RC	IBXB_RC
I1MP_RC	I1MP_RC
I1MP_RC	IA1J
I1MP_RC	IBWV
I1MP_RC	I1MP
I1MP_RC	IA1J_RC
I1MP_RC	IBWV_RC
I1NL_RC	I1NL_RC
I1NL_RC	I76S_RC
I1NL_RC	I5WP
I1NL_RC	IA0P
I1NL_RC	IBVZ
I1NL_RC	I3TS_RC
I1NL_RC	I1NL
I1NL_RC	I76S
I1NL_RC	I5WP_RC
I1NL_RC	IA0P_RC
I1NL_RC	IBVZ_RC
I1NL_RC	I3TS
I1O1_RC	I1O1_RC
I1O1_RC	I3UB_RC
I1O1_RC	I5W5
I1O1_RC	IA06
I1O1_RC	I77B_RC
I1O1_RC	IBVJ
I1O1_RC	I1O1
I1O1_RC	I3UB
I1O1_RC	I5W5_RC
I1O1_RC	IA06_RC
I1O1_RC	I77B
I1O1_RC	IBVJ_RC
I1RL_RC	I1RL_RC
I1RL_RC	IBS2
I1RL_RC	I7AS_RC
I1RL_RC	I5SN
I1RL_RC	I9WN
I1RL_RC	I3Y7_RC
I1RL_RC	I1RL
I1RL_RC	IBS2_RC
I1RL_RC	I7AS
I1RL_RC	I5SN_RC
I1RL_RC	I9WN_RC
I1RL_RC	I3Y7
I1SH_RC	I1SH_RC
I1SH_RC	I3Z5_RC
I1SH_RC	IBR6
I1SH_RC	I7BQ_RC
I1SH_RC	I5RR
I1SH_RC	I9VS
I1SH_RC	I1SH
I1SH_RC	I3Z5
I1SH_RC	IBR6_RC
I1SH_RC	I7BQ
I1SH_RC	I5RR_RC
I1SH_RC	I9VS_RC
I1TT_RC	I1TT_RC
I1TT_RC	I1TT
I1V5_RC	I1V5_RC
I1V5_RC	I41M_RC
I1V5_RC	IBOC
I1V5_RC	I7E7_RC
I1V5_RC	IBDI_RC
I1V5_RC	I9I0_RC
I1V5_RC	I7Q1
I1V5_RC	IBE
I1V5_RC	I26Y
I1V5_RC	I56
I1V5_RC	I7K7
I1V5_RC	I215
I1V5_RC	IBJH_RC
I1V5_RC	I5I6_RC
I1V5_RC	I1V5
I1V5_RC	I41M
I1V5_RC	IBOC_RC
I1V5_RC	I7E7
I1V5_RC	IBDI
I1V5_RC	I9I0
I1V5_RC	I7Q1_RC
I1V5_RC	IBE_RC
I1V5_RC	I26Y_RC
I1W1_RC	I1W1_RC
I1W1_RC	I5MQ
I1W1_RC	II_RC
I1W1_RC	IBNF
I1W1_RC	I7F3_RC
I1W1_RC	I9SG
I1W1_RC	I1W1
I1W1_RC	II
I1W1_RC	I5MQ_RC
I1W1_RC	IBNF_RC
I1W1_RC	I7F3
I1W1_RC	I9SG_RC
I1WX_RC	I1WX_RC
I1WX_RC	I1F_RC
I1WX_RC	IBMJ
I1WX_RC	I9RI
I1WX_RC	I5LR
I1WX_RC	I7FZ_RC
I1WX_RC	I1WX
I1WX_RC	I1F
I1WX_RC	IBMJ_RC
I1WX_RC	I9RI_RC
I1WX_RC	I7FZ
I1WX_RC	I5LR_RC
I1XD_RC	I1XD_RC
I1XD_RC	I1V_RC
I1XD_RC	IBM3
I1XD_RC	I5L9
I1XD_RC	I9R3
I1XD_RC	I7GF_RC
I1XD_RC	I1XD
I1XD_RC	I1V
I1XD_RC	IBM3_RC
I1XD_RC	I5L9_RC
I1XD_RC	I7GF
I1XD_RC	I9R3_RC
I1XT_RC	I1XT_RC
I1XT_RC	I2C_RC
I1XT_RC	I9QI
I1XT_RC	IBLM
I1XT_RC	I5KT
I1XT_RC	I7GV_RC
I1XT_RC	I1XT
I1XT_RC	I2C
I1XT_RC	I9QI_RC
I1XT_RC	IBLM_RC
I1XT_RC	I5KT_RC
I1XT_RC	I7GV
I1Y9_RC	I1Y9_RC
I1Y9_RC	I2T_RC
I1Y9_RC	I9Q1
I1Y9_RC	IBL5
I1Y9_RC	I5KD
I1Y9_RC	I7HB_RC
I1Y9_RC	I1Y9
I1Y9_RC	I2T
I1Y9_RC	I9Q1_RC
I1Y9_RC	IBL5_RC
I1Y9_RC	I5KD_RC
I1Y9_RC	I7HB
I20H_RC	I20H_RC
I20H_RC	I5IQ
I20H_RC	I9OL
I20H_RC	I4P_RC
I20H_RC	IBJZ
I20H_RC	I7JJ_RC
I20H_RC	I20H
I20H_RC	I5IQ_RC
I20H_RC	I9OL_RC
I20H_RC	I4P
I20H_RC	I7JJ
I20H_RC	IBJZ_RC
I21T_RC	I21T_RC
I21T_RC	I5V_RC
I21T_RC	IBIU
I21T_RC	I5HQ
I21T_RC	I9NJ
I21T_RC	I7KV_RC
I21T_RC	I21T
I21T_RC	I5V
I21T_RC	IBIU_RC
I21T_RC	I5HQ_RC
I21T_RC	I7KV
I21T_RC	I9NJ_RC
I229_RC	I229_RC
I229_RC	I6A_RC
I229_RC	IBIG
I229_RC	I9N2
I229_RC	I5HB
I229_RC	I7LB_RC
I229_RC	I229
I229_RC	I6A
I229_RC	IBIG_RC
I229_RC	I9N2_RC
I229_RC	I7LB
I229_RC	I5HB_RC
I22P_RC	I22P_RC
I22P_RC	I9MP
I22P_RC	I5GY
I22P_RC	IBI2
I22P_RC	I7LR_RC
I22P_RC	I6O_RC
I22P_RC	I22P
I22P_RC	I9MP_RC
I22P_RC	I5GY_RC
I22P_RC	IBI2_RC
I22P_RC	I7LR
I22P_RC	I6O
I22P_RC	I3SM_RC
I22P_RC	I75M_RC
I22P_RC	IA1Q
I24H_RC	I24H_RC
I24H_RC	I9KX
I24H_RC	IBGC
I24H_RC	I8E_RC
I24H_RC	I7NJ_RC
I24H_RC	I24H
I24H_RC	I9KX_RC
I24H_RC	IBGC_RC
I24H_RC	I8E
I24H_RC	I7NJ
I25D_RC	I25D_RC
I25D_RC	IBF6
I25D_RC	I9Q_RC
I25D_RC	I7OG_RC
I25D_RC	I25D
I25D_RC	IBF6_RC
I25D_RC	I9Q
I25D_RC	I7OG
I275_RC	I275_RC
I275_RC	I5CY
I275_RC	I9HO
I275_RC	I7Q8_RC
I275_RC	I275
I275_RC	I5CY_RC
I275_RC	I9HO_RC
I275_RC	I7Q8
I28H_RC	I28H_RC
I28H_RC	I9GY
I28H_RC	IBCN
I28H_RC	I5C8
I28H_RC	IC9_RC
I28H_RC	I7RK_RC
I28H_RC	I28H
I28H_RC	I9GY_RC
I28H_RC	IBCN_RC
I28H_RC	I5C8_RC
I28H_RC	IC9
I28H_RC	I7RK
I28X_RC	I28X_RC
I28X_RC	I9GI
I28X_RC	I5BS
I28X_RC	I7S0_RC
I28X_RC	I28X
I28X_RC	I9GI_RC
I28X_RC	I5BS_RC
I28X_RC	I7S0
I28X_RC	ICO_RC
I28X_RC	IBC8
I28X_RC	IBC8_RC
I28X_RC	ICO
I29D_RC	I29D_RC
I29D_RC	I9G2
I29D_RC	ID1_RC
I29D_RC	IBBV
I29D_RC	I5BG
I29D_RC	I7SG_RC
I29D_RC	I29D
I29D_RC	I9G2_RC
I29D_RC	ID1
I29D_RC	IBBV_RC
I29D_RC	I5BG_RC
I29D_RC	I7SG
I2A9_RC	I2A9_RC
I2A9_RC	IDU_RC
I2A9_RC	I9F8
I2A9_RC	I5A1
I2A9_RC	IBAI
I2A9_RC	I7TC_RC
I2A9_RC	I2A9
I2A9_RC	IDU
I2A9_RC	I9F8_RC
I2A9_RC	I5A1_RC
I2A9_RC	IBAI_RC
I2A9_RC	I7TC
I2AP_RC	I2AP_RC
I2AP_RC	IEB_RC
I2AP_RC	I9EE
I2AP_RC	IBA0
I2AP_RC	I59M
I2AP_RC	I7TS_RC
I2AP_RC	I2AP
I2AP_RC	IEB
I2AP_RC	I9EE_RC
I2AP_RC	IBA0_RC
I2AP_RC	I59M_RC
I2AP_RC	I7TS
I2B5_RC	I2B5_RC
I2B5_RC	IEQ_RC
I2B5_RC	I9DZ
I2B5_RC	IB9L
I2B5_RC	I599
I2B5_RC	I7U8_RC
I2B5_RC	I2B5
I2B5_RC	IEQ
I2B5_RC	I9DZ_RC
I2B5_RC	IB9L_RC
I2B5_RC	I599_RC
I2B5_RC	I7U8
I2CH_RC	I2CH_RC
I2CH_RC	IF5_RC
I2CH_RC	I9DK
I2CH_RC	IB96
I2CH_RC	I58U
I2CH_RC	I7VK_RC
I2CH_RC	I2CH
I2CH_RC	IF5
I2CH_RC	I9DK_RC
I2CH_RC	IB96_RC
I2CH_RC	I58U_RC
I2CH_RC	I7VK
I2G1_RC	I2G1_RC
I2G1_RC	IB8J
I2G1_RC	I9D1
I2G1_RC	I57A
I2G1_RC	IFS_RC
I2G1_RC	I7Z4_RC
I2G1_RC	I2G1
I2G1_RC	IB8J_RC
I2G1_RC	I9D1_RC
I2G1_RC	I57A_RC
I2G1_RC	IFS
I2G1_RC	I7Z4
I2GH_RC	I2GH_RC
I2GH_RC	IB83
I2GH_RC	I9CL
I2GH_RC	I56U
I2GH_RC	IG8_RC
I2GH_RC	I7ZK_RC
I2GH_RC	I2GH
I2GH_RC	IB83_RC
I2GH_RC	I9CL_RC
I2GH_RC	I56U_RC
I2GH_RC	IG8
I2GH_RC	I7ZK
I2GX_RC	I2GX_RC
I2GX_RC	I9C3
I2GX_RC	IB7N
I2GX_RC	I56E
I2GX_RC	IGO_RC
I2GX_RC	I800_RC
I2GX_RC	I2GX
I2GX_RC	I9C3_RC
I2GX_RC	IB7N_RC
I2GX_RC	I56E_RC
I2GX_RC	IGO
I2GX_RC	I800
I2I9_RC	I2I9_RC
I2I9_RC	I9BM
I2I9_RC	IB76
I2I9_RC	I55X
I2I9_RC	IH5_RC
I2I9_RC	I81C_RC
I2I9_RC	I2I9
I2I9_RC	I9BM_RC
I2I9_RC	IB76_RC
I2I9_RC	I55X_RC
I2I9_RC	IH5
I2I9_RC	I81C
I2JL_RC	I2JL_RC
I2JL_RC	IB5Y
I2JL_RC	I53Z
I2JL_RC	I9AN
I2JL_RC	II7_RC
I2JL_RC	I82O_RC
I2JL_RC	I2JL
I2JL_RC	IB5Y_RC
I2JL_RC	II7
I2JL_RC	I53Z_RC
I2JL_RC	I9AN_RC
I2JL_RC	I82O
I2K1_RC	I2K1_RC
I2K1_RC	IB5H
I2K1_RC	IB5I
I2K1_RC	I99L
I2K1_RC	IIN_RC
I2K1_RC	IIO_RC
I2K1_RC	I834_RC
I2K1_RC	I2K2_RC
I2K1_RC	I835_RC
I2K1_RC	I53M
I2K1_RC	I99K
I2K1_RC	IB5G
I2K1_RC	IIP_RC
I2K1_RC	IB5J
I2K1_RC	I53N
I2K1_RC	I99N
I2K1_RC	IIM_RC
I2K1_RC	I833_RC
I2K1_RC	I2K0_RC
I2K1_RC	I2K1
I2K1_RC	I53M_RC
I2K1_RC	IB5H_RC
I2K1_RC	IB5I_RC
I2K1_RC	I99K_RC
I2K1_RC	I99L_RC
I2K1_RC	IIN
I2K1_RC	IIO
I2K1_RC	I834
I2K1_RC	IIP
I2K1_RC	I835
I2K1_RC	I2K2
I2K1_RC	IB5G_RC
I2K1_RC	IB5J_RC
I2K1_RC	I53N_RC
I2K1_RC	I99N_RC
I2K1_RC	IIM
I2K1_RC	I833
I2K1_RC	I2K0
I2LT_RC	I2LT_RC
I2LT_RC	I84X_RC
I2LT_RC	IB4N
I2LT_RC	I523
I2LT_RC	I98S
I2LT_RC	IJJ_RC
I2LT_RC	I2LT
I2LT_RC	I84X
I2LT_RC	IB4N_RC
I2LT_RC	I523_RC
I2LT_RC	I98S_RC
I2LT_RC	IJJ
I2M9_RC	I2M9_RC
I2M9_RC	I85D_RC
I2M9_RC	IB46
I2M9_RC	I98A
I2M9_RC	I51N
I2M9_RC	IK0_RC
I2M9_RC	I2M9
I2M9_RC	I85D
I2M9_RC	IB46_RC
I2M9_RC	I98A_RC
I2M9_RC	I51N_RC
I2M9_RC	IK0
I2MP_RC	I2MP_RC
I2MP_RC	I85T_RC
I2MP_RC	IB3R
I2MP_RC	I97V
I2MP_RC	IKF_RC
I2MP_RC	I51C
I2MP_RC	I2MP
I2MP_RC	I85T
I2MP_RC	IB3R_RC
I2MP_RC	I97V_RC
I2MP_RC	IKF
I2MP_RC	I51C_RC
I2N5_RC	I2N5_RC
I2N5_RC	I869_RC
I2N5_RC	IB3B
I2N5_RC	I97I
I2N5_RC	IKW_RC
I2N5_RC	I2N5
I2N5_RC	I869
I2N5_RC	IB3B_RC
I2N5_RC	I97I_RC
I2N5_RC	IKW
I2O1_RC	I2O1_RC
I2O1_RC	I96P
I2O1_RC	ILE_RC
I2O1_RC	I643
I2O1_RC	I50S
I2O1_RC	IB30
I2O1_RC	I2O1
I2O1_RC	I96P_RC
I2O1_RC	ILE
I2O1_RC	I643_RC
I2O1_RC	I50S_RC
I2O1_RC	IB30_RC
I2OH_RC	I2OH_RC
I2OH_RC	I63N
I2OH_RC	I96C
I2OH_RC	IB2G
I2OH_RC	IM0_RC
I2OH_RC	I50G
I2OH_RC	I2OH
I2OH_RC	I63N_RC
I2OH_RC	I96C_RC
I2OH_RC	IM0
I2OH_RC	IB2G_RC
I2OH_RC	I50G_RC
I2OX_RC	I2OX_RC
I2OX_RC	I503
I2OX_RC	I637
I2OX_RC	I95W
I2OX_RC	IB1Y
I2OX_RC	IMI_RC
I2OX_RC	I2OX
I2OX_RC	I503_RC
I2OX_RC	I637_RC
I2OX_RC	I95W_RC
I2OX_RC	IB1Y_RC
I2OX_RC	IMI
I2R5_RC	I2R5_RC
I2R5_RC	I610
I2R5_RC	I64L_RC
I2R5_RC	I847
I2R5_RC	I39Z_RC
I2R5_RC	I2L4
I2R5_RC	I2ZD_RC
I2R5_RC	I80U
I2R5_RC	I6MM_RC
I2R5_RC	I2HR
I2R5_RC	I2RZ_RC
I2R5_RC	I2NK
I2R5_RC	I86O
I2R5_RC	I6C0_RC
I2RL_RC	I2RL_RC
I2RL_RC	I60K
I2RL_RC	I2QS_RC
I2RL_RC	I61C
I2RL_RC	I2RL
I2RL_RC	I2QS
I2RL_RC	I60K_RC
I2RL_RC	I61C_RC
I2S1_RC	I2S1_RC
I2S1_RC	I60Y
I2S1_RC	I2R7_RC
I2S1_RC	I6C3_RC
I2S1_RC	I64N_RC
I2S1_RC	I80R
I2S1_RC	I2HO
I2S1_RC	I2ZG_RC
I2S1_RC	I2S1
I2S1_RC	I60Y_RC
I2S1_RC	I2R7
I2S1_RC	I6C3
I2S1_RC	I64N
I2S1_RC	I80R_RC
I2S1_RC	I2ZG
I2S1_RC	I2HO_RC
I2SH_RC	I2SH_RC
I2SH_RC	I653_RC
I2SH_RC	I4Y2
I2SH_RC	IAZI
I2SH_RC	IOU_RC
I2SH_RC	I940
I2SH_RC	I2SH
I2SH_RC	I653
I2SH_RC	I4Y2_RC
I2SH_RC	IOU
I2SH_RC	IAZI_RC
I2SH_RC	I940_RC
I2SX_RC	I2SX_RC
I2SX_RC	I65J_RC
I2SX_RC	I4XM
I2SX_RC	IAZ0
I2SX_RC	I93K
I2SX_RC	IPC_RC
I2SX_RC	I2SX
I2SX_RC	I65J
I2SX_RC	I4XM_RC
I2SX_RC	IAZ0_RC
I2SX_RC	IPC
I2SX_RC	I93K_RC
I2TT_RC	I2TT_RC
I2TT_RC	I92P
I2TT_RC	I66F_RC
I2TT_RC	I4WT
I2TT_RC	IAY5
I2TT_RC	IQ7_RC
I2TT_RC	I2TT
I2TT_RC	I92P_RC
I2TT_RC	I66F
I2TT_RC	I4WT_RC
I2TT_RC	IAY5_RC
I2TT_RC	IQ7
I2V5_RC	I2V5_RC
I2V5_RC	I91E
I2V5_RC	I67R_RC
I2V5_RC	IAWS
I2V5_RC	I4VJ
I2V5_RC	IRK_RC
I2V5_RC	I2V5
I2V5_RC	I91E_RC
I2V5_RC	I67R
I2V5_RC	IAWS_RC
I2V5_RC	I4VJ_RC
I2V5_RC	IRK
I2W1_RC	I2W1_RC
I2W1_RC	I4UQ
I2W1_RC	I90L
I2W1_RC	I68N_RC
I2W1_RC	ISD_RC
I2W1_RC	IAVZ
I2W1_RC	I2W1
I2W1_RC	I4UQ_RC
I2W1_RC	I90L_RC
I2W1_RC	I68N
I2W1_RC	ISD
I2W1_RC	IAVZ_RC
I2WH_RC	I2WH_RC
I2WH_RC	I905
I2WH_RC	I4UE
I2WH_RC	I693_RC
I2WH_RC	IST_RC
I2WH_RC	IAVJ
I2WH_RC	I2WH
I2WH_RC	I905_RC
I2WH_RC	I4UE_RC
I2WH_RC	I693
I2WH_RC	IST
I2WH_RC	IAVJ_RC
I2WX_RC	I2WX_RC
I2WX_RC	I8ZO
I2WX_RC	I4TX
I2WX_RC	I69K_RC
I2WX_RC	IAV2
I2WX_RC	ITA_RC
I2WX_RC	I2WX
I2WX_RC	I8ZO_RC
I2WX_RC	I4TX_RC
I2WX_RC	I69K
I2WX_RC	ITA
I2WX_RC	IAV2_RC
I2XT_RC	I2XT_RC
I2XT_RC	I4T1
I2XT_RC	I8YT
I2XT_RC	IATX
I2XT_RC	I6AG_RC
I2XT_RC	IU8_RC
I2XT_RC	I2XT
I2XT_RC	I4T1_RC
I2XT_RC	I8YT_RC
I2XT_RC	IATX_RC
I2XT_RC	I6AG
I2XT_RC	IU8
I2YP_RC	I2YP_RC
I2YP_RC	I4SI
I2YP_RC	IATE
I2YP_RC	IUR_RC
I2YP_RC	I6BC_RC
I2YP_RC	I8Y5
I2YP_RC	I2YP
I2YP_RC	I4SI_RC
I2YP_RC	IATE_RC
I2YP_RC	IUR
I2YP_RC	I6BC
I2YP_RC	I8Y5_RC
I301_RC	I301_RC
I301_RC	I8XL
I301_RC	I6CP_RC
I301_RC	I4RT_RC
I301_RC	IVD_RC
I301_RC	I8XO_RC
I301_RC	IAST
I301_RC	I301
I301_RC	I6CP
I301_RC	I8XL_RC
I301_RC	I4RT
I301_RC	IVD
I301_RC	I8XO
I301_RC	IAST_RC
I30H_RC	I30H_RC
I30H_RC	IVR_RC
I30H_RC	I6D5_RC
I30H_RC	I4QM
I30H_RC	IASE
I30H_RC	I8WW
I30H_RC	I30H
I30H_RC	IVR
I30H_RC	I6D5
I30H_RC	I4QM_RC
I30H_RC	IASE_RC
I30H_RC	I8WW_RC
I30X_RC	I30X_RC
I30X_RC	IW8_RC
I30X_RC	I6DL_RC
I30X_RC	I4Q3
I30X_RC	I8VV
I30X_RC	IARV
I30X_RC	I30X
I30X_RC	IW8
I30X_RC	I6DL
I30X_RC	I4Q3_RC
I30X_RC	I8VV_RC
I30X_RC	IARV_RC
I31D_RC	I31D_RC
I31D_RC	IARB
I31D_RC	I4PL
I31D_RC	I8VD
I31D_RC	I6E1_RC
I31D_RC	IWS_RC
I31D_RC	I31D
I31D_RC	IARB_RC
I31D_RC	I6E1
I31D_RC	I4PL_RC
I31D_RC	I8VD_RC
I31D_RC	IWS
I32P_RC	I32P_RC
I32P_RC	IAQT
I32P_RC	I4P3
I32P_RC	I8UV
I32P_RC	I6FC_RC
I32P_RC	IXA_RC
I32P_RC	I32P
I32P_RC	IAQT_RC
I32P_RC	I4P3_RC
I32P_RC	I8UV_RC
I32P_RC	I6FC
I32P_RC	IXA
I335_RC	I335_RC
I335_RC	IAQF
I335_RC	I6FS_RC
I335_RC	I4OP
I335_RC	I8UH
I335_RC	IXO_RC
I335_RC	I335
I335_RC	IAQF_RC
I335_RC	I6FS
I335_RC	I4OP_RC
I335_RC	I8UH_RC
I335_RC	IXO
I33L_RC	I33L_RC
I33L_RC	IAPZ
I33L_RC	I6G8_RC
I33L_RC	I8U1
I33L_RC	I4OA
I33L_RC	IY4_RC
I33L_RC	I33L
I33L_RC	IAPZ_RC
I33L_RC	I6G8
I33L_RC	I8U1_RC
I33L_RC	I4OA_RC
I33L_RC	IY4
I341_RC	I341_RC
I341_RC	IAPI
I341_RC	I6GO_RC
I341_RC	I4NT
I341_RC	I8TL
I341_RC	IYM_RC
I341_RC	I341
I341_RC	IAPI_RC
I341_RC	I6GO
I341_RC	I4NT_RC
I341_RC	I8TL_RC
I341_RC	IYM
I34X_RC	I34X_RC
I34X_RC	I6HK_RC
I34X_RC	I8SP
I34X_RC	IAOP
I34X_RC	IZD_RC
I34X_RC	I8SR
I34X_RC	IAOR
I34X_RC	IZF_RC
I34X_RC	I4N1
I34X_RC	I34X
I34X_RC	I6HK
I34X_RC	IZD
I34X_RC	I8SP_RC
I34X_RC	IAOP_RC
I34X_RC	IZF
I34X_RC	I8SR_RC
I34X_RC	IAOR_RC
I34X_RC	I4N1_RC
I35D_RC	I35D_RC
I35D_RC	IAO6
I35D_RC	I6I0_RC
I35D_RC	I8S9
I35D_RC	I4ML
I35D_RC	IZY_RC
I35D_RC	I35D
I35D_RC	IAO6_RC
I35D_RC	I6I0
I35D_RC	I8S9_RC
I35D_RC	I4ML_RC
I35D_RC	IZY
I36P_RC	I36P_RC
I36P_RC	IAMT
I36P_RC	I6JC_RC
I36P_RC	I4KU
I36P_RC	I11A_RC
I36P_RC	I8R4
I36P_RC	I36P
I36P_RC	IAMT_RC
I36P_RC	I6JC
I36P_RC	I11A
I36P_RC	I4KU_RC
I36P_RC	I8R4_RC
I38H_RC	I38H_RC
I38H_RC	IAKY
I38H_RC	I6L4_RC
I38H_RC	I4IX
I38H_RC	I8P5
I38H_RC	I13D_RC
I38H_RC	I38H
I38H_RC	IAKY_RC
I38H_RC	I6L4
I38H_RC	I13D
I38H_RC	I4IX_RC
I38H_RC	I8P5_RC
I38X_RC	I38X_RC
I38X_RC	IAKI
I38X_RC	I8OO
I38X_RC	I6LK_RC
I38X_RC	I8OP
I38X_RC	I13T_RC
I38X_RC	I4II
I38X_RC	I38X
I38X_RC	IAKI_RC
I38X_RC	I6LK
I38X_RC	I8OO_RC
I38X_RC	I13T
I38X_RC	I8OP_RC
I38X_RC	I4II_RC
I39D_RC	I39D_RC
I39D_RC	I4HX
I39D_RC	I8O7
I39D_RC	I6M0_RC
I39D_RC	I14B_RC
I39D_RC	IAK0
I39D_RC	I39D
I39D_RC	I4HX_RC
I39D_RC	I8O7_RC
I39D_RC	I6M0
I39D_RC	I14B
I39D_RC	IAK0_RC
I3A9_RC	I3A9_RC
I3A9_RC	I6MW_RC
I3A9_RC	I8NH
I3A9_RC	I3A9
I3A9_RC	I6MW
I3A9_RC	I8NH_RC
I3C1_RC	I3C1_RC
I3C1_RC	I8LT
I3C1_RC	I16S_RC
I3C1_RC	I4FC
I3C1_RC	I6OO_RC
I3C1_RC	IAHO
I3C1_RC	I3C1
I3C1_RC	I8LT_RC
I3C1_RC	I16S
I3C1_RC	I6OO
I3C1_RC	I4FC_RC
I3C1_RC	IAHO_RC
I3CH_RC	I3CH_RC
I3CH_RC	I8LE
I3CH_RC	I178_RC
I3CH_RC	I6P4_RC
I3CH_RC	I4EX
I3CH_RC	IAH9
I3CH_RC	I3CH
I3CH_RC	I8LE_RC
I3CH_RC	I178
I3CH_RC	I6P4
I3CH_RC	I4EX_RC
I3CH_RC	IAH9_RC
I3CX_RC	I3CX_RC
I3CX_RC	I17O_RC
I3CX_RC	I6PK_RC
I3CX_RC	IAGT
I3CX_RC	I4E7
I3CX_RC	I8KW
I3CX_RC	I3CX
I3CX_RC	I17O
I3CX_RC	I6PK
I3CX_RC	IAGT_RC
I3CX_RC	I4E7_RC
I3CX_RC	I8KW_RC
I3DD_RC	I3DD_RC
I3DD_RC	I184_RC
I3DD_RC	I6Q0_RC
I3DD_RC	IAGD
I3DD_RC	I3DD
I3DD_RC	I184
I3DD_RC	I6Q0
I3DD_RC	IAGD_RC
I3E9_RC	I3E9_RC
I3E9_RC	I8K2
I3E9_RC	I18Z_RC
I3E9_RC	I6QW_RC
I3E9_RC	IAFF
I3E9_RC	I4D9
I3E9_RC	I3E9
I3E9_RC	I8K2_RC
I3E9_RC	I18Z
I3E9_RC	I6QW
I3E9_RC	IAFF_RC
I3E9_RC	I4D9_RC
I3EP_RC	I3EP_RC
I3EP_RC	I8JL
I3EP_RC	I19E_RC
I3EP_RC	I6RC_RC
I3EP_RC	I4CR
I3EP_RC	IAF0
I3EP_RC	I3EP
I3EP_RC	I8JL_RC
I3EP_RC	I19E
I3EP_RC	I6RC
I3EP_RC	I4CR_RC
I3EP_RC	IAF0_RC
I3F5_RC	I3F5_RC
I3F5_RC	I6RS_RC
I3F5_RC	I3F5
I3F5_RC	I6RS
I3FL_RC	I3FL_RC
I3FL_RC	I8HW
I3FL_RC	IAEE
I3FL_RC	I6S8_RC
I3FL_RC	I4BV
I3FL_RC	I1A7_RC
I3FL_RC	I3FL
I3FL_RC	I8HW_RC
I3FL_RC	IAEE_RC
I3FL_RC	I6S8
I3FL_RC	I4BV_RC
I3FL_RC	I1A7
I3G1_RC	I3G1_RC
I3G1_RC	I4BA
I3G1_RC	IADY
I3G1_RC	I6SO_RC
I3G1_RC	I8HB
I3G1_RC	I1AN_RC
I3G1_RC	I3G1
I3G1_RC	I4BA_RC
I3G1_RC	IADY_RC
I3G1_RC	I6SO
I3G1_RC	I1AN
I3G1_RC	I8HB_RC
I3HT_RC	I3HT_RC
I3HT_RC	IAC6
I3HT_RC	I6UV_RC
I3HT_RC	I49N
I3HT_RC	I8FK
I3HT_RC	I1CG_RC
I3HT_RC	I3HT
I3HT_RC	IAC6_RC
I3HT_RC	I6UV
I3HT_RC	I49N_RC
I3HT_RC	I1CG
I3HT_RC	I8FK_RC
I3I9_RC	I3I9_RC
I3I9_RC	IABQ
I3I9_RC	I6VB_RC
I3I9_RC	I497
I3I9_RC	I8F4
I3I9_RC	I1CW_RC
I3I9_RC	I3I9
I3I9_RC	IABQ_RC
I3I9_RC	I6VB
I3I9_RC	I497_RC
I3I9_RC	I1CW
I3I9_RC	I8F4_RC
I3IP_RC	I3IP_RC
I3IP_RC	IAB7
I3IP_RC	I1DF_RC
I3IP_RC	I6VR_RC
I3IP_RC	I48S
I3IP_RC	I8EO
I3IP_RC	I3IP
I3IP_RC	I1DF
I3IP_RC	IAB7_RC
I3IP_RC	I6VR
I3IP_RC	I48S_RC
I3IP_RC	I8EO_RC
I3J5_RC	I3J5_RC
I3J5_RC	IAAR
I3J5_RC	I1DV_RC
I3J5_RC	I6W7_RC
I3J5_RC	I48C
I3J5_RC	I8E8
I3J5_RC	I3J5
I3J5_RC	I1DV
I3J5_RC	IAAR_RC
I3J5_RC	I6W7
I3J5_RC	I48C_RC
I3J5_RC	I8E8_RC
I3JL_RC	I3JL_RC
I3JL_RC	IAAA
I3JL_RC	I1EB_RC
I3JL_RC	I6WN_RC
I3JL_RC	I47T
I3JL_RC	I8DP
I3JL_RC	I3JL
I3JL_RC	IAAA_RC
I3JL_RC	I1EB
I3JL_RC	I6WN
I3JL_RC	I47T_RC
I3JL_RC	I8DP_RC
I3K1_RC	I3K1_RC
I3K1_RC	I1ES_RC
I3K1_RC	I47A
I3K1_RC	I6X3_RC
I3K1_RC	I8D9
I3K1_RC	IA9S
I3K1_RC	I3K1
I3K1_RC	I1ES
I3K1_RC	I47A_RC
I3K1_RC	I6X3
I3K1_RC	I8D9_RC
I3K1_RC	IA9S_RC
I3KH_RC	I3KH_RC
I3KH_RC	I1F9_RC
I3KH_RC	I46V
I3KH_RC	I6XJ_RC
I3KH_RC	I8CU
I3KH_RC	IA9B
I3KH_RC	I3KH
I3KH_RC	I1F9
I3KH_RC	I6XJ
I3KH_RC	I46V_RC
I3KH_RC	I8CU_RC
I3KH_RC	IA9B_RC
I3KX_RC	I3KX_RC
I3KX_RC	I1FP_RC
I3KX_RC	I46E
I3KX_RC	I6XZ_RC
I3KX_RC	I8CD
I3KX_RC	IA8V
I3KX_RC	I3KX
I3KX_RC	I1FP
I3KX_RC	I46E_RC
I3KX_RC	I6XZ
I3KX_RC	I8CD_RC
I3KX_RC	IA8V_RC
I3M9_RC	I3M9_RC
I3M9_RC	I8B7
I3M9_RC	I1H1_RC
I3M9_RC	I453
I3M9_RC	I6ZB_RC
I3M9_RC	IA7G
I3M9_RC	I3M9
I3M9_RC	I8B7_RC
I3M9_RC	I1H1
I3M9_RC	I6ZB
I3M9_RC	I453_RC
I3M9_RC	IA7G_RC
I3MP_RC	I3MP_RC
I3MP_RC	I8AP
I3MP_RC	I1HE_RC
I3MP_RC	I6ZP_RC
I3MP_RC	I44O
I3MP_RC	IA74
I3MP_RC	I3MP
I3MP_RC	I8AP_RC
I3MP_RC	I1HE
I3MP_RC	I6ZP
I3MP_RC	I44O_RC
I3MP_RC	IA74_RC
I3NL_RC	I3NL_RC
I3NL_RC	I1IA_RC
I3NL_RC	I70L_RC
I3NL_RC	I43V
I3NL_RC	I89Q
I3NL_RC	IA68
I3NL_RC	I3NL
I3NL_RC	I1IA
I3NL_RC	I70L
I3NL_RC	I43V_RC
I3NL_RC	I89Q_RC
I3NL_RC	IA68_RC
I3OH_RC	I3OH_RC
I3OH_RC	I1J7_RC
I3OH_RC	I71H_RC
I3OH_RC	I3OH
I3OH_RC	I1J7
I3OH_RC	I71H
I3PT_RC	I3PT_RC
I3PT_RC	IA4J
I3PT_RC	I42D
I3PT_RC	I72T_RC
I3PT_RC	I1JU_RC
I3PT_RC	I87I
I3PT_RC	I3PT
I3PT_RC	IA4J_RC
I3PT_RC	I72T
I3PT_RC	I42D_RC
I3PT_RC	I1JU
I3PT_RC	I87I_RC
I3Q9_RC	I3Q9_RC
I3Q9_RC	IA43
I3Q9_RC	I739_RC
I3Q9_RC	I1K8_RC
I3Q9_RC	I421
I3Q9_RC	I872
I3Q9_RC	I3Q9
I3Q9_RC	IA43_RC
I3Q9_RC	I739
I3Q9_RC	I1K8
I3Q9_RC	I421_RC
I3Q9_RC	I872_RC
I3R5_RC	I3R5_RC
I3R5_RC	I1KZ_RC
I3R5_RC	I745_RC
I3R5_RC	IA3B
I3R5_RC	I5ZG
I3R5_RC	IBYK
I3R5_RC	I3R5
I3R5_RC	I1KZ
I3R5_RC	I745
I3R5_RC	IA3B_RC
I3R5_RC	I5ZG_RC
I3R5_RC	IBYK_RC
I3RL_RC	I3RL_RC
I3RL_RC	I1LG_RC
I3RL_RC	I74L_RC
I3RL_RC	IA2X
I3RL_RC	IBY4
I3RL_RC	I5Z3
I3RL_RC	I3RL
I3RL_RC	I1LG
I3RL_RC	I74L
I3RL_RC	IA2X_RC
I3RL_RC	IBY4_RC
I3RL_RC	I5Z3_RC
I3SH_RC	I3SH_RC
I3SH_RC	IA1V
I3SH_RC	I1MC_RC
I3SH_RC	I75H_RC
I3SH_RC	I5XY
I3SH_RC	IBX8
I3SH_RC	I3SH
I3SH_RC	IA1V_RC
I3SH_RC	I1MC
I3SH_RC	I75H
I3SH_RC	I5XY_RC
I3SH_RC	IBX8_RC
I3SX_RC	I3SX_RC
I3SX_RC	IA1G
I3SX_RC	I1MS_RC
I3SX_RC	I75X_RC
I3SX_RC	I5XL
I3SX_RC	IBWS
I3SX_RC	I3SX
I3SX_RC	I1MS
I3SX_RC	IA1G_RC
I3SX_RC	I75X
I3SX_RC	I5XL_RC
I3SX_RC	IBWS_RC
I3TD_RC	I3TD_RC
I3TD_RC	I1N7_RC
I3TD_RC	I76D_RC
I3TD_RC	IA12
I3TD_RC	I5X3
I3TD_RC	IBWD
I3TD_RC	I3TD
I3TD_RC	I1N7
I3TD_RC	I76D
I3TD_RC	IA12_RC
I3TD_RC	I5X3_RC
I3TD_RC	IBWD_RC
I3TT_RC	I3TT_RC
I3TT_RC	I1NM_RC
I3TT_RC	I76T_RC
I3TT_RC	I5WO
I3TT_RC	IA0O
I3TT_RC	IBVY
I3TT_RC	I3TT
I3TT_RC	I1NM
I3TT_RC	I76T
I3TT_RC	I5WO_RC
I3TT_RC	IA0O_RC
I3TT_RC	IBVY_RC
I3U9_RC	I3U9_RC
I3U9_RC	IBVL
I3U9_RC	I779_RC
I3U9_RC	I5W7
I3U9_RC	IA08
I3U9_RC	I1NZ_RC
I3U9_RC	I3U9
I3U9_RC	IBVL_RC
I3U9_RC	I779
I3U9_RC	I5W7_RC
I3U9_RC	IA08_RC
I3U9_RC	I1NZ
I3UP_RC	I3UP_RC
I3UP_RC	I77P_RC
I3UP_RC	IBV4
I3UP_RC	I1OG_RC
I3UP_RC	I3UP
I3UP_RC	I77P
I3UP_RC	I1OG
I3UP_RC	IBV4_RC
I3V5_RC	I3V5_RC
I3V5_RC	I785_RC
I3V5_RC	I5VA
I3W1_RC	I3W1_RC
I3W1_RC	I9YP
I3W1_RC	I1PE_RC
I3W1_RC	I78M_RC
I3W1_RC	IBU8
I3W1_RC	IA10
I3W1_RC	I3TF_RC
I3W1_RC	I5X1
I3W1_RC	I1N9_RC
I3W1_RC	I76F_RC
I3W1_RC	IRF
I3W1_RC	IBWB
I3W1_RC	I5UU
I3WH_RC	I3WH_RC
I3WH_RC	I9Y9
I3WH_RC	I1PU_RC
I3WH_RC	I5UB
I3WH_RC	I792_RC
I3WH_RC	IBTS
I3WH_RC	I3WH
I3WH_RC	I9Y9_RC
I3WH_RC	I1PU
I3WH_RC	I5UB_RC
I3WH_RC	I792
I3WH_RC	IBTS_RC
I3XD_RC	I3XD_RC
I3XD_RC	I1QR_RC
I3XD_RC	I79Y_RC
I3XD_RC	IBSV
I3XD_RC	I3XD
I3XD_RC	I1QR
I3XD_RC	I79Y
I3XD_RC	IBSV_RC
I3XT_RC	I3XT_RC
I3XT_RC	I1R7_RC
I3XT_RC	I5T0
I3XT_RC	I9X0
I3XT_RC	I7AE_RC
I3XT_RC	IBSF
I3XT_RC	I3XT
I3XT_RC	I1R7
I3XT_RC	I5T0_RC
I3XT_RC	I9X0_RC
I3XT_RC	I7AE
I3XT_RC	IBSF_RC
I3Y9_RC	I3Y9_RC
I3Y9_RC	I1RN_RC
I3Y9_RC	I5SL
I3Y9_RC	I9WL
I3Y9_RC	I7AU_RC
I3Y9_RC	IBS0
I3Y9_RC	I3Y9
I3Y9_RC	I1RN
I3Y9_RC	I5SL_RC
I3Y9_RC	I9WL_RC
I3Y9_RC	I7AU
I3Y9_RC	IBS0_RC
I3YP_RC	I3YP_RC
I3YP_RC	I1S3_RC
I3YP_RC	I5S6
I3YP_RC	I9W6
I3YP_RC	I7BA_RC
I3YP_RC	IBRK
I3YP_RC	I3YP
I3YP_RC	I1S3
I3YP_RC	I7BA
I3YP_RC	I5S6_RC
I3YP_RC	I9W6_RC
I3YP_RC	IBRK_RC
I41D_RC	I41D_RC
I41D_RC	IBOM
I41D_RC	I7DY_RC
I41D_RC	I1UW_RC
I41D_RC	I9TN
I41D_RC	I5NX
I41D_RC	I41D
I41D_RC	I7DY
I41D_RC	IBOM_RC
I41D_RC	I1UW
I41D_RC	I9TN_RC
I41D_RC	I5NX_RC
I41T_RC	I41T_RC
I41T_RC	IBO5
I41T_RC	I7EE_RC
I41T_RC	I9T4
I41T_RC	I1VC_RC
I41T_RC	I5NF
I41T_RC	I41T
I41T_RC	IBO5_RC
I41T_RC	I7EE
I41T_RC	I1VC
I41T_RC	I9T4_RC
I41T_RC	I5NF_RC
I43L_RC	I43L_RC
I43L_RC	I89G_RC
I43L_RC	IA5Y_RC
I43L_RC	I1IK
I43L_RC	I43L
I43L_RC	I89G
I43L_RC	IA5Y
I43L_RC	I1IK_RC
I44X_RC	I44X_RC
I44X_RC	I3MG
I44X_RC	I8AY_RC
I44X_RC	I6ZI
I44X_RC	I44X
I44X_RC	I3MG_RC
I44X_RC	I8AY
I44X_RC	I6ZI_RC
I45D_RC	I45D_RC
I45D_RC	I3LX
I45D_RC	I6YZ
I45D_RC	I45D
I45D_RC	I3LX_RC
I45D_RC	I6YZ_RC
I469_RC	I469_RC
I469_RC	I469
I47L_RC	I47L_RC
I47L_RC	I1EI
I47L_RC	IAA3_RC
I47L_RC	I47L
I47L_RC	I1EI_RC
I47L_RC	IAA3
I481_RC	I481_RC
I481_RC	I8DX_RC
I481_RC	I3JD
I481_RC	I1E3
I481_RC	IAAJ_RC
I481_RC	I6WF
I481_RC	I481
I481_RC	I8DX
I481_RC	I3JD_RC
I481_RC	IAAJ
I481_RC	I1E3_RC
I481_RC	I6WF_RC
I4AP_RC	I4AP_RC
I4AP_RC	IADE_RC
I4AP_RC	I1B7
I4AP_RC	I3GJ
I4AP_RC	I6T6
I4AP_RC	I8GS_RC
I4AP_RC	I4AP
I4AP_RC	IADE
I4AP_RC	I1B7_RC
I4AP_RC	I3GJ_RC
I4AP_RC	I6T6_RC
I4AP_RC	I8GS
I4B5_RC	I4B5_RC
I4B5_RC	I4B5
I4BL_RC	I4BL_RC
I4BL_RC	I1AE
I4BL_RC	I3FR
I4BL_RC	I8HL_RC
I4BL_RC	I6SE
I4BL_RC	IAE7_RC
I4BL_RC	I4BL
I4BL_RC	I1AE_RC
I4BL_RC	I3FR_RC
I4BL_RC	I8HL
I4BL_RC	I6SE_RC
I4BL_RC	IAE7
I4EP_RC	I4EP_RC
I4EP_RC	I4EP
I4FL_RC	I4FL_RC
I4FL_RC	I4FL
I4HD_RC	I4HD_RC
I4HD_RC	I4HD
I4HT_RC	I4HT_RC
I4HT_RC	I8O3_RC
I4HT_RC	I39H
I4HT_RC	I6M4
I4HT_RC	IAJW_RC
I4HT_RC	I14F
I4HT_RC	I4HT
I4HT_RC	I8O3
I4HT_RC	I39H_RC
I4HT_RC	IAJW
I4HT_RC	I6M4_RC
I4HT_RC	I14F_RC
I4KH_RC	I4KH_RC
I4KH_RC	I6JM
I4KH_RC	I8QQ_RC
I4KH_RC	IAMG_RC
I4KH_RC	I36Z
I4KH_RC	I11O
I4KH_RC	I4KH
I4KH_RC	I8QQ
I4KH_RC	I6JM_RC
I4KH_RC	IAMG
I4KH_RC	I36Z_RC
I4KH_RC	I11O_RC
I4LT_RC	I4LT_RC
I4LT_RC	I4LT
I4M9_RC	I4M9_RC
I4M9_RC	I6IC
I4M9_RC	I10A
I4M9_RC	IANU_RC
I4M9_RC	I35P
I4M9_RC	I8RX_RC
I4M9_RC	I4M9
I4M9_RC	I6IC_RC
I4M9_RC	IANU
I4M9_RC	I10A_RC
I4M9_RC	I8RX
I4M9_RC	I35P_RC
I4MP_RC	I4MP_RC
I4MP_RC	I6HW
I4MP_RC	IZU
I4MP_RC	IAOA_RC
I4MP_RC	I359
I4MP_RC	I8SD_RC
I4MP_RC	I4MP
I4MP_RC	I6HW_RC
I4MP_RC	IAOA
I4MP_RC	IZU_RC
I4MP_RC	I8SD
I4MP_RC	I359_RC
I4NL_RC	I4NL_RC
I4NL_RC	IYU
I4NL_RC	I348
I4NL_RC	IAP9_RC
I4NL_RC	I6GV
I4NL_RC	I4NL
I4NL_RC	IYU_RC
I4NL_RC	I348_RC
I4NL_RC	IAP9
I4NL_RC	I6GV_RC
I4O1_RC	I4O1_RC
I4O1_RC	I4O1
I4OH_RC	I4OH_RC
I4OH_RC	I6G1
I4OH_RC	IXX
I4OH_RC	I33E
I4OH_RC	IAQ6_RC
I4OH_RC	I4OH
I4OH_RC	I6G1_RC
I4OH_RC	IXX_RC
I4OH_RC	I33E_RC
I4OH_RC	IAQ6
I4OH_RC	I8U8
I4PT_RC	I4PT_RC
I4PT_RC	I4PT
I4Q9_RC	I4Q9_RC
I4Q9_RC	IW3
I4Q9_RC	I8W0_RC
I4Q9_RC	I4Q9
I4Q9_RC	IW3_RC
I4Q9_RC	I8W0
I4QP_RC	I4QP_RC
I4QP_RC	IASH_RC
I4QP_RC	I8WZ_RC
I4QP_RC	IVO
I4QP_RC	I6D2
I4QP_RC	I30E
I4QP_RC	I4QP
I4QP_RC	IASH
I4QP_RC	I8WZ
I4QP_RC	IVO_RC
I4QP_RC	I6D2_RC
I4QP_RC	I30E_RC
I4RL_RC	I4RL_RC
I4RL_RC	I4RL
I4S1_RC	I4S1_RC
I4S1_RC	I4S1
I4TT_RC	I4TT_RC
I4TT_RC	ITE
I4TT_RC	I2X0
I4TT_RC	IAUY_RC
I4TT_RC	I69N
I4TT_RC	I8ZK_RC
I4TT_RC	I4TT
I4TT_RC	ITE_RC
I4TT_RC	I2X0_RC
I4TT_RC	IAUY
I4TT_RC	I69N_RC
I4TT_RC	I8ZK
I4W1_RC	I4W1_RC
I4W1_RC	IAXD_RC
I4W1_RC	I677
I4W1_RC	I91X_RC
I4W1_RC	IQZ
I4W1_RC	I2UL
I4W1_RC	IEP
I4W1_RC	I9E0_RC
I4W1_RC	IB9M_RC
I4W1_RC	I59A_RC
I4W1_RC	I7U7
I4W1_RC	I2B4
I4W1_RC	I6HM
I4W1_RC	I34Z
I4W1_RC	I4W1
I4W1_RC	IAXD
I4W1_RC	I677_RC
I4W1_RC	I91X
I4W1_RC	IQZ_RC
I4W1_RC	I2UL_RC
I4W1_RC	IEP_RC
I4W1_RC	I9E0
I4W1_RC	IB9M
I4W1_RC	I59A
I4W1_RC	I7U7_RC
I4W1_RC	I2B4_RC
I4W1_RC	I6HM_RC
I4W1_RC	I34Z_RC
I4XD_RC	I4XD_RC
I4XD_RC	I65U
I4XD_RC	IAYQ_RC
I4XD_RC	I93A_RC
I4XD_RC	IPM
I4XD_RC	I2T8
I4XD_RC	I4XD
I4XD_RC	IAYQ
I4XD_RC	I65U_RC
I4XD_RC	I93A
I4XD_RC	IPM_RC
I4XD_RC	I2T8_RC
I4ZL_RC	I4ZL_RC
I4ZL_RC	I2PM
I4ZL_RC	I62I_RC
I4ZL_RC	I957_RC
I4ZL_RC	IB1B_RC
I4ZL_RC	IN4
I4ZL_RC	I4ZL
I4ZL_RC	I62I
I4ZL_RC	I2PM_RC
I4ZL_RC	I957
I4ZL_RC	IB1B
I4ZL_RC	IN4_RC
I51T_RC	I51T_RC
I51T_RC	IJU
I51T_RC	I2M3
I51T_RC	I857
I51T_RC	IB4C_RC
I51T_RC	I98G_RC
I51T_RC	I51T
I51T_RC	IJU_RC
I51T_RC	I2M3_RC
I51T_RC	I857_RC
I51T_RC	IB4C
I51T_RC	I98G
I529_RC	I529_RC
I529_RC	IBG1_RC
I529_RC	I823
I529_RC	I2J0
I529_RC	I8V
I529_RC	I5F4_RC
I529_RC	I529
I529_RC	IBG1
I529_RC	I823_RC
I529_RC	I2J0_RC
I529_RC	I8V_RC
I529_RC	I5F4
I541_RC	I541_RC
I541_RC	I541
I54X_RC	I54X_RC
I54X_RC	I54X
I569_RC	I569_RC
I569_RC	I805
I569_RC	I2H2
I569_RC	IGT
I569_RC	I9BY_RC
I569_RC	IB7I_RC
I569_RC	I569
I569_RC	I805_RC
I569_RC	I2H2_RC
I569_RC	IGT_RC
I569_RC	I9BY
I569_RC	IB7I
I56P_RC	I56P_RC
I56P_RC	I7ZP
I56P_RC	I2GM
I56P_RC	IGD
I56P_RC	IB7Y_RC
I56P_RC	I9CG_RC
I56P_RC	I56P
I56P_RC	I7ZP_RC
I56P_RC	I2GM_RC
I56P_RC	IGD_RC
I56P_RC	IB7Y
I56P_RC	I9CG
I57L_RC	I57L_RC
I57L_RC	I57L
I58H_RC	I58H_RC
I58H_RC	IFN
I58H_RC	IB8O_RC
I58H_RC	I9D5_RC
I58H_RC	I7X6
I58H_RC	I2E3
I58H_RC	I58H
I58H_RC	IFN_RC
I58H_RC	IB8O
I58H_RC	I9D5
I58H_RC	I7X6_RC
I58H_RC	I2E3_RC
I5A9_RC	I5A9_RC
I5A9_RC	I5A9
I5B5_RC	I5B5_RC
I5B5_RC	I5B5
I5DD_RC	I5DD_RC
I5DD_RC	IAS
I5DD_RC	I7PJ
I5DD_RC	I9IF_RC
I5DD_RC	I26G
I5DD_RC	IBE3_RC
I5DD_RC	I5DD
I5DD_RC	IAS_RC
I5DD_RC	I9IF
I5DD_RC	I7PJ_RC
I5DD_RC	I26G_RC
I5DD_RC	IBE3
I5DT_RC	I5DT_RC
I5DT_RC	I9IQ_RC
I5DT_RC	IBEE_RC
I5DT_RC	IAH
I5DT_RC	I7P8
I5DT_RC	I265
I5DT_RC	I5DT
I5DT_RC	I9IQ
I5DT_RC	IBEE
I5DT_RC	IAH_RC
I5DT_RC	I7P8_RC
I5DT_RC	I265_RC
I5E9_RC	I5E9_RC
I5E9_RC	I9V
I5E9_RC	I7OL
I5E9_RC	I25I
I5E9_RC	I9JC_RC
I5E9_RC	IBF0_RC
I5E9_RC	I5E9
I5E9_RC	I9V_RC
I5E9_RC	I7OL_RC
I5E9_RC	I25I_RC
I5E9_RC	I9JC
I5E9_RC	IBF0
I5F5_RC	I5F5_RC
I5HD_RC	I5HD_RC
I5HD_RC	I9N5_RC
I5HD_RC	IBII_RC
I5HD_RC	I7L8
I5HD_RC	I226
I5HD_RC	I68
I5HD_RC	I5HD
I5HD_RC	I9N5
I5HD_RC	IBII
I5HD_RC	I7L8_RC
I5HD_RC	I226_RC
I5HD_RC	I68_RC
I5J5_RC	I5J5_RC
I5J5_RC	I5J5
I5K1_RC	I5K1_RC
I5K1_RC	I7HP
I5K1_RC	I9PP_RC
I5K1_RC	IBKU_RC
I5K1_RC	I1YN
I5K1_RC	I34
I5K1_RC	I5K1
I5K1_RC	I9PP
I5K1_RC	I7HP_RC
I5K1_RC	IBKU
I5K1_RC	I1YN_RC
I5K1_RC	I34_RC
I5KH_RC	I5KH_RC
I5KH_RC	I2P
I5KH_RC	I7H7
I5KH_RC	I1Y5
I5KH_RC	I9Q5_RC
I5KH_RC	IBL9_RC
I5KH_RC	I5KH
I5KH_RC	I2P_RC
I5KH_RC	I7H7_RC
I5KH_RC	I9Q5
I5KH_RC	IBL9
I5KH_RC	I1Y5_RC
I5O1_RC	I5O1_RC
I5O1_RC	I7DV
I5O1_RC	I1UT
I5O1_RC	IBOP_RC
I5O1_RC	I41A
I5O1_RC	I9TQ_RC
I5O1_RC	I5O1
I5O1_RC	I7DV_RC
I5O1_RC	I1UT_RC
I5O1_RC	IBOP
I5O1_RC	I9TQ
I5O1_RC	I41A_RC
I5OH_RC	I5OH_RC
I5OH_RC	I1UB
I5OH_RC	IBOZ_RC
I5OH_RC	I40P
I5OH_RC	I7DA
I5OH_RC	I9U8_RC
I5OH_RC	I5OH
I5OH_RC	IBOZ
I5OH_RC	I1UB_RC
I5OH_RC	I40P_RC
I5OH_RC	I7DA_RC
I5OH_RC	I9U8
I5PT_RC	I5PT_RC
I5PT_RC	I7YH_RC
I5PT_RC	I2FE_RC
I5PT_RC	I5PT
I5PT_RC	I7YH
I5PT_RC	I2FE
I5QP_RC	I5QP_RC
I5QP_RC	I5QP
I5R5_RC	I5R5_RC
I5R5_RC	IBQG_RC
I5R5_RC	I3ZU
I5R5_RC	I1T7
I5R5_RC	I7CF
I5R5_RC	I9V3_RC
I5R5_RC	I5R5
I5R5_RC	IBQG
I5R5_RC	I3ZU_RC
I5R5_RC	I1T7_RC
I5R5_RC	I9V3
I5R5_RC	I7CF_RC
I5RL_RC	I5RL_RC
I5RL_RC	I9VL_RC
I5RL_RC	I1SO
I5RL_RC	I3ZC
I5RL_RC	IBQZ_RC
I5RL_RC	I7BX
I5RL_RC	I5RL
I5RL_RC	I9VL
I5RL_RC	I1SO_RC
I5RL_RC	I3ZC_RC
I5RL_RC	IBQZ
I5RL_RC	I7BX_RC
I5S1_RC	I5S1_RC
I5S1_RC	I9W2_RC
I5S1_RC	I1S5
I5S1_RC	I3YT
I5S1_RC	I7BE
I5S1_RC	IBRI_RC
I5S1_RC	I5S1
I5S1_RC	I9W2
I5S1_RC	I1S5_RC
I5S1_RC	I3YT_RC
I5S1_RC	I7BE_RC
I5S1_RC	IBRI
I5SX_RC	I5SX_RC
I5SX_RC	I9WX_RC
I5SX_RC	I3XX
I5SX_RC	I1RB
I5SX_RC	I7AI
I5SX_RC	IBSB_RC
I5SX_RC	I5SX
I5SX_RC	I9WX
I5SX_RC	I3XX_RC
I5SX_RC	I1RB_RC
I5SX_RC	I7AI_RC
I5SX_RC	IBSB
I5TD_RC	I5TD_RC
I5TD_RC	I9XD_RC
I5TD_RC	I3XG
I5TD_RC	I1QU
I5TD_RC	I7A1
I5TD_RC	IBSS_RC
I5TD_RC	I5TD
I5TD_RC	I9XD
I5TD_RC	I3XG_RC
I5TD_RC	I1QU_RC
I5TD_RC	I7A1_RC
I5TD_RC	IBSS
I5TT_RC	I5TT_RC
I5TT_RC	I9XT_RC
I5TT_RC	I1QB
I5TT_RC	IBTB_RC
I5TT_RC	I5TT
I5TT_RC	I9XT
I5TT_RC	I1QB_RC
I5TT_RC	IBTB
I5U9_RC	I5U9_RC
I5U9_RC	I3WJ
I5U9_RC	I1PW
I5U9_RC	I794
I5U9_RC	IBTQ_RC
I5U9_RC	I9Y7_RC
I5U9_RC	I5U9
I5U9_RC	I3WJ_RC
I5U9_RC	I1PW_RC
I5U9_RC	I794_RC
I5U9_RC	IBTQ
I5U9_RC	I9Y7
I5UP_RC	I5UP_RC
I5UP_RC	I5UP
I5VL_RC	I5VL_RC
I5VL_RC	I9ZM_RC
I5VL_RC	I1OL
I5VL_RC	I3UU
I5VL_RC	I77U
I5VL_RC	IBUZ_RC
I5VL_RC	I5VL
I5VL_RC	I9ZM
I5VL_RC	I1OL_RC
I5VL_RC	I3UU_RC
I5VL_RC	I77U_RC
I5VL_RC	IBUZ
I5WH_RC	I5WH_RC
I5WH_RC	I5WH
I5WX_RC	I5WX_RC
I5WX_RC	I3TJ
I5WX_RC	IBW7_RC
I5WX_RC	I1ND
I5WX_RC	I76J
I5WX_RC	IA0W_RC
I5WX_RC	I5WX
I5WX_RC	IBW7
I5WX_RC	I3TJ_RC
I5WX_RC	I1ND_RC
I5WX_RC	I76J_RC
I5WX_RC	IA0W
I5XT_RC	I5XT_RC
I5XT_RC	I5XT
I5XT_RC	I1MH
I5XT_RC	IBX3_RC
I5XT_RC	I1MH_RC
I5XT_RC	IBX3
I5Y9_RC	I5Y9_RC
I5Y9_RC	I3S6
I5Y9_RC	IBXJ_RC
I5Y9_RC	I1M1
I5Y9_RC	I756
I5Y9_RC	IA26_RC
I5Y9_RC	I5Y9
I5Y9_RC	I3S6_RC
I5Y9_RC	IBXJ
I5Y9_RC	I1M1_RC
I5Y9_RC	I756_RC
I5Y9_RC	IA26
I5ZL_RC	I5ZL_RC
I5ZL_RC	IBYP_RC
I5ZL_RC	I3R0
I5ZL_RC	IA3G_RC
I5ZL_RC	I1KU
I5ZL_RC	I740
I5ZL_RC	I5ZL
I5ZL_RC	IBYP
I5ZL_RC	IA3G
I5ZL_RC	I3R0_RC
I5ZL_RC	I1KU_RC
I5ZL_RC	I740_RC
I61D_RC	I61D_RC
I61D_RC	I2QR
I61D_RC	I945_RC
I61D_RC	IO6
I61D_RC	IB07_RC
I61D_RC	I4Y7_RC
I61D_RC	I61D
I61D_RC	I2QR_RC
I61D_RC	IO6_RC
I61D_RC	IB07
I61D_RC	I4Y7
I61D_RC	I945
I61T_RC	I61T_RC
I61T_RC	I2QB
I61T_RC	I94J_RC
I61T_RC	IB0M_RC
I61T_RC	INS
I61T_RC	I4YN_RC
I61T_RC	I61T
I61T_RC	I94J
I61T_RC	I2QB_RC
I61T_RC	IB0M
I61T_RC	INS_RC
I61T_RC	I4YN
I629_RC	I629_RC
I629_RC	I94Y_RC
I629_RC	I2PV
I629_RC	IB12_RC
I629_RC	IND
I629_RC	I4ZD_RC
I629_RC	I629
I629_RC	I94Y
I629_RC	I2PV_RC
I629_RC	IB12
I629_RC	I4ZD
I629_RC	IND_RC
I635_RC	I635_RC
I635_RC	I502_RC
I635_RC	I95U_RC
I635_RC	I2OZ
I635_RC	IB1W_RC
I635_RC	IMK
I635_RC	I635
I635_RC	I502
I635_RC	I95U
I635_RC	I2OZ_RC
I635_RC	IB1W
I635_RC	IMK_RC
I63L_RC	I63L_RC
I63L_RC	I96A_RC
I63L_RC	I2OJ
I63L_RC	IB2E_RC
I63L_RC	IM2
I63L_RC	I50F_RC
I63L_RC	I63L
I63L_RC	I96A
I63L_RC	I2OJ_RC
I63L_RC	IB2E
I63L_RC	IM2_RC
I63L_RC	I50F
I641_RC	I641_RC
I641_RC	I2O3
I641_RC	ILG
I641_RC	I50Q_RC
I641_RC	IB2Y_RC
I641_RC	I96N_RC
I641_RC	I641
I641_RC	I2O3_RC
I641_RC	ILG_RC
I641_RC	I50Q
I641_RC	IB2Y
I641_RC	I96N
I64H_RC	I64H_RC
I64H_RC	I80Z
I64H_RC	I2HW
I64H_RC	I2NO
I64H_RC	I86S
I64H_RC	I609
I64H_RC	I84B
I64H_RC	I2RV_RC
I64H_RC	I2L8
I64H_RC	I64H
I64H_RC	I80Z_RC
I64H_RC	I2HW_RC
I64H_RC	I2NO_RC
I64H_RC	I86S_RC
I64H_RC	I609_RC
I64H_RC	I2RV
I64H_RC	I84B_RC
I64H_RC	I2L8_RC
I65D_RC	I65D_RC
I65D_RC	IAZ8
I65D_RC	I93Q
I65D_RC	IP4_RC
I65D_RC	I2SR_RC
I65D_RC	I4XS
I65D_RC	I65D
I65D_RC	IAZ8_RC
I65D_RC	I93Q_RC
I65D_RC	IP4
I65D_RC	I2SR
I65D_RC	I4XS_RC
I66P_RC	I66P_RC
I66P_RC	I4WJ
I66P_RC	IAXV
I66P_RC	I92F
I66P_RC	IQH_RC
I66P_RC	I2U3_RC
I66P_RC	I66P
I66P_RC	I4WJ_RC
I66P_RC	IAXV_RC
I66P_RC	I92F_RC
I66P_RC	IQH
I66P_RC	I2U3
I675_RC	I675_RC
I675_RC	I4W3
I675_RC	IAXF
I675_RC	I91Z
I675_RC	IQX_RC
I675_RC	I2UJ_RC
I675_RC	I675
I675_RC	I4W3_RC
I675_RC	IAXF_RC
I675_RC	I91Z_RC
I675_RC	IQX
I675_RC	I2UJ
I67L_RC	I67L_RC
I67L_RC	IAWZ
I67L_RC	I91K
I67L_RC	IRD_RC
I67L_RC	I2UZ_RC
I67L_RC	I67L
I67L_RC	IAWZ_RC
I67L_RC	I91K_RC
I67L_RC	IRD
I67L_RC	I2UZ
I681_RC	I681_RC
I681_RC	IAWI
I681_RC	IRU_RC
I681_RC	I2VF_RC
I681_RC	I681
I681_RC	IAWI_RC
I681_RC	IRU
I681_RC	I2VF
I68H_RC	I68H_RC
I68H_RC	IAW5
I68H_RC	IS7_RC
I68H_RC	I4UW
I68H_RC	I90R
I68H_RC	I2VV_RC
I68H_RC	I68H
I68H_RC	IAW5_RC
I68H_RC	IS7
I68H_RC	I4UW_RC
I68H_RC	I2VV
I68H_RC	I90R_RC
I68X_RC	I68X_RC
I68X_RC	IAVP
I68X_RC	ISN_RC
I68X_RC	I90B
I68X_RC	I2WB_RC
I68X_RC	I4UK
I68X_RC	I68X
I68X_RC	IAVP_RC
I68X_RC	ISN
I68X_RC	I2WB
I68X_RC	I90B_RC
I68X_RC	I4UK_RC
I69D_RC	I69D_RC
I69D_RC	I69D
I69T_RC	I69T_RC
I69T_RC	IAUS
I69T_RC	ITK_RC
I69T_RC	I8ZE
I69T_RC	I2X6_RC
I69T_RC	I4TN
I69T_RC	I69T
I69T_RC	IAUS_RC
I69T_RC	ITK
I69T_RC	I2X6
I69T_RC	I8ZE_RC
I69T_RC	I4TN_RC
I6A9_RC	I6A9_RC
I6A9_RC	IU1_RC
I6A9_RC	I2XM_RC
I6A9_RC	I4T8
I6A9_RC	I8Z0
I6A9_RC	IAU4
I6A9_RC	I6A9
I6A9_RC	IU1
I6A9_RC	I2XM
I6A9_RC	I4T8_RC
I6A9_RC	I8Z0_RC
I6A9_RC	IAU4_RC
I6CH_RC	I6CH_RC
I6CH_RC	I2ZU_RC
I6CH_RC	I4RX
I6CH_RC	I8XS
I6CH_RC	I6CH
I6CH_RC	I2ZU
I6CH_RC	I4RX_RC
I6CH_RC	I8XS_RC
I6CH_RC	IAT0
I6CH_RC	IV6_RC
I6CH_RC	IAT0_RC
I6CH_RC	IV6
I6CX_RC	I6CX_RC
I6CX_RC	I4QT
I6CX_RC	IASM
I6CX_RC	I8X4
I6CX_RC	I57D
I6CX_RC	I309_RC
I6CX_RC	I7Z1_RC
I6CX_RC	I8IM
I6CX_RC	I2FY_RC
I6CX_RC	IVK_RC
I6CX_RC	I6CX
I6CX_RC	I4QT_RC
I6CX_RC	IASM_RC
I6CX_RC	I8X4_RC
I6CX_RC	I309
I6CX_RC	I57D_RC
I6CX_RC	I7Z1
I6CX_RC	I2FY
I6CX_RC	I8IM_RC
I6CX_RC	IVK
I6DD_RC	I6DD_RC
I6DD_RC	I30P_RC
I6DD_RC	I62X_RC
I6DD_RC	IMR
I6DD_RC	I38
I6DD_RC	I2P7
I6DD_RC	IB1O_RC
I6F5_RC	I6F5_RC
I6F5_RC	I7W2
I6F5_RC	I2CZ
I6F5_RC	IBG9_RC
I6F5_RC	I32I_RC
I6F5_RC	I9KS_RC
I6F5_RC	I55P_RC
I6F5_RC	I6F5
I6F5_RC	I7W2_RC
I6F5_RC	I2CZ_RC
I6F5_RC	IBG9
I6F5_RC	I32I
I6F5_RC	I9KS
I6F5_RC	I55P
I6GX_RC	I6GX_RC
I6GX_RC	IYW_RC
I6GX_RC	I34A_RC
I6GX_RC	IAP7
I6GX_RC	I8T9
I6GX_RC	I4NJ
I6GX_RC	IYW
I6GX_RC	I6GX
I6GX_RC	I34A
I6GX_RC	IAP7_RC
I6GX_RC	I8T9_RC
I6GX_RC	I4NJ_RC
I6I9_RC	I6I9_RC
I6I9_RC	I4MC
I6I9_RC	I107_RC
I6I9_RC	I35M_RC
I6I9_RC	IANX
I6I9_RC	I8S0
I6I9_RC	I6I9
I6I9_RC	I4MC_RC
I6I9_RC	I107
I6I9_RC	I35M
I6I9_RC	IANX_RC
I6I9_RC	I8S0_RC
I6IP_RC	I6IP_RC
I6IP_RC	I4LX
I6IP_RC	I10N_RC
I6IP_RC	I362_RC
I6IP_RC	IANG
I6IP_RC	I8RK
I6IP_RC	I6IP
I6IP_RC	I4LX_RC
I6IP_RC	I10N
I6IP_RC	I362
I6IP_RC	IANG_RC
I6IP_RC	I8RK_RC
I6J5_RC	I6J5_RC
I6J5_RC	I4L1
I6J5_RC	I8RB
I6J5_RC	I113_RC
I6J5_RC	I36I_RC
I6J5_RC	IAN0
I6J5_RC	I6J5
I6J5_RC	I4L1_RC
I6J5_RC	I113
I6J5_RC	I8RB_RC
I6J5_RC	I36I
I6J5_RC	IAN0_RC
I6JL_RC	I6JL_RC
I6JL_RC	I4KI
I6JL_RC	I8QR
I6JL_RC	IAMH
I6JL_RC	I36Y_RC
I6JL_RC	I11N_RC
I6JL_RC	I6JL
I6JL_RC	I4KI_RC
I6JL_RC	I8QR_RC
I6JL_RC	IAMH_RC
I6JL_RC	I36Y
I6JL_RC	I11N
I6K1_RC	I6K1_RC
I6K1_RC	I4K3
I6K1_RC	I8QB
I6K1_RC	I12B_RC
I6K1_RC	IAM0
I6K1_RC	I37E_RC
I6K1_RC	I6K1
I6K1_RC	I12B
I6K1_RC	I4K3_RC
I6K1_RC	I8QB_RC
I6K1_RC	IAM0_RC
I6K1_RC	I37E
I6KH_RC	I6KH_RC
I6KH_RC	I4JN
I6KH_RC	I8PV
I6KH_RC	I12R_RC
I6KH_RC	IALK
I6KH_RC	I37U_RC
I6KH_RC	I6KH
I6KH_RC	I12R
I6KH_RC	I4JN_RC
I6KH_RC	I8PV_RC
I6KH_RC	IALK_RC
I6KH_RC	I37U
I6LT_RC	I6LT_RC
I6LT_RC	I4I9
I6LT_RC	I143_RC
I6LT_RC	IAK8
I6LT_RC	I396_RC
I6LT_RC	I8OF
I6LT_RC	I6LT
I6LT_RC	I4I9_RC
I6LT_RC	I143
I6LT_RC	IAK8_RC
I6LT_RC	I396
I6LT_RC	I8OF_RC
I6M9_RC	I6M9_RC
I6M9_RC	I14K_RC
I6M9_RC	IAJR
I6M9_RC	I39M_RC
I6M9_RC	I4HO
I6M9_RC	I8NY
I6M9_RC	I6M9
I6M9_RC	I14K
I6M9_RC	IAJR_RC
I6M9_RC	I39M
I6M9_RC	I4HO_RC
I6M9_RC	I8NY_RC
I6N5_RC	I6N5_RC
I6N5_RC	I8N9
I6N5_RC	I3AI_RC
I6N5_RC	I4GW
I6N5_RC	I6N5
I6N5_RC	I8N9_RC
I6N5_RC	I3AI
I6N5_RC	I4GW_RC
I6N5_RC	IAJ4
I6N5_RC	I15B_RC
I6N5_RC	IAJ4_RC
I6N5_RC	I15B
I6NL_RC	I6NL_RC
I6NL_RC	IAIR
I6NL_RC	I8MU
I6NL_RC	I3AY_RC
I6NL_RC	I15P_RC
I6NL_RC	I4GG
I6NL_RC	I6NL
I6NL_RC	IAIR_RC
I6NL_RC	I8MU_RC
I6NL_RC	I3AY
I6NL_RC	I15P
I6NL_RC	I4GG_RC
I6OX_RC	I6OX_RC
I6OX_RC	IAHG
I6OX_RC	I8LL
I6OX_RC	I3CA_RC
I6OX_RC	I170_RC
I6OX_RC	I4F4
I6OX_RC	I6OX
I6OX_RC	IAHG_RC
I6OX_RC	I8LL_RC
I6OX_RC	I3CA
I6OX_RC	I170
I6OX_RC	I4F4_RC
I6PD_RC	I6PD_RC
I6PD_RC	IAH0
I6PD_RC	I4EE
I6PD_RC	I3CQ_RC
I6PD_RC	I17H_RC
I6PD_RC	I8L3
I6PD_RC	I6PD
I6PD_RC	IAH0_RC
I6PD_RC	I4EE_RC
I6PD_RC	I3CQ
I6PD_RC	I17H
I6PT_RC	I6PT_RC
I6PT_RC	IAGK
I6PT_RC	I3D6_RC
I6PT_RC	I17X_RC
I6PT_RC	I6PT
I6PT_RC	IAGK_RC
I6PT_RC	I3D6
I6PT_RC	I17X
I6Q9_RC	I6Q9_RC
I6Q9_RC	I4DX
I6Q9_RC	IAG5
I6Q9_RC	I189_RC
I6Q9_RC	I3DM_RC
I6Q9_RC	I6Q9
I6Q9_RC	I4DX_RC
I6Q9_RC	IAG5_RC
I6Q9_RC	I189
I6Q9_RC	I3DM
I6R5_RC	I6R5_RC
I6R5_RC	I3S1_RC
I6R5_RC	I4CY
I6R5_RC	IAF6
I6R5_RC	I1LW_RC
I6R5_RC	I751_RC
I6R5_RC	I8JR
I6R5_RC	I3EI_RC
I6R5_RC	IBXO
I6R5_RC	I198_RC
I6R5_RC	I5YM
I6R5_RC	I35T
I6R5_RC	IANQ_RC
I6R5_RC	I6IG
I6R5_RC	I4M5_RC
I6R5_RC	I10E
I6R5_RC	I2A_RC
I6R5_RC	I9QK
I6R5_RC	IBLO
I6R5_RC	I23M_RC
I6R5_RC	I9PY
I6R5_RC	I5KA
I6R5_RC	I5G0
I6R5_RC	I7MO_RC
I6R5_RC	I5MM
I6R5_RC	I7F5_RC
I6R5_RC	IBND
I6R5_RC	I9SD
I6R5_RC	IAF6_RC
I6R5_RC	I3EI
I6R5_RC	I198
I6R5_RC	I6R5
I6RL_RC	I6RL_RC
I6RL_RC	I4CI
I6RL_RC	IAER
I6RL_RC	I8JC
I6RL_RC	I3EY_RC
I6RL_RC	I19N_RC
I6RL_RC	I6RL
I6RL_RC	I4CI_RC
I6RL_RC	IAER_RC
I6RL_RC	I8JC_RC
I6RL_RC	I3EY
I6RL_RC	I19N
I6TT_RC	I6TT_RC
I6TT_RC	I8G4
I6TT_RC	I1BU_RC
I6TT_RC	I3H6_RC
I6TT_RC	IACR
I6TT_RC	I6TT
I6TT_RC	I8G4_RC
I6TT_RC	I1BU
I6TT_RC	I3H6
I6TT_RC	IACR_RC
I6UP_RC	I6UP_RC
I6UP_RC	I8FO
I6UP_RC	I1CA_RC
I6UP_RC	I3HN_RC
I6UP_RC	IACC
I6UP_RC	I49R
I6UP_RC	I6UP
I6UP_RC	I8FO_RC
I6UP_RC	I1CA
I6UP_RC	I3HN
I6UP_RC	IACC_RC
I6UP_RC	I49R_RC
I6V5_RC	I6V5_RC
I6V5_RC	I49D
I6V5_RC	I8FA
I6V5_RC	I1CQ_RC
I6V5_RC	I3I3_RC
I6V5_RC	IABW
I6VL_RC	I6VL_RC
I6VL_RC	I48X
I6VL_RC	I8EU
I6VL_RC	IABF
I6VL_RC	I1D7_RC
I6VL_RC	I3IJ_RC
I6VL_RC	I6VL
I6VL_RC	I48X_RC
I6VL_RC	I8EU_RC
I6VL_RC	I1D7
I6VL_RC	I3IJ
I6VL_RC	IABF_RC
I6W1_RC	I6W1_RC
I6W1_RC	I48I
I6W1_RC	I8EE
I6W1_RC	IAAX
I6W1_RC	I3IZ_RC
I6W1_RC	I1DP_RC
I6W1_RC	I6W1
I6W1_RC	I48I_RC
I6W1_RC	I8EE_RC
I6W1_RC	IAAX_RC
I6W1_RC	I3IZ
I6W1_RC	I1DP
I6WH_RC	I6WH_RC
I6WH_RC	I8DV
I6WH_RC	IAAH
I6WH_RC	I3JF_RC
I6WH_RC	I1E5_RC
I6WH_RC	I47Z
I6WH_RC	I6WH
I6WH_RC	I8DV_RC
I6WH_RC	IAAH_RC
I6WH_RC	I3JF
I6WH_RC	I1E5
I6WH_RC	I47Z_RC
I6WX_RC	I6WX_RC
I6WX_RC	I8DF
I6WX_RC	IA9Y
I6WX_RC	I3JV_RC
I6WX_RC	I47G
I6WX_RC	I6WX
I6WX_RC	I8DF_RC
I6WX_RC	IA9Y_RC
I6WX_RC	I3JV
I6WX_RC	I47G_RC
I6XD_RC	I6XD_RC
I6XD_RC	I8CZ
I6XD_RC	IA9I
I6XD_RC	I3KB_RC
I6XD_RC	I470
I6XD_RC	I1F2_RC
I6XD_RC	I6XD
I6XD_RC	I8CZ_RC
I6XD_RC	IA9I_RC
I6XD_RC	I3KB
I6XD_RC	I470_RC
I6XD_RC	I1F2
I6XT_RC	I6XT_RC
I6XT_RC	IA91
I6XT_RC	I3KR_RC
I6XT_RC	I46L
I6XT_RC	I1FJ_RC
I6XT_RC	I6XT
I6XT_RC	IA91_RC
I6XT_RC	I3KR
I6XT_RC	I46L_RC
I6XT_RC	I1FJ
I6Y9_RC	I6Y9_RC
I6Y9_RC	I8C5
I6Y9_RC	I3L7_RC
I6Y9_RC	I6Y9
I6Y9_RC	I8C5_RC
I6Y9_RC	I3L7
I6YP_RC	I6YP_RC
I6YP_RC	IA85
I6YP_RC	I8BR
I6YP_RC	I45M
I6YP_RC	I3LN_RC
I6YP_RC	I1GF_RC
I6YP_RC	I6YP
I6YP_RC	IA85_RC
I6YP_RC	I8BR_RC
I6YP_RC	I45M_RC
I6YP_RC	I3LN
I6YP_RC	I1GF
I6Z5_RC	I6Z5_RC
I6Z5_RC	IA7M
I6Z5_RC	I8BD
I6Z5_RC	I3M3_RC
I6Z5_RC	I459
I6Z5_RC	I1GV_RC
I6Z5_RC	I6Z5
I6Z5_RC	IA7M_RC
I6Z5_RC	I8BD_RC
I6Z5_RC	I3M3
I6Z5_RC	I459_RC
I6Z5_RC	I1GV
I6ZL_RC	I6ZL_RC
I6ZL_RC	IA7A
I6ZL_RC	I8AV
I6ZL_RC	I3MJ_RC
I6ZL_RC	I1H8_RC
I6ZL_RC	I44U
I6ZL_RC	I6ZL
I6ZL_RC	IA7A_RC
I6ZL_RC	I8AV_RC
I6ZL_RC	I3MJ
I6ZL_RC	I1H8
I6ZL_RC	I44U_RC
I701_RC	I701_RC
I701_RC	IA6R
I701_RC	I8AD
I701_RC	I44D
I701_RC	I3N1_RC
I701_RC	I1HQ_RC
I701_RC	I701
I701_RC	IA6R_RC
I701_RC	I8AD_RC
I701_RC	I3N1
I701_RC	I44D_RC
I701_RC	I1HQ
I70X_RC	I70X_RC
I70X_RC	IA5V
I70X_RC	I3NX_RC
I70X_RC	I1IN_RC
I70X_RC	I70X
I70X_RC	IA5V_RC
I70X_RC	I3NX
I70X_RC	I1IN
I71D_RC	I71D_RC
I71D_RC	I436
I71D_RC	IA5G
I71D_RC	I88S
I71D_RC	I3OD_RC
I71D_RC	I1J3_RC
I71D_RC	I71D
I71D_RC	I436_RC
I71D_RC	IA5G_RC
I71D_RC	I88S_RC
I71D_RC	I3OD
I71D_RC	I1J3
I735_RC	I735_RC
I735_RC	I877
I735_RC	I1K3_RC
I735_RC	IA49
I735_RC	I3Q5_RC
I735_RC	I426
I735_RC	I735
I735_RC	I1K3
I735_RC	I877_RC
I735_RC	IA49_RC
I735_RC	I3Q5
I735_RC	I426_RC
I73L_RC	I73L_RC
I73L_RC	IA3S
I73L_RC	I3QL_RC
I73L_RC	I73L
I73L_RC	IA3S_RC
I73L_RC	I3QL
I74X_RC	I74X_RC
I74X_RC	I5YQ
I74X_RC	IA2J
I74X_RC	I3RX_RC
I74X_RC	IBXS
I74X_RC	I1LS_RC
I74X_RC	I74X
I74X_RC	I5YQ_RC
I74X_RC	IA2J_RC
I74X_RC	I3RX
I74X_RC	I1LS
I74X_RC	IBXS_RC
I769_RC	I769_RC
I769_RC	IBWH
I769_RC	IA16
I769_RC	I5X7
I769_RC	I3T9_RC
I769_RC	I1N3_RC
I769_RC	I769
I769_RC	IBWH_RC
I769_RC	IA16_RC
I769_RC	I5X7_RC
I769_RC	I3T9
I769_RC	I1N3
I781_RC	I781_RC
I781_RC	IBUR
I781_RC	I3V1_RC
I781_RC	I1OU_RC
I781_RC	I781
I781_RC	IBUR_RC
I781_RC	I3V1
I781_RC	I1OU
I78H_RC	I78H_RC
I78H_RC	IBUD
I78H_RC	I9YU
I78H_RC	IBUE
I78H_RC	I5UY
I78H_RC	I1P7_RC
I78H_RC	I1P8_RC
I78H_RC	I3VW_RC
I78H_RC	I78H
I78H_RC	IBUD_RC
I78H_RC	I9YU_RC
I78H_RC	IBUE_RC
I78H_RC	I5UY_RC
I78H_RC	I1P7
I78H_RC	I1P8
I78H_RC	I3VW
I78X_RC	I78X_RC
I78X_RC	IBTX
I78X_RC	I9YE
I78X_RC	I5UH
I78X_RC	I3WC_RC
I78X_RC	I1PP_RC
I78X_RC	I78X
I78X_RC	IBTX_RC
I78X_RC	I9YE_RC
I78X_RC	I5UH_RC
I78X_RC	I3WC
I78X_RC	I1PP
I79T_RC	I79T_RC
I79T_RC	IBT0
I79T_RC	I5TJ
I79T_RC	I9XJ
I79T_RC	I3X8_RC
I79T_RC	I1QM_RC
I79T_RC	I79T
I79T_RC	IBT0_RC
I79T_RC	I5TJ_RC
I79T_RC	I9XJ_RC
I79T_RC	I3X8
I79T_RC	I1QM
I7A9_RC	I7A9_RC
I7A9_RC	IBSK
I7A9_RC	I5T5
I7A9_RC	I9X5
I7A9_RC	I3XO_RC
I7A9_RC	I1R2_RC
I7A9_RC	I7A9
I7A9_RC	IBSK_RC
I7A9_RC	I5T5_RC
I7A9_RC	I9X5_RC
I7A9_RC	I3XO
I7A9_RC	I1R2
I7AP_RC	I7AP_RC
I7AP_RC	I5SQ
I7AP_RC	I9WQ
I7AP_RC	I3Y4_RC
I7AP_RC	I7AP
I7AP_RC	I5SQ_RC
I7AP_RC	I9WQ_RC
I7AP_RC	I3Y4
I7B5_RC	I7B5_RC
I7B5_RC	IBRP
I7B5_RC	I5SB
I7B5_RC	I9WB
I7B5_RC	I3YK_RC
I7B5_RC	I1RY_RC
I7B5_RC	I7B5
I7B5_RC	IBRP_RC
I7B5_RC	I5SB_RC
I7B5_RC	I9WB_RC
I7B5_RC	I3YK
I7B5_RC	I1RY
I7BL_RC	I7BL_RC
I7BL_RC	IBRB
I7BL_RC	I1SC_RC
I7BL_RC	I3Z0_RC
I7BL_RC	I7BL
I7BL_RC	IBRB_RC
I7BL_RC	I1SC
I7BL_RC	I3Z0
I7C1_RC	I7C1_RC
I7C1_RC	IBQU
I7C1_RC	I1SS_RC
I7C1_RC	I3ZG_RC
I7C1_RC	I5RH
I7C1_RC	I9VH
I7C1_RC	I7C1
I7C1_RC	IBQU_RC
I7C1_RC	I1SS
I7C1_RC	I3ZG
I7C1_RC	I5RH_RC
I7C1_RC	I9VH_RC
I7DD_RC	I7DD_RC
I7DD_RC	I40S_RC
I7DD_RC	I9U5
I7DD_RC	I7DD
I7DD_RC	I40S
I7DD_RC	I9U5_RC
I7DT_RC	I7DT_RC
I7DT_RC	I1UR_RC
I7DT_RC	IBOR
I7DT_RC	I418_RC
I7DT_RC	I9TS
I7DT_RC	I7DT
I7DT_RC	I1UR
I7DT_RC	IBOR_RC
I7DT_RC	I418
I7DT_RC	I9TS_RC
I7E9_RC	I7E9_RC
I7E9_RC	I5NL
I7E9_RC	I1V7_RC
I7E9_RC	I41O_RC
I7E9_RC	I9TB
I7E9_RC	I7E9
I7E9_RC	I5NL_RC
I7E9_RC	I1V7
I7E9_RC	I41O
I7E9_RC	I9TB_RC
I7G1_RC	I7G1_RC
I7G1_RC	I1WZ_RC
I7G1_RC	I1H_RC
I7G1_RC	IBMH
I7G1_RC	I9RG
I7G1_RC	I5LP
I7G1_RC	I7G1
I7G1_RC	I1WZ
I7G1_RC	I1H
I7G1_RC	IBMH_RC
I7G1_RC	I9RG_RC
I7G1_RC	I5LP_RC
I7GH_RC	I7GH_RC
I7GH_RC	I1XF_RC
I7GH_RC	I1X_RC
I7GH_RC	IBM1
I7GH_RC	I5L7
I7GH_RC	I9R1
I7GH_RC	I7GH
I7GH_RC	I1XF
I7GH_RC	I1X
I7GH_RC	IBM1_RC
I7GH_RC	I5L7_RC
I7GH_RC	I9R1_RC
I7GX_RC	I7GX_RC
I7GX_RC	I1XV_RC
I7GX_RC	I2E_RC
I7GX_RC	I9QG
I7GX_RC	IBLK
I7GX_RC	I5KR
I7GX_RC	I7GX
I7GX_RC	I1XV
I7GX_RC	I2E
I7GX_RC	I9QG_RC
I7GX_RC	IBLK_RC
I7GX_RC	I5KR_RC
I7KX_RC	I7KX_RC
I7KX_RC	I21V_RC
I7KX_RC	IBIS
I7KX_RC	I5X_RC
I7KX_RC	I5HO
I7KX_RC	I9NH
I7KX_RC	I7KX
I7KX_RC	I21V
I7KX_RC	IBIS_RC
I7KX_RC	I5X
I7KX_RC	I5HO_RC
I7KX_RC	I9NH_RC
I7LD_RC	I7LD_RC
I7LD_RC	I22B_RC
I7LD_RC	I6C_RC
I7LD_RC	IBIE
I7LD_RC	I9N0
I7LD_RC	I5H9
I7LD_RC	I7LD
I7LD_RC	I22B
I7LD_RC	I6C
I7LD_RC	IBIE_RC
I7LD_RC	I9N0_RC
I7LD_RC	I5H9_RC
I7LT_RC	I7LT_RC
I7LT_RC	I6Q_RC
I7LT_RC	I22R_RC
I7LT_RC	IBI0
I7LT_RC	I9MN
I7LT_RC	I5GW
I7LT_RC	I7LT
I7LT_RC	I6Q
I7LT_RC	I22R
I7LT_RC	IBI0_RC
I7LT_RC	I9MN_RC
I7LT_RC	I5GW_RC
I7M9_RC	I7M9_RC
I7M9_RC	I76_RC
I7M9_RC	I237_RC
I7M9_RC	IBHK
I7M9_RC	I9M7
I7M9_RC	I5GG
I7M9_RC	I7M9
I7M9_RC	I76
I7M9_RC	I237
I7M9_RC	IBHK_RC
I7M9_RC	I9M7_RC
I7M9_RC	I5GG_RC
I7N5_RC	I7N5_RC
I7N5_RC	I243_RC
I7N5_RC	IBGR
I7N5_RC	I7Z_RC
I7N5_RC	I7N5
I7N5_RC	I243
I7N5_RC	IBGR_RC
I7N5_RC	I7Z
I7NL_RC	I7NL_RC
I7NL_RC	I24J_RC
I7NL_RC	IBGA
I7NL_RC	I9KV
I7NL_RC	I8G_RC
I7NL_RC	I5F6
I7NL_RC	I7NL
I7NL_RC	I24J
I7NL_RC	IBGA_RC
I7NL_RC	I9KV_RC
I7NL_RC	I8G
I7NL_RC	I5F6_RC
I7OX_RC	I7OX_RC
I7OX_RC	I25U_RC
I7OX_RC	I5DY
I7OX_RC	I9J0
I7OX_RC	IA7_RC
I7OX_RC	IBEO
I7OX_RC	I7OX
I7OX_RC	I25U
I7OX_RC	I5DY_RC
I7OX_RC	I9J0_RC
I7OX_RC	IA7
I7OX_RC	IBEO_RC
I7R5_RC	I7R5_RC
I7R5_RC	I282_RC
I7R5_RC	IB03_RC
I7R5_RC	I81X_RC
I7R5_RC	I2IU_RC
I7R5_RC	I96X
I7R5_RC	I556
I7R5_RC	I9KD
I7R5_RC	I7R5
I7R5_RC	I282
I7R5_RC	IB03
I7R5_RC	I81X
I7R5_RC	I2IU
I7R5_RC	I96X_RC
I7R5_RC	I556_RC
I7R5_RC	I9KD_RC
I7S1_RC	I7S1_RC
I7S1_RC	I9GH
I7S1_RC	I28Y_RC
I7S1_RC	I5BR
I7S1_RC	IBC7
I7S1_RC	ICP_RC
I7S1_RC	I7S1
I7S1_RC	I9GH_RC
I7S1_RC	I28Y
I7S1_RC	I5BR_RC
I7S1_RC	IBC7_RC
I7S1_RC	ICP
I7SX_RC	I7SX_RC
I7SX_RC	I29U_RC
I7SX_RC	I9FO
I7SX_RC	I7SX
I7SX_RC	I29U
I7SX_RC	I9FO_RC
I7TD_RC	I7TD_RC
I7TD_RC	I2AA_RC
I7TD_RC	I9F7
I7TD_RC	IDV_RC
I7TD_RC	I5A0
I7TD_RC	IBAH
I7TD_RC	I7TD
I7TD_RC	I2AA
I7TD_RC	IDV
I7TD_RC	I9F7_RC
I7TD_RC	I5A0_RC
I7TD_RC	IBAH_RC
I7TT_RC	I7TT_RC
I7TT_RC	I2AQ_RC
I7TT_RC	IEC_RC
I7TT_RC	I9ED
I7TT_RC	IB9Z
I7TT_RC	I59L
I7TT_RC	I7TT
I7TT_RC	I2AQ
I7TT_RC	IEC
I7TT_RC	I9ED_RC
I7TT_RC	IB9Z_RC
I7TT_RC	I59L_RC
I7U9_RC	I7U9_RC
I7U9_RC	I2B6_RC
I7U9_RC	IER_RC
I7U9_RC	I9DY
I7U9_RC	IB9K
I7U9_RC	I598
I7U9_RC	I7U9
I7U9_RC	I2B6
I7U9_RC	IER
I7U9_RC	I9DY_RC
I7U9_RC	IB9K_RC
I7U9_RC	I598_RC
I7VL_RC	I7VL_RC
I7VL_RC	IF6_RC
I7VL_RC	I2CI_RC
I7VL_RC	IB95
I7VL_RC	I7VL
I7VL_RC	IF6
I7VL_RC	I2CI
I7VL_RC	IB95_RC
I7WX_RC	I7WX_RC
I7WX_RC	I2DU_RC
I7WX_RC	I2RD_RC
I7WX_RC	I60S
I7WX_RC	I7WX
I7WX_RC	I2DU
I7WX_RC	I2RD
I7WX_RC	I60S_RC
I7WX_RC	I2S3
I7WX_RC	I52Q
I7WX_RC	I6C5
I7WX_RC	I7UW_RC
I7WX_RC	I64P
I7WX_RC	I2BT_RC
I7WX_RC	I80P_RC
I7WX_RC	I2HM_RC
I7WX_RC	I2ZI
I7WX_RC	I841
I7WX_RC	I2KY
I7WX_RC	IOI_RC
I7WX_RC	IAZU
I7WX_RC	I841_RC
I7WX_RC	IOI
I7WX_RC	I2KY_RC
I7WX_RC	IAZU_RC
I7Z5_RC	I7Z5_RC
I7Z5_RC	IB8I
I7Z5_RC	I2G2_RC
I7Z5_RC	I9D0
I7Z5_RC	I579
I7Z5_RC	IFT_RC
I7Z5_RC	I7Z5
I7Z5_RC	I2G2
I7Z5_RC	IB8I_RC
I7Z5_RC	I9D0_RC
I7Z5_RC	I579_RC
I7Z5_RC	IFT
I7ZL_RC	I7ZL_RC
I7ZL_RC	IB82
I7ZL_RC	I2GI_RC
I7ZL_RC	I9CK
I7ZL_RC	I56T
I7ZL_RC	IG9_RC
I7ZL_RC	I7ZL
I7ZL_RC	I2GI
I7ZL_RC	IB82_RC
I7ZL_RC	I9CK_RC
I7ZL_RC	I56T_RC
I7ZL_RC	IG9
I801_RC	I801_RC
I801_RC	I9C2
I801_RC	IB7M
I801_RC	I2GY_RC
I801_RC	I56D
I801_RC	IGP_RC
I801_RC	I801
I801_RC	I2GY
I801_RC	I9C2_RC
I801_RC	IB7M_RC
I801_RC	I56D_RC
I801_RC	IGP
I81D_RC	I81D_RC
I81D_RC	I9BL
I81D_RC	IB75
I81D_RC	I2IA_RC
I81D_RC	I55W
I81D_RC	IH6_RC
I81D_RC	I81D
I81D_RC	I9BL_RC
I81D_RC	IB75_RC
I81D_RC	I2IA
I81D_RC	I55W_RC
I81D_RC	IH6
I88H_RC	I88H_RC
I88H_RC	IA51_RC
I88H_RC	I42U_RC
I88H_RC	I3OO
I88H_RC	I1JF
I88H_RC	I71O
I88H_RC	I88H
I88H_RC	IA51
I88H_RC	I42U
I88H_RC	I3OO_RC
I88H_RC	I1JF_RC
I88H_RC	I71O_RC
I8BL_RC	I8BL_RC
I8BL_RC	I45G_RC
I8BL_RC	I1GL
I8BL_RC	IA7Z_RC
I8BL_RC	I8BL
I8BL_RC	I45G
I8BL_RC	I1GL_RC
I8BL_RC	IA7Z
I8CX_RC	I8CX_RC
I8CX_RC	I6XF
I8CX_RC	IA9G_RC
I8CX_RC	I46Y_RC
I8CX_RC	I3KD
I8CX_RC	I1F4
I8CX_RC	I8CX
I8CX_RC	I6XF_RC
I8CX_RC	IA9G
I8CX_RC	I46Y
I8CX_RC	I3KD_RC
I8CX_RC	I1F4_RC
I8DD_RC	I8DD_RC
I8DD_RC	I6WZ
I8DD_RC	IA9W_RC
I8DD_RC	I47E_RC
I8DD_RC	I3JX
I8DD_RC	I1EO
I8DD_RC	I8DD
I8DD_RC	I6WZ_RC
I8DD_RC	IA9W
I8DD_RC	I47E
I8DD_RC	I3JX_RC
I8DD_RC	I1EO_RC
I8DT_RC	I8DT_RC
I8DT_RC	I6WJ
I8DT_RC	IAAF_RC
I8DT_RC	I3JH
I8DT_RC	I47X_RC
I8DT_RC	I1E7
I8DT_RC	I8DT
I8DT_RC	I6WJ_RC
I8DT_RC	IAAF
I8DT_RC	I47X
I8DT_RC	I3JH_RC
I8DT_RC	I1E7_RC
I8F5_RC	I8F5_RC
I8F5_RC	I6VA
I8F5_RC	IABR_RC
I8F5_RC	I498_RC
I8F5_RC	I1CV
I8F5_RC	I3I8
I8F5_RC	I8F5
I8F5_RC	I6VA_RC
I8F5_RC	IABR
I8F5_RC	I498
I8F5_RC	I1CV_RC
I8F5_RC	I3I8_RC
I8G1_RC	I8G1_RC
I8G1_RC	I6TW
I8G1_RC	IACO_RC
I8G1_RC	I4A1_RC
I8G1_RC	I1BX
I8G1_RC	I3H9
I8G1_RC	I8G1
I8G1_RC	I6TW_RC
I8G1_RC	IACO
I8G1_RC	I4A1
I8G1_RC	I1BX_RC
I8G1_RC	I3H9_RC
I8GX_RC	I8GX_RC
I8GX_RC	I6T1
I8GX_RC	I4AU_RC
I8GX_RC	IADJ_RC
I8GX_RC	I1B2
I8GX_RC	I3GE
I8GX_RC	I8GX
I8GX_RC	I6T1_RC
I8GX_RC	I4AU
I8GX_RC	IADJ
I8GX_RC	I1B2_RC
I8GX_RC	I3GE_RC
I8HT_RC	I8HT_RC
I8HT_RC	I1AA
I8HT_RC	IAEB_RC
I8HT_RC	I3FO
I8HT_RC	I4BS_RC
I8HT_RC	I6SB
I8HT_RC	I8HT
I8HT_RC	I1AA_RC
I8HT_RC	IAEB
I8HT_RC	I3FO_RC
I8HT_RC	I4BS
I8HT_RC	I6SB_RC
I8J5_RC	I8J5_RC
I8J5_RC	I5QU_RC
I8J5_RC	I8J5
I8J5_RC	I5QU
I8KX_RC	I8KX_RC
I8KX_RC	I17N
I8KX_RC	I6PJ
I8KX_RC	IAGU_RC
I8KX_RC	I3CW
I8KX_RC	I4E8_RC
I8KX_RC	I8KX
I8KX_RC	I17N_RC
I8KX_RC	I6PJ_RC
I8KX_RC	IAGU
I8KX_RC	I4E8
I8KX_RC	I3CW_RC
I8NL_RC	I8NL_RC
I8NL_RC	I8NL
I8PD_RC	I8PD_RC
I8PD_RC	I135
I8PD_RC	I4J5_RC
I8PD_RC	IAL6_RC
I8PD_RC	I6KW
I8PD_RC	I389
I8PD_RC	I8PD
I8PD_RC	I4J5
I8PD_RC	I135_RC
I8PD_RC	I389_RC
I8PD_RC	IAL6
I8PD_RC	I6KW_RC
I8PT_RC	I8PT_RC
I8PT_RC	I4JL_RC
I8PT_RC	I6KJ
I8PT_RC	I12T
I8PT_RC	IALI_RC
I8PT_RC	I37W
I8PT_RC	I8PT
I8PT_RC	I4JL
I8PT_RC	I6KJ_RC
I8PT_RC	I12T_RC
I8PT_RC	IALI
I8PT_RC	I37W_RC
I8Q9_RC	I8Q9_RC
I8Q9_RC	I4K1_RC
I8Q9_RC	I6K3
I8Q9_RC	I12D
I8Q9_RC	IALY_RC
I8Q9_RC	I37G
I8Q9_RC	I8Q9
I8Q9_RC	I4K1
I8Q9_RC	I6K3_RC
I8Q9_RC	I12D_RC
I8Q9_RC	IALY
I8Q9_RC	I37G_RC
I8RL_RC	I8RL_RC
I8RL_RC	I10M
I8RL_RC	I361
I8RL_RC	IANH_RC
I8RL_RC	I6IO
I8RL_RC	IANH
I8RL_RC	I10M_RC
I8RL_RC	I6IO_RC
I8RL_RC	I8RL
I8RL_RC	I361_RC
I8SH_RC	I8SH_RC
I8SH_RC	I4MT_RC
I8SH_RC	IZQ
I8SH_RC	I355
I8SH_RC	IAOE_RC
I8SH_RC	I6HS
I8SH_RC	I8SH
I8SH_RC	I4MT
I8SH_RC	IZQ_RC
I8SH_RC	I355_RC
I8SH_RC	IAOE
I8SH_RC	I6HS_RC
I8TD_RC	I8TD_RC
I8TD_RC	I8TD
I8U9_RC	I8U9_RC
I8U9_RC	I4OI_RC
I8U9_RC	IXW
I8U9_RC	I33D
I8U9_RC	IAQ7_RC
I8U9_RC	I6G0
I8U9_RC	I8U9
I8U9_RC	I4OI
I8U9_RC	IXW_RC
I8U9_RC	I33D_RC
I8U9_RC	IAQ7
I8U9_RC	I6G0_RC
I8V5_RC	I8V5_RC
I8V5_RC	I4PD_RC
I8V5_RC	I6EB
I8V5_RC	IX0
I8V5_RC	I31N
I8V5_RC	IAR3_RC
I8V5_RC	I8V5
I8V5_RC	I4PD
I8V5_RC	I6EB_RC
I8V5_RC	IX0_RC
I8V5_RC	I31N_RC
I8V5_RC	IAR3
I8WH_RC	I8WH_RC
I8WH_RC	I8WH
I8WX_RC	I8WX_RC
I8WX_RC	IVQ
I8WX_RC	I6D4
I8WX_RC	I4QN_RC
I8WX_RC	IASF_RC
I8WX_RC	I30G
I8WX_RC	I8WX
I8WX_RC	IVQ_RC
I8WX_RC	I6D4_RC
I8WX_RC	I4QN
I8WX_RC	IASF
I8WX_RC	I30G_RC
I8XD_RC	I8XD_RC
I8XD_RC	I4R5_RC
I8XD_RC	I4R6_RC
I8XD_RC	I4R6
I8Y9_RC	I8Y9_RC
I8Y9_RC	I6B6
I8Y9_RC	I6B5
I8Y9_RC	I6B7
I8Y9_RC	I2YI
I8Y9_RC	I2YJ
I8Y9_RC	I2YK
I8Y9_RC	IUL
I8Y9_RC	IUN
I8Y9_RC	I8Y9
I8Y9_RC	I6B6_RC
I8Y9_RC	I6B5_RC
I8Y9_RC	I6B7_RC
I8Y9_RC	I2YI_RC
I8Y9_RC	I2YJ_RC
I8Y9_RC	I2YK_RC
I8Y9_RC	IUL_RC
I8Y9_RC	IUN_RC
I8YP_RC	I8YP_RC
I8YP_RC	I8YP
I93L_RC	I93L_RC
I93L_RC	I65I
I93L_RC	I4XN_RC
I93L_RC	IP9
I93L_RC	IAZ3_RC
I93L_RC	I2SW
I93L_RC	I93L
I93L_RC	I65I_RC
I93L_RC	I4XN
I93L_RC	IP9_RC
I93L_RC	IAZ3
I93L_RC	I2SW_RC
I941_RC	I941_RC
I941_RC	I652
I941_RC	I4Y3_RC
I941_RC	IOT
I941_RC	IAZJ_RC
I941_RC	I2SG
I941_RC	I941
I941_RC	I652_RC
I941_RC	I4Y3
I941_RC	IOT_RC
I941_RC	IAZJ
I941_RC	I2SG_RC
I94X_RC	I94X_RC
I94X_RC	I2PW
I94X_RC	IB11_RC
I94X_RC	I4ZC_RC
I94X_RC	INE
I94X_RC	I628_RC
I94X_RC	I94X
I94X_RC	I2PW_RC
I94X_RC	IB11
I94X_RC	I4ZC
I94X_RC	INE_RC
I94X_RC	I628
I969_RC	I969_RC
I969_RC	I2OK
I969_RC	IB2D_RC
I969_RC	IM3
I969_RC	I50E_RC
I969_RC	I63K_RC
I969_RC	I969
I969_RC	I2OK_RC
I969_RC	IB2D
I969_RC	IM3_RC
I969_RC	I50E
I969_RC	I63K
I975_RC	I975_RC
I975_RC	I975
I981_RC	I981_RC
I981_RC	I51I_RC
I981_RC	IK8
I981_RC	I2MJ
I981_RC	I85N
I981_RC	IB3Y_RC
I981_RC	I981
I981_RC	I51I
I981_RC	IK8_RC
I981_RC	I2MJ_RC
I981_RC	I85N_RC
I981_RC	IB3Y
I99D_RC	I99D_RC
I99D_RC	IIX
I99D_RC	I83D
I99D_RC	I2KA
I99D_RC	I53E_RC
I99D_RC	IB58_RC
I99D_RC	I99D
I99D_RC	IIX_RC
I99D_RC	I83D_RC
I99D_RC	I53E
I99D_RC	I2KA_RC
I99D_RC	IB58
I9A9_RC	I9A9_RC
I9A9_RC	I3OZ_RC
I9A9_RC	I87N_RC
I9A9_RC	I9PH_RC
I9A9_RC	I71Z_RC
I9A9_RC	I8YN_RC
I9A9_RC	I9A9
I9A9_RC	I3OZ
I9A9_RC	I87N
I9A9_RC	I9PH
I9A9_RC	I71Z
I9A9_RC	I8YN
I9AP_RC	I9AP_RC
I9AP_RC	IB60_RC
I9AP_RC	I9AP
I9CH_RC	I9CH_RC
I9CH_RC	I56Q_RC
I9CH_RC	I7ZO
I9CH_RC	I2GL
I9CH_RC	IGC
I9CH_RC	IB7Z_RC
I9CH_RC	I9CH
I9CH_RC	I56Q
I9CH_RC	I7ZO_RC
I9CH_RC	I2GL_RC
I9CH_RC	IGC_RC
I9CH_RC	IB7Z
I9HD_RC	I9HD_RC
I9HD_RC	I5CN_RC
I9HD_RC	IBD3_RC
I9HD_RC	IBT
I9HD_RC	I7QJ
I9HD_RC	I27G
I9HD_RC	I9HD
I9HD_RC	I5CN
I9HD_RC	IBD3
I9HD_RC	IBT_RC
I9HD_RC	I7QJ_RC
I9HD_RC	I27G_RC
I9I9_RC	I9I9_RC
I9I9_RC	I9I9
I9I9_RC	I7PN_RC
I9I9_RC	I5D9
I9I9_RC	IBDY
I9I9_RC	IAY_RC
I9I9_RC	I26K_RC
I9I9_RC	I7PO_RC
I9I9_RC	I26L_RC
I9IP_RC	I9IP_RC
I9IP_RC	IBED_RC
I9IP_RC	IAI
I9IP_RC	I7P9
I9IP_RC	I266
I9IP_RC	I5DS_RC
I9IP_RC	I9IP
I9IP_RC	IBED
I9IP_RC	IAI_RC
I9IP_RC	I7P9_RC
I9IP_RC	I266_RC
I9IP_RC	I5DS
I9K1_RC	I9K1_RC
I9K1_RC	I93
I9K1_RC	I7NT
I9K1_RC	IBFT_RC
I9K1_RC	I24Q
I9K1_RC	I5F0_RC
I9K1_RC	I9K1
I9K1_RC	I93_RC
I9K1_RC	IBFT
I9K1_RC	I7NT_RC
I9K1_RC	I24Q_RC
I9K1_RC	I5F0
I9LD_RC	I9LD_RC
I9LD_RC	I5FN_RC
I9LD_RC	I7W
I9LD_RC	I7N2
I9LD_RC	IBGU_RC
I9LD_RC	I240
I9LD_RC	I9LD
I9LD_RC	I5FN
I9LD_RC	I7W_RC
I9LD_RC	IBGU
I9LD_RC	I7N2_RC
I9LD_RC	I240_RC
I9O1_RC	I9O1_RC
I9O1_RC	IBJD_RC
I9O1_RC	I7KB
I9O1_RC	I5I4_RC
I9O1_RC	I219
I9O1_RC	I5A
I9O1_RC	I9O1
I9O1_RC	IBJD
I9O1_RC	I7KB_RC
I9O1_RC	I5I4
I9O1_RC	I219_RC
I9O1_RC	I5A_RC
I9PD_RC	I9PD_RC
I9PD_RC	I9PD
I9QP_RC	I9QP_RC
I9QP_RC	I5KY_RC
I9QP_RC	I7GQ
I9QP_RC	I1XO
I9QP_RC	I26
I9QP_RC	IBLS_RC
I9QP_RC	I9QP
I9QP_RC	I5KY
I9QP_RC	I7GQ_RC
I9QP_RC	I1XO_RC
I9QP_RC	I26_RC
I9QP_RC	IBLS
I9R5_RC	I9R5_RC
I9R5_RC	I7GC
I9R5_RC	I1XA
I9R5_RC	IBM6_RC
I9R5_RC	I5LB_RC
I9R5_RC	I1S
I9R5_RC	I9R5
I9R5_RC	I7GC_RC
I9R5_RC	IBM6
I9R5_RC	I1XA_RC
I9R5_RC	I5LB
I9R5_RC	I1S_RC
I9RL_RC	I9RL_RC
I9RL_RC	I5LU_RC
I9RL_RC	I7FW
I9RL_RC	I1WU
I9RL_RC	IBMM_RC
I9RL_RC	I1C
I9RL_RC	I9RL
I9RL_RC	I5LU
I9RL_RC	I7FW_RC
I9RL_RC	IBMM
I9RL_RC	I1WU_RC
I9RL_RC	I1C_RC
I9SX_RC	I9SX_RC
I9SX_RC	I2
I9SX_RC	I5N7_RC
I9SX_RC	IBNX_RC
I9SX_RC	I7EM
I9SX_RC	I1VK
I9SX_RC	I9SX
I9SX_RC	I2_RC
I9SX_RC	I5N7
I9SX_RC	IBNX
I9SX_RC	I7EM_RC
I9SX_RC	I1VK_RC
I9TT_RC	I9TT_RC
I9TT_RC	I1UQ
I9TT_RC	I417
I9TT_RC	IBOS_RC
I9TT_RC	I7DS
I9TT_RC	I9TT
I9TT_RC	I1UQ_RC
I9TT_RC	I417_RC
I9TT_RC	IBOS
I9TT_RC	I7DS_RC
I9WH_RC	I9WH_RC
I9WH_RC	I5SH_RC
I9WH_RC	I3YD
I9WH_RC	I1RR
I9WH_RC	I7AY
I9WH_RC	IBRW_RC
I9WH_RC	I9WH
I9WH_RC	I5SH
I9WH_RC	I3YD_RC
I9WH_RC	I1RR_RC
I9WH_RC	I7AY_RC
I9WH_RC	IBRW
I9Z5_RC	I9Z5_RC
I9Z5_RC	I9Z5
IA0X_RC	IA0X_RC
IA0X_RC	I5WY_RC
IA0X_RC	I3TI
IA0X_RC	I1NC
IA0X_RC	IBW8_RC
IA0X_RC	I76I
IA0X_RC	IA0X
IA0X_RC	I5WY
IA0X_RC	I3TI_RC
IA0X_RC	IBW8
IA0X_RC	I1NC_RC
IA0X_RC	I76I_RC
IA1D_RC	IA1D_RC
IA1D_RC	I5XF_RC
IA1D_RC	I1MV
IA1D_RC	I3T0
IA1D_RC	I760
IA1D_RC	IBWP_RC
IA1D_RC	IA1D
IA1D_RC	I5XF
IA1D_RC	I1MV_RC
IA1D_RC	I3T0_RC
IA1D_RC	I760_RC
IA1D_RC	IBWP
IA2P_RC	IA2P_RC
IA2P_RC	IBXW_RC
IA2P_RC	I5YU_RC
IA2P_RC	I3RT
IA2P_RC	I1LO
IA2P_RC	I74T
IA2P_RC	IA2P
IA2P_RC	IBXW
IA2P_RC	I5YU
IA2P_RC	I3RT_RC
IA2P_RC	I1LO_RC
IA2P_RC	I74T_RC
IA4X_RC	IA4X_RC
IA4X_RC	I42P_RC
IA4X_RC	I882_RC
IA4X_RC	I3OS
IA4X_RC	I1JJ
IA4X_RC	I71S
IA4X_RC	IA4X
IA4X_RC	I42P
IA4X_RC	I882
IA4X_RC	I3OS_RC
IA4X_RC	I1JJ_RC
IA4X_RC	I71S_RC
IA5D_RC	IA5D_RC
IA5D_RC	I1J6
IA5D_RC	I71G
IA5D_RC	I88P_RC
IA5D_RC	I433_RC
IA5D_RC	I3OG
IA5D_RC	IA5D
IA5D_RC	I1J6_RC
IA5D_RC	I71G_RC
IA5D_RC	I88P
IA5D_RC	I433
IA5D_RC	I3OG_RC
IA6P_RC	IA6P_RC
IA6P_RC	I703
IA6P_RC	I8AB_RC
IA6P_RC	I44B_RC
IA6P_RC	I3N3
IA6P_RC	I1HS
IA6P_RC	IA6P
IA6P_RC	I8AB
IA6P_RC	I703_RC
IA6P_RC	I44B
IA6P_RC	I3N3_RC
IA6P_RC	I1HS_RC
IA81_RC	IA81_RC
IA81_RC	I1GJ
IA81_RC	I8BN_RC
IA81_RC	I6YT
IA81_RC	I45I_RC
IA81_RC	I3LR
IA81_RC	IA81
IA81_RC	I8BN
IA81_RC	I1GJ_RC
IA81_RC	I6YT_RC
IA81_RC	I45I
IA81_RC	I3LR_RC
IA8H_RC	IA8H_RC
IA8H_RC	I1G4
IA8H_RC	I45Y_RC
IA8H_RC	IA8H
IA8H_RC	I1G4_RC
IA8H_RC	I45Y
IA8X_RC	IA8X_RC
IA8X_RC	I1FN
IA8X_RC	I6XX
IA8X_RC	I46H_RC
IA8X_RC	I3KV
IA8X_RC	I8CF_RC
IA8X_RC	IA8X
IA8X_RC	I1FN_RC
IA8X_RC	I6XX_RC
IA8X_RC	I46H
IA8X_RC	I8CF
IA8X_RC	I3KV_RC
IA9D_RC	IA9D_RC
IA9D_RC	I1F7
IA9D_RC	I46X_RC
IA9D_RC	I8CW_RC
IA9D_RC	IA9D
IA9D_RC	I1F7_RC
IA9D_RC	I46X
IA9D_RC	I8CW
IA9T_RC	IA9T_RC
IA9T_RC	I1ER
IA9T_RC	I6X2
IA9T_RC	I47B_RC
IA9T_RC	I8DA_RC
IA9T_RC	I3K0
IA9T_RC	IA9T
IA9T_RC	I1ER_RC
IA9T_RC	I6X2_RC
IA9T_RC	I47B
IA9T_RC	I8DA
IA9T_RC	I3K0_RC
IAA9_RC	IAA9_RC
IAA9_RC	I3JM
IAA9_RC	I1EC
IAA9_RC	I47R_RC
IAA9_RC	I6WO
IAA9_RC	I8DO_RC
IAA9_RC	IAA9
IAA9_RC	I3JM_RC
IAA9_RC	I1EC_RC
IAA9_RC	I47R
IAA9_RC	I6WO_RC
IAA9_RC	I8DO
IAAP_RC	IAAP_RC
IAAP_RC	I3J7
IAAP_RC	I1DX
IAAP_RC	I6W9
IAAP_RC	I48A_RC
IAAP_RC	I8E6_RC
IAAP_RC	IAAP
IAAP_RC	I3J7_RC
IAAP_RC	I1DX_RC
IAAP_RC	I6W9_RC
IAAP_RC	I48A
IAAP_RC	I8E6
IAB5_RC	IAB5_RC
IAB5_RC	I3IR
IAB5_RC	I1DH
IAB5_RC	I6VT
IAB5_RC	I8EM_RC
IAB5_RC	IAB5
IAB5_RC	I3IR_RC
IAB5_RC	I1DH_RC
IAB5_RC	I6VT_RC
IAB5_RC	I8EM
IABL_RC	IABL_RC
IABL_RC	I1D1
IABL_RC	I3ID
IABL_RC	I493_RC
IABL_RC	I6VF
IABL_RC	I8F0_RC
IABL_RC	IABL
IABL_RC	I1D1_RC
IABL_RC	I3ID_RC
IABL_RC	I493
IABL_RC	I6VF_RC
IABL_RC	I8F0
IAC1_RC	IAC1_RC
IAC1_RC	I1CL
IAC1_RC	I3HY
IAC1_RC	I49I_RC
IAC1_RC	I8FF_RC
IAC1_RC	I6V0
IAC1_RC	IAC1
IAC1_RC	I1CL_RC
IAC1_RC	I49I
IAC1_RC	I3HY_RC
IAC1_RC	I8FF
IAC1_RC	I6V0_RC
IACH_RC	IACH_RC
IACH_RC	I1C4
IACH_RC	I3HH
IACH_RC	I8FT_RC
IACH_RC	I6U4
IACH_RC	IACH
IACH_RC	I1C4_RC
IACH_RC	I3HH_RC
IACH_RC	I8FT
IACH_RC	I6U4_RC
IACX_RC	IACX_RC
IACX_RC	I1BO
IACX_RC	I3H0
IACX_RC	I8GA_RC
IACX_RC	I6TN
IACX_RC	I4A8_RC
IACX_RC	IACX
IACX_RC	I1BO_RC
IACX_RC	I3H0_RC
IACX_RC	I8GA
IACX_RC	I6TN_RC
IACX_RC	I4A8
IADD_RC	IADD_RC
IADD_RC	I1B8
IADD_RC	I3GK
IADD_RC	I6T7
IADD_RC	I4AO_RC
IADD_RC	I9L1
IADD_RC	I4G7
IADD_RC	I3B9_RC
IADD_RC	I15Y_RC
IADD_RC	I1QF_RC
IADD_RC	IAII
IADD_RC	I79M_RC
IADD_RC	IBT7
IADD_RC	I6NW_RC
IADD_RC	I9XQ
IADD_RC	IADD
IADD_RC	I1B8_RC
IADD_RC	I3GK_RC
IADD_RC	I6T7_RC
IADD_RC	I4AO
IAE9_RC	IAE9_RC
IAE9_RC	I1AC
IAE9_RC	I4BQ_RC
IAE9_RC	I8HR_RC
IAE9_RC	IAE9
IAE9_RC	I1AC_RC
IAE9_RC	I4BQ
IAE9_RC	I8HR
IAF5_RC	IAF5_RC
IAF5_RC	I4CX_RC
IAF5_RC	I6R6
IAF5_RC	I8JQ_RC
IAF5_RC	I3EJ
IAF5_RC	I199
IAF5_RC	IAF5
IAF5_RC	I4CX
IAF5_RC	I6R6_RC
IAF5_RC	I8JQ
IAF5_RC	I3EJ_RC
IAF5_RC	I199_RC
IAFL_RC	IAFL_RC
IAFL_RC	I6QR
IAFL_RC	I4DF_RC
IAFL_RC	I8K8_RC
IAFL_RC	I3E4
IAFL_RC	I18T
IAFL_RC	IAFL
IAFL_RC	I4DF
IAFL_RC	I6QR_RC
IAFL_RC	I8K8
IAFL_RC	I3E4_RC
IAFL_RC	I18T_RC
IAGX_RC	IAGX_RC
IAGX_RC	I4EB_RC
IAGX_RC	I6PG
IAGX_RC	I8L0_RC
IAGX_RC	I3CT
IAGX_RC	I17K
IAGX_RC	IAGX
IAGX_RC	I4EB
IAGX_RC	I8L0
IAGX_RC	I6PG_RC
IAGX_RC	I3CT_RC
IAGX_RC	I17K_RC
IAHD_RC	IAHD_RC
IAHD_RC	I6P0
IAHD_RC	I8LI_RC
IAHD_RC	I3CD
IAHD_RC	I4F1_RC
IAHD_RC	I173
IAHD_RC	IAHD
IAHD_RC	I6P0_RC
IAHD_RC	I8LI
IAHD_RC	I4F1
IAHD_RC	I3CD_RC
IAHD_RC	I173_RC
IAHT_RC	IAHT_RC
IAHT_RC	I6OJ
IAHT_RC	I8LZ_RC
IAHT_RC	I3BW
IAHT_RC	I4FH_RC
IAHT_RC	I16N
IAHT_RC	IAHT
IAHT_RC	I6OJ_RC
IAHT_RC	I8LZ
IAHT_RC	I3BW_RC
IAHT_RC	I4FH
IAHT_RC	I16N_RC
IAIP_RC	IAIP_RC
IAIP_RC	I6NN
IAIP_RC	I8MS_RC
IAIP_RC	I3B0
IAIP_RC	I4GE_RC
IAIP_RC	I15R
IAIP_RC	IAIP
IAIP_RC	I6NN_RC
IAIP_RC	I8MS
IAIP_RC	I3B0_RC
IAIP_RC	I4GE
IAIP_RC	I15R_RC
IAJ5_RC	IAJ5_RC
IAJ5_RC	I4GX_RC
IAJ5_RC	I8NA_RC
IAJ5_RC	I3AG
IAJ5_RC	I15A
IAJ5_RC	I6N3
IAJ5_RC	I4GX
IAJ5_RC	IAJ5
IAJ5_RC	I8NA
IAJ5_RC	I3AG_RC
IAJ5_RC	I15A_RC
IAJ5_RC	I6N3_RC
IAK1_RC	IAK1_RC
IAK1_RC	I4HY_RC
IAK1_RC	I6LZ
IAK1_RC	I8O9_RC
IAK1_RC	I14A
IAK1_RC	I39C
IAK1_RC	IAK1
IAK1_RC	I4HY
IAK1_RC	I6LZ_RC
IAK1_RC	I8O9
IAK1_RC	I14A_RC
IAK1_RC	I39C_RC
IALD_RC	IALD_RC
IALD_RC	I381
IALD_RC	I6KO
IALD_RC	I12Y
IALD_RC	IALD
IALD_RC	I381_RC
IALD_RC	I6KO_RC
IALD_RC	I12Y_RC
IAMP_RC	IAMP_RC
IAMP_RC	I11E
IAMP_RC	I36T
IAMP_RC	I4KQ_RC
IAMP_RC	I8QZ_RC
IAMP_RC	I6JG
IAMP_RC	I8R0_RC
IAMP_RC	IAMP
IAMP_RC	I11E_RC
IAMP_RC	I36T_RC
IAMP_RC	I4KQ
IAMP_RC	I8QZ
IAMP_RC	I8R0
IAMP_RC	I6JG_RC
IAN5_RC	IAN5_RC
IAN5_RC	I10Y
IAN5_RC	I36D
IAN5_RC	I4L6_RC
IAN5_RC	I6J0
IAN5_RC	I8RG_RC
IAN5_RC	IAN5
IAN5_RC	I10Y_RC
IAN5_RC	I36D_RC
IAN5_RC	I4L6
IAN5_RC	I8RG
IAN5_RC	I6J0_RC
IAO1_RC	IAO1_RC
IAO1_RC	I103
IAO1_RC	I8S4_RC
IAO1_RC	I35I
IAO1_RC	I4MG_RC
IAO1_RC	I6I5
IAO1_RC	IAO1
IAO1_RC	I103_RC
IAO1_RC	I8S4
IAO1_RC	I35I_RC
IAO1_RC	I4MG
IAO1_RC	I6I5_RC
IAOH_RC	IAOH_RC
IAOH_RC	IZN
IAOH_RC	I8SK_RC
IAOH_RC	I352
IAOH_RC	I4MW_RC
IAOH_RC	I6HP
IAOH_RC	IAOH
IAOH_RC	IZN_RC
IAOH_RC	I8SK
IAOH_RC	I352_RC
IAOH_RC	I4MW
IAOH_RC	I6HP_RC
IAPD_RC	IAPD_RC
IAPD_RC	IYR
IAPD_RC	I4NO_RC
IAPD_RC	I8TG_RC
IAPD_RC	IAPD
IAPD_RC	IYR_RC
IAPD_RC	I4NO
IAPD_RC	I8TG
IAPT_RC	IAPT_RC
IAPT_RC	IYA
IAPT_RC	I8TV_RC
IAPT_RC	I4O4_RC
IAPT_RC	I33R
IAPT_RC	I6GE
IAPT_RC	IAPT
IAPT_RC	IYA_RC
IAPT_RC	I8TV
IAPT_RC	I4O4
IAPT_RC	I33R_RC
IAPT_RC	I6GE_RC
IAQP_RC	IAQP_RC
IAQP_RC	IXE
IAQP_RC	I32T
IAQP_RC	I6FG
IARL_RC	IARL_RC
IARL_RC	I8VL_RC
IARL_RC	I6DU
IARL_RC	I4PU_RC
IARL_RC	IWJ
IARL_RC	I316
IARL_RC	IARL
IARL_RC	I8VL
IARL_RC	I4PU
IARL_RC	I6DU_RC
IARL_RC	IWJ_RC
IARL_RC	I316_RC
IASX_RC	IASX_RC
IASX_RC	I6CK
IASX_RC	IV9
IASX_RC	I4RU_RC
IASX_RC	I2ZX
IASX_RC	I8XP_RC
IASX_RC	IASX
IASX_RC	I6CK_RC
IASX_RC	IV9_RC
IASX_RC	I4RU
IASX_RC	I8XP
IASX_RC	I2ZX_RC
IATD_RC	IATD_RC
IATD_RC	I4SH_RC
IATD_RC	I2YQ
IATD_RC	IUS
IATD_RC	I6BD
IATD_RC	I8Y4_RC
IATD_RC	IATD
IATD_RC	I4SH
IATD_RC	I2YQ_RC
IATD_RC	IUS_RC
IATD_RC	I6BD_RC
IATD_RC	I8Y4
IAU9_RC	IAU9_RC
IAU9_RC	ITV
IAU9_RC	I2XH
IAU9_RC	I6A4
IAU9_RC	IAU9
IAU9_RC	ITV_RC
IAU9_RC	I2XH_RC
IAU9_RC	I6A4_RC
IAUP_RC	IAUP_RC
IAUP_RC	I69W
IAUP_RC	I8ZB_RC
IAUP_RC	I4TK_RC
IAUP_RC	ITN
IAUP_RC	I2X9
IAUP_RC	IAUP
IAUP_RC	I69W_RC
IAUP_RC	I8ZB
IAUP_RC	I4TK
IAUP_RC	ITN_RC
IAUP_RC	I2X9_RC
IAV5_RC	IAV5_RC
IAV5_RC	I69H
IAV5_RC	I8ZR_RC
IAV5_RC	I4U0_RC
IAV5_RC	IT7
IAV5_RC	I2WU
IAV5_RC	IAV5
IAV5_RC	I69H_RC
IAV5_RC	I8ZR
IAV5_RC	I4U0
IAV5_RC	IT7_RC
IAV5_RC	I2WU_RC
IAVL_RC	IAVL_RC
IAVL_RC	I691
IAVL_RC	I907_RC
IAVL_RC	I4UG_RC
IAVL_RC	ISR
IAVL_RC	I2WF
IAVL_RC	IAVL
IAVL_RC	I691_RC
IAVL_RC	I907
IAVL_RC	I4UG
IAVL_RC	ISR_RC
IAVL_RC	I2WF_RC
IAW1_RC	IAW1_RC
IAW1_RC	I4US_RC
IAW1_RC	I68L
IAW1_RC	I90N_RC
IAW1_RC	ISB
IAW1_RC	I2VZ
IAW1_RC	IAW1
IAW1_RC	I4US
IAW1_RC	I68L_RC
IAW1_RC	I90N
IAW1_RC	ISB_RC
IAW1_RC	I2VZ_RC
IAWH_RC	IAWH_RC
IAWH_RC	I682
IAWH_RC	I4V9_RC
IAWH_RC	I914_RC
IAWH_RC	IRV
IAWH_RC	I2VG
IAWH_RC	IAWH
IAWH_RC	I682_RC
IAWH_RC	I4V9
IAWH_RC	I914
IAWH_RC	IRV_RC
IAWH_RC	I2VG_RC
IAXT_RC	IAXT_RC
IAXT_RC	I4WH_RC
IAXT_RC	I66R
IAXT_RC	I92D_RC
IAXT_RC	IQJ
IAXT_RC	I2U5
IAXT_RC	IAXT
IAXT_RC	I4WH
IAXT_RC	I66R_RC
IAXT_RC	I92D
IAXT_RC	IQJ_RC
IAXT_RC	I2U5_RC
IAY9_RC	IAY9_RC
IAY9_RC	I4WX_RC
IAY9_RC	I66B
IAY9_RC	I92T_RC
IAY9_RC	IQ3
IAY9_RC	I2TP
IAY9_RC	IAY9
IAY9_RC	I4WX
IAY9_RC	I66B_RC
IAY9_RC	I92T
IAY9_RC	IQ3_RC
IAY9_RC	I2TP_RC
IAYP_RC	IAYP_RC
IAYP_RC	I65V
IAYP_RC	I939_RC
IAYP_RC	IPN
IAYP_RC	I2T9
IAYP_RC	I4XC_RC
IAYP_RC	IAYP
IAYP_RC	I65V_RC
IAYP_RC	I939
IAYP_RC	IPN_RC
IAYP_RC	I2T9_RC
IAYP_RC	I4XC
IAZL_RC	IAZL_RC
IAZL_RC	I943_RC
IAZL_RC	I650
IAZL_RC	IOR
IAZL_RC	I4Y5_RC
IAZL_RC	I2SE
IAZL_RC	IAZL
IAZL_RC	I943
IAZL_RC	I650_RC
IAZL_RC	IOR_RC
IAZL_RC	I4Y5
IAZL_RC	I2SE_RC
IB0H_RC	IB0H_RC
IB0H_RC	I2QH
IB0H_RC	I4YJ_RC
IB0H_RC	I61N_RC
IB0H_RC	INX
IB0H_RC	I94E_RC
IB0H_RC	IB0H
IB0H_RC	I2QH_RC
IB0H_RC	I4YJ
IB0H_RC	I61N
IB0H_RC	INX_RC
IB0H_RC	I94E
IB1D_RC	IB1D_RC
IB1D_RC	I4ZN_RC
IB1D_RC	I2PK
IB1D_RC	I62K_RC
IB1D_RC	I959_RC
IB1D_RC	IN2
IB1D_RC	IB1D
IB1D_RC	I4ZN
IB1D_RC	I2PK_RC
IB1D_RC	I62K
IB1D_RC	I959
IB1D_RC	IN2_RC
IB1T_RC	IB1T_RC
IB1T_RC	I2P2
IB1T_RC	I632_RC
IB1T_RC	IMN
IB1T_RC	I95R_RC
IB1T_RC	IB1T
IB1T_RC	I2P2_RC
IB1T_RC	I632
IB1T_RC	I95R
IB1T_RC	IMN_RC
IB35_RC	IB35_RC
IB35_RC	IB04
IB35_RC	I96U_RC
IB35_RC	IO9_RC
IB35_RC	IL9
IB35_RC	IB35
IB35_RC	IB04_RC
IB35_RC	I96U
IB35_RC	IO9
IB35_RC	IL9_RC
IB3L_RC	IB3L_RC
IB3L_RC	IKL
IB3L_RC	I2MU
IB3L_RC	I85Y
IB3L_RC	I97S_RC
IB3L_RC	I516_RC
IB3L_RC	IB3L
IB3L_RC	IKL_RC
IB3L_RC	I2MU_RC
IB3L_RC	I85Y_RC
IB3L_RC	I97S
IB3L_RC	I516
IB5D_RC	IB5D_RC
IB5D_RC	IIS
IB5D_RC	I838
IB5D_RC	I2K5
IB5D_RC	I99H_RC
IB5D_RC	I53J_RC
IB5D_RC	IB5D
IB5D_RC	IIS_RC
IB5D_RC	I838_RC
IB5D_RC	I99H
IB5D_RC	I2K5_RC
IB5D_RC	I53J
IB69_RC	IB69_RC
IB69_RC	IHX
IB69_RC	I82E
IB69_RC	I2JB
IB69_RC	I548_RC
IB69_RC	I9B1_RC
IB69_RC	IB69
IB69_RC	IHX_RC
IB69_RC	I82E_RC
IB69_RC	I2JB_RC
IB69_RC	I548
IB69_RC	I9B1
IB81_RC	IB81_RC
IB81_RC	I7ZM
IB81_RC	I2GJ
IB81_RC	I9CJ_RC
IB81_RC	I56S_RC
IB81_RC	IGA
IB81_RC	IB81
IB81_RC	I7ZM_RC
IB81_RC	I9CJ
IB81_RC	I2GJ_RC
IB81_RC	I56S
IB81_RC	IGA_RC
IB8H_RC	IB8H_RC
IB8H_RC	I9CZ_RC
IB8H_RC	I578_RC
IB8H_RC	IFU
IB8H_RC	IB8H
IB8H_RC	I9CZ
IB8H_RC	I578
IB8H_RC	IFU_RC
IB9D_RC	IB9D_RC
IB9D_RC	I591_RC
IB9D_RC	I7UG
IB9D_RC	I2BD
IB9D_RC	IEY
IB9D_RC	I9DR_RC
IB9D_RC	IB9D
IB9D_RC	I591
IB9D_RC	I7UG_RC
IB9D_RC	I2BD_RC
IB9D_RC	IEY_RC
IB9D_RC	I9DR
IB9T_RC	IB9T_RC
IB9T_RC	I59G_RC
IB9T_RC	I7TZ
IB9T_RC	I2AW
IB9T_RC	IEI
IB9T_RC	I9E8_RC
IB9T_RC	IB9T
IB9T_RC	I59G
IB9T_RC	I7TZ_RC
IB9T_RC	I2AW_RC
IB9T_RC	IEI_RC
IB9T_RC	I9E8
IBA9_RC	IBA9_RC
IBA9_RC	I59U_RC
IBA9_RC	I7TK
IBA9_RC	I2AH
IBA9_RC	IE3
IBA9_RC	I9EM_RC
IBA9_RC	IBA9
IBA9_RC	I59U
IBA9_RC	I7TK_RC
IBA9_RC	I2AH_RC
IBA9_RC	IE3_RC
IBA9_RC	I9EM
IBAP_RC	IBAP_RC
IBAP_RC	I5AB_RC
IBAP_RC	I7T5
IBAP_RC	I2A2
IBAP_RC	IDN
IBAP_RC	I9FF_RC
IBAP_RC	IBAP
IBAP_RC	I5AB
IBAP_RC	I7T5_RC
IBAP_RC	I2A2_RC
IBAP_RC	I9FF
IBAP_RC	IDN_RC
IBB5_RC	IBB5_RC
IBB5_RC	I5AR_RC
IBB5_RC	I7SM
IBB5_RC	I29J
IBB5_RC	ID7
IBB5_RC	I9FW_RC
IBB5_RC	IBB5
IBB5_RC	I5AR
IBB5_RC	I7SM_RC
IBB5_RC	I29J_RC
IBB5_RC	ID7_RC
IBB5_RC	I9FW
IBBL_RC	IBBL_RC
IBBL_RC	IBBB_RC
IBBL_RC	I5B3_RC
IBBL_RC	IBBL
IBBL_RC	IBBB
IBBL_RC	I5B3
IBC1_RC	IBC1_RC
IBC1_RC	I5BM_RC
IBC1_RC	I7S8
IBC1_RC	I295
IBC1_RC	I9GA_RC
IBC1_RC	ICV
IBC1_RC	IBC1
IBC1_RC	I5BM
IBC1_RC	I7S8_RC
IBC1_RC	I295_RC
IBC1_RC	I9GA
IBC1_RC	ICV_RC
IBCH_RC	IBCH_RC
IBCH_RC	I5C1_RC
IBCH_RC	I7RR
IBCH_RC	I28O
IBCH_RC	I9GR_RC
IBCH_RC	ICF
IBCH_RC	IBCH
IBCH_RC	I5C1
IBCH_RC	I7RR_RC
IBCH_RC	I28O_RC
IBCH_RC	I9GR
IBCH_RC	ICF_RC
IBGH_RC	IBGH_RC
IBGH_RC	I9L2_RC
IBGH_RC	I5FC_RC
IBGH_RC	I89
IBGH_RC	I7NE
IBGH_RC	I24C
IBGH_RC	IBGH
IBGH_RC	I9L2
IBGH_RC	I5FC
IBGH_RC	I89_RC
IBGH_RC	I7NE_RC
IBGH_RC	I24C_RC
IBGX_RC	IBGX_RC
IBGX_RC	I7T
IBGX_RC	I5FT_RC
IBGX_RC	IBGX
IBGX_RC	I5FT
IBGX_RC	I7T_RC
IBHT_RC	IBHT_RC
IBHT_RC	I7M0
IBHT_RC	I9MG_RC
IBHT_RC	I6X
IBHT_RC	I5GP_RC
IBHT_RC	I22Y
IBHT_RC	IBHT
IBHT_RC	I9MG
IBHT_RC	I7M0_RC
IBHT_RC	I5GP
IBHT_RC	I6X_RC
IBHT_RC	I22Y_RC
IBI9_RC	IBI9_RC
IBI9_RC	I7LJ
IBI9_RC	I9MW_RC
IBI9_RC	I6H
IBI9_RC	I22H
IBI9_RC	I5H5_RC
IBI9_RC	IBI9
IBI9_RC	I7LJ_RC
IBI9_RC	I9MW
IBI9_RC	I5H5
IBI9_RC	I6H_RC
IBI9_RC	I22H_RC
IBIP_RC	IBIP_RC
IBIP_RC	I7L0
IBIP_RC	I21Y
IBIP_RC	I60
IBIP_RC	I5HL_RC
IBIP_RC	I9ND_RC
IBIP_RC	IBIP
IBIP_RC	I7L0_RC
IBIP_RC	I21Y_RC
IBIP_RC	I60_RC
IBIP_RC	I5HL
IBIP_RC	I9ND
IBJL_RC	IBJL_RC
IBJL_RC	I7K2
IBJL_RC	I5IA_RC
IBJL_RC	I210
IBJL_RC	I52
IBJL_RC	I9O8_RC
IBJL_RC	IBJL
IBJL_RC	I5IA
IBJL_RC	I7K2_RC
IBJL_RC	I210_RC
IBJL_RC	I52_RC
IBJL_RC	I9O8
IBKH_RC	IBKH_RC
IBKH_RC	I7ID
IBKH_RC	I1ZB
IBKH_RC	I9P7_RC
IBKH_RC	I5JH_RC
IBKH_RC	I3I
IBKH_RC	IBKH
IBKH_RC	I7ID_RC
IBKH_RC	I1ZB_RC
IBKH_RC	I9P7
IBKH_RC	I5JH
IBKH_RC	I3I_RC
IBLD_RC	IBLD_RC
IBLD_RC	I9Q9_RC
IBLD_RC	I5KL_RC
IBLD_RC	I7H3
IBLD_RC	I1Y1
IBLD_RC	I2L
IBM9_RC	IBM9_RC
IBM9_RC	I5LE_RC
IBM9_RC	I9R8_RC
IBM9_RC	I7G9
IBM9_RC	I1X7
IBM9_RC	I1P
IBM9_RC	IBM9
IBM9_RC	I9R8
IBM9_RC	I7G9_RC
IBM9_RC	I1X7_RC
IBM9_RC	I1P_RC
IBMP_RC	IBMP_RC
IBMP_RC	I9RO_RC
IBMP_RC	I5LX_RC
IBMP_RC	I7FT
IBMP_RC	I1WR
IBMP_RC	I19
IBMP_RC	IBMP
IBMP_RC	I9RO
IBMP_RC	I5LX
IBMP_RC	I7FT_RC
IBMP_RC	I1WR_RC
IBMP_RC	I19_RC
IBN5_RC	IBN5_RC
IBN5_RC	I9S5_RC
IBN5_RC	I5ME_RC
IBN5_RC	I7FD
IBN5_RC	I1WB
IBN5_RC	IT
IBN5_RC	IBN5
IBN5_RC	I9S5
IBN5_RC	I5ME
IBN5_RC	I7FD_RC
IBN5_RC	I1WB_RC
IBN5_RC	IT_RC
IBO1_RC	IBO1_RC
IBO1_RC	I41X
IBO1_RC	I9T1_RC
IBO1_RC	I5NB_RC
IBO1_RC	I7EI
IBO1_RC	I1VG
IBO1_RC	IBO1
IBO1_RC	I9T1
IBO1_RC	I41X_RC
IBO1_RC	I5NB
IBO1_RC	I7EI_RC
IBO1_RC	I1VG_RC
IBOH_RC	IBOH_RC
IBOH_RC	I41I
IBOH_RC	I9TI_RC
IBOH_RC	I5NS_RC
IBOH_RC	I7E3
IBOH_RC	I1V1
IBOH_RC	IBOH
IBOH_RC	I9TI
IBOH_RC	I41I_RC
IBOH_RC	I5NS
IBOH_RC	I7E3_RC
IBOH_RC	I1V1_RC
IBOX_RC	IBOX_RC
IBOX_RC	I1UD
IBOX_RC	I5OF_RC
IBOX_RC	IBOX
IBOX_RC	I1UD_RC
IBOX_RC	I5OF
IBPT_RC	IBPT_RC
IBPT_RC	IBPT
IBR5_RC	IBR5_RC
IBR5_RC	I1SI
IBR5_RC	I3Z6
IBR5_RC	I7BR
IBR5_RC	I9VR_RC
IBR5_RC	IBR5
IBR5_RC	I1SI_RC
IBR5_RC	I3Z6_RC
IBR5_RC	I9VR
IBR5_RC	I7BR_RC
IBRL_RC	IBRL_RC
IBRL_RC	I1S2
IBRL_RC	I7B9
IBRL_RC	I5S7_RC
IBRL_RC	I9W7_RC
IBRL_RC	I3YO
IBRL_RC	IBRL
IBRL_RC	I1S2_RC
IBRL_RC	I7B9_RC
IBRL_RC	I5S7
IBRL_RC	I9W7
IBRL_RC	I3YO_RC
IBS1_RC	IBS1_RC
IBS1_RC	I1RM
IBS1_RC	I7AT
IBS1_RC	I5SM_RC
IBS1_RC	I9WM_RC
IBS1_RC	I3Y8
IBS1_RC	IBS1
IBS1_RC	I1RM_RC
IBS1_RC	I7AT_RC
IBS1_RC	I5SM
IBS1_RC	I9WM
IBS1_RC	I3Y8_RC
IBUP_RC	IBUP_RC
IBUP_RC	I783
IBUP_RC	I9ZE_RC
IBUP_RC	I3V3
IBUP_RC	I1OW
IBUP_RC	IBUP
IBUP_RC	I783_RC
IBUP_RC	I9ZE
IBUP_RC	I3V3_RC
IBUP_RC	I1OW_RC
IBV5_RC	IBV5_RC
IBV5_RC	I77O
IBV5_RC	I5VQ_RC
IBV5_RC	I9ZR_RC
IBV5_RC	I1OF
IBV5_RC	I3UO
IBV5_RC	IBV5
IBV5_RC	I77O_RC
IBV5_RC	I5VQ
IBV5_RC	I9ZR
IBV5_RC	I1OF_RC
IBV5_RC	I3UO_RC
IBW1_RC	IBW1_RC
IBW1_RC	I76Q
IBW1_RC	I5WR_RC
IBW1_RC	IA0R_RC
IBW1_RC	I3TQ
IBW1_RC	I1NJ
IBW1_RC	IBW1
IBW1_RC	I76Q_RC
IBW1_RC	I5WR
IBW1_RC	IA0R
IBW1_RC	I3TQ_RC
IBW1_RC	I1NJ_RC
IBWX_RC	IBWX_RC
IBWX_RC	IA1K_RC
IBWX_RC	I3SS
IBWX_RC	I1MN
IBWX_RC	I75S
IBWX_RC	IBWX
IBWX_RC	IA1K
IBWX_RC	I3SS_RC
IBWX_RC	I1MN_RC
IBWX_RC	I75S_RC
IBXT_RC	IBXT_RC
IBXT_RC	I5YR_RC
IBXT_RC	IA2K_RC
IBXT_RC	I1LR
IBXT_RC	IBXT
IBXT_RC	I5YR
IBXT_RC	IA2K
IBXT_RC	I1LR_RC
IBZ5_RC	IBZ5_RC
IBZ5_RC	I601_RC
IBZ5_RC	I3QG
IBZ5_RC	I73G
IBZ5_RC	IA3X_RC
IBZ5_RC	I1KE
IBZ5_RC	IBZ5
IBZ5_RC	I601
IBZ5_RC	I3QG_RC
IBZ5_RC	I73G_RC
IBZ5_RC	IA3X
IBZ5_RC	I1KE_RC
I7M	I7M
I7M	I23M
I7M	IBH4_RC
I7M	I7MO
I7M	I5G0_RC
I7M	I3AP
I7M	I15G
I7M	I6NC
I7M	I4GP_RC
I7M	IAIZ_RC
I7M	I8N2_RC
I7M	IBH4
I7M	I7M_RC
I7M	I3AP_RC
I7M	I15G_RC
I7M	I6NC_RC
I7M	I4GP
I7M	IAIZ
I7M	I8N2
I7M	I7S7_RC
I7M	IBC2
I7M	I5BN
I7M	I294_RC
I7M	I9GB
I7M	ICU_RC
IGY	IGY
IGY	I9BT_RC
IGY	IB7D_RC
IGY	I80A
IGY	I2H7
IGY	I564_RC
IGY	I9BT
IGY	IGY_RC
IGY	IB7D
IGY	I80A_RC
IGY	I2H7_RC
IGY	I564
IAZ6_RC	IAZ6_RC
IAZ6_RC	I65F
IAZ6_RC	I93O_RC
IAZ6_RC	IP6
IAZ6_RC	I2ST
IAZ6_RC	I4XQ_RC
IAZ6_RC	IAZ6
IAZ6_RC	I65F_RC
IAZ6_RC	I93O
IAZ6_RC	IP6_RC
IAZ6_RC	I2ST_RC
IAZ6_RC	I4XQ
IAZM_RC	IAZM_RC
IAZM_RC	I944_RC
IAZM_RC	IOQ
IAZM_RC	I4Y6_RC
IAZM_RC	IAZM
IAZM_RC	I944
IAZM_RC	IOQ_RC
IAZM_RC	I4Y6
IB0I_RC	IB0I_RC
IB0I_RC	I2QG
IB0I_RC	INW
IB0I_RC	I94F_RC
IB0I_RC	I4YK_RC
IB0I_RC	IB0J_RC
IB0I_RC	I2QE
IB0I_RC	INV
IB0I_RC	I61O_RC
IB0I_RC	I61Q_RC
IB0I_RC	I94G_RC
IB0I_RC	IB0I
IB0I_RC	I2QG_RC
IB0I_RC	INW_RC
IB0I_RC	I94F
IB0I_RC	I4YK
IB0I_RC	IB0J
IB0I_RC	I2QE_RC
IB0I_RC	INV_RC
IB0I_RC	I61O
IB0I_RC	I61Q
IB0I_RC	I94G
IB0Y_RC	IB0Y_RC
IB0Y_RC	I4Z9_RC
IB0Y_RC	I2PZ
IB0Y_RC	INH
IB0Y_RC	I625_RC
IB0Y_RC	I94U_RC
IB0Y_RC	IB0Y
IB0Y_RC	I4Z9
IB0Y_RC	I2PZ_RC
IB0Y_RC	I625
IB0Y_RC	INH_RC
IB0Y_RC	I94U
IB1E_RC	IB1E_RC
IB1E_RC	I2PJ
IB1E_RC	IN1
IB1E_RC	I62L_RC
IB1E_RC	I95A_RC
IB1E_RC	IB1E
IB1E_RC	I2PJ_RC
IB1E_RC	I62L
IB1E_RC	IN1_RC
IB1E_RC	I95A
IB1U_RC	IB1U_RC
IB1U_RC	I2P1
IB1U_RC	IMM
IB1U_RC	I633_RC
IB1U_RC	I500_RC
IB1U_RC	I95S_RC
IB1U_RC	IB1U
IB1U_RC	I2P1_RC
IB1U_RC	IMM_RC
IB1U_RC	I633
IB1U_RC	I500
IB1U_RC	I95S
IB2A_RC	IB2A_RC
IB2A_RC	I2OO
IB2A_RC	I50B_RC
IB2A_RC	I63G_RC
IB2A_RC	IM6
IB2A_RC	I966_RC
IB2A_RC	IB2A
IB2A_RC	I2OO_RC
IB2A_RC	I50B
IB2A_RC	I63G
IB2A_RC	I966
IB2A_RC	IM6_RC
IB36_RC	IB36_RC
IB36_RC	IB36
IB3M_RC	IB3M_RC
IB3M_RC	IKK
IB3M_RC	I2MT
IB3M_RC	I85X
IB3M_RC	I517_RC
IB3M_RC	IB3M
IB3M_RC	IKK_RC
IB3M_RC	I2MT_RC
IB3M_RC	I85X_RC
IB3M_RC	I517
IB42_RC	IB42_RC
IB42_RC	IK4
IB42_RC	I985_RC
IB42_RC	I2MF
IB42_RC	I85J
IB42_RC	IB42
IB42_RC	IK4_RC
IB42_RC	I985
IB42_RC	I2MF_RC
IB42_RC	I85J_RC
IB5E_RC	IB5E_RC
IB5E_RC	IIR
IB5E_RC	I837
IB5E_RC	I2K4
IB5E_RC	I99I_RC
IB5E_RC	I53K_RC
IB5E_RC	IB5E
IB5E_RC	IIR_RC
IB5E_RC	I837_RC
IB5E_RC	I2K4_RC
IB5E_RC	I99I
IB5E_RC	I53K
IB8Y_RC	IB8Y_RC
IB8Y_RC	I9DF_RC
IB8Y_RC	I7VR
IB8Y_RC	I2CO
IB8Y_RC	IFD
IB8Y_RC	I58P_RC
IB8Y_RC	IB8Y
IB8Y_RC	I9DF
IB8Y_RC	I7VR_RC
IB8Y_RC	I2CO_RC
IB8Y_RC	I58P
IB8Y_RC	IFD_RC
IB9E_RC	IB9E_RC
IB9E_RC	I592_RC
IB9E_RC	I7UF
IB9E_RC	I2BC
IB9E_RC	IEX
IB9E_RC	I9DS_RC
IB9E_RC	IB9E
IB9E_RC	I592
IB9E_RC	I7UF_RC
IB9E_RC	I2BC_RC
IB9E_RC	IEX_RC
IB9E_RC	I9DS
IB9U_RC	IB9U_RC
IB9U_RC	I9E9_RC
IB9U_RC	I59H_RC
IB9U_RC	I7TY
IB9U_RC	I2AV
IB9U_RC	IEH
IB9U_RC	IB9U
IB9U_RC	I9E9
IB9U_RC	I59H
IB9U_RC	I7TY_RC
IB9U_RC	I2AV_RC
IB9U_RC	IEH_RC
IBAA_RC	IBAA_RC
IBAA_RC	I59V_RC
IBAA_RC	I7TJ
IBAA_RC	I2AG
IBAA_RC	IE2
IBAA_RC	I9EN_RC
IBAA_RC	IBAA
IBAA_RC	I59V
IBAA_RC	I7TJ_RC
IBAA_RC	I2AG_RC
IBAA_RC	IE2_RC
IBAA_RC	I9EN
IBAQ_RC	IBAQ_RC
IBAQ_RC	I5AC_RC
IBAQ_RC	I7T4
IBAQ_RC	I2A1
IBAQ_RC	IDM
IBAQ_RC	I9FG_RC
IBAQ_RC	IBAQ
IBAQ_RC	I5AC
IBAQ_RC	I7T4_RC
IBAQ_RC	I2A1_RC
IBAQ_RC	IDM_RC
IBAQ_RC	I9FG
IBB6_RC	IBB6_RC
IBB6_RC	I5AS_RC
IBB6_RC	I7SL
IBB6_RC	I29I
IBB6_RC	ID6
IBB6_RC	I9FX_RC
IBB6_RC	IBB6
IBB6_RC	I5AS
IBB6_RC	I7SL_RC
IBB6_RC	I29I_RC
IBB6_RC	ID6_RC
IBB6_RC	I9FX
IBGY_RC	IBGY_RC
IBGY_RC	I7MT
IBGY_RC	I23R
IBGY_RC	I7S
IBGY_RC	I9LL_RC
IBGY_RC	I5FU_RC
IBGY_RC	IBGY
IBGY_RC	I7MT_RC
IBGY_RC	I23R_RC
IBGY_RC	I7S_RC
IBGY_RC	I9LL
IBGY_RC	I5FU
IBHE_RC	IBHE_RC
IBHE_RC	I7MF
IBHE_RC	I7C
IBHE_RC	I23D
IBHE_RC	I9M1_RC
IBHE_RC	I5GA_RC
IBHE_RC	IBHE
IBHE_RC	I7MF_RC
IBHE_RC	I7C_RC
IBHE_RC	I9M1
IBHE_RC	I23D_RC
IBHE_RC	I5GA
IBHU_RC	IBHU_RC
IBHU_RC	I7LZ
IBHU_RC	I6W
IBHU_RC	I22X
IBHU_RC	I9MH_RC
IBHU_RC	I5GQ_RC
IBHU_RC	IBHU
IBHU_RC	I7LZ_RC
IBHU_RC	I6W_RC
IBHU_RC	I9MH
IBHU_RC	I22X_RC
IBHU_RC	I5GQ
IBIA_RC	IBIA_RC
IBIA_RC	I7LI
IBIA_RC	I6G
IBIA_RC	I22G
IBIA_RC	I9MX_RC
IBIA_RC	I5H6_RC
IBIA_RC	IBIA
IBIA_RC	I7LI_RC
IBIA_RC	I6G_RC
IBIA_RC	I22G_RC
IBIA_RC	I9MX
IBIA_RC	I5H6
IBIQ_RC	IBIQ_RC
IBIQ_RC	I7KZ
IBIQ_RC	I21X
IBIQ_RC	I5Z
IBIQ_RC	I5HM_RC
IBIQ_RC	I9NE_RC
IBIQ_RC	IBIQ
IBIQ_RC	I7KZ_RC
IBIQ_RC	I21X_RC
IBIQ_RC	I5Z_RC
IBIQ_RC	I5HM
IBIQ_RC	I9NE
IBJ6_RC	IBJ6_RC
IBJ6_RC	I7KI
IBJ6_RC	I21G
IBJ6_RC	I5H
IBJ6_RC	I5I0_RC
IBJ6_RC	I9NU_RC
IBJ6_RC	IBJ6
IBJ6_RC	I7KI_RC
IBJ6_RC	I21G_RC
IBJ6_RC	I5H_RC
IBJ6_RC	I5I0
IBJ6_RC	I9NU
IBKI_RC	IBKI_RC
IBKI_RC	I7IC
IBKI_RC	I1ZA
IBKI_RC	I9P8_RC
IBKI_RC	I3H
IBKI_RC	I5JI_RC
IBKI_RC	IBKI
IBKI_RC	I7IC_RC
IBKI_RC	I1ZA_RC
IBKI_RC	I9P8
IBKI_RC	I3H_RC
IBKI_RC	I5JI
IBLE_RC	IBLE_RC
IBLE_RC	I9QA_RC
IBLE_RC	I7H2
IBLE_RC	I5KM_RC
IBLE_RC	I1Y0
IBLE_RC	I2K
IBLE_RC	IBLE
IBLE_RC	I9QA
IBLE_RC	I5KM
IBLE_RC	I7H2_RC
IBLE_RC	I1Y0_RC
IBLE_RC	I2K_RC
IBLU_RC	IBLU_RC
IBLU_RC	I9QR_RC
IBLU_RC	I5L0_RC
IBLU_RC	I7GO
IBLU_RC	I1XM
IBLU_RC	I24
IBLU_RC	IBLU
IBLU_RC	I9QR
IBLU_RC	I5L0
IBLU_RC	I7GO_RC
IBLU_RC	I1XM_RC
IBLU_RC	I24_RC
IBMA_RC	IBMA_RC
IBMA_RC	I5LF_RC
IBMA_RC	I9R9_RC
IBMA_RC	I7G8
IBMA_RC	I1X6
IBMA_RC	I1O
IBMA_RC	IBMA
IBMA_RC	I5LF
IBMA_RC	I9R9
IBMA_RC	I7G8_RC
IBMA_RC	I1X6_RC
IBMA_RC	I1O_RC
IBN6_RC	IBN6_RC
IBN6_RC	I9S6_RC
IBN6_RC	I5MF_RC
IBN6_RC	I7FC
IBN6_RC	I1WA
IBN6_RC	IS
IBN6_RC	IBN6
IBN6_RC	I9S6
IBN6_RC	I5MF
IBN6_RC	I7FC_RC
IBN6_RC	I1WA_RC
IBN6_RC	IS_RC
IBO2_RC	IBO2_RC
IBO2_RC	I41W
IBO2_RC	I9T2_RC
IBO2_RC	I5NC_RC
IBO2_RC	I7EH
IBO2_RC	I1VF
IBO2_RC	IBO2
IBO2_RC	I41W_RC
IBO2_RC	I9T2
IBO2_RC	I5NC
IBO2_RC	I7EH_RC
IBO2_RC	I1VF_RC
IBPU_RC	IBPU_RC
IBPU_RC	IBPU
IBSI_RC	IBSI_RC
IBSI_RC	I7AB
IBSI_RC	I5T3_RC
IBSI_RC	I9X3_RC
IBSI_RC	I3XQ
IBSI_RC	I1R4
IBSI_RC	IBSI
IBSI_RC	I7AB_RC
IBSI_RC	I5T3
IBSI_RC	I9X3
IBSI_RC	I3XQ_RC
IBSI_RC	I1R4_RC
IBSY_RC	IBSY_RC
IBSY_RC	I79V
IBSY_RC	I3XA
IBSY_RC	I1QO
IBSY_RC	IBSY
IBSY_RC	I79V_RC
IBSY_RC	I3XA_RC
IBSY_RC	I1QO_RC
IBSY_RC	I9XH
IBSY_RC	I5TH
IBSY_RC	I9XH_RC
IBSY_RC	I5TH_RC
IBTE_RC	IBTE_RC
IBTE_RC	I79G
IBTE_RC	I5TW_RC
IBTE_RC	I9XW_RC
IBTE_RC	I3WV
IBTE_RC	I1Q8
IBTE_RC	IBTE
IBTE_RC	I5TW
IBTE_RC	I9XW
IBTE_RC	I79G_RC
IBTE_RC	I3WV_RC
IBTE_RC	I1Q8_RC
IBTU_RC	IBTU_RC
IBTU_RC	I9YB_RC
IBTU_RC	I790
IBTU_RC	I5UD_RC
IBTU_RC	I3WF
IBTU_RC	I1PS
IBTU_RC	IBTU
IBTU_RC	I9YB
IBTU_RC	I790_RC
IBTU_RC	I5UD
IBTU_RC	I3WF_RC
IBTU_RC	I1PS_RC
IBV6_RC	IBV6_RC
IBV6_RC	I77N
IBV6_RC	I5VR_RC
IBV6_RC	I9ZS_RC
IBV6_RC	I1OE
IBV6_RC	I3UN
IBV6_RC	IBV6
IBV6_RC	I77N_RC
IBV6_RC	I5VR
IBV6_RC	I9ZS
IBV6_RC	I1OE_RC
IBV6_RC	I3UN_RC
IBW2_RC	IBW2_RC
IBW2_RC	I5WS_RC
IBW2_RC	IA0S_RC
IBW2_RC	I1NI
IBW2_RC	IBW2
IBW2_RC	I5WS
IBW2_RC	IA0S
IBW2_RC	I1NI_RC
IBWY_RC	IBWY_RC
IBWY_RC	IA1L_RC
IBWY_RC	I3SR
IBWY_RC	I1MM
IBWY_RC	I75R
IBWY_RC	IBWY
IBWY_RC	IA1L
IBWY_RC	I3SR_RC
IBWY_RC	I1MM_RC
IBWY_RC	I75R_RC
IBXE_RC	IBXE_RC
IBXE_RC	IA21_RC
IBXE_RC	I3SB
IBXE_RC	I5Y4_RC
IBXE_RC	I1M6
IBXE_RC	I75B
IBXE_RC	IBXE
IBXE_RC	IA21
IBXE_RC	I3SB_RC
IBXE_RC	I5Y4
IBXE_RC	I1M6_RC
IBXE_RC	I75B_RC
IBXU_RC	IBXU_RC
IBXU_RC	I5YS_RC
IBXU_RC	I3RV
IBXU_RC	I1LQ
IBXU_RC	IA2M_RC
IBXU_RC	I74V
IBXU_RC	IBXU
IBXU_RC	I5YS
IBXU_RC	I3RV_RC
IBXU_RC	IA2M
IBXU_RC	I1LQ_RC
IBXU_RC	I74V_RC
IBYA_RC	IBYA_RC
IBYA_RC	I5Z7_RC
IBYA_RC	I3RG
IBYA_RC	IA31_RC
IBYA_RC	I1LA
IBYA_RC	I74G
IBYA_RC	IBYA
IBYA_RC	I5Z7
IBYA_RC	I3RG_RC
IBYA_RC	IA31
IBYA_RC	I1LA_RC
IBYA_RC	I74G_RC
I9PU_RC	I9PU_RC
I9PU_RC	IBKY_RC
I9PU_RC	I5K6_RC
I9PU_RC	I7HK
I9PU_RC	I1YI
I9PU_RC	I30
I9PU_RC	I9PU
I9PU_RC	IBKY
I9PU_RC	I5K6
I9PU_RC	I7HK_RC
I9PU_RC	I1YI_RC
I9PU_RC	I30_RC
I9R6_RC	I9R6_RC
I9R6_RC	I7GB
I9R6_RC	I1X9
I9R6_RC	I1R
I9R6_RC	IBM7_RC
I9R6_RC	I5LC_RC
I9R6_RC	I9R6
I9R6_RC	I7GB_RC
I9R6_RC	I1X9_RC
I9R6_RC	IBM7
I9R6_RC	I1R_RC
I9R6_RC	I5LC
I9S2_RC	I9S2_RC
I9S2_RC	I5MA_RC
I9S2_RC	I7FG
I9S2_RC	I1WE
I9S2_RC	IBN2_RC
I9S2_RC	IW
I9S2_RC	I9S2
I9S2_RC	I5MA
I9S2_RC	I7FG_RC
I9S2_RC	IBN2
I9S2_RC	I1WE_RC
I9S2_RC	IW_RC
I9SI_RC	I9SI_RC
I9SI_RC	I5MS_RC
I9SI_RC	I7F1
I9SI_RC	IBNH_RC
I9SI_RC	I1VZ
I9SI_RC	IG
I9TE_RC	I9TE_RC
I9TE_RC	I5NO_RC
I9TE_RC	I41L
I9TE_RC	IBOD_RC
I9TE_RC	I7E6
I9TE_RC	I1V4
I9TE_RC	I9TE
I9TE_RC	I5NO
I9TE_RC	I41L_RC
I9TE_RC	IBOD
I9TE_RC	I7E6_RC
I9TE_RC	I1V4_RC
I9VM_RC	I9VM_RC
I9VM_RC	I9VM
I9YA_RC	I9YA_RC
I9YA_RC	I1PT
I9YA_RC	IBTT_RC
I9YA_RC	I5UC_RC
I9YA_RC	I791
I9YA_RC	I3WG
I9YA_RC	I9YA
I9YA_RC	IBTT
I9YA_RC	I1PT_RC
I9YA_RC	I5UC
I9YA_RC	I791_RC
I9YA_RC	I3WG_RC
I9Z6_RC	I9Z6_RC
I9Z6_RC	I9Z6
IA0Y_RC	IA0Y_RC
IA0Y_RC	I5WZ_RC
IA0Y_RC	I3TH
IA0Y_RC	I1NB
IA0Y_RC	I76H
IA0Y_RC	IBW9_RC
IA0Y_RC	IA0Y
IA0Y_RC	I5WZ
IA0Y_RC	I3TH_RC
IA0Y_RC	I1NB_RC
IA0Y_RC	IBW9
IA0Y_RC	I76H_RC
IA3M_RC	IA3M_RC
IA3M_RC	I3QS
IA3M_RC	I5ZQ_RC
IA3M_RC	IBYU_RC
IA3M_RC	I73S
IA3M_RC	I1KP
IA3M_RC	IA3M
IA3M_RC	I3QS_RC
IA3M_RC	I5ZQ
IA3M_RC	IBYU
IA3M_RC	I73S_RC
IA3M_RC	I1KP_RC
IA6A_RC	IA6A_RC
IA6A_RC	I70J
IA6A_RC	I43X_RC
IA6A_RC	I3NJ
IA6A_RC	I1I8
IA6A_RC	I89S_RC
IA6A_RC	IA6A
IA6A_RC	I70J_RC
IA6A_RC	I43X
IA6A_RC	I3NJ_RC
IA6A_RC	I89S
IA6A_RC	I1I8_RC
IA76_RC	IA76_RC
IA76_RC	I8AR_RC
IA76_RC	I44Q_RC
IA76_RC	I3MN
IA76_RC	I1HC
IA76_RC	IA76
IA76_RC	I8AR
IA76_RC	I44Q
IA76_RC	I3MN_RC
IA76_RC	I1HC_RC
IABM_RC	IABM_RC
IABM_RC	I1D0
IABM_RC	I3IC
IABM_RC	I494_RC
IABM_RC	I6VE
IABM_RC	I8F1_RC
IABM_RC	IABM
IABM_RC	I1D0_RC
IABM_RC	I3IC_RC
IABM_RC	I494
IABM_RC	I6VE_RC
IABM_RC	I8F1
IAC2_RC	IAC2_RC
IAC2_RC	I1CK
IAC2_RC	I3HX
IAC2_RC	I49J_RC
IAC2_RC	I6UZ
IAC2_RC	I8FG_RC
IAC2_RC	IAC2
IAC2_RC	I1CK_RC
IAC2_RC	I3HX_RC
IAC2_RC	I49J
IAC2_RC	I6UZ_RC
IAC2_RC	I8FG
IACI_RC	IACI_RC
IACI_RC	I1C3
IACI_RC	I3HG
IACI_RC	I49W_RC
IACI_RC	I8FU_RC
IACI_RC	I6U3
IACI_RC	IACI
IACI_RC	I1C3_RC
IACI_RC	I49W
IACI_RC	I3HG_RC
IACI_RC	I8FU
IACI_RC	I6U3_RC
IADU_RC	IADU_RC
IADU_RC	I1AR
IADU_RC	I3G5
IADU_RC	I8H6_RC
IADU_RC	I6SS
IADU_RC	I4B3_RC
IADU_RC	IADU
IADU_RC	I1AR_RC
IADU_RC	I3G5_RC
IADU_RC	I8H6
IADU_RC	I6SS_RC
IADU_RC	I4B3
IAEA_RC	IAEA_RC
IAEA_RC	I1AB
IAEA_RC	I3FP
IAEA_RC	I4BR_RC
IAEA_RC	I6SC
IAEA_RC	I8HS_RC
IAEA_RC	IAEA
IAEA_RC	I1AB_RC
IAEA_RC	I3FP_RC
IAEA_RC	I4BR
IAEA_RC	I6SC_RC
IAEA_RC	I8HS
IAG2_RC	IAG2_RC
IAG2_RC	I4DU_RC
IAG2_RC	I6QC
IAG2_RC	I18C
IAG2_RC	I3DP
IAG2_RC	IAG2
IAG2_RC	I4DU
IAG2_RC	I6QC_RC
IAG2_RC	I18C_RC
IAG2_RC	I3DP_RC
IAGY_RC	IAGY_RC
IAGY_RC	I6PF
IAGY_RC	I4EC_RC
IAGY_RC	I8L1_RC
IAGY_RC	I3CS
IAGY_RC	I17J
IAGY_RC	IAGY
IAGY_RC	I6PF_RC
IAGY_RC	I4EC
IAGY_RC	I8L1
IAGY_RC	I3CS_RC
IAGY_RC	I17J_RC
IAHE_RC	IAHE_RC
IAHE_RC	I6OZ
IAHE_RC	I8LJ_RC
IAHE_RC	I3CC
IAHE_RC	I172
IAHE_RC	I4F2_RC
IAHE_RC	IAHE
IAHE_RC	I6OZ_RC
IAHE_RC	I8LJ
IAHE_RC	I3CC_RC
IAHE_RC	I4F2
IAHE_RC	I172_RC
IAJ6_RC	IAJ6_RC
IAJ6_RC	I4GY_RC
IAJ6_RC	I3AF
IAJ6_RC	I8NB_RC
IAJ6_RC	I159
IAJ6_RC	I6N2
IAJ6_RC	IAJ6
IAJ6_RC	I4GY
IAJ6_RC	I8NB
IAJ6_RC	I3AF_RC
IAJ6_RC	I159_RC
IAJ6_RC	I6N2_RC
IAK2_RC	IAK2_RC
IAK2_RC	I6LY
IAK2_RC	I4HZ_RC
IAK2_RC	I149
IAK2_RC	I8OA_RC
IAK2_RC	I39B
IAK2_RC	IAK2
IAK2_RC	I6LY_RC
IAK2_RC	I4HZ
IAK2_RC	I149_RC
IAK2_RC	I8OA
IAK2_RC	I39B_RC
IALE_RC	IALE_RC
IALE_RC	I6KN
IALE_RC	I12X
IALE_RC	I4JH_RC
IALE_RC	I8PP_RC
IALE_RC	I380
IALE_RC	IALE
IALE_RC	I6KN_RC
IALE_RC	I12X_RC
IALE_RC	I4JH
IALE_RC	I8PP
IALE_RC	I380_RC
IALU_RC	IALU_RC
IALU_RC	I6K7
IALU_RC	I12H
IALU_RC	I4JX_RC
IALU_RC	I8Q5_RC
IALU_RC	I37K
IALU_RC	IALU
IALU_RC	I6K7_RC
IALU_RC	I12H_RC
IALU_RC	I4JX
IALU_RC	I8Q5
IALU_RC	I37K_RC
IANM_RC	IANM_RC
IANM_RC	I10H
IANM_RC	IANM
IANM_RC	I10H_RC
IASY_RC	IASY_RC
IASY_RC	I6CJ
IASY_RC	IV8
IASY_RC	I4RV_RC
IASY_RC	I2ZW
IASY_RC	I8XQ_RC
IASY_RC	IASY
IASY_RC	I6CJ_RC
IASY_RC	IV8_RC
IASY_RC	I4RV
IASY_RC	I2ZW_RC
IASY_RC	I8XQ
IATU_RC	IATU_RC
IATU_RC	I4SY_RC
IATU_RC	IUB
IATU_RC	I6AV
IATU_RC	I8YJ_RC
IATU_RC	I2Y8
IATU_RC	IATU
IATU_RC	I4SY
IATU_RC	IUB_RC
IATU_RC	I6AV_RC
IATU_RC	I8YJ
IATU_RC	I2Y8_RC
IAV6_RC	IAV6_RC
IAV6_RC	I8ZS_RC
IAV6_RC	I4U1_RC
IAV6_RC	IT6
IAV6_RC	IAV6
IAV6_RC	I8ZS
IAV6_RC	I4U1
IAV6_RC	IT6_RC
IAVM_RC	IAVM_RC
IAVM_RC	I690
IAVM_RC	I908_RC
IAVM_RC	I4UH_RC
IAVM_RC	ISQ
IAVM_RC	I2WE
IAVM_RC	IAVM
IAVM_RC	I690_RC
IAVM_RC	I908
IAVM_RC	I4UH
IAVM_RC	ISQ_RC
IAVM_RC	I2WE_RC
IAW2_RC	IAW2_RC
IAW2_RC	I68K
IAW2_RC	I4UT_RC
IAW2_RC	I90O_RC
IAW2_RC	ISA
IAW2_RC	I2VY
IAW2_RC	IAW2
IAW2_RC	I68K_RC
IAW2_RC	I4UT
IAW2_RC	I90O
IAW2_RC	ISA_RC
IAW2_RC	I2VY_RC
I8IQ_RC	I8IQ_RC
I8IQ_RC	I5PD_RC
I8IQ_RC	I8IQ
I8IQ_RC	I5PD
I8LU_RC	I8LU_RC
I8LU_RC	I8LU
I8N6_RC	I8N6_RC
I8N6_RC	I6N8
I8N6_RC	I3AL
I8N6_RC	I4GT_RC
I8N6_RC	I8N6
I8N6_RC	I6N8_RC
I8N6_RC	I4GT
I8N6_RC	I3AL_RC
I8NM_RC	I8NM_RC
I8NM_RC	I8NM
I8RM_RC	I8RM_RC
I8RM_RC	I10L
I8RM_RC	I4LY_RC
I8RM_RC	I360
I8RM_RC	IANI_RC
I8RM_RC	I6IN
I8RM_RC	I8RM
I8RM_RC	I10L_RC
I8RM_RC	I4LY
I8RM_RC	I360_RC
I8RM_RC	IANI
I8RM_RC	I6IN_RC
I8S2_RC	I8S2_RC
I8S2_RC	I105
I8S2_RC	I4ME_RC
I8S2_RC	I35K
I8S2_RC	I6I7
I8S2_RC	IANZ_RC
I8S2_RC	I8S2
I8S2_RC	I105_RC
I8S2_RC	I4ME
I8S2_RC	I35K_RC
I8S2_RC	IANZ
I8S2_RC	I6I7_RC
I8TU_RC	I8TU_RC
I8TU_RC	IYB
I8TU_RC	I4O3_RC
I8TU_RC	I33S
I8TU_RC	I6GF
I8TU_RC	IAPS_RC
I8TU_RC	I8TU
I8TU_RC	I4O3
I8TU_RC	IYB_RC
I8TU_RC	I33S_RC
I8TU_RC	I6GF_RC
I8TU_RC	IAPS
I8V6_RC	I8V6_RC
I8V6_RC	I4PE_RC
I8V6_RC	IWZ
I8V6_RC	IAR4_RC
I8V6_RC	I8V6
I8V6_RC	I4PE
I8V6_RC	IWZ_RC
I8V6_RC	IAR4
I8W2_RC	I8W2_RC
I8W2_RC	I8W2
I8WI_RC	I8WI_RC
I8WI_RC	I8WI
I8YQ_RC	I8YQ_RC
I8YQ_RC	I8YQ
I8Z6_RC	I8Z6_RC
I8Z6_RC	I4TE_RC
I8Z6_RC	I8Z6
I8Z6_RC	I4TE
I91U_RC	I91U_RC
I91U_RC	I67A
I91U_RC	IR2
I91U_RC	I4VY_RC
I91U_RC	IAXA_RC
I91U_RC	I2UO
I91U_RC	I91U
I91U_RC	I67A_RC
I91U_RC	I4VY
I91U_RC	IAXA
I91U_RC	IR2_RC
I91U_RC	I2UO_RC
I92A_RC	I92A_RC
I92A_RC	I66U
I92A_RC	IQM
I92A_RC	I4WE_RC
I92A_RC	IAXQ_RC
I92A_RC	I2U8
I92A_RC	I92A
I92A_RC	I66U_RC
I92A_RC	I4WE
I92A_RC	IAXQ
I92A_RC	IQM_RC
I92A_RC	I2U8_RC
I92Q_RC	I92Q_RC
I92Q_RC	I66E
I92Q_RC	IQ6
I92Q_RC	I4WU_RC
I92Q_RC	IAY6_RC
I92Q_RC	I2TS
I92Q_RC	I92Q
I92Q_RC	I66E_RC
I92Q_RC	I4WU
I92Q_RC	IAY6
I92Q_RC	IQ6_RC
I92Q_RC	I2TS_RC
I93M_RC	I93M_RC
I93M_RC	I65H
I93M_RC	IP8
I93M_RC	I4XO_RC
I93M_RC	I2SV
I93M_RC	IAZ4_RC
I93M_RC	I93M
I93M_RC	I65H_RC
I93M_RC	I4XO
I93M_RC	IP8_RC
I93M_RC	I2SV_RC
I93M_RC	IAZ4
I976_RC	I976_RC
I976_RC	I976
I97M_RC	I97M_RC
I97M_RC	I50Z_RC
I97M_RC	IB3F_RC
I97M_RC	IKS
I97M_RC	I2N1
I97M_RC	I865
I97M_RC	I97M
I97M_RC	I50Z
I97M_RC	IB3F
I97M_RC	IKS_RC
I97M_RC	I2N1_RC
I97M_RC	I865_RC
I99U_RC	I99U_RC
I99U_RC	IIG
I99U_RC	I82X
I99U_RC	I53T_RC
I99U_RC	I2JU
I99U_RC	IB5P_RC
I99U_RC	I99U
I99U_RC	IIG_RC
I99U_RC	I53T
I99U_RC	I82X_RC
I99U_RC	I2JU_RC
I99U_RC	IB5P
I9AA_RC	I9AA_RC
I9AA_RC	I9AA
I9AQ_RC	I9AQ_RC
I9AQ_RC	I9AQ
I9CI_RC	I9CI_RC
I9CI_RC	I7ZN
I9CI_RC	I56R_RC
I9CI_RC	I2GK
I9CI_RC	IGB
I9CI_RC	IB80_RC
I9CI_RC	I9CI
I9CI_RC	I56R
I9CI_RC	I7ZN_RC
I9CI_RC	I2GK_RC
I9CI_RC	IGB_RC
I9CI_RC	IB80
I9DU_RC	I9DU_RC
I9DU_RC	IB9G_RC
I9DU_RC	I7UD
I9DU_RC	I2BA
I9DU_RC	IEV
I9DU_RC	I594_RC
I9DU_RC	I9DU
I9DU_RC	IB9G
I9DU_RC	I7UD_RC
I9DU_RC	I2BA_RC
I9DU_RC	IEV_RC
I9DU_RC	I594
I9EQ_RC	I9EQ_RC
I9EQ_RC	IWM_RC
I9EQ_RC	I9EQ
I9EQ_RC	IWM
I9HE_RC	I9HE_RC
I9HE_RC	IBS
I9HE_RC	I5CO_RC
I9HE_RC	IBD4_RC
I9HE_RC	I7QI
I9HE_RC	I27F
I9HE_RC	I9HE
I9HE_RC	I5CO
I9HE_RC	IBD4
I9HE_RC	IBS_RC
I9HE_RC	I7QI_RC
I9HE_RC	I27F_RC
I9HU_RC	I9HU_RC
I9HU_RC	I9HU
I9K2_RC	I9K2_RC
I9K2_RC	I91
I9K2_RC	I7NS
I9K2_RC	I24P
I9K2_RC	IBFV_RC
I9K2_RC	I5F1_RC
I9K2_RC	I9K2
I9K2_RC	I91_RC
I9K2_RC	I7NS_RC
I9K2_RC	I24P_RC
I9K2_RC	IBFV
I9K2_RC	I5F1
I9MA_RC	I9MA_RC
I9MA_RC	I5GJ_RC
I9MA_RC	IBHN_RC
I9MA_RC	I7M6
I9MA_RC	I73
I9MA_RC	I234
I9MA_RC	I9MA
I9MA_RC	I5GJ
I9MA_RC	IBHN
I9MA_RC	I7M6_RC
I9MA_RC	I73_RC
I9MA_RC	I234_RC
I9MQ_RC	I9MQ_RC
I9MQ_RC	I5GZ_RC
I9MQ_RC	IBI3_RC
I9MQ_RC	I7LQ
I9MQ_RC	I6N
I9MQ_RC	I22O
I9MQ_RC	I9MQ
I9MQ_RC	I5GZ
I9MQ_RC	IBI3
I9MQ_RC	I7LQ_RC
I9MQ_RC	I6N_RC
I9MQ_RC	I22O_RC
I79E_RC	I79E_RC
I79E_RC	IBTG
I79E_RC	I9XY
I79E_RC	I3WT_RC
I79E_RC	I1Q6_RC
I79E_RC	I5U0
I79E_RC	I79E
I79E_RC	IBTG_RC
I79E_RC	I9XY_RC
I79E_RC	I3WT
I79E_RC	I1Q6
I79U_RC	I79U_RC
I79U_RC	IBSZ
I79U_RC	I5TI
I79U_RC	I9XI
I79U_RC	I3X9_RC
I79U_RC	I1QN_RC
I79U_RC	I79U
I79U_RC	IBSZ_RC
I79U_RC	I5TI_RC
I79U_RC	I9XI_RC
I79U_RC	I3X9
I79U_RC	I1QN
I7AA_RC	I7AA_RC
I7AA_RC	I6RN
I7AA_RC	IBSJ
I7AA_RC	I8JA_RC
I7AA_RC	I5T4
I7AA_RC	I9X4
I7AA_RC	I3F0
I7AA_RC	I3XP_RC
I7AA_RC	I1R3_RC
I7AA_RC	I7AA
I7AA_RC	I6RN_RC
I7AA_RC	IBSJ_RC
I7AA_RC	I8JA
I7AA_RC	I5T4_RC
I7AA_RC	I9X4_RC
I7AA_RC	I3F0_RC
I7AA_RC	I3XP
I7AA_RC	I1R3
I7AQ_RC	I7AQ_RC
I7AQ_RC	IBS4
I7AQ_RC	I5SP
I7AQ_RC	I9WP
I7AQ_RC	I3Y5_RC
I7AQ_RC	I1RJ_RC
I7AQ_RC	I7AQ
I7AQ_RC	IBS4_RC
I7AQ_RC	I5SP_RC
I7AQ_RC	I9WP_RC
I7AQ_RC	I3Y5
I7AQ_RC	I1RJ
I7B6_RC	I7B6_RC
I7B6_RC	IBRO
I7B6_RC	I5SA
I7B6_RC	I9WA
I7B6_RC	I3YL_RC
I7B6_RC	I1RZ_RC
I7B6_RC	I7B6
I7B6_RC	IBRO_RC
I7B6_RC	I5SA_RC
I7B6_RC	I9WA_RC
I7B6_RC	I3YL
I7B6_RC	I1RZ
I7BM_RC	I7BM_RC
I7BM_RC	IBRA
I7BM_RC	I1SD_RC
I7BM_RC	I3Z1_RC
I7BM_RC	I7BM
I7BM_RC	IBRA_RC
I7BM_RC	I1SD
I7BM_RC	I3Z1
I7C2_RC	I7C2_RC
I7C2_RC	IBQT
I7C2_RC	I5RG
I7C2_RC	I9VG
I7C2_RC	I1ST_RC
I7C2_RC	I3ZH_RC
I7C2_RC	I7C2
I7C2_RC	IBQT_RC
I7C2_RC	I5RG_RC
I7C2_RC	I9VG_RC
I7C2_RC	I1ST
I7C2_RC	I3ZH
I7CY_RC	I7CY_RC
I7CY_RC	I5P1
I7CY_RC	I1TZ_RC
I7CY_RC	I9UL
I7CY_RC	I40D_RC
I7CY_RC	IBPC
I7CY_RC	I7CY
I7CY_RC	I5P1_RC
I7CY_RC	I1TZ
I7CY_RC	I40D
I7CY_RC	I9UL_RC
I7CY_RC	IBPC_RC
I7DE_RC	I7DE_RC
I7DE_RC	I9U4
I7DE_RC	I40T_RC
I7DE_RC	I7DE
I7DE_RC	I9U4_RC
I7DE_RC	I40T
I7EQ_RC	I7EQ_RC
I7EQ_RC	I1VO_RC
I7EQ_RC	I6_RC
I7EQ_RC	IBNT
I7EQ_RC	I9SU
I7EQ_RC	I5N4
I7EQ_RC	I7EQ
I7EQ_RC	I1VO
I7EQ_RC	I6
I7EQ_RC	IBNT_RC
I7EQ_RC	I9SU_RC
I7EQ_RC	I5N4_RC
I7F6_RC	I7F6_RC
I7F6_RC	I1W4_RC
I7F6_RC	IM_RC
I7F6_RC	IBNC
I7F6_RC	I9SC
I7F6_RC	I5ML
I7F6_RC	I7F6
I7F6_RC	I1W4
I7F6_RC	IM
I7F6_RC	IBNC_RC
I7F6_RC	I9SC_RC
I7F6_RC	I5ML_RC
I7FM_RC	I7FM_RC
I7FM_RC	I1WK_RC
I7FM_RC	I12_RC
I7FM_RC	IBMW
I7FM_RC	I9RW
I7FM_RC	I5M5
I7FM_RC	I7FM
I7FM_RC	I1WK
I7FM_RC	I12
I7FM_RC	IBMW_RC
I7FM_RC	I9RW_RC
I7FM_RC	I5M5_RC
I7GI_RC	I7GI_RC
I7GI_RC	I1XG_RC
I7GI_RC	I1Y_RC
I7GI_RC	IBM0
I7GI_RC	I5L6
I7GI_RC	I9R0
I7GI_RC	I7GI
I7GI_RC	I1XG
I7GI_RC	I1Y
I7GI_RC	IBM0_RC
I7GI_RC	I5L6_RC
I7GI_RC	I9R0_RC
I7GY_RC	I7GY_RC
I7GY_RC	I1XW_RC
I7GY_RC	I9QF
I7GY_RC	IBLJ
I7GY_RC	I2F_RC
I7GY_RC	I5KQ
I7GY_RC	I7GY
I7GY_RC	I1XW
I7GY_RC	I2F
I7GY_RC	I9QF_RC
I7GY_RC	IBLJ_RC
I7GY_RC	I5KQ_RC
I7HE_RC	I7HE_RC
I7HE_RC	I1YC_RC
I7HE_RC	I9PZ
I7HE_RC	IBL3
I7HE_RC	I2V_RC
I7HE_RC	I5KB
I7HE_RC	I7HE
I7HE_RC	I1YC
I7HE_RC	I2V
I7HE_RC	I9PZ_RC
I7HE_RC	IBL3_RC
I7HE_RC	I5KB_RC
I7J6_RC	I7J6_RC
I7J6_RC	IBK3
I7J6_RC	I4K_RC
I7J6_RC	I204_RC
I7J6_RC	I9OW
I7J6_RC	I7J6
I7J6_RC	IBK3_RC
I7J6_RC	I4K
I7J6_RC	I204
I7J6_RC	I9OW_RC
I7JM_RC	I7JM_RC
I7JM_RC	I9OI
I7JM_RC	I20K_RC
I7JM_RC	IBJW
I7JM_RC	I4S_RC
I7JM_RC	I5IN
I7JM_RC	I7JM
I7JM_RC	I9OI_RC
I7JM_RC	I20K
I7JM_RC	I4S
I7JM_RC	IBJW_RC
I7JM_RC	I5IN_RC
I7KY_RC	I7KY_RC
I7KY_RC	IBIR
I7KY_RC	I21W_RC
I7KY_RC	I5Y_RC
I7KY_RC	I5HN
I7KY_RC	I9NG
I7KY_RC	I7KY
I7KY_RC	IBIR_RC
I7KY_RC	I21W
I7KY_RC	I5Y
I7KY_RC	I5HN_RC
I7KY_RC	I9NG_RC
I7LU_RC	I7LU_RC
I7LU_RC	I6R_RC
I7LU_RC	I22S_RC
I7LU_RC	IBHZ
I7LU_RC	I9MM
I7LU_RC	I5GV
I7LU_RC	I7LU
I7LU_RC	I6R
I7LU_RC	I22S
I7LU_RC	IBHZ_RC
I7LU_RC	I9MM_RC
I7LU_RC	I5GV_RC
I7MA_RC	I7MA_RC
I7MA_RC	I77_RC
I7MA_RC	I238_RC
I7MA_RC	IBHJ
I7MA_RC	I9M6
I7MA_RC	I5GF
I7MA_RC	I7MA
I7MA_RC	I77
I7MA_RC	I238
I7MA_RC	IBHJ_RC
I7MA_RC	I9M6_RC
I7MA_RC	I5GF_RC
I7MQ_RC	I7MQ_RC
I7MQ_RC	I23O_RC
I7MQ_RC	IBH1
I7MQ_RC	I7P_RC
I7MQ_RC	I9LO
I7MQ_RC	I5FX
I7MQ_RC	I7MQ
I7MQ_RC	I23O
I7MQ_RC	I7P
I7MQ_RC	IBH1_RC
I7MQ_RC	I9LO_RC
I7MQ_RC	I5FX_RC
I7N6_RC	I7N6_RC
I7N6_RC	I5FL
I7N6_RC	I244_RC
I7N6_RC	IBGQ
I7N6_RC	I9LB
I7N6_RC	I80_RC
I7N6_RC	I7N6
I7N6_RC	I5FL_RC
I7N6_RC	I244
I7N6_RC	IBGQ_RC
I7N6_RC	I9LB_RC
I7N6_RC	I80
I7NM_RC	I7NM_RC
I7NM_RC	I8Z_RC
I7NM_RC	I24K_RC
I7NM_RC	I9K7
I7NM_RC	IBFX
I7NM_RC	I7NM
I7NM_RC	I8Z
I7NM_RC	I24K
I7NM_RC	I9K7_RC
I7NM_RC	IBFX_RC
I7OI_RC	I7OI_RC
I7OI_RC	I25F_RC
I7OI_RC	I5EC
I7OI_RC	I9JE
I7OI_RC	IBF4
I7OI_RC	I9S_RC
I7OI_RC	I7OI
I7OI_RC	I25F
I7OI_RC	I5EC_RC
I7OI_RC	I9JE_RC
I7OI_RC	I9S
I7OI_RC	IBF4_RC
I7PE_RC	I7PE_RC
I7PE_RC	I26B_RC
I7PE_RC	I5DN
I7PE_RC	I9IK
I7PE_RC	IAN_RC
I7PE_RC	IBE8
I7PE_RC	I7PE
I7PE_RC	I26B
I7PE_RC	I5DN_RC
I7PE_RC	I9IK_RC
I7PE_RC	IAN
I7PE_RC	IBE8_RC
I7PU_RC	I7PU_RC
I7PU_RC	I26R_RC
I7PU_RC	IB8_RC
I7PU_RC	I5D6
I7PU_RC	IBDO
I7PU_RC	I9I5
I7PU_RC	I7PU
I7PU_RC	I26R
I7PU_RC	IB8
I7PU_RC	I5D6_RC
I7PU_RC	IBDO_RC
I7PU_RC	I9I5_RC
I7QA_RC	I7QA_RC
I7QA_RC	I277_RC
I7QA_RC	I9HM
I7QA_RC	I5CW
I7QA_RC	IBDC
I7QA_RC	IBK_RC
I7QA_RC	I7QA
I7QA_RC	I277
I7QA_RC	I9HM_RC
I7QA_RC	IBK
I7QA_RC	I5CW_RC
I7QA_RC	IBDC_RC
I7R6_RC	I7R6_RC
I7R6_RC	I2LD_RC
I7R6_RC	I84H_RC
I7R6_RC	I2Z6
I7R6_RC	I283_RC
I7R6_RC	I52C
I7R6_RC	I81Y_RC
I7R6_RC	I31Z
I7R6_RC	I2IV_RC
I7R6_RC	I2RS
I7R6_RC	I96W
I7R6_RC	I6BT
I7R6_RC	I2NT_RC
I7R6_RC	I616_RC
I7R6_RC	I7VE_RC
I7R6_RC	I2QZ
I7R6_RC	I64B
I7R6_RC	I2CB_RC
I7R6_RC	I9KC
I7R6_RC	I60D_RC
I7R6_RC	I6EN
I7R6_RC	I54U
I7R6_RC	I7R6
I7R6_RC	I2LD
I7R6_RC	I84H
I7R6_RC	I2Z6_RC
I7R6_RC	I283
I7R6_RC	I52C_RC
I7R6_RC	I81Y
I7R6_RC	I2IV
I7R6_RC	I31Z_RC
I7R6_RC	I2RS_RC
I7R6_RC	I96W_RC
I7R6_RC	I2NT
I7R6_RC	I6BT_RC
I7R6_RC	I616
I7R6_RC	I7VE
I7R6_RC	I2CB
I7R6_RC	I2QZ_RC
I7R6_RC	I64B_RC
I7R6_RC	I9KC_RC
I7R6_RC	I60D
I7R6_RC	I6EN_RC
I7R6_RC	I54U_RC
I7SY_RC	I7SY_RC
I7SY_RC	I9FN
I7SY_RC	I29V_RC
I7SY_RC	IDG_RC
I7SY_RC	IBAW
I7SY_RC	I5AI
I7SY_RC	I7SY
I7SY_RC	I29V
I7SY_RC	I9FN_RC
I7SY_RC	IDG
I7SY_RC	IBAW_RC
I7SY_RC	I5AI_RC
I7TE_RC	I7TE_RC
I7TE_RC	I9F6
I7TE_RC	I2AB_RC
I7TE_RC	IDW_RC
I7TE_RC	I59Z
I7TE_RC	IBAG
I7TE_RC	I7TE
I7TE_RC	I9F6_RC
I7TE_RC	I2AB
I7TE_RC	IDW
I7TE_RC	I59Z_RC
I7TE_RC	IBAG_RC
I7TU_RC	I7TU_RC
I7TU_RC	I2AR_RC
I7TU_RC	I9EC
I7TU_RC	IED_RC
I7TU_RC	IB9Y
I7TU_RC	I59K
I7TU_RC	I7TU
I7TU_RC	I2AR
I7TU_RC	I9EC_RC
I7TU_RC	IED
I7TU_RC	IB9Y_RC
I7TU_RC	I59K_RC
I7UA_RC	I7UA_RC
I7UA_RC	I2B7_RC
I7UA_RC	IES_RC
I7UA_RC	I9DX
I7UA_RC	IB9J
I7UA_RC	I597
I7UA_RC	I7UA
I7UA_RC	I2B7
I7UA_RC	IES
I7UA_RC	I9DX_RC
I7UA_RC	IB9J_RC
I7UA_RC	I597_RC
I7VM_RC	I7VM_RC
I7VM_RC	IF7_RC
I7VM_RC	I2CJ_RC
I7VM_RC	IB94
I7VM_RC	I7VM
I7VM_RC	IF7
I7VM_RC	I2CJ
I7VM_RC	IB94_RC
I81U_RC	I81U_RC
I81U_RC	I2IR_RC
I81U_RC	I8S_RC
I81U_RC	I81U
I81U_RC	I2IR
I81U_RC	I8S
I88I_RC	I88I_RC
I88I_RC	I88I
I88Y_RC	I88Y_RC
I88Y_RC	I3O6
I88Y_RC	I43D_RC
I88Y_RC	I716
I88Y_RC	I88Y
I88Y_RC	I3O6_RC
I88Y_RC	I43D
I88Y_RC	I716_RC
I88Y_RC	IA5M
I88Y_RC	I1IX_RC
I88Y_RC	IA5M_RC
I88Y_RC	I1IX
I8AQ_RC	I8AQ_RC
I8AQ_RC	I1HD
I8AQ_RC	IA75_RC
I8AQ_RC	I44P_RC
I8AQ_RC	I3MO
I8AQ_RC	I8AQ
I8AQ_RC	IA75
I8AQ_RC	I1HD_RC
I8AQ_RC	I44P
I8AQ_RC	I3MO_RC
I8BM_RC	I8BM_RC
I8BM_RC	I1GK
I8BM_RC	I45H_RC
I8BM_RC	I6YU
I8BM_RC	I3LS
I8BM_RC	IA80_RC
I8BM_RC	I8BM
I8BM_RC	I1GK_RC
I8BM_RC	I45H
I8BM_RC	I6YU_RC
I8BM_RC	IA80
I8BM_RC	I3LS_RC
I8GI_RC	I8GI_RC
I8GI_RC	I6TH
I8GI_RC	I4AE_RC
I8GI_RC	IAD3_RC
I8GI_RC	I1BI
I8GI_RC	I3GU
I8GI_RC	I8GI
I8GI_RC	I6TH_RC
I8GI_RC	I4AE
I8GI_RC	IAD3
I8GI_RC	I1BI_RC
I8GI_RC	I3GU_RC
I64Y_RC	I64Y_RC
I64Y_RC	IAZN
I64Y_RC	I2SC_RC
I64Y_RC	I64Y
I64Y_RC	IAZN_RC
I64Y_RC	I2SC
I65E_RC	I65E_RC
I65E_RC	IAZ7
I65E_RC	I93P
I65E_RC	IP5_RC
I65E_RC	I2SS_RC
I65E_RC	I4XR
I65E_RC	I65E
I65E_RC	IAZ7_RC
I65E_RC	I93P_RC
I65E_RC	IP5
I65E_RC	I2SS
I65E_RC	I4XR_RC
I68I_RC	I68I_RC
I68I_RC	IAW4
I68I_RC	I4UV
I68I_RC	IS8_RC
I68I_RC	I90Q
I68I_RC	I2VW_RC
I68I_RC	I68I
I68I_RC	IAW4_RC
I68I_RC	I4UV_RC
I68I_RC	IS8
I68I_RC	I90Q_RC
I68I_RC	I2VW
I68Y_RC	I68Y_RC
I68Y_RC	IAVO
I68Y_RC	ISO_RC
I68Y_RC	I90A
I68Y_RC	I4UJ
I68Y_RC	I2WC_RC
I68Y_RC	I68Y
I68Y_RC	IAVO_RC
I68Y_RC	ISO
I68Y_RC	I90A_RC
I68Y_RC	I4UJ_RC
I68Y_RC	I2WC
I69E_RC	I69E_RC
I69E_RC	IAV9
I69E_RC	IT3_RC
I69E_RC	I8ZV
I69E_RC	I2WR_RC
I69E_RC	I4U4
I69E_RC	I69E
I69E_RC	IAV9_RC
I69E_RC	IT3
I69E_RC	I2WR
I69E_RC	I8ZV_RC
I69E_RC	I4U4_RC
I69U_RC	I69U_RC
I69U_RC	IAUR
I69U_RC	I8ZD
I69U_RC	ITL_RC
I69U_RC	I4TM
I69U_RC	I2X7_RC
I69U_RC	I69U
I69U_RC	IAUR_RC
I69U_RC	ITL
I69U_RC	I8ZD_RC
I69U_RC	I4TM_RC
I69U_RC	I2X7
I6AA_RC	I6AA_RC
I6AA_RC	IU2_RC
I6AA_RC	I4T7
I6AA_RC	I8YZ
I6AA_RC	IAU3
I6AA_RC	I2XN_RC
I6AA_RC	I6AA
I6AA_RC	IU2
I6AA_RC	I2XN
I6AA_RC	I4T7_RC
I6AA_RC	I8YZ_RC
I6AA_RC	IAU3_RC
I6BM_RC	I6BM_RC
I6BM_RC	I8XV
I6BM_RC	I4S7
I6BM_RC	IAT4
I6BM_RC	I2YZ_RC
I6BM_RC	IV2_RC
I6BM_RC	I6BM
I6BM_RC	I8XV_RC
I6BM_RC	I4S7_RC
I6BM_RC	IAT4_RC
I6BM_RC	I2YZ
I6BM_RC	IV2
I6FM_RC	I6FM_RC
I6FM_RC	IXI_RC
I6FM_RC	I32Z_RC
I6FM_RC	IAQL
I6FM_RC	I4OV
I6FM_RC	I8UN
I6FM_RC	I6FM
I6FM_RC	IXI
I6FM_RC	I32Z
I6FM_RC	IAQL_RC
I6FM_RC	I4OV_RC
I6FM_RC	I8UN_RC
I6G2_RC	I6G2_RC
I6G2_RC	IXY_RC
I6G2_RC	I33F_RC
I6G2_RC	IAQ5
I6G2_RC	I8U7
I6G2_RC	I4OG
I6G2_RC	I6G2
I6G2_RC	IXY
I6G2_RC	I33F
I6G2_RC	IAQ5_RC
I6G2_RC	I8U7_RC
I6G2_RC	I4OG_RC
I6GI_RC	I6GI_RC
I6GI_RC	IYG_RC
I6GI_RC	I33V_RC
I6GI_RC	IAPO
I6GI_RC	I4NZ
I6GI_RC	I8TR
I6GI_RC	I6GI
I6GI_RC	IYG
I6GI_RC	I33V
I6GI_RC	IAPO_RC
I6GI_RC	I4NZ_RC
I6GI_RC	I8TR_RC
I6HE_RC	I6HE_RC
I6HE_RC	I8SX
I6HE_RC	IZ7_RC
I6HE_RC	I4N8
I6HE_RC	I34R_RC
I6HE_RC	IAOW
I6HE_RC	I6HE
I6HE_RC	I8SX_RC
I6HE_RC	IZ7
I6HE_RC	I4N8_RC
I6HE_RC	I34R
I6HE_RC	IAOW_RC
I6HU_RC	I6HU_RC
I6HU_RC	I4MR
I6HU_RC	IZS_RC
I6HU_RC	I357_RC
I6HU_RC	IAOC
I6HU_RC	I8SF
I6HU_RC	I6HU
I6HU_RC	I4MR_RC
I6HU_RC	IZS
I6HU_RC	I357
I6HU_RC	IAOC_RC
I6HU_RC	I8SF_RC
I6IA_RC	I6IA_RC
I6IA_RC	I4MB
I6IA_RC	I108_RC
I6IA_RC	I35N_RC
I6IA_RC	IANW
I6IA_RC	I8RZ
I6IA_RC	I6IA
I6IA_RC	I4MB_RC
I6IA_RC	I108
I6IA_RC	I35N
I6IA_RC	IANW_RC
I6IA_RC	I8RZ_RC
I6IQ_RC	I6IQ_RC
I6IQ_RC	I4LW
I6IQ_RC	I10O_RC
I6IQ_RC	IANF
I6IQ_RC	I363_RC
I6IQ_RC	I8RJ
I6IQ_RC	I6IQ
I6IQ_RC	I4LW_RC
I6IQ_RC	I10O
I6IQ_RC	I363
I6IQ_RC	IANF_RC
I6IQ_RC	I8RJ_RC
I6J6_RC	I6J6_RC
I6J6_RC	I4L0
I6J6_RC	I8RA
I6J6_RC	I114_RC
I6J6_RC	IAMZ
I6J6_RC	I36J_RC
I6J6_RC	I6J6
I6J6_RC	I4L0_RC
I6J6_RC	I8RA_RC
I6J6_RC	I114
I6J6_RC	I36J
I6J6_RC	IAMZ_RC
I6K2_RC	I6K2_RC
I6K2_RC	I12C_RC
I6K2_RC	I37F_RC
I6KY_RC	I6KY_RC
I6KY_RC	I137_RC
I6KY_RC	IAL4
I6KY_RC	I38B_RC
I6KY_RC	I6KY
I6KY_RC	I137
I6KY_RC	IAL4_RC
I6KY_RC	I38B
I6KY_RC	I66Q
I6KY_RC	I4WI_RC
I6KY_RC	IAXU_RC
I6KY_RC	I92E_RC
I6KY_RC	IQI
I6KY_RC	I2U4
I6LU_RC	I6LU_RC
I6LU_RC	I144_RC
I6LU_RC	IAK7
I6LU_RC	I397_RC
I6LU_RC	I8OE
I6LU_RC	I4I8
I6LU_RC	I6LU
I6LU_RC	I144
I6LU_RC	IAK7_RC
I6LU_RC	I397
I6LU_RC	I8OE_RC
I6LU_RC	I4I8_RC
I6MA_RC	I6MA_RC
I6MA_RC	I14L_RC
I6MA_RC	IAJQ
I6MA_RC	I4HN
I6MA_RC	I39N_RC
I6MA_RC	I8NX
I6MA_RC	I6MA
I6MA_RC	I14L
I6MA_RC	IAJQ_RC
I6MA_RC	I39N
I6MA_RC	I4HN_RC
I6MA_RC	I8NX_RC
I6MQ_RC	I6MQ_RC
I6MQ_RC	I7QZ
I6MQ_RC	I3A3_RC
I6MQ_RC	I27W
I6MQ_RC	I6MQ
I6MQ_RC	I3A3
I6MQ_RC	I7QZ_RC
I6MQ_RC	I27W_RC
I6N6_RC	I6N6_RC
I6N6_RC	I8N8
I6N6_RC	I3AJ_RC
I6N6_RC	I4GV
I6N6_RC	IAJ3
I6N6_RC	I15C_RC
I6N6_RC	I6N6
I6N6_RC	I8N8_RC
I6N6_RC	I3AJ
I6N6_RC	I4GV_RC
I6N6_RC	IAJ3_RC
I6N6_RC	I15C
I6O2_RC	I6O2_RC
I6O2_RC	IAIC
I6O2_RC	I8MF
I6O2_RC	I3BF_RC
I6O2_RC	I164_RC
I6O2_RC	I4G0
I6O2_RC	I6O2
I6O2_RC	IAIC_RC
I6O2_RC	I8MF_RC
I6O2_RC	I3BF
I6O2_RC	I164
I6O2_RC	I4G0_RC
I6PE_RC	I6PE_RC
I6PE_RC	IAGZ
I6PE_RC	I4ED
I6PE_RC	I8L2
I6PE_RC	I3CR_RC
I6PE_RC	I17I_RC
I6PE_RC	I6PE
I6PE_RC	IAGZ_RC
I6PE_RC	I4ED_RC
I6PE_RC	I8L2_RC
I6PE_RC	I3CR
I6PE_RC	I17I
I6PU_RC	I6PU_RC
I6PU_RC	IAGJ
I6PU_RC	I3D7_RC
I6PU_RC	I17Y_RC
I6PU_RC	I6PU
I6PU_RC	IAGJ_RC
I6PU_RC	I3D7
I6PU_RC	I17Y
I6QA_RC	I6QA_RC
I6QA_RC	I4DW
I6QA_RC	IAG4
I6QA_RC	I18A_RC
I6QA_RC	I3DN_RC
I6QA_RC	I6QA
I6QA_RC	I4DW_RC
I6QA_RC	IAG4_RC
I6QA_RC	I18A
I6QA_RC	I3DN
I6SI_RC	I6SI_RC
I6SI_RC	I8HH
I6SI_RC	IAE2
I6SI_RC	I1AJ_RC
I6SI_RC	I3FV_RC
I6SI_RC	I4BG
I6SI_RC	I6SI
I6SI_RC	I8HH_RC
I6SI_RC	IAE2_RC
I6SI_RC	I1AJ
I6SI_RC	I3FV
I6SI_RC	I4BG_RC
I6TE_RC	I6TE_RC
I6TE_RC	I8GL
I6TE_RC	I4AH
I6TE_RC	IAD6
I6TE_RC	I1BF_RC
I6TE_RC	I3GR_RC
I6TE_RC	I6TE
I6TE_RC	I8GL_RC
I6TE_RC	I4AH_RC
I6TE_RC	IAD6_RC
I6TE_RC	I1BF
I6TE_RC	I3GR
I6TU_RC	I6TU_RC
I6TU_RC	I8G3
I6TU_RC	IACQ
I6TU_RC	I4A3
I6TU_RC	I1BV_RC
I6TU_RC	I3H7_RC
I6TU_RC	I6TU
I6TU_RC	I8G3_RC
I6TU_RC	IACQ_RC
I6TU_RC	I1BV
I6TU_RC	I3H7
I6TU_RC	I4A3_RC
I6UQ_RC	I6UQ_RC
I6UQ_RC	IACB
I6UQ_RC	I1CB_RC
I6UQ_RC	I3HO_RC
I6UQ_RC	I6UQ
I6UQ_RC	I1CB
I6UQ_RC	IACB_RC
I6UQ_RC	I3HO
I6V6_RC	I6V6_RC
I6V6_RC	I8F9
I6V6_RC	IABV
I6V6_RC	I1CR_RC
I6V6_RC	I3I4_RC
I6V6_RC	I49C
I6V6_RC	I6V6
I6V6_RC	I8F9_RC
I6V6_RC	I1CR
I6V6_RC	IABV_RC
I6V6_RC	I3I4
I6V6_RC	I49C_RC
I6VM_RC	I6VM_RC
I6VM_RC	I8ET
I6VM_RC	IABE
I6VM_RC	I1D8_RC
I6VM_RC	I3IK_RC
I6VM_RC	I48W
I6VM_RC	I6VM
I6VM_RC	I8ET_RC
I6VM_RC	IABE_RC
I6VM_RC	I1D8
I6VM_RC	I3IK
I6VM_RC	I48W_RC
I6WI_RC	I6WI_RC
I6WI_RC	I8DU
I6WI_RC	IAAG
I6WI_RC	I3JG_RC
I6WI_RC	I47Y
I6WI_RC	I1E6_RC
I6WI_RC	I6WI
I6WI_RC	I8DU_RC
I6WI_RC	IAAG_RC
I6WI_RC	I3JG
I6WI_RC	I1E6
I6WI_RC	I47Y_RC
I6YA_RC	I6YA_RC
I6YA_RC	I8C4
I6YA_RC	IA8L
I6YA_RC	I462
I6YA_RC	I3L8_RC
I6YA_RC	I1G0_RC
I6YA_RC	I6YA
I6YA_RC	I8C4_RC
I6YA_RC	IA8L_RC
I6YA_RC	I462_RC
I6YA_RC	I3L8
I6YA_RC	I1G0
I6YQ_RC	I6YQ_RC
I6YQ_RC	IA84
I6YQ_RC	I8BQ
I6YQ_RC	I45L
I6YQ_RC	I3LO_RC
I6YQ_RC	I1GG_RC
I6YQ_RC	I6YQ
I6YQ_RC	IA84_RC
I6YQ_RC	I8BQ_RC
I6YQ_RC	I45L_RC
I6YQ_RC	I3LO
I6YQ_RC	I1GG
I6ZM_RC	I6ZM_RC
I6ZM_RC	IA79
I6ZM_RC	I8AU
I6ZM_RC	I3MK_RC
I6ZM_RC	I44T
I6ZM_RC	I1H9_RC
I6ZM_RC	I6ZM
I6ZM_RC	IA79_RC
I6ZM_RC	I8AU_RC
I6ZM_RC	I3MK
I6ZM_RC	I1H9
I6ZM_RC	I44T_RC
I71E_RC	I71E_RC
I71E_RC	I435
I71E_RC	IA5F
I71E_RC	I88R
I71E_RC	I3OE_RC
I71E_RC	I1J4_RC
I71E_RC	I71E
I71E_RC	I435_RC
I71E_RC	IA5F_RC
I71E_RC	I88R_RC
I71E_RC	I3OE
I71E_RC	I1J4
I73M_RC	I73M_RC
I73M_RC	IA3R
I73M_RC	I3QM_RC
I73M_RC	I73M
I73M_RC	IA3R_RC
I73M_RC	I3QM
I742_RC	I742_RC
I742_RC	IA3E
I742_RC	I3R2_RC
I742_RC	I5ZJ
I742_RC	IBYN
I742_RC	I1KW_RC
I742_RC	I742
I742_RC	IA3E_RC
I742_RC	I3R2
I742_RC	I5ZJ_RC
I742_RC	IBYN_RC
I742_RC	I1KW
I76A_RC	I76A_RC
I76A_RC	IA15
I76A_RC	I5X6
I76A_RC	I3TA_RC
I76A_RC	IBWG
I76A_RC	I1N4_RC
I76A_RC	I76A
I76A_RC	IA15_RC
I76A_RC	I5X6_RC
I76A_RC	I3TA
I76A_RC	I1N4
I76A_RC	IBWG_RC
I776_RC	I776_RC
I776_RC	IBVO
I776_RC	I5WA
I776_RC	IA0B
I776_RC	I1NW_RC
I776_RC	I3U6_RC
I776_RC	I776
I776_RC	IBVO_RC
I776_RC	I5WA_RC
I776_RC	IA0B_RC
I776_RC	I1NW
I776_RC	I3U6
I77M_RC	I77M_RC
I77M_RC	IBV7
I77M_RC	I5VS
I77M_RC	I9ZT
I77M_RC	I1OD_RC
I77M_RC	I3UM_RC
I77M_RC	I77M
I77M_RC	IBV7_RC
I77M_RC	I5VS_RC
I77M_RC	I9ZT_RC
I77M_RC	I1OD
I77M_RC	I3UM
I78I_RC	I78I_RC
I78I_RC	IBUC
I78I_RC	I9YT
I78I_RC	I5UX
I78I_RC	I1P9_RC
I78I_RC	I3VX_RC
I78I_RC	I78I
I78I_RC	IBUC_RC
I78I_RC	I9YT_RC
I78I_RC	I5UX_RC
I78I_RC	I1P9
I78I_RC	I3VX
IBPV_RC	IBPV_RC
IBPV_RC	IBPV
IBQR_RC	IBQR_RC
IBQR_RC	I7C4
IBQR_RC	I5RE_RC
IBQR_RC	I9VE_RC
IBQR_RC	I1SV
IBQR_RC	I3ZJ
IBQR_RC	IBQR
IBQR_RC	I7C4_RC
IBQR_RC	I5RE
IBQR_RC	I9VE
IBQR_RC	I1SV_RC
IBQR_RC	I3ZJ_RC
IBR7_RC	IBR7_RC
IBR7_RC	I7BP
IBR7_RC	I5RS_RC
IBR7_RC	I9VT_RC
IBR7_RC	I1SG
IBR7_RC	I3Z4
IBR7_RC	IBR7
IBR7_RC	I7BP_RC
IBR7_RC	I5RS
IBR7_RC	I9VT
IBR7_RC	I1SG_RC
IBR7_RC	I3Z4_RC
IBWJ_RC	IBWJ_RC
IBWJ_RC	I3T6
IBWJ_RC	IA18_RC
IBWJ_RC	I1N1
IBWJ_RC	I5X9_RC
IBWJ_RC	I766
IBWJ_RC	IBWJ
IBWJ_RC	I3T6_RC
IBWJ_RC	IA18
IBWJ_RC	I5X9
IBWJ_RC	I1N1_RC
IBWJ_RC	I766_RC
IBWZ_RC	IBWZ_RC
IBWZ_RC	I3SQ
IBWZ_RC	IA1M_RC
IBWZ_RC	I1ML
IBWZ_RC	I75Q
IBYB_RC	IBYB_RC
IBYB_RC	I3RF
IBYB_RC	I1L9
IBYB_RC	I74F
IBYB_RC	IAWJ_RC
IBYB_RC	IRT
IBYB_RC	I2VE
IBYB_RC	I680
IBYB_RC	IBYB
IBYB_RC	I3RF_RC
IBYB_RC	I1L9_RC
IBYB_RC	I74F_RC
IBYB_RC	IAWJ
IBYB_RC	IRT_RC
IBYB_RC	I2VE_RC
IBYB_RC	I680_RC
IBZ7_RC	IBZ7_RC
IBZ7_RC	I603_RC
IBZ7_RC	I3QD
IBZ7_RC	I73D
IBZ7_RC	I1KC
IBZ7_RC	IA3Z_RC
IBZ7_RC	I603
IBZ7_RC	IBZ7
IBZ7_RC	I3QD_RC
IBZ7_RC	I73D_RC
IBZ7_RC	I1KC_RC
IBZ7_RC	IA3Z
IGK	IGK
IGK	I9C7_RC
IGK	IB7R_RC
IGK	I56I_RC
IGK	I7ZW
IGK	I2GT
ISK	ISK
ISK	I2W8
ISK	IAVS_RC
ISK	I68U
ISK	I90E_RC
IAFN_RC	IAFN_RC
IAFN_RC	I6QP
IAFN_RC	I4DH_RC
IAFN_RC	I3E2
IAFN_RC	I8KA_RC
IAFN_RC	I18R
IAFN_RC	IAFN
IAFN_RC	I6QP_RC
IAFN_RC	I4DH
IAFN_RC	I8KA
IAFN_RC	I3E2_RC
IAFN_RC	I18R_RC
IAHF_RC	IAHF_RC
IAHF_RC	I6OY
IAHF_RC	I8LK_RC
IAHF_RC	I3CB
IAHF_RC	I171
IAHF_RC	I4F3_RC
IAHF_RC	IAHF
IAHF_RC	I6OY_RC
IAHF_RC	I8LK
IAHF_RC	I3CB_RC
IAHF_RC	I171_RC
IAHF_RC	I4F3
IAJ7_RC	IAJ7_RC
IAJ7_RC	I4GZ_RC
IAJ7_RC	I3AE
IAJ7_RC	I158
IAJ7_RC	I6N1
IAJ7_RC	IAJ7
IAJ7_RC	I4GZ
IAJ7_RC	I3AE_RC
IAJ7_RC	I158_RC
IAJ7_RC	I6N1_RC
IAKJ_RC	IAKJ_RC
IAKJ_RC	I6LJ
IAKJ_RC	I13S
IAKJ_RC	I8OQ_RC
IAKJ_RC	I4IJ_RC
IAKJ_RC	I38W
IAKJ_RC	IAKJ
IAKJ_RC	I6LJ_RC
IAKJ_RC	I13S_RC
IAKJ_RC	I8OQ
IAKJ_RC	I4IJ
IAKJ_RC	I38W_RC
IAKZ_RC	IAKZ_RC
IAKZ_RC	I6L3
IAKZ_RC	I13C
IAKZ_RC	I4IY_RC
IAKZ_RC	I8P6_RC
IAKZ_RC	I38G
IAKZ_RC	IAKZ
IAKZ_RC	I6L3_RC
IAKZ_RC	I13C_RC
IAKZ_RC	I4IY
IAKZ_RC	I8P6
IAKZ_RC	I38G_RC
IALF_RC	IALF_RC
IALF_RC	I6KM
IALF_RC	I12W
IALF_RC	I4JI_RC
IALF_RC	I8PQ_RC
IALF_RC	I37Z
IALF_RC	IALF
IALF_RC	I6KM_RC
IALF_RC	I12W_RC
IALF_RC	I4JI
IALF_RC	I8PQ
IALF_RC	I37Z_RC
IALV_RC	IALV_RC
IALV_RC	I6K6
IALV_RC	I12G
IALV_RC	I4JY_RC
IALV_RC	I8Q6_RC
IALV_RC	I37J
IALV_RC	IALV
IALV_RC	I6K6_RC
IALV_RC	I12G_RC
IALV_RC	I4JY
IALV_RC	I8Q6
IALV_RC	I37J_RC
IAOZ_RC	IAOZ_RC
IAOZ_RC	I8T0_RC
IAOZ_RC	I4NB_RC
IAOZ_RC	I34O
IAOZ_RC	I6HB
IAOZ_RC	IZ4
IAOZ_RC	IAOZ
IAOZ_RC	I8T0
IAOZ_RC	I4NB
IAOZ_RC	I34O_RC
IAOZ_RC	I6HB_RC
IAOZ_RC	IZ4_RC
IAPV_RC	IAPV_RC
IAPV_RC	I33P
IAPV_RC	I8TX_RC
IAPV_RC	I4O6_RC
IAPV_RC	I6GC
IAPV_RC	IY8
IAPV_RC	IAPV
IAPV_RC	I8TX
IAPV_RC	I33P_RC
IAPV_RC	I4O6
IAPV_RC	I6GC_RC
IAPV_RC	IY8_RC
IAQB_RC	IAQB_RC
IAQB_RC	I339
IAQB_RC	I4OL_RC
IAQB_RC	I8UD_RC
IAQB_RC	I6FW
IAQB_RC	IXS
IAQB_RC	IAQB
IAQB_RC	I4OL
IAQB_RC	I8UD
IAQB_RC	I339_RC
IAQB_RC	I6FW_RC
IAQB_RC	IXS_RC
IAR7_RC	IAR7_RC
IAR7_RC	I4PH_RC
IAR7_RC	I8V9_RC
IAR7_RC	I31J
IAR7_RC	I6E7
IAR7_RC	IWW
IAR7_RC	IAR7
IAR7_RC	I4PH
IAR7_RC	I8V9
IAR7_RC	I31J_RC
IAR7_RC	I6E7_RC
IAR7_RC	IWW_RC
IAS3_RC	IAS3_RC
IAS3_RC	IAS3
IASJ_RC	IASJ_RC
IASJ_RC	I6D0
IASJ_RC	I8X1_RC
IASJ_RC	I30C
IASJ_RC	IASJ
IASJ_RC	I6D0_RC
IASJ_RC	I8X1
IASJ_RC	I30C_RC
IAV7_RC	IAV7_RC
IAV7_RC	I69G
IAV7_RC	IT5
IAV7_RC	I8ZT_RC
IAV7_RC	I4U2_RC
IAV7_RC	I2WT
IAV7_RC	IAV7
IAV7_RC	I69G_RC
IAV7_RC	I8ZT
IAV7_RC	IT5_RC
IAV7_RC	I4U2
IAV7_RC	I2WT_RC
IAYB_RC	IAYB_RC
IAYB_RC	I669
IAYB_RC	I4WZ_RC
IAYB_RC	I92V_RC
IAYB_RC	IQ1
IAYB_RC	I2TN
IAYB_RC	IAYB
IAYB_RC	I669_RC
IAYB_RC	I4WZ
IAYB_RC	I92V
IAYB_RC	IQ1_RC
IAYB_RC	I2TN_RC
IB0Z_RC	IB0Z_RC
IB0Z_RC	I2PY
IB0Z_RC	I4ZA_RC
IB0Z_RC	ING
IB0Z_RC	I626_RC
IB0Z_RC	I94V_RC
IB0Z_RC	IB0Z
IB0Z_RC	I4ZA
IB0Z_RC	I2PY_RC
IB0Z_RC	ING_RC
IB0Z_RC	I626
IB0Z_RC	I94V
IB2B_RC	IB2B_RC
IB2B_RC	I2OM
IB2B_RC	I50C_RC
IB2B_RC	IM5
IB2B_RC	I63I_RC
IB2B_RC	I967_RC
IB2B_RC	IB2B
IB2B_RC	I2OM_RC
IB2B_RC	I50C
IB2B_RC	IM5_RC
IB2B_RC	I63I
IB2B_RC	I967
IB37_RC	IB37_RC
IB37_RC	IL3
IB37_RC	I974_RC
IB37_RC	IB37
IB37_RC	IL3_RC
IB37_RC	I974
IB5V_RC	IB5V_RC
IB5V_RC	IIA
IB5V_RC	IB5V
IB5V_RC	IIA_RC
IB6R_RC	IB6R_RC
IB6R_RC	IB6R
IB8Z_RC	IB8Z_RC
IB8Z_RC	I9DG_RC
IB8Z_RC	I7VQ
IB8Z_RC	I2CN
IB8Z_RC	IFC
IB8Z_RC	I58Q_RC
IB8Z_RC	IB8Z
IB8Z_RC	I9DG
IB8Z_RC	I7VQ_RC
IB8Z_RC	I2CN_RC
IB8Z_RC	IFC_RC
IB8Z_RC	I58Q
IB9F_RC	IB9F_RC
IB9F_RC	I9DT_RC
IB9F_RC	I7UE
IB9F_RC	I2BB
IB9F_RC	I593_RC
IB9F_RC	IEW
IB9F_RC	IB9F
IB9F_RC	I9DT
IB9F_RC	I7UE_RC
IB9F_RC	I593
IB9F_RC	I2BB_RC
IB9F_RC	IEW_RC
IBAB_RC	IBAB_RC
IBAB_RC	I59W_RC
IBAB_RC	I7TI
IBAB_RC	I2AF
IBAB_RC	IE1
IBAB_RC	I9EO_RC
IBAB_RC	IBAB
IBAB_RC	I59W
IBAB_RC	I7TI_RC
IBAB_RC	I2AF_RC
IBAB_RC	IE1_RC
IBAB_RC	I9EO
IBAR_RC	IBAR_RC
IBAR_RC	I5AD_RC
IBAR_RC	I7T3
IBAR_RC	I2A0
IBAR_RC	IDL
IBAR_RC	I9FH_RC
IBAR_RC	IBAR
IBAR_RC	I5AD
IBAR_RC	I7T3_RC
IBAR_RC	I2A0_RC
IBAR_RC	IDL_RC
IBAR_RC	I9FH
IBB7_RC	IBB7_RC
IBB7_RC	I7SK
IBB7_RC	I29H
IBB7_RC	I5AT_RC
IBB7_RC	ID5
IBB7_RC	I9FY_RC
IBB7_RC	IBB7
IBB7_RC	I7SK_RC
IBB7_RC	I5AT
IBB7_RC	I29H_RC
IBB7_RC	ID5_RC
IBB7_RC	I9FY
IBC3_RC	IBC3_RC
IBC3_RC	I5BO_RC
IBC3_RC	I7S6
IBC3_RC	I293
IBC3_RC	I9GC_RC
IBC3_RC	ICT
IBC3_RC	IBC3
IBC3_RC	I5BO
IBC3_RC	I7S6_RC
IBC3_RC	I293_RC
IBC3_RC	I9GC
IBC3_RC	ICT_RC
IBCJ_RC	IBCJ_RC
IBCJ_RC	I5C4_RC
IBCJ_RC	I7RP
IBCJ_RC	I28M
IBCJ_RC	ICD
IBCJ_RC	I9GU_RC
IBCJ_RC	IBCJ
IBCJ_RC	I5C4
IBCJ_RC	I7RP_RC
IBCJ_RC	I28M_RC
IBCJ_RC	ICD_RC
IBCJ_RC	I9GU
IBCZ_RC	IBCZ_RC
IBCZ_RC	I5CJ_RC
IBCZ_RC	IBX
IBCZ_RC	I9H9_RC
IBCZ_RC	I7QN
IBCZ_RC	I27K
IBCZ_RC	IBCZ
IBCZ_RC	I5CJ
IBCZ_RC	I9H9
IBCZ_RC	IBX_RC
IBCZ_RC	I7QN_RC
IBCZ_RC	I27K_RC
IBER_RC	IBER_RC
IBER_RC	I5E1_RC
IBER_RC	IA4
IBER_RC	I7OU
IBER_RC	I25R
IBER_RC	I9J3_RC
IBER_RC	IBER
IBER_RC	I5E1
IBER_RC	IA4_RC
IBER_RC	I7OU_RC
IBER_RC	I9J3
IBER_RC	I25R_RC
IBF7_RC	IBF7_RC
IBF7_RC	I9P
IBF7_RC	I7OF
IBF7_RC	I25C
IBF7_RC	IBF7
IBF7_RC	I9P_RC
IBF7_RC	I7OF_RC
IBF7_RC	I25C_RC
IBG3_RC	IBG3_RC
IBG3_RC	IBG3
IBGJ_RC	IBGJ_RC
IBGJ_RC	I87
IBGJ_RC	I7NC
IBGJ_RC	I9L4_RC
IBGJ_RC	I24A
IBGJ_RC	I5FE_RC
IBGJ_RC	IBGJ
IBGJ_RC	I87_RC
IBGJ_RC	I9L4
IBGJ_RC	I7NC_RC
IBGJ_RC	I5FE
IBGJ_RC	I24A_RC
IBHF_RC	IBHF_RC
IBHF_RC	I7ME
IBHF_RC	I7B
IBHF_RC	I23C
IBHF_RC	I9M2_RC
IBHF_RC	I5GB_RC
IBHF_RC	IBHF
IBHF_RC	I7ME_RC
IBHF_RC	I7B_RC
IBHF_RC	I23C_RC
IBHF_RC	I9M2
IBHF_RC	I5GB
IBHV_RC	IBHV_RC
IBHV_RC	I7LY
IBHV_RC	I6V
IBHV_RC	I22W
IBHV_RC	I9MI_RC
IBHV_RC	I5GR_RC
IBHV_RC	IBHV
IBHV_RC	I7LY_RC
IBHV_RC	I6V_RC
IBHV_RC	I22W_RC
IBHV_RC	I9MI
IBHV_RC	I5GR
IBIB_RC	IBIB_RC
IBIB_RC	I7LH
IBIB_RC	I6F
IBIB_RC	I22F
IBIB_RC	I9MY_RC
IBIB_RC	I5H7_RC
IBIB_RC	IBIB
IBIB_RC	I7LH_RC
IBIB_RC	I6F_RC
IBIB_RC	I22F_RC
IBIB_RC	I9MY
IBIB_RC	I5H7
IBMB_RC	IBMB_RC
IBMB_RC	I5LG_RC
IBMB_RC	I9RA_RC
IBMB_RC	I7G7
IBMB_RC	I1X5
IBMB_RC	I1N
IBMB_RC	IBMB
IBMB_RC	I5LG
IBMB_RC	I9RA
IBMB_RC	I7G7_RC
IBMB_RC	I1X5_RC
IBMB_RC	I1N_RC
IBNN_RC	IBNN_RC
IBNN_RC	I9SM_RC
IBNN_RC	I5MV_RC
IBNN_RC	I7EW
IBNN_RC	I1VU
IBNN_RC	IC
IBNN_RC	IBNN
IBNN_RC	I9SM
IBNN_RC	I5MV
IBNN_RC	I7EW_RC
IBNN_RC	I1VU_RC
IBNN_RC	IC_RC
IB5W_RC	IB5W_RC
IB5W_RC	II9
IB5W_RC	IB5W
IB5W_RC	II9_RC
IB6S_RC	IB6S_RC
IB6S_RC	IB6S
IB84_RC	IB84_RC
IB84_RC	I9CM_RC
IB84_RC	IG7
IB84_RC	I56V_RC
IB84_RC	I7ZJ
IB84_RC	I2GG
IB84_RC	IB84
IB84_RC	I9CM
IB84_RC	I56V
IB84_RC	IG7_RC
IB84_RC	I7ZJ_RC
IB84_RC	I2GG_RC
IBAC_RC	IBAC_RC
IBAC_RC	I9EP_RC
IBAC_RC	I7TH
IBAC_RC	I59X_RC
IBAC_RC	I2AE
IBAC_RC	IE0
IBAC_RC	IBAC
IBAC_RC	I9EP
IBAC_RC	I59X
IBAC_RC	I7TH_RC
IBAC_RC	I2AE_RC
IBAC_RC	IE0_RC
IBAS_RC	IBAS_RC
IBAS_RC	I7T2
IBAS_RC	I5AE_RC
IBAS_RC	I29Z
IBAS_RC	IDK
IBAS_RC	I9FI_RC
IBAS_RC	IBAS
IBAS_RC	I5AE
IBAS_RC	I7T2_RC
IBAS_RC	I29Z_RC
IBAS_RC	IDK_RC
IBAS_RC	I9FI
IBB8_RC	IBB8_RC
IBB8_RC	I7SJ
IBB8_RC	I29G
IBB8_RC	I5AU_RC
IBB8_RC	ID4
IBB8_RC	I9FZ_RC
IBB8_RC	IBB8
IBB8_RC	I7SJ_RC
IBB8_RC	I29G_RC
IBB8_RC	I5AU
IBB8_RC	ID4_RC
IBB8_RC	I9FZ
IBD0_RC	IBD0_RC
IBD0_RC	I5CK_RC
IBD0_RC	IBW
IBD0_RC	I7QM
IBD0_RC	I9HA_RC
IBD0_RC	I27J
IBD0_RC	IBD0
IBD0_RC	I5CK
IBD0_RC	IBW_RC
IBD0_RC	I9HA
IBD0_RC	I7QM_RC
IBD0_RC	I27J_RC
IBDW_RC	IBDW_RC
IBDW_RC	IB0
IBDW_RC	I5D8_RC
IBDW_RC	I7PP
IBDW_RC	I26M
IBDW_RC	I9I7_RC
IBDW_RC	IBDW
IBDW_RC	I5D8
IBDW_RC	IB0_RC
IBDW_RC	I7PP_RC
IBDW_RC	I26M_RC
IBDW_RC	I9I7
IBEC_RC	IBEC_RC
IBEC_RC	IAJ
IBEC_RC	I7PA
IBEC_RC	I267
IBEC_RC	I5DR_RC
IBEC_RC	I9IO_RC
IBEC_RC	IBEC
IBEC_RC	IAJ_RC
IBEC_RC	I7PA_RC
IBEC_RC	I5DR
IBEC_RC	I267_RC
IBEC_RC	I9IO
IBES_RC	IBES_RC
IBES_RC	I5E2_RC
IBES_RC	IA3
IBES_RC	I7OT
IBES_RC	I25Q
IBES_RC	I9J4_RC
IBES_RC	IBES
IBES_RC	I5E2
IBES_RC	IA3_RC
IBES_RC	I7OT_RC
IBES_RC	I25Q_RC
IBES_RC	I9J4
IBF8_RC	IBF8_RC
IBF8_RC	I5EG_RC
IBF8_RC	I9O
IBF8_RC	I9JH_RC
IBF8_RC	I7OE
IBF8_RC	I25B
IBF8_RC	IBF8
IBF8_RC	I5EG
IBF8_RC	I9O_RC
IBF8_RC	I9JH
IBF8_RC	I7OE_RC
IBF8_RC	I25B_RC
IBGK_RC	IBGK_RC
IBGK_RC	I86
IBGK_RC	I5FF_RC
IBGK_RC	I9L5_RC
IBGK_RC	IBGK
IBGK_RC	I86_RC
IBGK_RC	I5FF
IBGK_RC	I9L5
IBHG_RC	IBHG_RC
IBHG_RC	I7MD
IBHG_RC	I7A
IBHG_RC	I23B
IBHG_RC	I9M3_RC
IBHG_RC	I5GC_RC
IBHG_RC	IBHG
IBHG_RC	I7MD_RC
IBHG_RC	I7A_RC
IBHG_RC	I23B_RC
IBHG_RC	I9M3
IBHG_RC	I5GC
IBHW_RC	IBHW_RC
IBHW_RC	I7LX
IBHW_RC	I6U
IBHW_RC	I22V
IBHW_RC	I9MJ_RC
IBHW_RC	I5GS_RC
IBHW_RC	IBHW
IBHW_RC	I7LX_RC
IBHW_RC	I6U_RC
IBHW_RC	I22V_RC
IBHW_RC	I9MJ
IBHW_RC	I5GS
IBMC_RC	IBMC_RC
IBMC_RC	I7G6
IBMC_RC	I9RB_RC
IBMC_RC	I1X4
IBMC_RC	I1M
IBMC_RC	IBMC
IBMC_RC	I7G6_RC
IBMC_RC	I9RB
IBMC_RC	I1X4_RC
IBMC_RC	I1M_RC
IBN8_RC	IBN8_RC
IBN8_RC	I7FA
IBN8_RC	I1W8
IBN8_RC	I9S8_RC
IBN8_RC	I5MH_RC
IBN8_RC	IQ
IBN8_RC	IBN8
IBN8_RC	I7FA_RC
IBN8_RC	I9S8
IBN8_RC	I1W8_RC
IBN8_RC	I5MH
IBN8_RC	IQ_RC
IBP0_RC	IBP0_RC
IBP0_RC	I1U9
IBP0_RC	I9U9_RC
IBP0_RC	I1UA
IBP0_RC	I40N
IBP0_RC	I40O
IBP0_RC	I7D8
IBP0_RC	I7D9
IBP0_RC	IBP0
IBP0_RC	I9U9
IBP0_RC	I1U9_RC
IBP0_RC	I1UA_RC
IBP0_RC	I40N_RC
IBP0_RC	I40O_RC
IBP0_RC	I7D8_RC
IBP0_RC	I7D9_RC
IBPG_RC	IBPG_RC
IBPG_RC	IBPG
IBPW_RC	IBPW_RC
IBPW_RC	IBPW
IBQC_RC	IBQC_RC
IBQC_RC	I1TF
IBQC_RC	IBQC
IBQC_RC	I1TF_RC
IBV8_RC	IBV8_RC
IBV8_RC	I77L
IBV8_RC	I5VT_RC
IBV8_RC	I9ZU_RC
IBV8_RC	I1OC
IBV8_RC	I3UL
IBV8_RC	IBV8
IBV8_RC	I77L_RC
IBV8_RC	I5VT
IBV8_RC	I9ZU
IBV8_RC	I1OC_RC
IBV8_RC	I3UL_RC
IBX0_RC	IBX0_RC
IBX0_RC	I3SP
IBX0_RC	IA1N_RC
IBX0_RC	I1MK
IBX0_RC	I75P
IBX0_RC	I5XQ_RC
IBX0_RC	IBX0
IBX0_RC	I3SP_RC
IBX0_RC	IA1N
IBX0_RC	I1MK_RC
IBX0_RC	I75P_RC
IBX0_RC	I5XQ
IBXG_RC	IBXG_RC
IBXG_RC	I3S9
IBXG_RC	IA23_RC
IBXG_RC	I1M4
IBXG_RC	I759
IBXG_RC	I5Y6_RC
IBXG_RC	IBXG
IBXG_RC	I3S9_RC
IBXG_RC	IA23
IBXG_RC	I1M4_RC
IBXG_RC	I759_RC
IBXG_RC	I5Y6
IBYS_RC	IBYS_RC
IBYS_RC	I5ZO_RC
IBYS_RC	I3QX
IBYS_RC	I1KR
IBYS_RC	I73X
IBYS_RC	IA3J_RC
IBYS_RC	IBYS
IBYS_RC	I5ZO
IBYS_RC	I3QX_RC
IBYS_RC	I1KR_RC
IBYS_RC	I73X_RC
IBYS_RC	IA3J
I6D	I6D
I6D	I7LF
I6D	I22D
I6D	IBID_RC
I6D	I9MZ_RC
I6D	I5H8_RC
I6D	I5H8
I6D	I7LF_RC
I6D	IBID
I6D	I6D_RC
I6D	I22D_RC
I6D	I9MZ
I152	I152
I152	I3T_RC
I1RA	I1RA
I1RA	I5SY_RC
I1RA	I9WY_RC
I1RA	I3XW
I1RA	I7AH
I1RA	IBSC_RC
I1RA	IA89
I1RA	I8BV
I1RA	I1GB_RC
I1RA	I45R
I1S6	I1S6
I1S6	I9W1_RC
I1S6	I3YU
I1S6	I7BF
I1S6	IBRH_RC
I1S6	I5S0_RC
I1S6	I9W1
I1S6	I1S6_RC
I1S6	I3YU_RC
I1S6	I7BF_RC
I1S6	IBRH
I1S6	I5S0
IAP1_RC	IAP1_RC
IAP1_RC	I34M
IAP1_RC	I8T2_RC
IAP1_RC	I4ND_RC
IAP1_RC	I6H9
IAP1_RC	IZ2
IAP1_RC	IAP1
IAP1_RC	I8T2
IAP1_RC	I34M_RC
IAP1_RC	I4ND
IAP1_RC	I6H9_RC
IAP1_RC	IZ2_RC
IAQD_RC	IAQD_RC
IAQD_RC	I337
IAQD_RC	I4ON_RC
IAQD_RC	I8UF_RC
IAQD_RC	I6FU
IAQD_RC	IXQ
IAQD_RC	IAQD
IAQD_RC	I337_RC
IAQD_RC	I4ON
IAQD_RC	I8UF
IAQD_RC	I6FU_RC
IAQD_RC	IXQ_RC
IAS5_RC	IAS5_RC
IAS5_RC	IAS5
IAUT_RC	IAUT_RC
IAUT_RC	ITJ
IAUT_RC	I2X5
IAUT_RC	I8ZF_RC
IAUT_RC	I4TO_RC
IAUT_RC	I69S
IAUT_RC	IAUT
IAUT_RC	ITJ_RC
IAUT_RC	I2X5_RC
IAUT_RC	I8ZF
IAUT_RC	I4TO
IAUT_RC	I69S_RC
IAWL_RC	IAWL_RC
IAWL_RC	IRR
IAWL_RC	I2VC
IAWL_RC	I4VC_RC
IAWL_RC	I917_RC
IAWL_RC	I67Y
IAWL_RC	IAWL
IAWL_RC	IRR_RC
IAWL_RC	I4VC
IAWL_RC	I2VC_RC
IAWL_RC	I917
IAWL_RC	I67Y_RC
IAX1_RC	IAX1_RC
IAX1_RC	I4VQ_RC
IAX1_RC	IRB
IAX1_RC	I2UW
IAX1_RC	I91M_RC
IAX1_RC	I67I
IAX1_RC	IAX1
IAX1_RC	I4VQ
IAX1_RC	IRB_RC
IAX1_RC	I2UW_RC
IAX1_RC	I91M
IAX1_RC	I67I_RC
IAXH_RC	IAXH_RC
IAXH_RC	I4W5_RC
IAXH_RC	IQV
IAXH_RC	I2UH
IAXH_RC	I921_RC
IAXH_RC	I673
IAXH_RC	IAXH
IAXH_RC	I4W5
IAXH_RC	IQV_RC
IAXH_RC	I921
IAXH_RC	I2UH_RC
IAXH_RC	I673_RC
IAXX_RC	IAXX_RC
IAXX_RC	I4WL_RC
IAXX_RC	IQF
IAXX_RC	I2U1
IAXX_RC	I92H_RC
IAXX_RC	I66N
IAXX_RC	IAXX
IAXX_RC	I4WL
IAXX_RC	IQF_RC
IAXX_RC	I92H
IAXX_RC	I2U1_RC
IAXX_RC	I66N_RC
IAZ9_RC	IAZ9_RC
IAZ9_RC	I4XT_RC
IAZ9_RC	IP3
IAZ9_RC	I93R_RC
IAZ9_RC	I2SQ
IAZ9_RC	I65C
IAZ9_RC	IAZ9
IAZ9_RC	I4XT
IAZ9_RC	I93R
IAZ9_RC	IP3_RC
IAZ9_RC	I2SQ_RC
IAZ9_RC	I65C_RC
IAZP_RC	IAZP_RC
IAZP_RC	IAZP
IB1H_RC	IB1H_RC
IB1H_RC	I95D_RC
IB1H_RC	I2PG
IB1H_RC	IMY
IB1H_RC	I62O_RC
IB1H_RC	IB1H
IB1H_RC	I95D
IB1H_RC	I2PG_RC
IB1H_RC	IMY_RC
IB1H_RC	I62O
IB39_RC	IB39_RC
IB39_RC	IB39
IB45_RC	IB45_RC
IB45_RC	IK1
IB45_RC	IB45
IB45_RC	IK1_RC
IB6T_RC	IB6T_RC
IB6T_RC	IB6T
IB79_RC	IB79_RC
IB79_RC	I9BP_RC
IB79_RC	IH2
IB79_RC	I560_RC
IB79_RC	I80E
IB79_RC	I2HB
IB79_RC	IB79
IB79_RC	I9BP
IB79_RC	IH2_RC
IB79_RC	I560
IB79_RC	I80E_RC
IB79_RC	I2HB_RC
IBB9_RC	IBB9_RC
IBB9_RC	I5AV_RC
IBB9_RC	IBBJ_RC
IBB9_RC	IBB9
IBB9_RC	I5AV
IBB9_RC	IBBJ
IBDX_RC	IBDX_RC
IBDX_RC	IAZ
IBDX_RC	I9I8_RC
IBDX_RC	IBDX
IBDX_RC	IAZ_RC
IBDX_RC	I9I8
IBFP_RC	IBFP_RC
IBFP_RC	I5EW_RC
IBFP_RC	I97
IBFP_RC	I7NX
IBFP_RC	I9JX_RC
IBFP_RC	I24U
IBFP_RC	IBFP
IBFP_RC	I5EW
IBFP_RC	I97_RC
IBFP_RC	I9JX
IBFP_RC	I7NX_RC
IBFP_RC	I24U_RC
IBKL_RC	IBKL_RC
IBKL_RC	I1Z6
IBKL_RC	I3D
IBKL_RC	I9PB_RC
IBKL_RC	I7I8
IBKL_RC	IBKL
IBKL_RC	I1Z6_RC
IBKL_RC	I3D_RC
IBKL_RC	I9PB
IBKL_RC	I7I8_RC
IBL1_RC	IBL1_RC
IBL1_RC	I7HH
IBL1_RC	I9PX_RC
IBL1_RC	I1YF
IBL1_RC	I2X
IBL1_RC	I5K9_RC
IBL1_RC	IBL1
IBL1_RC	I9PX
IBL1_RC	I7HH_RC
IBL1_RC	I1YF_RC
IBL1_RC	I5K9
IBL1_RC	I2X_RC
IBPH_RC	IBPH_RC
IBPH_RC	IBPH
IBPX_RC	IBPX_RC
IBPX_RC	IBPX
IBQD_RC	IBQD_RC
IBQD_RC	I1TD
IBQD_RC	I7CI
IBQD_RC	I5QZ_RC
IBQD_RC	I9V0_RC
IBQD_RC	I3ZX
IBQD_RC	IBQD
IBQD_RC	I1TD_RC
IBQD_RC	I7CI_RC
IBQD_RC	I5QZ
IBQD_RC	I9V0
IBQD_RC	I3ZX_RC
IBSL_RC	IBSL_RC
IBSL_RC	I5T6_RC
IBSL_RC	I9X6_RC
IBSL_RC	I3XN
IBSL_RC	I1R1
IBSL_RC	I7A8
IBSL_RC	IBSL
IBSL_RC	I5T6
IBSL_RC	I9X6
IBSL_RC	I3XN_RC
IBSL_RC	I1R1_RC
IBSL_RC	I7A8_RC
IBT1_RC	IBT1_RC
IBT1_RC	I5TK_RC
IBT1_RC	I9XK_RC
IBT1_RC	I3X7
IBT1_RC	I1QL
IBT1_RC	I79S
IBT1_RC	IBT1
IBT1_RC	I5TK
IBT1_RC	I9XK
IBT1_RC	I3X7_RC
IBT1_RC	I1QL_RC
IBT1_RC	I79S_RC
IBUT_RC	IBUT_RC
IBUT_RC	I3UZ
IBUT_RC	I5VF_RC
IBUT_RC	I1OS
IBUT_RC	I9ZH_RC
IBUT_RC	I77Z
IBUT_RC	IBUT
IBUT_RC	I5VF
IBUT_RC	I3UZ_RC
IBUT_RC	I1OS_RC
IBUT_RC	I9ZH
IBUT_RC	I77Z_RC
I8WM_RC	I8WM_RC
I8WM_RC	I8WM
I8YE_RC	I8YE_RC
I8YE_RC	I8YE
I91I_RC	I91I_RC
I91I_RC	IRG
I91I_RC	IAWW_RC
I91I_RC	I67N
I91I_RC	I4VN_RC
I91I_RC	I2V1
I91I_RC	I91I
I91I_RC	IRG_RC
I91I_RC	IAWW
I91I_RC	I67N_RC
I91I_RC	I4VN
I91I_RC	I2V1_RC
I97Q_RC	I97Q_RC
I97Q_RC	IKO
I97Q_RC	I2MW
I97Q_RC	I860
I97Q_RC	I514_RC
I97Q_RC	IB3J_RC
I97Q_RC	I97Q
I97Q_RC	I514
I97Q_RC	IKO_RC
I97Q_RC	I2MW_RC
I97Q_RC	I860_RC
I97Q_RC	IB3J
I99Y_RC	I99Y_RC
I99Y_RC	I99Y
I9AE_RC	I9AE_RC
I9AE_RC	I9AE
I9EU_RC	I9EU_RC
I9EU_RC	I9EU
I9FA_RC	I9FA_RC
I9FA_RC	I5A3_RC
I9FA_RC	IBAK_RC
I9FA_RC	I7TA
I9FA_RC	I2A7
I9FA_RC	IDS
I9FA_RC	I9FA
I9FA_RC	I5A3
I9FA_RC	IBAK
I9FA_RC	I7TA_RC
I9FA_RC	I2A7_RC
I9FA_RC	IDS_RC
I9KM_RC	I9KM_RC
I9KM_RC	I8M
I9KM_RC	I9KM
I9KM_RC	I8M_RC
I9KM_RC	I4SN_RC
I9KM_RC	IATJ_RC
I9LI_RC	I9LI_RC
I9LI_RC	I9LI
I9LY_RC	I9LY_RC
I9LY_RC	I5G7_RC
I9LY_RC	I7MH
I9LY_RC	I7F
I9LY_RC	I23F
I9LY_RC	IBHB_RC
I9LY_RC	I9LY
I9LY_RC	I5G7
I9LY_RC	I7MH_RC
I9LY_RC	I7F_RC
I9LY_RC	I23F_RC
I9LY_RC	IBHB
I9ME_RC	I9ME_RC
I9ME_RC	I5GN_RC
I9ME_RC	I7M2
I9ME_RC	I6Z
I9ME_RC	I230
I9ME_RC	IBHR_RC
I9ME_RC	I9ME
I9ME_RC	I5GN
I9ME_RC	I7M2_RC
I9ME_RC	I6Z_RC
I9ME_RC	I230_RC
I9ME_RC	IBHR
I9QU_RC	I9QU_RC
I9QU_RC	I9QU
I9UU_RC	I9UU_RC
I9UU_RC	I9UU
IA5I_RC	IA5I_RC
IA5I_RC	I3OB
IA5I_RC	I1J1
IA5I_RC	I88U_RC
IA5I_RC	I71B
IA5I_RC	IA5I
IA5I_RC	I3OB_RC
IA5I_RC	I1J1_RC
IA5I_RC	I88U
IA5I_RC	I71B_RC
IA6U_RC	IA6U_RC
IA6U_RC	I8AG_RC
IA6U_RC	I3MY
IA6U_RC	I1HN
IA6U_RC	I6ZY
IA6U_RC	I44G_RC
IA6U_RC	IA6U
IA6U_RC	I8AG
IA6U_RC	I3MY_RC
IA6U_RC	I1HN_RC
IA6U_RC	I6ZY_RC
IA6U_RC	I44G
IA7Q_RC	IA7Q_RC
IA7Q_RC	I3M2
IA7Q_RC	I8BE_RC
IA7Q_RC	I1GU
IA7Q_RC	I6Z4
IA7Q_RC	IA7Q
IA7Q_RC	I8BE
IA7Q_RC	I3M2_RC
IA7Q_RC	I1GU_RC
IA7Q_RC	I6Z4_RC
IA86_RC	IA86_RC
IA86_RC	I8BS_RC
IA86_RC	I3LM
IA86_RC	I45N_RC
IA86_RC	I1GE
IA86_RC	I6YO
IA86_RC	IA86
IA86_RC	I8BS
IA86_RC	I3LM_RC
IA86_RC	I45N
IA86_RC	I1GE_RC
IA86_RC	I6YO_RC
IA8M_RC	IA8M_RC
IA8M_RC	I463_RC
IA8M_RC	I1FZ
IA8M_RC	IA8M
IA8M_RC	I463
IA8M_RC	I1FZ_RC
IA92_RC	IA92_RC
IA92_RC	I8CL_RC
IA92_RC	I3KQ
IA92_RC	I1FI
IA92_RC	I46M_RC
IA92_RC	I6XS
IA92_RC	IA92
IA92_RC	I8CL
IA92_RC	I3KQ_RC
IA92_RC	I46M
IA92_RC	I1FI_RC
IA92_RC	I6XS_RC
IAFQ_RC	IAFQ_RC
IAFQ_RC	I4DJ_RC
IAFQ_RC	I18O
IAFQ_RC	I3E0
IAFQ_RC	I8KC_RC
IAFQ_RC	I6QN
IAFQ_RC	IAFQ
IAFQ_RC	I4DJ
IAFQ_RC	I18O_RC
IAFQ_RC	I3E0_RC
IAFQ_RC	I8KC
IAFQ_RC	I6QN_RC
IANA_RC	IANA_RC
IANA_RC	IANA
IAQU_RC	IAQU_RC
IAQU_RC	I6FB
IAQU_RC	I4P4_RC
IAQU_RC	I8UW_RC
IAQU_RC	IX9
IAQU_RC	I32O
IAQU_RC	IAQU
IAQU_RC	I6FB_RC
IAQU_RC	I4P4
IAQU_RC	I8UW
IAQU_RC	IX9_RC
IAQU_RC	I32O_RC
IAS6_RC	IAS6_RC
IAS6_RC	IAS6
IAT2_RC	IAT2_RC
IAT2_RC	I8XU_RC
IAT2_RC	I6BO
IAT2_RC	I4S6_RC
IAT2_RC	I2ZS
IAT2_RC	I2Z1
IAT2_RC	I6CF
IAT2_RC	IV4
IAT2_RC	I4S6
IAT2_RC	I8XU
IAT2_RC	I6BO_RC
IAT2_RC	IAT2
IAT2_RC	I2ZS_RC
IAT2_RC	I2Z1_RC
IAT2_RC	I6CF_RC
IAT2_RC	IV4_RC
IAZQ_RC	IAZQ_RC
IAZQ_RC	IAZQ
IB6E_RC	IB6E_RC
IB6E_RC	I9B7_RC
IB6E_RC	I54E_RC
IB6E_RC	IHS
IB6E_RC	IB6E
IB6E_RC	I9B7
IB6E_RC	I54E
IB6E_RC	IHS_RC
IB6U_RC	IB6U_RC
IB6U_RC	IB6U
IBBA_RC	IBBA_RC
IBBA_RC	I5B2_RC
IBBA_RC	IBBK_RC
IBBA_RC	IBBA
IBBA_RC	I5B2
IBBA_RC	IBBK
I2QU_RC	I2QU_RC
I2QU_RC	I647_RC
I2QU_RC	I2NX
I2QU_RC	I61A
I2QU_RC	I2QU
I2QU_RC	I647
I2QU_RC	I2NX_RC
I2QU_RC	I61A_RC
I2W6_RC	I2W6_RC
I2W6_RC	ISI_RC
I2W6_RC	IAVU
I2W6_RC	I68S_RC
I2W6_RC	I90G
I2W6_RC	I2W6
I2W6_RC	ISI
I2W6_RC	IAVU_RC
I2W6_RC	I68S
I2W6_RC	I90G_RC
I2YE_RC	I2YE_RC
I2YE_RC	I8YD
I2YE_RC	IUH_RC
I2YE_RC	I4SS
I2YE_RC	IATO
I2YE_RC	I6B1_RC
I2YE_RC	I2YE
I2YE_RC	I8YD_RC
I2YE_RC	IUH
I2YE_RC	I4SS_RC
I2YE_RC	IATO_RC
I2YE_RC	I6B1
I2YU_RC	I2YU_RC
I2YU_RC	I8Y0
I2YU_RC	IUW_RC
I2YU_RC	I4SD
I2YU_RC	IAT9
I2YU_RC	I6BH_RC
I2YU_RC	I2YU
I2YU_RC	IUW
I2YU_RC	I8Y0_RC
I2YU_RC	I6BH
I2YU_RC	I4SD_RC
I2YU_RC	IAT9_RC
I2ZA_RC	I2ZA_RC
I2ZA_RC	I613
I2ZA_RC	I6BX_RC
I2ZA_RC	I2R2_RC
I2ZA_RC	I7V2_RC
I2ZA_RC	I2BZ_RC
I2ZA_RC	I81V
I2ZA_RC	IB02
I2ZA_RC	I2IS
I2ZA_RC	IOA_RC
I2ZA_RC	I52I_RC
I2ZA_RC	I8T
I2ZA_RC	I9KG_RC
I2ZA_RC	I7V7_RC
I2ZA_RC	I2R6_RC
I2ZA_RC	I60Z
I2ZA_RC	I2C4_RC
I2ZA_RC	I6BX
I2ZA_RC	I64M_RC
I2ZA_RC	I7V1
I2ZA_RC	I2BY
I2ZA_RC	I2S0_RC
I2ZA_RC	I2ZE_RC
I2ZA_RC	I6C1_RC
I2ZA_RC	I2C4
I2ZA_RC	I7V7
I2ZA_RC	I613_RC
I2ZA_RC	I2ZA
I2ZA_RC	I52I
I2ZA_RC	I2R2
I2ZA_RC	I7V2
I2ZA_RC	I2BZ
I2ZA_RC	I81V_RC
I2ZA_RC	IB02_RC
I2ZA_RC	I2IS_RC
I2ZA_RC	IOA
I2ZA_RC	I8T_RC
I2ZA_RC	I9KG
I30M_RC	I30M_RC
I30M_RC	I8W5
I30M_RC	I4QG
I30M_RC	IAS9
I30M_RC	IVX_RC
I30M_RC	I6DA_RC
I30M_RC	I30M
I30M_RC	I8W5_RC
I30M_RC	I4QG_RC
I30M_RC	IAS9_RC
I30M_RC	IVX
I30M_RC	I6DA
I37A_RC	I37A_RC
I37A_RC	I4K7
I37A_RC	I8QF
I37A_RC	I120_RC
I37A_RC	IAM4
I37A_RC	I6JX_RC
I37A_RC	I37A
I37A_RC	I4K7_RC
I37A_RC	I8QF_RC
I37A_RC	I120
I37A_RC	IAM4_RC
I37A_RC	I6JX
I38M_RC	I38M_RC
I38M_RC	I8P0
I38M_RC	I4IT
I38M_RC	IAKT
I38M_RC	I6L9_RC
I38M_RC	I13I_RC
I38M_RC	I38M
I38M_RC	I8P0_RC
I38M_RC	I4IT_RC
I38M_RC	I6L9
I38M_RC	IAKT_RC
I38M_RC	I13I
I3BA_RC	I3BA_RC
I3BA_RC	I4G6
I3BA_RC	I15Z_RC
I3BA_RC	IAIH
I3BA_RC	I8MK
I3BA_RC	I6NX_RC
I3BA_RC	I3BA
I3BA_RC	I4G6_RC
I3BA_RC	I15Z
I3BA_RC	IAIH_RC
I3BA_RC	I8MK_RC
I3BA_RC	I6NX
I3D2_RC	I3D2_RC
I3D2_RC	I8KO
I3D2_RC	IAGO
I3D2_RC	I17T_RC
I3D2_RC	I4E2
I3D2_RC	I6PP_RC
I3D2_RC	I3D2
I3D2_RC	I8KO_RC
I3D2_RC	IAGO_RC
I3D2_RC	I17T
I3D2_RC	I4E2_RC
I3D2_RC	I6PP
I3EU_RC	I3EU_RC
I3EU_RC	I4CM
I3EU_RC	IAEV
I3EU_RC	I19J_RC
I3EU_RC	I8JG
I3EU_RC	I6RH_RC
I3EU_RC	I3EU
I3EU_RC	I4CM_RC
I3EU_RC	I19J
I3EU_RC	IAEV_RC
I3EU_RC	I8JG_RC
I3EU_RC	I6RH
I3IE_RC	I3IE_RC
I3IE_RC	I1D2_RC
I3IE_RC	I8EZ
I3IE_RC	I6VG_RC
I3IE_RC	IABK
I3IE_RC	I492
I3IE_RC	I3IE
I3IE_RC	I1D2
I3IE_RC	I8EZ_RC
I3IE_RC	I6VG
I3IE_RC	IABK_RC
I3IE_RC	I492_RC
I3IU_RC	I3IU_RC
I3IU_RC	I48N
I3IU_RC	I1DK_RC
I3IU_RC	I8EJ
I3IU_RC	I6VW_RC
I3IU_RC	IAB2
I3IU_RC	I3IU
I3IU_RC	I48N_RC
I3IU_RC	I1DK
I3IU_RC	I8EJ_RC
I3IU_RC	I6VW
I3IU_RC	IAB2_RC
I3JA_RC	I3JA_RC
I3JA_RC	I1E0_RC
I3JA_RC	I6WC_RC
I3JA_RC	IAAM
I3JA_RC	I3JA
I3JA_RC	I1E0
I3JA_RC	I6WC
I3JA_RC	IAAM_RC
I3LI_RC	I3LI_RC
I3LI_RC	IA8A
I3LI_RC	I1GA_RC
I3LI_RC	I8BW
I3LI_RC	I6YK_RC
I3LI_RC	I45S
I3LI_RC	I3LI
I3LI_RC	I1GA
I3LI_RC	IA8A_RC
I3LI_RC	I6YK
I3LI_RC	I8BW_RC
I3LI_RC	I45S_RC
I3MU_RC	I3MU_RC
I3MU_RC	I44J
I3MU_RC	I1HJ_RC
I3MU_RC	IA6Y
I3MU_RC	I6ZU_RC
I3MU_RC	I8AK
I3MU_RC	I3MU
I3MU_RC	I44J_RC
I3MU_RC	I1HJ
I3MU_RC	I6ZU
I3MU_RC	IA6Y_RC
I3MU_RC	I8AK_RC
I3NQ_RC	I3NQ_RC
I3NQ_RC	I43Q
I3NQ_RC	I89L
I3NQ_RC	I70Q_RC
I3NQ_RC	I3NQ
I3NQ_RC	I43Q_RC
I3NQ_RC	I89L_RC
I3NQ_RC	I70Q
I3OM_RC	I3OM_RC
I3OM_RC	I88K
I3OM_RC	IA53
I3OM_RC	I42W
I3OM_RC	I1JD_RC
I3OM_RC	I71M_RC
I3OM_RC	I3OM
I3OM_RC	I88K_RC
I3OM_RC	IA53_RC
I3OM_RC	I42W_RC
I3OM_RC	I1JD
I3OM_RC	I71M
I3T2_RC	I3T2_RC
I3T2_RC	I5XE
I3T2_RC	IBWN
I3T2_RC	I1MX_RC
I3T2_RC	I762_RC
I3T2_RC	IA1C
I3T2_RC	I3T2
I3T2_RC	I5XE_RC
I3T2_RC	IBWN_RC
I3T2_RC	I1MX
I3T2_RC	I762
I3T2_RC	IA1C_RC
I3UE_RC	I3UE_RC
I3UE_RC	I77E_RC
I3UE_RC	I5W0
I3UE_RC	I3UE
I3UE_RC	I77E
I3UE_RC	I5W0_RC
I3W6_RC	I3W6_RC
I3W6_RC	I1PJ_RC
I3W6_RC	IBU3
I3W6_RC	I78R_RC
I3W6_RC	I9YK
I3W6_RC	I3W6
I3W6_RC	I1PJ
I3W6_RC	I78R
I3W6_RC	IBU3_RC
I3W6_RC	I9YK_RC
I3WM_RC	I3WM_RC
I3WM_RC	I1PZ_RC
I3WM_RC	IBTN
I3WM_RC	I797_RC
I3WM_RC	I3WM
I3WM_RC	I1PZ
I3WM_RC	I797
I3WM_RC	IBTN_RC
I3XI_RC	I3XI_RC
I3XI_RC	I1QW_RC
I3XI_RC	IBSQ
I3XI_RC	I7A3_RC
I3XI_RC	I5TB
I3XI_RC	I9XB
I3XI_RC	I3XI
I3XI_RC	I1QW
I3XI_RC	IBSQ_RC
I3XI_RC	I7A3
I3XI_RC	I5TB_RC
I3XI_RC	I9XB_RC
I3XY_RC	I3XY_RC
I3XY_RC	I1RC_RC
I3XY_RC	IBSA
I3XY_RC	I7AJ_RC
I3XY_RC	I5SW
I3XY_RC	I9WW
I3XY_RC	I3XY
I3XY_RC	I1RC
I3XY_RC	IBSA_RC
I3XY_RC	I7AJ
I3XY_RC	I5SW_RC
I3XY_RC	I9WW_RC
IB2V_RC	IB2V_RC
IB2V_RC	ILJ
IB2V_RC	ILJ_RC
IB2V_RC	IB2V
IB47_RC	IB47_RC
IB47_RC	I98B_RC
IB47_RC	I51O_RC
IB47_RC	IJZ
IB47_RC	I2M8
IB47_RC	I85C
IB47_RC	IB47
IB47_RC	I98B
IB47_RC	I51O
IB47_RC	IJZ_RC
IB47_RC	I2M8_RC
IB47_RC	I85C_RC
IB6V_RC	IB6V_RC
IB6V_RC	I4H4
IB6V_RC	IHD
IB6V_RC	IB6V
IB6V_RC	I4H4_RC
IB6V_RC	IHD_RC
IBDJ_RC	IBDJ_RC
IBDJ_RC	I5D2_RC
IBDJ_RC	I7Q0
IBDJ_RC	IBD
IBDJ_RC	I26X
IBDJ_RC	I9I1_RC
IBDJ_RC	IBDJ
IBDJ_RC	I5D2
IBDJ_RC	I7Q0_RC
IBDJ_RC	I9I1
IBDJ_RC	IBD_RC
IBDJ_RC	I26X_RC
IBFR_RC	IBFR_RC
IBFR_RC	I95
IBFR_RC	I5EY_RC
IBFR_RC	I7NV
IBFR_RC	I24S
IBFR_RC	I9JZ_RC
IBFR_RC	IBFR
IBFR_RC	I95_RC
IBFR_RC	I5EY
IBFR_RC	I7NV_RC
IBFR_RC	I24S_RC
IBFR_RC	I9JZ
IBK7_RC	IBK7_RC
IBK7_RC	IBK7
IBPJ_RC	IBPJ_RC
IBPJ_RC	IBPJ
IBPZ_RC	IBPZ_RC
IBPZ_RC	IBPZ
IBRR_RC	IBRR_RC
IBRR_RC	I3YI
IBRR_RC	I1RW
IBRR_RC	I5SD_RC
IBRR_RC	I9WD_RC
IBRR_RC	I7B3
IBRR_RC	IBRR
IBRR_RC	I3YI_RC
IBRR_RC	I1RW_RC
IBRR_RC	I5SD
IBRR_RC	I9WD
IBRR_RC	I7B3_RC
IBS7_RC	IBS7_RC
IBS7_RC	I3Y2
IBS7_RC	I1RG
IBS7_RC	I5SS_RC
IBS7_RC	I9WS_RC
IBS7_RC	I7AN
IBS7_RC	IBS7
IBS7_RC	I3Y2_RC
IBS7_RC	I5SS
IBS7_RC	I9WS
IBS7_RC	I1RG_RC
IBS7_RC	I7AN_RC
IBSN_RC	IBSN_RC
IBSN_RC	I3XL
IBSN_RC	I1QZ
IBSN_RC	I5T8_RC
IBSN_RC	I9X8_RC
IBSN_RC	I7A6
IBSN_RC	IBSN
IBSN_RC	I3XL_RC
IBSN_RC	I1QZ_RC
IBSN_RC	I5T8
IBSN_RC	I9X8
IBSN_RC	I7A6_RC
IBTJ_RC	IBTJ_RC
IBTJ_RC	I9Y1_RC
IBTJ_RC	I3WQ
IBTJ_RC	I1Q3
IBTJ_RC	I5U3_RC
IBTJ_RC	I79B
IBTJ_RC	IBTJ
IBTJ_RC	I9Y1
IBTJ_RC	I3WQ_RC
IBTJ_RC	I5U3
IBTJ_RC	I1Q3_RC
IBTJ_RC	I79B_RC
IBTZ_RC	IBTZ_RC
IBTZ_RC	I9YG_RC
IBTZ_RC	I3WA
IBTZ_RC	I1PN
IBTZ_RC	I78V
IBTZ_RC	IBTZ
IBTZ_RC	I9YG
IBTZ_RC	I3WA_RC
IBTZ_RC	I1PN_RC
IBTZ_RC	I78V_RC
IBVR_RC	IBVR_RC
IBVR_RC	I1NT
IBVR_RC	I3U3
IBVR_RC	I5WD_RC
IBVR_RC	IA0E_RC
IBVR_RC	I773
IBVR_RC	IBVR
IBVR_RC	I1NT_RC
IBVR_RC	I3U3_RC
IBVR_RC	I5WD
IBVR_RC	IA0E
IBVR_RC	I773_RC
I6EH_RC	I6EH_RC
I6EH_RC	I31T_RC
I6EH_RC	I4P8
I6EH_RC	I8V0
I6EH_RC	I6EH
I6EH_RC	I31T
I6EH_RC	I4P8_RC
I6EH_RC	I8V0_RC
I6IX_RC	I6IX_RC
I6IX_RC	I36A_RC
I6IX_RC	I6IX
I6IX_RC	I36A
I6MH_RC	I6MH_RC
I6MH_RC	I39U_RC
I6MH_RC	I6MH
I6MH_RC	I39U
I6OP_RC	I6OP_RC
I6OP_RC	I3C2_RC
I6OP_RC	I6OP
I6OP_RC	I3C2
I6RT_RC	I6RT_RC
I6RT_RC	I3F6_RC
I6RT_RC	I6RT
I6RT_RC	I3F6
I6UH_RC	I6UH_RC
I6UH_RC	I3VB
I6UH_RC	I6UH
I6UH_RC	I3VB_RC
I6Y1_RC	I6Y1_RC
I6Y1_RC	I3KZ_RC
I6Y1_RC	I6Y1
I6Y1_RC	I3KZ
I709_RC	I709_RC
I709_RC	I3N9_RC
I709_RC	I709
I709_RC	I3N9
I72H_RC	I72H_RC
I72H_RC	I3PH_RC
I72H_RC	I72H
I72H_RC	I3PH
I72X_RC	I72X_RC
I72X_RC	I3PX_RC
I72X_RC	I72X
I72X_RC	I3PX
I73T_RC	I73T_RC
I73T_RC	I3QT_RC
I73T_RC	IA3L
I73T_RC	IA3L_RC
I73T_RC	I73T
I73T_RC	I3QT
I73T_RC	I1KQ
I73T_RC	I5ZP_RC
I73T_RC	IBYT_RC
I73T_RC	I1KQ_RC
I73T_RC	I5ZP
I73T_RC	IBYT
I76X_RC	I76X_RC
I76X_RC	I3TX_RC
I76X_RC	I76X
I76X_RC	I3TX
I789_RC	I789_RC
I789_RC	I5V6
I789_RC	I9Z8
I789_RC	I3VO_RC
I789_RC	I3VO
I789_RC	I5V6_RC
I789_RC	I9Z8_RC
I789_RC	I789
I7BD_RC	I7BD_RC
I7BD_RC	I3YS_RC
I7BD_RC	I7BD
I7BD_RC	I3YS
I7CP_RC	I7CP_RC
I7CP_RC	I404_RC
I7CP_RC	I7CP
I7CP_RC	I404
I7DL_RC	I7DL_RC
I7DL_RC	I410_RC
I7DL_RC	I7DL
I7DL_RC	I410
I18P_RC	I18P_RC
I18P_RC	IAFP
I18P_RC	I18P
I18P_RC	IAFP_RC
I1AH_RC	I1AH_RC
I1AH_RC	I6SH_RC
I1AH_RC	I8HI
I1AH_RC	I3FU_RC
I1AH_RC	IAE4
I1AH_RC	I4BH
I1AH_RC	I1AH
I1AH_RC	I6SH
I1AH_RC	I8HI_RC
I1AH_RC	I3FU
I1AH_RC	IAE4_RC
I1AH_RC	I4BH_RC
I1BD_RC	I1BD_RC
I1BD_RC	I8GN
I1BD_RC	I3GP_RC
I1BD_RC	I4AJ
I1BD_RC	IAD8
I1BD_RC	I6TC_RC
I1BD_RC	I1BD
I1BD_RC	I8GN_RC
I1BD_RC	I3GP
I1BD_RC	I4AJ_RC
I1BD_RC	IAD8_RC
I1BD_RC	I6TC
I1C9_RC	I1C9_RC
I1C9_RC	I8FP
I1C9_RC	I3HL_RC
I1C9_RC	IACD
I1C9_RC	I6UN_RC
I1C9_RC	I49S
I1C9_RC	I1C9
I1C9_RC	I8FP_RC
I1C9_RC	I3HL
I1C9_RC	IACD_RC
I1C9_RC	I6UN
I1C9_RC	I49S_RC
I1FT_RC	I1FT_RC
I1FT_RC	I1FT
I1S9_RC	I1S9_RC
I1S9_RC	I3YX_RC
I1S9_RC	IBRE
I1S9_RC	I5RX
I1S9_RC	I9VY
I1S9_RC	I7BI_RC
I1S9_RC	I1S9
I1S9_RC	I3YX
I1S9_RC	IBRE_RC
I1S9_RC	I5RX_RC
I1S9_RC	I7BI
I1S9_RC	I9VY_RC
I1T5_RC	I1T5_RC
I1T5_RC	I9V5
I1T5_RC	I3ZS_RC
I1T5_RC	IBQI
I1T5_RC	I7CD_RC
I1T5_RC	I1T5
I1T5_RC	I9V5_RC
I1T5_RC	I3ZS
I1T5_RC	IBQI_RC
I1T5_RC	I7CD
I1TL_RC	I1TL_RC
I1TL_RC	IBPO
I1TL_RC	I3Z_RC
I1TL_RC	I1TL
I1TL_RC	I7XZ
I1TL_RC	I2EW
I1TL_RC	IBPO_RC
I1TL_RC	I3Z
I1XL_RC	I1XL_RC
I1XL_RC	I7GN_RC
I1XL_RC	I1XL
I1XL_RC	I7GN
I1YX_RC	I1YX_RC
I1YX_RC	I7HZ_RC
I1YX_RC	I1YX
I1YX_RC	I7HZ
I1ZT_RC	I1ZT_RC
I1ZT_RC	I7IV_RC
I1ZT_RC	I1ZT
I1ZT_RC	I7IV
I23T_RC	I23T_RC
I23T_RC	I9LJ
I23T_RC	I7MV_RC
I23T_RC	I7MV
I23T_RC	I9LJ_RC
I23T_RC	I23T
I2D5_RC	I2D5_RC
I2D5_RC	I55K
I2D5_RC	I7W8_RC
I2D5_RC	I7W8
I2D5_RC	I55K_RC
I2D5_RC	I2D5
I2DL_RC	I2DL_RC
I2DL_RC	I7WO_RC
I2DL_RC	I2DL
I2DL_RC	I7WO
I2E1_RC	I2E1_RC
I2E1_RC	I7X4_RC
I2E1_RC	I2E1
I2E1_RC	I7X4
I2EX_RC	I2EX_RC
I2EX_RC	I7Y0_RC
I2EX_RC	I2EX
I2EX_RC	I7Y0
I2FD_RC	I2FD_RC
I2FD_RC	I7YG_RC
I2FD_RC	I2FD
I2FD_RC	I7YG
I2FT_RC	I2FT_RC
I2FT_RC	I7YW_RC
I2FT_RC	I2FT
I2FT_RC	I7YW
I5NH	I5NH
I5NH	I9T8
I5NH	I4I4
I70V_RC	I70V_RC
I70V_RC	I89E
I70V_RC	I3NV_RC
I70V_RC	I70V
I70V_RC	I89E_RC
I70V_RC	I3NV
I727_RC	I727_RC
I727_RC	I3P7_RC
I727_RC	I727
I727_RC	I3P7
I72N_RC	I72N_RC
I72N_RC	I3PN_RC
I72N_RC	I72N
I72N_RC	I3PN
I767_RC	I767_RC
I767_RC	I3T7_RC
I767_RC	I767
I767_RC	I3T7
I7CV_RC	I7CV_RC
I7CV_RC	I9UP
I7CV_RC	I40A_RC
I7CV_RC	I7CV
I7CV_RC	I9UP_RC
I7CV_RC	I40A
I7DR_RC	I7DR_RC
I7DR_RC	I416_RC
I7DR_RC	I7DR
I7DR_RC	I416
I7IN_RC	I7IN_RC
I7IN_RC	I1ZL_RC
I7IN_RC	I7IN
I7IN_RC	I1ZL
I7J3_RC	I7J3_RC
I7J3_RC	I4H_RC
I7J3_RC	I201_RC
I7J3_RC	I7J3
I7J3_RC	I4H
I7J3_RC	I201
I7Q7_RC	I7Q7_RC
I7Q7_RC	I9HP
I7Q7_RC	I274_RC
I7Q7_RC	I7Q7
I7Q7_RC	I9HP_RC
I7Q7_RC	I274
I7UN_RC	I7UN_RC
I7UN_RC	I64X
I7UN_RC	IAZO_RC
I7UN_RC	IOP
I7UN_RC	I52X
I7UN_RC	I83T_RC
I7UN_RC	I2KQ_RC
I7UN_RC	I2SB
I7UN_RC	I2BK_RC
I7UN_RC	I2ZQ
I7UN_RC	I60L_RC
I7UN_RC	I6CD
I7UN_RC	I2RK
I7UN_RC	I7UN
I7UN_RC	I64X_RC
I7UN_RC	IAZO
I7UN_RC	I83T
I7UN_RC	IOP_RC
I7UN_RC	I52X_RC
I7UN_RC	I2KQ
I7UN_RC	I2SB_RC
I7UN_RC	I2BK
I7UN_RC	I2ZQ_RC
I7UN_RC	I60L
I7UN_RC	I6CD_RC
I7UN_RC	I2RK_RC
I7V3_RC	I7V3_RC
I7V3_RC	I612
I7V3_RC	I2ZB_RC
I7V3_RC	I6BY_RC
I7V3_RC	I2R3_RC
I7V3_RC	I2C0_RC
I7V3_RC	I7V3
I7V3_RC	I612_RC
I7V3_RC	I2ZB
I7V3_RC	I6BY
I7V3_RC	I2R3
I7V3_RC	I2C0
I80F_RC	I80F_RC
I80F_RC	I9BN
I80F_RC	IB77
I80F_RC	I55Y
I80F_RC	IH4_RC
I80F_RC	I2HC_RC
I80F_RC	I80F
I80F_RC	I9BN_RC
I80F_RC	IB77_RC
I80F_RC	I55Y_RC
I80F_RC	IH4
I80F_RC	I2HC
I82N_RC	I82N_RC
I82N_RC	IB5Z
I82N_RC	II6_RC
I82N_RC	I540
I82N_RC	I9AO
I82N_RC	I2JK_RC
I82N_RC	I82N
I82N_RC	IB5Z_RC
I82N_RC	II6
I82N_RC	I2JK
I82N_RC	I540_RC
I82N_RC	I9AO_RC
I20I	I20I
I20I	I5IP_RC
I20I	I9OK_RC
I20I	I4Q
I20I	IBJY_RC
I20I	I7JK
I20I	I5IP
I20I	I20I_RC
I20I	I9OK
I20I	I4Q_RC
I20I	IBJY
I20I	I7JK_RC
I30Y	I30Y
I30Y	I30Y_RC
I30Y	I4Q2
I30Y	I6DM
I30Y	I4Q2_RC
I30Y	I6DM_RC
I4AA	I4AA
I4AA	I1BM_RC
I4AA	I3GY_RC
I4AA	IACZ
I4AA	I6TL_RC
I4AA	I8GE
I4AA	I1BM
I4AA	I3GY
I4AA	I4AA_RC
I4AA	IACZ_RC
I4AA	I6TL
I4AA	I8GE_RC
I4AQ	I4AQ
I4AQ	I1B6_RC
I4AQ	I3GI_RC
I4AQ	IADF
I4AQ	I6T5_RC
I4AQ	I8GT
I4AQ	I1B6
I4AQ	I3GI
I4AQ	I4AQ_RC
I4AQ	IADF_RC
I4AQ	I6T5
I4AQ	I8GT_RC
I5FM	I5FM
I5N6	I5N6
I5N6	I1VM_RC
I5N6	I4_RC
I5N6	IBNV
I5N6	I9SW
I5N6	I7EO_RC
I5N6	I1VM
I5N6	I5N6_RC
I5N6	I4
I5N6	IBNV_RC
I5N6	I7EO
I5N6	I9SW_RC
I5NM	I5NM
I5NM	I1V6_RC
I5NM	IBOB
I5NM	I41N_RC
I5NM	I9TC
I5NM	I7E8_RC
I5NM	I1V6
I5NM	I5NM_RC
I5NM	I41N
I5NM	IBOB_RC
I5NM	I7E8
I5NM	I9TC_RC
I5TU	I5TU
I5TU	I9XU
I5TU	I1QA_RC
I5TU	IBTC
I5TU	I1QA
I5TU	I5TU_RC
I5TU	I9XU_RC
I5TU	IBTC_RC
I61E	I61E
I61E	I2QQ_RC
I61E	IO5_RC
I61E	I946
I61E	IB08
I61E	I4Y8
I61E	I2QQ
I61E	I61E_RC
I61E	IO5
I61E	I946_RC
I61E	IB08_RC
I61E	I4Y8_RC
I62A	I62A
I62A	I2PU_RC
I62A	I94Z
I62A	IB13
I62A	INC_RC
I62A	I4ZE
I62A	I2PU
I62A	I62A_RC
I62A	I94Z_RC
I62A	IB13_RC
I62A	INC
I62A	I4ZE_RC
I62Q	I62Q
I62Q	I2PE_RC
I62Q	IB1I
I62Q	IMX_RC
I62Q	I2PE
I62Q	I62Q_RC
I62Q	IB1I_RC
I62Q	IMX
I636	I636
I636	I2OY_RC
I636	I95V
I636	IB1X
I636	IMJ_RC
I636	I2OY
I636	I636_RC
I636	I95V_RC
I636	IB1X_RC
I636	IMJ
I63M	I63M
I63M	I2OI_RC
I63M	IB2F
I63M	IM1_RC
I63M	I96B
I63M	I2OI
I63M	I63M_RC
I63M	IB2F_RC
I63M	IM1
I63M	I96B_RC
I642	I642
I642	I2O2_RC
I642	ILF_RC
I642	I50R
I642	IB2Z
I642	I96O
I642	I2O2
I642	I642_RC
I642	ILF
I642	I50R_RC
I642	IB2Z_RC
I642	I96O_RC
I676	I676
I676	I4W2_RC
I676	IAXE_RC
I676	I91Y_RC
I676	IQY
I676	I2UK
I676	I4W2
I676	IAXE
I676	I676_RC
I676	I91Y
I676	IQY_RC
I676	I2UK_RC
I80Y	I80Y
I80Y	I64I_RC
I80Y	I2HV
I80Y	I2NN
I80Y	I86R
I80Y	I608
I80Y	I84A
I80Y	I2L7
I80Y	I2RW_RC
I80Y	I64I
I80Y	I80Y_RC
I80Y	I2HV_RC
I80Y	I2NN_RC
I80Y	I86R_RC
I80Y	I608_RC
I80Y	I84A_RC
I80Y	I2L7_RC
I80Y	I2RW
I83M	I83M
I83M	IB4Y
I83M	I83M_RC
I83M	IB4Y_RC
I83M	I2KJ
I83M	I2KJ_RC
I83M	IJ9
I83M	IJ9_RC
I83M	I993
I83M	I993_RC
I83M	I534
I83M	I534_RC
I876	I876
I876	I736_RC
I876	I1K4_RC
I876	IA48
I876	I425
I876	I3Q6_RC
I876	I736
I876	I876_RC
I876	I1K4
I876	IA48_RC
I876	I425_RC
I876	I3Q6
I8CI	I8CI
I8CI	I6XU_RC
I8CI	IA90
I8CI	I46K
I8CI	I3KS_RC
I8CI	I1FK_RC
I8CI	I6XU
I8CI	I8CI_RC
I8CI	IA90_RC
I8CI	I3KS
I8CI	I46K_RC
I8CI	I1FK
I8DE	I8DE
I8DE	I6WY_RC
I8DE	IA9X
I8DE	I47F
I8DE	I3JW_RC
I8DE	I1EN_RC
I8DE	I6WY
I8DE	I8DE_RC
I8DE	IA9X_RC
I8DE	I47F_RC
I8DE	I3JW
I8DE	I1EN
I8KY	I8KY
I8KY	I4E9
I8KY	I17M_RC
I8KY	I6PI_RC
I8KY	IAGV
I8KY	I3CV_RC
I8KY	I17M
I8KY	I4E9_RC
I8KY	I8KY_RC
I8KY	I6PI
I8KY	I3CV
I8KY	IAGV_RC
I9TU	I9TU
I9TU	I1UP_RC
I9TU	I5O7
I9TU	I415_RC
I9TU	IBOT
I9TU	I7DQ_RC
I9TU	I1UP
I9TU	I9TU_RC
I9TU	I5O7_RC
I9TU	I415
I9TU	IBOT_RC
I9TU	I7DQ
IA1U	IA1U
IA1U	I3SI_RC
IA1U	I5XX
IA1U	I1MD_RC
IA1U	I75I_RC
IA1U	IBX7
IA1U	I3SI
IA1U	IA1U_RC
IA1U	I1MD
IA1U	I5XX_RC
IA1U	I75I
IA1U	IBX7_RC
IA42	IA42
IA42	I3QA_RC
IA42	I73A_RC
IA42	I420
IA42	I1K9_RC
IA42	I871
IA42	I4J4_RC
IA42	I136
IA4I	IA4I
IA4I	I3PU_RC
IA4I	I42C
IA4I	I72U_RC
IA4I	I1JV_RC
IA4I	I87H
IA4I	I3PU
IA4I	IA4I_RC
IA4I	I42C_RC
IA4I	I72U
IA4I	I1JV
IA4I	I87H_RC
IA6Q	IA6Q
IA6Q	I702_RC
IA6Q	I8AC
IA6Q	I44C
IA6Q	I3N2_RC
IA6Q	I1HR_RC
IA6Q	I702
IA6Q	IA6Q_RC
IA6Q	I8AC_RC
IA6Q	I44C_RC
IA6Q	I3N2
IA6Q	I1HR
IA82	IA82
IA82	I1GI_RC
IA82	I8BO
IA82	I6YS_RC
IA82	I45J
IA82	I3LQ_RC
IA82	I1GI
IA82	IA82_RC
IA82	I6YS
IA82	I8BO_RC
IA82	I45J_RC
IA82	I3LQ
IA8Y	IA8Y
IA8Y	I1FM_RC
IA8Y	I6XW_RC
IA8Y	I46I
IA8Y	I3KU_RC
IA8Y	I8CG
IA8Y	I1FM
IA8Y	IA8Y_RC
IA8Y	I6XW
IA8Y	I46I_RC
IA8Y	I3KU
IA8Y	I8CG_RC
IA9E	IA9E
IA9E	I1F6_RC
IA9E	I1W3
IA9E	I6XI_RC
IA9E	I3KG_RC
IA9E	I1F6
IA9E	IA9E_RC
IA9E	I1W3_RC
IA9E	I6XI
IA9E	I3KG
IA9U	IA9U
IA9U	I1EQ_RC
IA9U	I6X1_RC
IA9U	I47C
IA9U	I8DB
IA9U	I3JZ_RC
IA9U	I1EQ
IA9U	IA9U_RC
IA9U	I6X1
IA9U	I47C_RC
IA9U	I3JZ
IA9U	I8DB_RC
IAAQ	IAAQ
IAAQ	I3J6_RC
IAAQ	I1DW_RC
IAAQ	I6W8_RC
IAAQ	I48B
IAAQ	I8E7
IAAQ	I3J6
IAAQ	IAAQ_RC
IAAQ	I1DW
IAAQ	I6W8
IAAQ	I48B_RC
IAAQ	I8E7_RC
IAB6	IAB6
IAB6	I3IQ_RC
IAB6	I1DG_RC
IAB6	I6VS_RC
IAB6	I48R
IAB6	I8EN
IAB6	I3IQ
IAB6	IAB6_RC
IAB6	I1DG
IAB6	I6VS
IAB6	I48R_RC
IAB6	I8EN_RC
IACY	IACY
IACY	I4A9
IACY	I1BN_RC
IACY	I3GZ_RC
IACY	I6TM_RC
IACY	I4A9_RC
IACY	IACY_RC
IACY	I1BN
IACY	I3GZ
IACY	I6TM
IAEQ	IAEQ
IAEQ	I4CH
IAEQ	I6RM_RC
IAEQ	I8JB
IAEQ	I3EZ_RC
IAEQ	I19O_RC
IAEQ	I8JB_RC
IAEQ	I4CH_RC
IAEQ	I6RM
IAEQ	IAEQ_RC
IAEQ	I3EZ
IAEQ	I19O
IAFM	IAFM
IAFM	I6QQ_RC
IAFM	I4DG
IAFM	I8K9
IAFM	I3E3_RC
IAFM	I18S_RC
IAFM	I6QQ
IAFM	IAFM_RC
IAFM	I4DG_RC
IAFM	I8K9_RC
IAFM	I3E3
IAFM	I18S
IAHU	IAHU
IAHU	I6OI_RC
IAHU	I8M0
IAHU	I3BV_RC
IAHU	I4FI
IAHU	I16M_RC
IAHU	I6OI
IAHU	IAHU_RC
IAHU	I8M0_RC
IAHU	I3BV
IAHU	I16M
IAHU	I4FI_RC
IAIQ	IAIQ
IAIQ	I6NM_RC
IAIQ	I3AZ_RC
IAIQ	I15Q_RC
IAIQ	I4GF
IAIQ	I8MT
IAIQ	I6NM
IAIQ	IAIQ_RC
IAIQ	I3AZ
IAIQ	I15Q
IAIQ	I4GF_RC
IAIQ	I8MT_RC
IAMA	IAMA
IAMA	I11U_RC
IAMA	I6LE_RC
IAMA	I13N_RC
IAMA	I6JR_RC
IAMA	IAKO
IAMA	I38R_RC
IAMA	I4KC
IAMA	I8QL
IAMA	I8OV
IAMA	I4IO
IAMA	I374_RC
IAMA	I11U
IAMA	I6LE
IAMA	IAMA_RC
IAMA	I13N
IAMA	I6JR
IAMA	IAKO_RC
IAMA	I38R
IAMA	I4KC_RC
IAMA	I8QL_RC
IAMA	I8OV_RC
IAMA	I374
IAMA	I4IO_RC
IAO2	IAO2
IAO2	I102_RC
IAO2	I8S5
IAO2	I35H_RC
IAO2	I4MH
IAO2	I6I4_RC
IAO2	I102
IAO2	IAO2_RC
IAO2	I35H
IAO2	I8S5_RC
IAO2	I4MH_RC
IAO2	I6I4
IAOI	IAOI
IAOI	IZM_RC
IAOI	I8SL
IAOI	I351_RC
IAOI	I4MX
IAOI	I6HO_RC
IAOI	IZM
IAOI	IAOI_RC
IAOI	I351
IAOI	I8SL_RC
IAOI	I4MX_RC
IAOI	I6HO
IAPE	IAPE
IAPE	IYQ_RC
IAPE	I4NP
IAPE	I8TH
IAPE	IYQ
IAPE	IAPE_RC
IAPE	I4NP_RC
IAPE	I8TH_RC
IARM	IARM
IARM	IWH_RC
IARM	I6DT_RC
IARM	IWI_RC
IARM	I315_RC
IARM	I8VM
IARM	I4PV
IARM	I6DT
IARM	IWI
IARM	I315
IARM	I8VM_RC
IARM	I4PV_RC
IARM	IARM_RC
IARM	IWH
IAUA	IAUA
IAUA	ITU_RC
IAUA	I2XG_RC
IAUA	I6A3_RC
IAUA	ITU
IAUA	IAUA_RC
IAUA	I2XG
IAUA	I6A3
IAWY	IAWY
IAWY	I67M_RC
IAWY	I4VO
IAWY	I91J
IAWY	IRE_RC
IAWY	I2V0_RC
IAWY	I67M
IAWY	IAWY_RC
IAWY	I4VO_RC
IAWY	I91J_RC
IAWY	IRE
IAWY	I2V0
IAXU	IAXU
IAXU	I4WI
IAXU	I66Q_RC
IAXU	I92E
IAXU	IQI_RC
IAXU	I2U4_RC
IAYA	IAYA
IAYA	I4WY
IAYA	I66A_RC
IAYA	I92U
IAYA	IQ2_RC
IAYA	I2TO_RC
IAYA	I66A
IAYA	I4WY_RC
IAYA	IAYA_RC
IAYA	I92U_RC
IAYA	IQ2
IAYA	I2TO
IBUQ	IBUQ
IBUQ	I782_RC
IBUQ	I5VE
IBUQ	I9ZF
IBUQ	I3V2_RC
IBUQ	I1OV_RC
IBUQ	I782
IBUQ	IBUQ_RC
IBUQ	I5VE_RC
IBUQ	I9ZF_RC
IBUQ	I3V2
IBUQ	I1OV
IBVM	IBVM
IBVM	I778_RC
IBVM	IA09
IBVM	I1NY_RC
IBVM	I3U8_RC
IBVM	I5W8
IBVM	I5W8_RC
IBVM	I9SI
IBVM	I5MS
IBVM	IBNH
IBVM	I7F1_RC
IBVM	I1VZ_RC
IBVM	IG_RC
IBVM	IBVM_RC
IBVM	I778
IBVM	IA09_RC
IBVM	I1NY
IBVM	I3U8
I1E_RC	I1E_RC
I1E_RC	IBMK
I1E_RC	I7FY_RC
I1E_RC	I9RJ
I1E_RC	I5LS
I1E_RC	I1WW_RC
I1E_RC	I1E
I1E_RC	IBMK_RC
I1E_RC	I7FY
I1E_RC	I9RJ_RC
I1E_RC	I1WW
I1E_RC	I5LS_RC
I3M_RC	I3M_RC
I3M_RC	I9P3
I3M_RC	I5JD
I3M_RC	I7IH_RC
I3M_RC	I1ZF_RC
I3M_RC	IBKD
I3M_RC	I3M
I3M_RC	I9P3_RC
I3M_RC	I7IH
I3M_RC	I5JD_RC
I3M_RC	I1ZF
I3M_RC	IBKD_RC
I5U_RC	I5U_RC
I5U_RC	IBIV
I5U_RC	I7KU_RC
I5U_RC	I5HR
I5U_RC	I9NK
I5U_RC	I21S_RC
I5U_RC	I5U
I5U_RC	IBIV_RC
I5U_RC	I7KU
I5U_RC	I5HR_RC
I5U_RC	I21S
I5U_RC	I9NK_RC
I82_RC	I82_RC
I82_RC	I7N8_RC
I82_RC	I246_RC
I82_RC	IBGO
I82_RC	I9L9
I82_RC	I5FJ
I82_RC	I82
I82_RC	I7N8
I82_RC	I246
I82_RC	IBGO_RC
I82_RC	I9L9_RC
I82_RC	I5FJ_RC
I8I_RC	I8I_RC
I8I_RC	I8I
I9E_RC	I9E_RC
I9E_RC	I5EQ
I9E_RC	I7O4_RC
I9E_RC	I251_RC
I9E_RC	I9JR
I9E_RC	IBFI
I9E_RC	I9E
I9E_RC	I5EQ_RC
I9E_RC	I7O4
I9E_RC	I251
I9E_RC	I9JR_RC
I9E_RC	IBFI_RC
IAA_RC	IAA_RC
IAA_RC	I7P1_RC
IAA_RC	I25Y_RC
IAA_RC	I9IX
IAA_RC	IBEK
IAA_RC	IAA
IAA_RC	I7P1
IAA_RC	I25Y
IAA_RC	I9IX_RC
IAA_RC	IBEK_RC
IAQ_RC	IAQ_RC
IAQ_RC	I5DF
IAQ_RC	I7PH_RC
IAQ_RC	I26E_RC
IAQ_RC	I9IH
IAQ_RC	IBE5
IAQ_RC	IAQ
IAQ_RC	I5DF_RC
IAQ_RC	I7PH
IAQ_RC	I26E
IAQ_RC	I9IH_RC
IAQ_RC	IBE5_RC
IC2_RC	IC2_RC
IC2_RC	I9H4
IC2_RC	I7RD_RC
IC2_RC	I28A_RC
IC2_RC	I5CE
IC2_RC	IBCU
IC2_RC	IC2
IC2_RC	I9H4_RC
IC2_RC	I7RD
IC2_RC	I28A
IC2_RC	I5CE_RC
IC2_RC	IBCU_RC
ICY_RC	ICY_RC
ICY_RC	I9G5
ICY_RC	I7SD_RC
ICY_RC	IBBY
ICY_RC	I29A_RC
ICY_RC	I5BJ
ICY_RC	ICY
ICY_RC	I9G5_RC
ICY_RC	I7SD
ICY_RC	I29A
ICY_RC	IBBY_RC
ICY_RC	I5BJ_RC
IDE_RC	IDE_RC
IDE_RC	I9FQ
IDE_RC	IBAY
IDE_RC	I5AK
IDE_RC	I7SU_RC
IDE_RC	I29R_RC
IDE_RC	IDE
IDE_RC	I9FQ_RC
IDE_RC	IBAY_RC
IDE_RC	I5AK_RC
IDE_RC	I7SU
IDE_RC	I29R
IEA_RC	IEA_RC
IEA_RC	I9EF
IEA_RC	IBA1
IEA_RC	I59N
IEA_RC	I7TR_RC
IEA_RC	I2AO_RC
IEA_RC	IEA
IEA_RC	I9EF_RC
IEA_RC	IBA1_RC
IEA_RC	I59N_RC
IEA_RC	I7TR
IEA_RC	I2AO
IGI_RC	IGI_RC
IGI_RC	IB7T
IGI_RC	I7ZU_RC
IGI_RC	I9CB
IGI_RC	I2GR_RC
IGI_RC	I56K
IGI_RC	IGI
IGI_RC	IB7T_RC
IGI_RC	I7ZU
IGI_RC	I2GR
IGI_RC	I9CB_RC
IGI_RC	I56K_RC
IHE_RC	IHE_RC
IHE_RC	I4H5_RC
IHE_RC	IHE
IHE_RC	I4H5
IHU_RC	IHU_RC
IHU_RC	I82B_RC
IHU_RC	IB6C
IHU_RC	I2J8_RC
IHU_RC	I54B
IHU_RC	I9B4
IHU_RC	IHU
IHU_RC	I82B
IHU_RC	I2J8
IHU_RC	IB6C_RC
IHU_RC	I54B_RC
IHU_RC	I9B4_RC
IIQ_RC	IIQ_RC
IIQ_RC	I53L
IIQ_RC	I836_RC
IIQ_RC	IB5F
IIQ_RC	I2K3_RC
IIQ_RC	I99J
IIQ_RC	IIQ
IIQ_RC	I53L_RC
IIQ_RC	I836
IIQ_RC	I2K3
IIQ_RC	IB5F_RC
IIQ_RC	I99J_RC
IJM_RC	IJM_RC
IJM_RC	IB4K
IJM_RC	I2LW_RC
IJM_RC	I850_RC
IJM_RC	I98N
IJM_RC	I520
IJM_RC	IJM
IJM_RC	I2LW
IJM_RC	I850
IJM_RC	IB4K_RC
IJM_RC	I98N_RC
IJM_RC	I520_RC
IK2_RC	IK2_RC
IK2_RC	IB44
IK2_RC	I2MD_RC
IK2_RC	I85H_RC
IK2_RC	I987
IK2_RC	I51K
IK2_RC	IK2
IK2_RC	IB44_RC
IK2_RC	I2MD
IK2_RC	I85H
IK2_RC	I987_RC
IK2_RC	I51K_RC
IKI_RC	IKI_RC
IKI_RC	IB3O
IKI_RC	I519
IKI_RC	IKI
IKI_RC	IB3O_RC
IKI_RC	I519_RC
IKY_RC	IKY_RC
IKY_RC	I2N7_RC
IKY_RC	I86B_RC
IKY_RC	I97G
IKY_RC	IKY
IKY_RC	I2N7
IKY_RC	I86B
IKY_RC	I97G_RC
ILU_RC	ILU_RC
ILU_RC	I50L
ILU_RC	I96H
ILU_RC	I63U
ILU_RC	I2OA_RC
ILU_RC	IB2M
ILU_RC	ILU
ILU_RC	I50L_RC
ILU_RC	I96H_RC
ILU_RC	I2OA
ILU_RC	I63U_RC
ILU_RC	IB2M_RC
IMA_RC	IMA_RC
IMA_RC	I509
IMA_RC	I63E
IMA_RC	I2OQ_RC
IMA_RC	I964
IMA_RC	IB26
IMA_RC	IMA
IMA_RC	I509_RC
IMA_RC	I2OQ
IMA_RC	I63E_RC
IMA_RC	I964_RC
IMA_RC	IB26_RC
IN6_RC	IN6_RC
IN6_RC	I62G
IN6_RC	I955
IN6_RC	I2PO_RC
IN6_RC	IB19
IN6_RC	I4ZJ
IN6_RC	IN6
IN6_RC	I62G_RC
IN6_RC	I955_RC
IN6_RC	I2PO
IN6_RC	IB19_RC
IN6_RC	I4ZJ_RC
IO2_RC	IO2_RC
IO2_RC	I61H
IO2_RC	IB0B
IO2_RC	I2QN_RC
IO2_RC	I949
IO2_RC	IO2
IO2_RC	I61H_RC
IO2_RC	IB0B_RC
IO2_RC	I2QN
IO2_RC	I949_RC
IOY_RC	IOY_RC
IOY_RC	I2SL_RC
IOY_RC	I4XY
IOY_RC	IAZE
IOY_RC	I657_RC
IOY_RC	I93W
IOY_RC	IOY
IOY_RC	I2SL
IOY_RC	I4XY_RC
IOY_RC	IAZE_RC
IOY_RC	I657
IOY_RC	I93W_RC
IPE_RC	IPE_RC
IPE_RC	I2SZ_RC
IPE_RC	I4XK
IPE_RC	I65L_RC
IPE_RC	IAYY
IPE_RC	I93I
IPE_RC	IPE
IPE_RC	I2SZ
IPE_RC	I4XK_RC
IPE_RC	I65L
IPE_RC	IAYY_RC
IPE_RC	I93I_RC
IPU_RC	IPU_RC
IPU_RC	I2TG_RC
IPU_RC	I4X5
IPU_RC	IAYI
IPU_RC	I662_RC
IPU_RC	I932
IPU_RC	IPU
IPU_RC	I2TG
IPU_RC	I4X5_RC
IPU_RC	I662
IPU_RC	IAYI_RC
IPU_RC	I932_RC
IQA_RC	IQA_RC
IQA_RC	I2TW_RC
IQA_RC	I4WQ
IQA_RC	IAY2
IQA_RC	I66I_RC
IQA_RC	I92M
IQA_RC	IQA
IQA_RC	I2TW
IQA_RC	I66I
IQA_RC	I4WQ_RC
IQA_RC	IAY2_RC
IQA_RC	I92M_RC
IQQ_RC	IQQ_RC
IQQ_RC	I2UC_RC
IQQ_RC	I4WA
IQQ_RC	IAXM
IQQ_RC	I66Y_RC
IQQ_RC	I926
IQQ_RC	IQQ
IQQ_RC	I2UC
IQQ_RC	I66Y
IQQ_RC	I4WA_RC
IQQ_RC	IAXM_RC
IQQ_RC	I926_RC
IR6_RC	IR6_RC
IR6_RC	I2UR_RC
IR6_RC	I67D_RC
IR6_RC	IAX6
IR6_RC	I4VV
IR6_RC	I91R
IR6_RC	IR6
IR6_RC	I2UR
IR6_RC	I67D
IR6_RC	IAX6_RC
IR6_RC	I4VV_RC
IR6_RC	I91R_RC
IRM_RC	IRM_RC
IRM_RC	I2V7_RC
IRM_RC	I67T_RC
IRM_RC	IAWQ
IRM_RC	I4VH
IRM_RC	I91C
IRM_RC	IRM
IRM_RC	I2V7
IRM_RC	I67T
IRM_RC	IAWQ_RC
IRM_RC	I4VH_RC
IRM_RC	I91C_RC
I82U_RC	I82U_RC
I82U_RC	IB5U
I82U_RC	IIB_RC
I82U_RC	I2JR_RC
I82U_RC	I53W
I82U_RC	I9AK
I82U_RC	I82U
I82U_RC	IB5U_RC
I82U_RC	IIB
I82U_RC	I2JR
I82U_RC	I53W_RC
I82U_RC	I9AK_RC
I846_RC	I846_RC
I846_RC	I2L3_RC
I846_RC	I3A0
I846_RC	I52M
I846_RC	I6MN
I846_RC	I2NJ_RC
I846_RC	I86N_RC
I846_RC	I846
I846_RC	I2L3
I846_RC	I3A0_RC
I846_RC	I52M_RC
I846_RC	I2NJ
I846_RC	I86N
I846_RC	I6MN_RC
I84M_RC	I84M_RC
I84M_RC	I2LI_RC
I84M_RC	I84M
I84M_RC	I2LI
I87Q_RC	I87Q_RC
I87Q_RC	I87Q
I886_RC	I886_RC
I886_RC	I886
I8D2_RC	I8D2_RC
I8D2_RC	I3K8
I8D2_RC	IA9L_RC
I8D2_RC	I1EZ
I8D2_RC	I6XA
I8D2_RC	I473_RC
I8D2_RC	I8D2
I8D2_RC	I3K8_RC
I8D2_RC	IA9L
I8D2_RC	I1EZ_RC
I8D2_RC	I6XA_RC
I8D2_RC	I473
I8DI_RC	I8DI_RC
I8DI_RC	I3JS
I8DI_RC	I6WU
I8DI_RC	I8DI
I8DI_RC	I3JS_RC
I8DI_RC	I6WU_RC
I8H2_RC	I8H2_RC
I8H2_RC	I1AX
I8H2_RC	I3G9
I8H2_RC	I4AZ_RC
I8H2_RC	IADO_RC
I8H2_RC	I6SW
I8H2_RC	I8H2
I8H2_RC	I1AX_RC
I8H2_RC	I3G9_RC
I8H2_RC	I4AZ
I8H2_RC	IADO
I8H2_RC	I6SW_RC
I8IE_RC	I8IE_RC
I8IE_RC	I8IE
I8IU_RC	I8IU_RC
I8IU_RC	I8IU
I8KM_RC	I8KM_RC
I8KM_RC	IAGM_RC
I8KM_RC	I3D4
I8KM_RC	I4E0_RC
I8KM_RC	I17V
I8KM_RC	I6PR
I8KM_RC	I8KM
I8KM_RC	IAGM
I8KM_RC	I4E0
I8KM_RC	I3D4_RC
I8KM_RC	I17V_RC
I8KM_RC	I6PR_RC
I8NQ_RC	I8NQ_RC
I8NQ_RC	I8NQ
I8PY_RC	I8PY_RC
I8PY_RC	I4JQ_RC
I8PY_RC	I37R
I8PY_RC	IALN_RC
I8PY_RC	I6KE
I8PY_RC	I12O
I8PY_RC	I8PY
I8PY_RC	I4JQ
I8PY_RC	I37R_RC
I8PY_RC	IALN
I8PY_RC	I6KE_RC
I8PY_RC	I12O_RC
I8RQ_RC	I8RQ_RC
I8RQ_RC	I8RQ
I43A_RC	I43A_RC
I43A_RC	I43A
I48M_RC	I48M_RC
I48M_RC	I3IV
I48M_RC	I1DL
I48M_RC	I8EI_RC
I48M_RC	I6VX
I48M_RC	IAB1_RC
I48M_RC	I48M
I48M_RC	I3IV_RC
I48M_RC	I1DL_RC
I48M_RC	I8EI
I48M_RC	IAB1
I48M_RC	I6VX_RC
I4DY_RC	I4DY_RC
I4DY_RC	I8KK_RC
I4DY_RC	I3DL
I4DY_RC	IAG6_RC
I4DY_RC	I188
I4DY_RC	I6Q8
I4DY_RC	I4DY
I4DY_RC	I8KK
I4DY_RC	I3DL_RC
I4DY_RC	IAG6
I4DY_RC	I188_RC
I4DY_RC	I6Q8_RC
I4HI_RC	I4HI_RC
I4HI_RC	I4HI
I4KM_RC	I4KM_RC
I4KM_RC	I11J
I4KM_RC	I8QV_RC
I4KM_RC	IAML_RC
I4KM_RC	I4KM
I4KM_RC	I8QV
I4KM_RC	I11J_RC
I4KM_RC	IAML
I4LI_RC	I4LI_RC
I4LI_RC	I4LI
I4PI_RC	I4PI_RC
I4PI_RC	I8VA_RC
I4PI_RC	I4PI
I4PI_RC	I8VA
I4PI_RC	I6E4
I4PI_RC	I31G
I4PI_RC	I6E4_RC
I4PI_RC	I31G_RC
I4PI_RC	IWV
I4PI_RC	IAR8_RC
I4PI_RC	IWV_RC
I4PI_RC	IAR8
I4PY_RC	I4PY_RC
I4PY_RC	I312
I4PY_RC	I8VR_RC
I4PY_RC	IWC
I4PY_RC	I6DQ
I4PY_RC	IARR_RC
I4QE_RC	I4QE_RC
I4QE_RC	I4QE
I4QU_RC	I4QU_RC
I4QU_RC	I57E_RC
I4QU_RC	I8IN_RC
I4QU_RC	I4QU
I4QU_RC	I57E
I4QU_RC	I8IN
I4X2_RC	I4X2_RC
I4X2_RC	IPX
I4X2_RC	IPY
I4X2_RC	IAYE_RC
I4X2_RC	I2TJ
I4X2_RC	IAYF_RC
I4X2_RC	I2TK
I4X2_RC	I92Y_RC
I4X2_RC	I92Z_RC
I4X2_RC	I665
I4X2_RC	I666
I4X2_RC	I4X2
I4X2_RC	IPX_RC
I4X2_RC	IAYE
I4X2_RC	IPY_RC
I4X2_RC	IAYF
I4X2_RC	I2TJ_RC
I4X2_RC	I2TK_RC
I4X2_RC	I92Y
I4X2_RC	I92Z
I4X2_RC	I665_RC
I4X2_RC	I666_RC
I52E_RC	I52E_RC
I52E_RC	I52E
I53Q_RC	I53Q_RC
I53Q_RC	IB5M_RC
I53Q_RC	IIJ
I53Q_RC	I830
I53Q_RC	I2JX
I53Q_RC	I99R_RC
I53Q_RC	I53Q
I53Q_RC	IB5M
I53Q_RC	IIJ_RC
I53Q_RC	I830_RC
I53Q_RC	I2JX_RC
I53Q_RC	I99R
I552_RC	I552_RC
I552_RC	I552
IC6_RC	IC6_RC
IC6_RC	I9H1
IC6_RC	IBCQ
IC6_RC	I5CB
IC6_RC	I7RH_RC
IC6_RC	I28E_RC
IC6_RC	IC6
IC6_RC	I9H1_RC
IC6_RC	IBCQ_RC
IC6_RC	I5CB_RC
IC6_RC	I7RH
IC6_RC	I28E
IHY_RC	IHY_RC
IHY_RC	I547
IHY_RC	I82F_RC
IHY_RC	I2JC_RC
IHY_RC	I9B0
IHY_RC	IB68
IHY_RC	IHY
IHY_RC	I82F
IHY_RC	I547_RC
IHY_RC	I2JC
IHY_RC	I9B0_RC
IHY_RC	IB68_RC
IIU_RC	IIU_RC
IIU_RC	I99F
IIU_RC	I83A_RC
IIU_RC	I2K7_RC
IIU_RC	I53H
IIU_RC	IB5B
IIU_RC	IIU
IIU_RC	I99F_RC
IIU_RC	I83A
IIU_RC	I2K7
IIU_RC	I53H_RC
IIU_RC	IB5B_RC
IL2_RC	IL2_RC
IL2_RC	IL2
ILI_RC	ILI_RC
ILI_RC	IB2W
ILI_RC	ILI
ILI_RC	IB2W_RC
INQ_RC	INQ_RC
INQ_RC	I4YP
INQ_RC	I2Q9_RC
INQ_RC	I61V
INQ_RC	I94L
INQ_RC	IB0O
INQ_RC	INQ
INQ_RC	I2Q9
INQ_RC	I4YP_RC
INQ_RC	I61V_RC
INQ_RC	I94L_RC
INQ_RC	IB0O_RC
IOM_RC	IOM_RC
IOM_RC	IOM
ISM_RC	ISM_RC
ISM_RC	IAVQ
ISM_RC	I2WA_RC
ISM_RC	I90C
ISM_RC	I4UL
ISM_RC	I68W_RC
ISM_RC	ISM
ISM_RC	IAVQ_RC
ISM_RC	I2WA
ISM_RC	I90C_RC
ISM_RC	I4UL_RC
ISM_RC	I68W
ITY_RC	ITY_RC
ITY_RC	I2XK_RC
ITY_RC	I4TA
ITY_RC	I8Z2
ITY_RC	IAU6
ITY_RC	I6A7_RC
ITY_RC	ITY
ITY_RC	I2XK
ITY_RC	I4TA_RC
ITY_RC	I8Z2_RC
ITY_RC	IAU6_RC
ITY_RC	I6A7
I106_RC	I106_RC
I106_RC	I8S1
I106_RC	I4MD
I106_RC	IANY
I106_RC	I30T_RC
I106_RC	I6DH_RC
I106_RC	I4Q8
I11I_RC	I11I_RC
I11I_RC	I4KN
I11I_RC	I8QW
I11I_RC	I36W_RC
I11I_RC	IAMM
I11I_RC	I6JJ_RC
I11I_RC	I11I
I11I_RC	I4KN_RC
I11I_RC	I36W
I11I_RC	I8QW_RC
I11I_RC	IAMM_RC
I11I_RC	I6JJ
I17Q_RC	I17Q_RC
I17Q_RC	IAGR
I17Q_RC	I8KU
I17Q_RC	I3CZ_RC
I17Q_RC	I6PM_RC
I17Q_RC	I4E5
I17Q_RC	I17Q
I17Q_RC	IAGR_RC
I17Q_RC	I8KU_RC
I17Q_RC	I3CZ
I17Q_RC	I6PM
I17Q_RC	I4E5_RC
I18M_RC	I18M_RC
I18M_RC	I3DY_RC
I18M_RC	IAFS
I18M_RC	I4DL
I18M_RC	I6QL_RC
I18M_RC	I8KE
I18M_RC	I18M
I18M_RC	I3DY
I18M_RC	IAFS_RC
I18M_RC	I4DL_RC
I18M_RC	I6QL
I18M_RC	I8KE_RC
I1AU_RC	I1AU_RC
I1AU_RC	I3G6_RC
I1AU_RC	I8H5
I1AU_RC	I6ST_RC
I1AU_RC	IADR
I1AU_RC	I4B2
I1AU_RC	I1AU
I1AU_RC	I3G6
I1AU_RC	I8H5_RC
I1AU_RC	I6ST
I1AU_RC	IADR_RC
I1AU_RC	I4B2_RC
I1BA_RC	I1BA_RC
I1BA_RC	I3GM_RC
I1BA_RC	I8GQ
I1BA_RC	I6T9_RC
I1BA_RC	I4AM
I1BA_RC	IADB
I1BA_RC	I1BA
I1BA_RC	I3GM
I1BA_RC	I8GQ_RC
I1BA_RC	I6T9
I1BA_RC	I4AM_RC
I1BA_RC	IADB_RC
I1BQ_RC	I1BQ_RC
I1BQ_RC	I3H2_RC
I1BQ_RC	I8G8
I1BQ_RC	I6TP_RC
I1BQ_RC	I4A6
I1BQ_RC	IACV
I1BQ_RC	I1BQ
I1BQ_RC	I3H2
I1BQ_RC	I8G8_RC
I1BQ_RC	I6TP
I1BQ_RC	I4A6_RC
I1BQ_RC	IACV_RC
I1C6_RC	I1C6_RC
I1C6_RC	I49U
I1C6_RC	I586_RC
I1C6_RC	I8FR
I1C6_RC	I3HJ_RC
I1C6_RC	I6U6_RC
I1C6_RC	IACF
I1C6_RC	I1C6
I1C6_RC	I49U_RC
I1C6_RC	I586
I1C6_RC	I3HJ
I1C6_RC	I8FR_RC
I1C6_RC	I6U6
I1C6_RC	IACF_RC
I79J_RC	I79J_RC
I79J_RC	I3WY_RC
I79J_RC	I79J
I79J_RC	I3WY
I7CN_RC	I7CN_RC
I7CN_RC	I402_RC
I7CN_RC	I7CN
I7CN_RC	I402
I7FR_RC	I7FR_RC
I7FR_RC	IBMS
I7FR_RC	I9RQ
I7FR_RC	I5LZ
I7FR_RC	I9RR
I7FR_RC	I5M0
I7FR_RC	I1WP_RC
I7FR_RC	I16_RC
I7JR_RC	I7JR_RC
I7JR_RC	IBJT
I7JR_RC	I20P_RC
I7JR_RC	I5IJ
I7JR_RC	I4U_RC
I7JR_RC	I9OG
I7JR_RC	I7JR
I7JR_RC	I20P
I7JR_RC	IBJT_RC
I7JR_RC	I5IJ_RC
I7JR_RC	I4U
I7JR_RC	I9OG_RC
I7KN_RC	I7KN_RC
I7KN_RC	I21L_RC
I7KN_RC	I5M_RC
I7KN_RC	IBJ2
I7KN_RC	I7KN
I7KN_RC	I21L
I7KN_RC	I5M
I7KN_RC	IBJ2_RC
I7PZ_RC	I7PZ_RC
I7PZ_RC	I5D3
I7PZ_RC	IBDK
I7PZ_RC	IBC_RC
I7PZ_RC	I26W_RC
I7PZ_RC	I9I2
I7PZ_RC	I7PZ
I7PZ_RC	I5D3_RC
I7PZ_RC	IBC
I7PZ_RC	I26W
I7PZ_RC	IBDK_RC
I7PZ_RC	I9I2_RC
I7QF_RC	I7QF_RC
I7QF_RC	I9HH
I7QF_RC	IBP_RC
I7QF_RC	I27C_RC
I7QF_RC	I5CR
I7QF_RC	IBD7
I7QF_RC	I7QF
I7QF_RC	IBP
I7QF_RC	I9HH_RC
I7QF_RC	I27C
I7QF_RC	I5CR_RC
I7QF_RC	IBD7_RC
I7SN_RC	I7SN_RC
I7SN_RC	I5AQ
I7SN_RC	I29K_RC
I7SN_RC	I9FV
I7SN_RC	ID8_RC
I7SN_RC	IBB4
I7SN_RC	I7SN
I7SN_RC	I5AQ_RC
I7SN_RC	I29K
I7SN_RC	I9FV_RC
I7SN_RC	ID8
I7SN_RC	IBB4_RC
I7XJ_RC	I7XJ_RC
I7XJ_RC	I2EG_RC
I7XJ_RC	I58E
I7XJ_RC	IB8K
I7XJ_RC	I9D2
I7XJ_RC	I57B
I7XJ_RC	IFR_RC
I7XJ_RC	I7Z3_RC
I7XJ_RC	I2G0_RC
I807_RC	I807_RC
I807_RC	I2H4_RC
I807_RC	I9BW
I807_RC	IB7G
I807_RC	I567
I807_RC	IGV_RC
I813_RC	I813_RC
I813_RC	I2NQ_RC
I813_RC	I2I0_RC
I813_RC	I86X_RC
I813_RC	I64E
I813_RC	I2LB_RC
I813_RC	I84F_RC
I813_RC	I813
I813_RC	I2NQ
I813_RC	I2I0
I813_RC	I86X
I813_RC	I64E_RC
I813_RC	I2LB
I813_RC	I84F
I82V_RC	I82V_RC
I82V_RC	IB5T
I82V_RC	IIC_RC
I82V_RC	I2JS_RC
I82V_RC	I53V
I82V_RC	I9AJ
I82V_RC	I82V
I82V_RC	IB5T_RC
I82V_RC	IIC
I82V_RC	I2JS
I82V_RC	I53V_RC
I82V_RC	I9AJ_RC
I84N_RC	I84N_RC
I84N_RC	I2LJ_RC
I84N_RC	I84N
I84N_RC	I2LJ
I86V_RC	I86V_RC
I86V_RC	I86V
I87B_RC	I87B_RC
I87B_RC	I429_RC
I87B_RC	I87B
I87B_RC	I429
I87R_RC	I87R_RC
I87R_RC	I87R
I887_RC	I887_RC
I887_RC	I887
I89Z_RC	I89Z_RC
I89Z_RC	I443_RC
I89Z_RC	I1I0
I89Z_RC	I3ND
I89Z_RC	IA6H_RC
I89Z_RC	I70D
I89Z_RC	I89Z
I89Z_RC	I443
I89Z_RC	I1I0_RC
I89Z_RC	IA6H
I89Z_RC	I3ND_RC
I89Z_RC	I70D_RC
I8C7_RC	I8C7_RC
I8C7_RC	I3L4
I8C7_RC	IA8O_RC
I8C7_RC	I1FX
I8C7_RC	I465_RC
I8C7_RC	I6Y6
I8C7_RC	I8C7
I8C7_RC	IA8O
I8C7_RC	I3L4_RC
I8C7_RC	I465
I8C7_RC	I1FX_RC
I8C7_RC	I6Y6_RC
I8CN_RC	I8CN_RC
I8CN_RC	I3KO
I8CN_RC	IA94_RC
I8CN_RC	I1FG
I8CN_RC	I6XQ
I8CN_RC	I46O_RC
I8CN_RC	I8CN
I8CN_RC	IA94
I8CN_RC	I3KO_RC
I8CN_RC	I1FG_RC
I8CN_RC	I6XQ_RC
I8CN_RC	I46O
I5JS	I5JS
I5JS	I5JP
I5JS	I62Y
I5JS	I2P6_RC
I5PK	I5PK
I7MG	I7MG
I7MG	I9LZ_RC
I7MG	I5G8_RC
I7MG	I7E
I7MG	I23E
I7MG	IBHC_RC
I7MG	I5G8
I7MG	I9LZ
I7MG	I7MG_RC
I7MG	I7E_RC
I7MG	I23E_RC
I7MG	IBHC
I8D4	I8D4
I8D4	I475
I8D4	I3K6_RC
I8D4	I1EX_RC
I8D4	IA9N
I8D4	I6X8_RC
I8GO	I8GO
I8GO	I1BC_RC
I8GO	I3GO_RC
I8GO	I4AK
I8GO	IAD9
I8GO	I6TB_RC
I8GO	I1BC
I8GO	I3GO
I8GO	I8GO_RC
I8GO	I4AK_RC
I8GO	IAD9_RC
I8GO	I6TB
I9U0	I9U0
I9U0	I1UF_RC
I9U0	I5OD
I9U0	I40X
I9U0	I7DI
I9U0	I1UF
I9U0	I9U0_RC
I9U0	I5OD_RC
I9U0	I7DI_RC
I9U0	I40X_RC
IA7S	IA7S
IA7S	I3M0_RC
IA7S	I8BG
IA7S	I1GS_RC
IA7S	I6Z2_RC
IA7S	I3M0
IA7S	IA7S_RC
IA7S	I1GS
IA7S	I8BG_RC
IA7S	I6Z2
IB60	IB60
IBFC	IBFC
IBFC	I9K_RC
IBFC	I7OA_RC
IBFC	I257_RC
IBFC	I9K
IBFC	IBFC_RC
IBFC	I7OA
IBFC	I257
IBSO	IBSO
IBSO	I3XK_RC
IBSO	I1QY_RC
IBSO	I5T9
IBSO	I9X9
IBSO	I7A5_RC
IBSO	I3XK
IBSO	IBSO_RC
IBSO	I1QY
IBSO	I7A5
IBSO	I5T9_RC
IBSO	I9X9_RC
IBVS	IBVS
IBVS	I1NS_RC
IBVS	I3U2_RC
IBVS	I772_RC
IBVS	I1NS
IBVS	IBVS_RC
IBVS	I3U2
IBVS	I772
I3C_RC	I3C_RC
I3C_RC	I5JL
I3C_RC	IBKM
I3C_RC	I9PC
I3C_RC	I3C
I3C_RC	I5JL_RC
I3C_RC	IBKM_RC
I3C_RC	I9PC_RC
I3C_RC	I7I7
I3C_RC	I1Z5
I3C_RC	I7I7_RC
I3C_RC	I1Z5_RC
I3S_RC	I3S_RC
I3S_RC	I3S
I48_RC	I48_RC
I48_RC	I48
I5K_RC	I5K_RC
I5K_RC	I9NS
I5K_RC	IBJ4
I5K_RC	I5K
I5K_RC	I9NS_RC
I5K_RC	IBJ4_RC
IAG_RC	IAG_RC
IAG_RC	IJ6
IAG_RC	I42_RC
IAG_RC	IYE_RC
IAG_RC	I6GH_RC
IAG_RC	I33U_RC
IAG_RC	IAPQ
IAG_RC	I4O0
IAG_RC	I8TS
IAG_RC	IVG_RC
IAG_RC	IJ6_RC
IAG_RC	I42
IAG_RC	IYE
IAG_RC	I6GH
IAG_RC	I33U
IAG_RC	IAPQ_RC
IAG_RC	I4O0_RC
IAG_RC	I8TS_RC
IAG_RC	I7P7
IAG_RC	IBEF_RC
IAG_RC	IAG
IAG_RC	I264
IAG_RC	I9IS_RC
IAG_RC	I5DV_RC
IAG_RC	I264_RC
IAG_RC	IBEF
IAG_RC	I7P7_RC
IAW_RC	IAW_RC
IAW_RC	IAW
IHK_RC	IHK_RC
IHK_RC	I54N
IHK_RC	I9BE
IHK_RC	IB6M
IHK_RC	IHK
IHK_RC	I54N_RC
IHK_RC	I9BE_RC
IHK_RC	IB6M_RC
ILK_RC	ILK_RC
ILK_RC	IB2U
ILK_RC	ILK
ILK_RC	IB2U_RC
IVC_RC	IVC_RC
IVC_RC	I4RS_RC
IVC_RC	I6CO_RC
IVC_RC	I8XM
IVC_RC	IASU
IVC_RC	I300_RC
IVC_RC	IVC
IVC_RC	I4RS
IVC_RC	I6CO
IVC_RC	I8XM_RC
IVC_RC	IASU_RC
IVC_RC	I300
I1AG_RC	I1AG_RC
I1AG_RC	I8HJ
I1AG_RC	I3FT_RC
I1AG_RC	IAE5
I1AG_RC	I4BJ
I1AG_RC	I6SG_RC
I1AG_RC	I1AG
I1AG_RC	I8HJ_RC
I1AG_RC	I3FT
I1AG_RC	IAE5_RC
I1AG_RC	I4BJ_RC
I1AG_RC	I6SG
I1AW_RC	I1AW_RC
I1AW_RC	I8H3
I1AW_RC	I3G8_RC
I1AW_RC	I4B0
I1AW_RC	IADP
I1AW_RC	I6SV_RC
I1AW_RC	I1AW
I1AW_RC	I8H3_RC
I1AW_RC	I3G8
I1AW_RC	I4B0_RC
I1AW_RC	IADP_RC
I1AW_RC	I6SV
I1BS_RC	I1BS_RC
I1BS_RC	I3H4_RC
I1BS_RC	IACT
I1BS_RC	I6TR_RC
I1BS_RC	I8G6
I1BS_RC	I4A4
I1BS_RC	I1BS
I1BS_RC	I3H4
I1BS_RC	IACT_RC
I1BS_RC	I6TR
I1BS_RC	I8G6_RC
I1BS_RC	I4A4_RC
I1C8_RC	I1C8_RC
I1C8_RC	I49T
I1C8_RC	I8FQ
I1C8_RC	I3HK_RC
I1C8_RC	IACE
I1C8_RC	I6UM_RC
I1C8_RC	I1C8
I1C8_RC	I49T_RC
I1C8_RC	I8FQ_RC
I1C8_RC	I3HK
I1C8_RC	I6UM
I1C8_RC	IACE_RC
I1CO_RC	I1CO_RC
I1CO_RC	I49F
I1CO_RC	I8FC
I1CO_RC	I3I1_RC
I1CO_RC	IABY
I1CO_RC	I6V3_RC
I1CO_RC	I1CO
I1CO_RC	I49F_RC
I1CO_RC	I8FC_RC
I1CO_RC	I3I1
I1CO_RC	IABY_RC
I1CO_RC	I6V3
I1GO_RC	I1GO_RC
I1GO_RC	I896
I1GO_RC	IA7W
I1GO_RC	I1GO
I1GO_RC	I896_RC
I1GO_RC	IA7W_RC
I1P4_RC	I1P4_RC
I1P4_RC	I9YX
I1P4_RC	IBUH
I1P4_RC	I3VT_RC
I1P4_RC	I5V1
I1P4_RC	I78E_RC
I1P4_RC	I1P4
I1P4_RC	I3VT
I1P4_RC	I9YX_RC
I1P4_RC	IBUH_RC
I1P4_RC	I5V1_RC
I1P4_RC	I78E
I1QG_RC	I1QG_RC
I1QG_RC	I3X2_RC
I1QG_RC	IBT6
I1QG_RC	I79N_RC
I1QG_RC	I5TP
I1QG_RC	I1QG
I1QG_RC	I3X2
I1QG_RC	IBT6_RC
I1QG_RC	I79N
I1QG_RC	I5TP_RC
I1S8_RC	I1S8_RC
I1S8_RC	I3YW_RC
I1S8_RC	IBRF
I1S8_RC	I7BH_RC
I1S8_RC	I5RY
I1S8_RC	I9VZ
I1S8_RC	I1S8
I1S8_RC	I3YW
I1S8_RC	IBRF_RC
I1S8_RC	I7BH
I1S8_RC	I5RY_RC
I1S8_RC	I9VZ_RC
I1TK_RC	I1TK_RC
I1TK_RC	IBQ9
I1TK_RC	I3Y_RC
I1TK_RC	I1TK
I1TK_RC	IBQ9_RC
I1TK_RC	I3Y
I1UG_RC	I1UG_RC
I1UG_RC	I40Y_RC
I1UG_RC	I9TZ
I1UG_RC	I7DJ_RC
I1UG_RC	I5OC
I1UG_RC	IC4_RC
I1UG_RC	IBCS
I1UG_RC	I1UG
I1UG_RC	I40Y
I1UG_RC	I7DJ
I1UG_RC	I9TZ_RC
I1UG_RC	IA10_RC
I1UG_RC	I3TF
I1UG_RC	I1N9
I1UG_RC	I5X1_RC
I1UG_RC	I76F
I1UG_RC	IBWB_RC
I1UG_RC	I5OC_RC
I1UG_RC	IC4
I1UG_RC	IBCS_RC
I1WO_RC	I1WO_RC
I1WO_RC	I7FQ_RC
I1WO_RC	I9RS
I1WO_RC	I1WO
I1WO_RC	I7FQ
I1WO_RC	I9RS_RC
I1XK_RC	I1XK_RC
I1XK_RC	I7GM_RC
I1XK_RC	I1XK
I1XK_RC	I7GM
I21K_RC	I21K_RC
I21K_RC	I7KM_RC
I21K_RC	I21K
I21K_RC	I7KM
I2BS_RC	I2BS_RC
I2BS_RC	I7UV_RC
I2BS_RC	I2BS
I2BS_RC	I7UV
I2D4_RC	I2D4_RC
I2D4_RC	I7W7_RC
I2D4_RC	I2D4
I2D4_RC	I7W7
I2DK_RC	I2DK_RC
I2DK_RC	I7WN_RC
I2DK_RC	I2DK
I2DK_RC	I7WN
I2FC_RC	I2FC_RC
I2FC_RC	I7YF_RC
I2FC_RC	I2FC
I2FC_RC	I7YF
I2FS_RC	I2FS_RC
I2FS_RC	I7YV_RC
I2FS_RC	I2FS
I2FS_RC	I7YV
I2NS_RC	I2NS_RC
I2NS_RC	I7VD_RC
I2NS_RC	I2CA_RC
I2NS_RC	I64C
I2NS_RC	I2NS
I2NS_RC	I7VD
I2NS_RC	I2CA
I2NS_RC	I64C_RC
I2O8_RC	I2O8_RC
I2O8_RC	I96J
I2O8_RC	I63W
I2O8_RC	IB2O
I2O8_RC	ILS_RC
I2O8_RC	I2O8
I2O8_RC	I96J_RC
I2O8_RC	I63W_RC
I2O8_RC	ILS
I2O8_RC	IB2O_RC
I2WO_RC	I2WO_RC
I2WO_RC	IT0_RC
I2WO_RC	IAVC
I2WO_RC	I8ZY
I2WO_RC	I69A_RC
I2WO_RC	I4U7
I2WO_RC	I2WO
I2WO_RC	IT0
I2WO_RC	IAVC_RC
I2WO_RC	I69A
I2WO_RC	I8ZY_RC
I2WO_RC	I4U7_RC
I4ET	I4ET
I4ET	I3CL_RC
I4ET	I17C_RC
I4ET	IAH5
I4ET	I6P8_RC
I4ET	I8LA
I4ET	I3CL
I4ET	I4ET_RC
I4ET	I17C
I4ET	IAH5_RC
I4ET	I6P8
I4ET	I8LA_RC
I4R9	I4R9
I4R9	I8XG
I4R9	I8XG_RC
I4R9	I4R9_RC
I62D	I62D
I62D	IN9_RC
I62D	I952
I62D	IB16
I62D	I4ZH
I62D	I2PR_RC
I62D	IN9
I62D	I62D_RC
I62D	I952_RC
I62D	IB16_RC
I62D	I4ZH_RC
I62D	I2PR
I69X	I69X
I69X	ITO
I69X	I2XA
I69X	IAUO_RC
I7C5	I7C5
I7C5	IBQQ_RC
I7C5	I5RD_RC
I7C5	I9VD_RC
I7C5	I1SW
I7C5	I3ZK
I7C5	IBQQ
I7C5	I7C5_RC
I7C5	I5RD
I7C5	I9VD
I7C5	I1SW_RC
I7C5	I3ZK_RC
I88L	I88L
I88L	I3OL_RC
I88L	IA54
I88L	I1JC_RC
I88L	I42X
I88L	I71L_RC
I88L	I3OL
I88L	I88L_RC
I88L	I1JC
I88L	IA54_RC
I88L	I71L
I88L	I42X_RC
I9GL	I9GL
I9GL	ICL_RC
I9GL	I5BV
I9GL	IBCB
I9GL	I7RX_RC
I9GL	I28U_RC
I9GL	ICL
I9GL	I9GL_RC
I9GL	I5BV_RC
I9GL	IBCB_RC
I9GL	I7RX
I9GL	I28U
I9YD	I9YD
I9YD	I78Y
I9YD	I9YD_RC
I9YD	I3WD
I9YD	I1PQ
I9YD	IBTW_RC
I9YD	I3WD_RC
I9YD	I78Y_RC
I9YD	I1PQ_RC
I9YD	IBTW
IAKL	IAKL
IAKL	I6LH_RC
IAKL	I13Q_RC
IAKL	I8OS
IAKL	I4IL
IAKL	I38U_RC
IAKL	I6LH
IAKL	IAKL_RC
IAKL	I13Q
IAKL	I8OS_RC
IAKL	I4IL_RC
IAKL	I38U
IAMD	IAMD
IAMD	I6JP_RC
IAMD	I4KE
IAMD	I372_RC
IAMD	I8QN
IAMD	I11R_RC
IAMD	I6JP
IAMD	IAMD_RC
IAMD	I372
IAMD	I4KE_RC
IAMD	I11R
IAMD	I8QN_RC
IB05	IB05
IB05	I96T_RC
IB05	IO8_RC
IB05	ILA
IB05	IB34_RC
IB05	I96T
IB05	IB05_RC
IB05	IO8
IB05	ILA_RC
IB05	IB34
IBDH	IBDH
IBDH	IBF_RC
IBDH	I12P_RC
IBDH	I4JP
IBDH	I8PX
IBDH	I37S_RC
IBDH	IALM
IBDH	I6KF_RC
IBDH	IXE_RC
IBDH	IAQP
IBDH	I5D0
IBDH	I9HZ
IBDH	I7Q2_RC
IBDH	I26Z_RC
IBDH	I7F8
IBDH	I1W6
IBDH	IBNA_RC
IBDH	IO
IBDH	I9SA_RC
IBDH	I6UT_RC
IBDH	IAC8
IBDH	I49P
IBDH	I1CE_RC
IBDH	I3HR_RC
IBDH	I2CP
IBDH	I7VS
IBDH	I7KA_RC
IBDH	I9O2
IBDH	IBJE
IBDH	I218_RC
IBDH	I5I5
IBDH	I59_RC
IBDH	I5I7
IBDH	I5MJ_RC
IBGL	IBGL
IBGL	I85_RC
IBGL	I7NB_RC
IBGL	I249_RC
IBGL	I9L6
IBGL	I5FG
IBGL	I85
IBGL	IBGL_RC
IBGL	I7NB
IBGL	I249
IBGL	I9L6_RC
IBGL	I5FG_RC
IBHX	IBHX
IBHX	I7LW_RC
IBHX	I6T_RC
IBHX	I22U_RC
IBHX	I9MK
IBHX	I5GT
IBHX	I6T
IBHX	I7LW
IBHX	IBHX_RC
IBHX	I22U
IBHX	I9MK_RC
IBHX	I5GT_RC
IBMD	IBMD
IBMD	I7G5_RC
IBMD	I1X3_RC
IBMD	I9RC
IBMD	I5LL
IBMD	I1L_RC
IBMD	I7G5
IBMD	IBMD_RC
IBMD	I1X3
IBMD	I9RC_RC
IBMD	I1L
IBMD	I5LL_RC
IL_RC	IL_RC
IL_RC	IL
I39_RC	I39_RC
I39_RC	I9PF
I39_RC	I5JO
I39_RC	IBKP
I39_RC	I7I4_RC
I39_RC	I1Z2_RC
I39_RC	I39
I39_RC	I9PF_RC
I39_RC	I5JO_RC
I39_RC	IBKP_RC
I39_RC	I7I4
I39_RC	I1Z2
I3P_RC	I3P_RC
I3P_RC	IF8
I3P_RC	I8KJ_RC
I3P_RC	I4FW
I3P_RC	I8WQ_RC
I3P_RC	I8WQ
I3P_RC	IF8_RC
I3P_RC	I8KJ
I3P_RC	I45
I3P_RC	I3P
I45_RC	I45_RC
I8L_RC	I8L_RC
I8L_RC	I9KN
I8L_RC	I81Q_RC
I8L_RC	I2IN_RC
I8L_RC	I8L
I8L_RC	I9KN_RC
I8L_RC	I81Q
I8L_RC	I2IN
I9H_RC	I9H_RC
I9H_RC	I9JO
I9H_RC	I7O7_RC
I9H_RC	I254_RC
I9H_RC	IBFF
I9H_RC	I5EN
I9H_RC	I9H
I9H_RC	I9JO_RC
I9H_RC	I7O7
I9H_RC	I254
I9H_RC	IBFF_RC
I9H_RC	I5EN_RC
I9X_RC	I9X_RC
I9X_RC	I9JA
I9X_RC	I7ON_RC
I9X_RC	I25K_RC
I9X_RC	IBEY
I9X_RC	I5E7
I9X_RC	I9X
I9X_RC	I9JA_RC
I9X_RC	I7ON
I9X_RC	I25K
I9X_RC	IBEY_RC
I9X_RC	I5E7_RC
IAD_RC	IAD_RC
IAD_RC	I5DX
IAD_RC	I9IU
IAD_RC	IBEH
IAD_RC	I7P5_RC
IAD_RC	I262_RC
IAD_RC	IAD
IAD_RC	I5DX_RC
IAD_RC	I9IU_RC
IAD_RC	I7P5
IAD_RC	IBEH_RC
IAD_RC	I262
IAT_RC	IAT_RC
IAT_RC	I9IE
IAT_RC	I7PK_RC
IAT_RC	I26H_RC
IAT_RC	IBE2
IAT_RC	I5DC
IAT_RC	IAT
IAT_RC	I9IE_RC
IAT_RC	I7PK
IAT_RC	I26H
IAT_RC	IBE2_RC
IAT_RC	I5DC_RC
IC5_RC	IC5_RC
IC5_RC	I9H2
IC5_RC	IBCR
IC5_RC	I5CC
IC5_RC	I7RG_RC
IC5_RC	I28D_RC
IC5_RC	IC5
IC5_RC	I9H2_RC
IC5_RC	IBCR_RC
IC5_RC	I7RG
IC5_RC	I5CC_RC
IC5_RC	I28D
IFP_RC	IFP_RC
IFP_RC	IB8M
IFP_RC	I9D3
IFP_RC	I7X8_RC
IFP_RC	I2E5_RC
IFP_RC	I58F
IFP_RC	IFP
IFP_RC	IB8M_RC
IFP_RC	I9D3_RC
IFP_RC	I7X8
IFP_RC	I2E5
IFP_RC	I58F_RC
IG5_RC	IG5_RC
IG5_RC	IB86
IG5_RC	I9CO
IG5_RC	I56X
IG5_RC	I7ZH_RC
IG5_RC	I2GE_RC
IG5_RC	IG5
IG5_RC	IB86_RC
IG5_RC	I9CO_RC
IG5_RC	I56X_RC
IG5_RC	I7ZH
IG5_RC	I2GE
IGL_RC	IGL_RC
IGL_RC	I9C6
IGL_RC	IB7Q
IGL_RC	I56H
IGL_RC	I7ZX_RC
IGL_RC	I2GU_RC
IGL_RC	IGL
IGL_RC	I9C6_RC
IGL_RC	IB7Q_RC
IGL_RC	I56H_RC
IGL_RC	I7ZX
IGL_RC	I2GU
IH1_RC	IH1_RC
IH1_RC	I9BQ
IH1_RC	IB7A
IH1_RC	I561
IH1_RC	I80D_RC
IH1_RC	I2HA_RC
IH1_RC	IH1
IH1_RC	I9BQ_RC
IH1_RC	IB7A_RC
IH1_RC	I561_RC
IH1_RC	I80D
IH1_RC	I2HA
IHH_RC	IHH_RC
IHH_RC	IB6P
IHH_RC	IHH
IHH_RC	IB6P_RC
IL1_RC	IL1_RC
IL1_RC	I2NA_RC
IL1_RC	I86E_RC
IL1_RC	I97D
IL1_RC	I6CB
IL1_RC	I2ZO
IL1_RC	I2BN
IL1_RC	I7UQ
IL1_RC	I2BN_RC
IL1_RC	I7UQ_RC
IL1_RC	IL1
IL1_RC	I2HH
IL1_RC	I80K
IL1_RC	I2NA
IL1_RC	I86E
IL1_RC	I97D_RC
IL1_RC	I6CB_RC
IL1_RC	I2ZO_RC
IL1_RC	I64U
IL1_RC	I2S8
IL1_RC	I64U_RC
IL1_RC	I2S8_RC
IMT_RC	IMT_RC
IMT_RC	I62V
IMT_RC	I95J
IMT_RC	I4ZU
IMT_RC	IB1M
IMT_RC	I2P9_RC
IOL_RC	IOL_RC
IOL_RC	IAZR
IOL_RC	IOL
IOL_RC	IAZR_RC
IPH_RC	IPH_RC
IPH_RC	I4XH
IPH_RC	I2T2_RC
IPH_RC	IAYV
IPH_RC	I2T3_RC
IPH_RC	I93F
IPH_RC	I65O_RC
IPH_RC	I65P_RC
IPH_RC	IPH
IPH_RC	I4XH_RC
IPH_RC	I2T2
IPH_RC	I2T3
IPH_RC	IAYV_RC
IPH_RC	I93F_RC
IPH_RC	I65O
IPH_RC	I65P
IQD_RC	IQD_RC
IQD_RC	I4WN
IQD_RC	IAXZ
IQD_RC	I2TZ_RC
IQD_RC	I92J
IQD_RC	I66L_RC
IQD_RC	IQD
IQD_RC	I2TZ
IQD_RC	I4WN_RC
IQD_RC	IAXZ_RC
IQD_RC	I92J_RC
IQD_RC	I66L
IQT_RC	IQT_RC
IQT_RC	I4W7
IQT_RC	IAXJ
IQT_RC	I2UF_RC
IQT_RC	I923
IQT_RC	I671_RC
IQT_RC	IQT
IQT_RC	I2UF
IQT_RC	I4W7_RC
IQT_RC	IAXJ_RC
IQT_RC	I923_RC
IQT_RC	I671
IR9_RC	IR9_RC
IR9_RC	I2UU_RC
IR9_RC	IAX3
IR9_RC	I4VS
IR9_RC	I91O
IR9_RC	I67G_RC
IR9_RC	IR9
IR9_RC	I2UU
IR9_RC	IAX3_RC
IR9_RC	I4VS_RC
IR9_RC	I67G
IR9_RC	I91O_RC
IRP_RC	IRP_RC
IRP_RC	I2VA_RC
IRP_RC	IAWN
IRP_RC	I4VE
IRP_RC	I67W_RC
IRP_RC	I919
IRP_RC	IRP
IRP_RC	I2VA
IRP_RC	IAWN_RC
IRP_RC	I4VE_RC
IRP_RC	I67W
IRP_RC	I919_RC
IS5_RC	IS5_RC
IS5_RC	IAW7
IS5_RC	I2VT_RC
IS5_RC	I4UY
IS5_RC	I90T
IS5_RC	I68F_RC
IS5_RC	IS5
IS5_RC	IAW7_RC
IS5_RC	I2VT
IS5_RC	I4UY_RC
IS5_RC	I90T_RC
IS5_RC	I68F
ISL_RC	ISL_RC
ISL_RC	IAVR
ISL_RC	I2W9_RC
ISL_RC	I90D
ISL_RC	I4UM
ISL_RC	I68V_RC
ISL_RC	ISL
ISL_RC	IAVR_RC
ISL_RC	I2W9
ISL_RC	I90D_RC
ISL_RC	I4UM_RC
ISL_RC	I68V
IT1_RC	IT1_RC
IT1_RC	IAVB
IT1_RC	I2WP_RC
IT1_RC	I8ZX
IT1_RC	I4U6
IT1_RC	I69B_RC
IT1_RC	IT1
IT1_RC	IAVB_RC
IT1_RC	I2WP
IT1_RC	I8ZX_RC
IT1_RC	I4U6_RC
IT1_RC	I69B
ITH_RC	ITH_RC
ITH_RC	IAUV
ITH_RC	I2X3_RC
ITH_RC	I8ZH
ITH_RC	I4TQ
ITH_RC	I69Q_RC
ITH_RC	ITH
ITH_RC	I2X3
ITH_RC	IAUV_RC
ITH_RC	I8ZH_RC
ITH_RC	I69Q
ITH_RC	I4TQ_RC
ITX_RC	ITX_RC
ITX_RC	I2XJ_RC
ITX_RC	I6A6_RC
ITX_RC	I4TB
ITX_RC	I8Z3
ITX_RC	IAU7
ITX_RC	ITX
ITX_RC	I2XJ
ITX_RC	I6A6
ITX_RC	I4TB_RC
ITX_RC	I8Z3_RC
ITX_RC	IAU7_RC
IW5_RC	IW5_RC
IW5_RC	I6DI_RC
IW5_RC	I8VY
IW5_RC	IARY
IW5_RC	I30U_RC
IW5_RC	I4Q7
IW5_RC	IW5
IW5_RC	I6DI
IW5_RC	I30U
IW5_RC	I8VY_RC
IW5_RC	IARY_RC
IW5_RC	I4Q7_RC
IX1_RC	IX1_RC
IX1_RC	I6EC_RC
IX1_RC	I31O_RC
IX1_RC	IAR2
IX1_RC	I4PC
IX1_RC	I8V4
IX1_RC	IX1
IX1_RC	I6EC
IX1_RC	I31O
IX1_RC	IAR2_RC
IX1_RC	I4PC_RC
IX1_RC	I8V4_RC
IXH_RC	IXH_RC
IXH_RC	I6FL_RC
IXH_RC	I32Y_RC
IXH_RC	IAQM
IXH_RC	I4OW
IXH_RC	I8UO
IXH_RC	IXH
IXH_RC	I6FL
IXH_RC	I32Y
IXH_RC	IAQM_RC
IXH_RC	I4OW_RC
IXH_RC	I8UO_RC
I111_RC	I111_RC
I111_RC	I4L3
I111_RC	I36G_RC
I111_RC	I8RD
I111_RC	IAN2
I111_RC	I6J3_RC
I111_RC	I111
I111_RC	I4L3_RC
I111_RC	I36G
I111_RC	I8RD_RC
I111_RC	IAN2_RC
I111_RC	I6J3
I11X_RC	I11X_RC
I11X_RC	IAWX_RC
I11X_RC	I377_RC
I11X_RC	IYF_RC
I11X_RC	I8QI
I11X_RC	I6JU_RC
I11X_RC	IAPP
I11X_RC	IAM7
I11X_RC	IRL
I11X_RC	I91D_RC
I11X_RC	I2V6
I11X_RC	I67S
I11X_RC	IAWR_RC
I11X_RC	I4VI_RC
I11X_RC	IBDE_RC
I11X_RC	IBI
I11X_RC	I4CL_RC
I11X_RC	IAEU_RC
I11X_RC	I3EV
I11X_RC	I19K
I11X_RC	I8JF_RC
I11X_RC	I6RI
I11X_RC	I1C1
I11X_RC	I3HE
I11X_RC	IACK_RC
I11X_RC	I89I_RC
I11X_RC	I6U1
I11X_RC	I8FW_RC
I11X_RC	I1VL
I11X_RC	I3
I11X_RC	IBNW_RC
I11X_RC	I7EN
I11X_RC	I3W1
I11X_RC	I9YP_RC
I11X_RC	I1PE
I11X_RC	I78M
I11X_RC	IBU8_RC
I11X_RC	IBHD
I11X_RC	I9M0
I11X_RC	I5G9
I11X_RC	I7D_RC
I11X_RC	I3XE
I11X_RC	I1QS
I11X_RC	I79Z
I11X_RC	IBSU_RC
I11X_RC	I5C2
I11X_RC	I11X
I11X_RC	I7O2
I11X_RC	I24Z
I11X_RC	I5ES_RC
I11X_RC	I9JT_RC
I11X_RC	IAM7_RC
I11X_RC	I9C
I11X_RC	IBFK_RC
I11X_RC	I1R9
I11X_RC	I3XV
I11X_RC	I7AG
I11X_RC	IBSD_RC
I11X_RC	I5JA_RC
I11X_RC	I5UU_RC
I11X_RC	I9PY_RC
I11X_RC	I5KA_RC
I11X_RC	IA89_RC
I11X_RC	I1GB
I11X_RC	I8BV_RC
I11X_RC	I45R_RC
I11X_RC	I8LM
I11X_RC	I8AI_RC
I11X_RC	IRF_RC
I11X_RC	IAWX
I11X_RC	I6OW_RC
I11X_RC	I3C9_RC
I11X_RC	I1C1_RC
I11X_RC	I3HE_RC
I11X_RC	IACK
I11X_RC	I6U1_RC
I11X_RC	I8FW
I11X_RC	I7PT
I11X_RC	I26Q
I11X_RC	IB7
I11X_RC	IBDP_RC
I11X_RC	I6KX_RC
I11X_RC	I89I
I11X_RC	I38A_RC
I11X_RC	I8PC
I11X_RC	IA7L_RC
I11X_RC	I6Z6
I11X_RC	I8BC_RC
I11X_RC	I3M4
I11X_RC	I458_RC
I11X_RC	I1GW
I11X_RC	I3XE_RC
I11X_RC	I1QS_RC
I11X_RC	I79Z_RC
I11X_RC	IBSU
I11X_RC	I5C2_RC
I11X_RC	I3RP
I11X_RC	I1LK
I11X_RC	IBY0_RC
I11X_RC	I74P
I11X_RC	IAHH_RC
I11X_RC	I4F5_RC
I11X_RC	I16Z
I11X_RC	I6DY
I11X_RC	IWO
I11X_RC	I4PO_RC
I11X_RC	I31A
I11X_RC	I8C9
I11X_RC	IAL5
I11X_RC	I136_RC
I11X_RC	I8AI
I11X_RC	ICA_RC
I11X_RC	I9GX
I11X_RC	IBCM
I11X_RC	I5C7
I11X_RC	I8LM_RC
I11X_RC	IB7W
I11X_RC	I56N
I11X_RC	IGF_RC
I11X_RC	IB8S
I11X_RC	I1CZ
I11X_RC	IABN_RC
I11X_RC	I7LG_RC
I11X_RC	I7X0_RC
I11X_RC	I58L
I11X_RC	I2DX_RC
I11X_RC	I22E_RC
I11X_RC	I9DA
I11X_RC	IFI_RC
I11X_RC	I4J4
I11X_RC	I6OW
I11X_RC	I3C9
I11X_RC	I439
I11X_RC	I88V
I11X_RC	I3O9_RC
I11X_RC	I719_RC
I11X_RC	I8MH_RC
I11X_RC	I1IZ_RC
I11X_RC	IA5K
I11X_RC	I3ED_RC
I11X_RC	I2XD_RC
I11X_RC	I4TH
I11X_RC	IAFB
I11X_RC	I193_RC
I11X_RC	I6A0_RC
I11X_RC	I4D5
I11X_RC	I6R0_RC
I11X_RC	I8JY
I11X_RC	ITR_RC
I11X_RC	IA7L
I11X_RC	I6Z6_RC
I11X_RC	I8BC
I11X_RC	I458
I11X_RC	I3M4_RC
I11X_RC	I1GW_RC
I11X_RC	I7PT_RC
I11X_RC	I26Q_RC
I11X_RC	IB7_RC
I11X_RC	IBDP
I11X_RC	I3MW
I11X_RC	IA6W_RC
I11X_RC	I1HL
I11X_RC	I6ZW
I11X_RC	IAKR_RC
I11X_RC	I8OY_RC
I11X_RC	I4IR_RC
I11X_RC	I38O
I11X_RC	I6LB
I11X_RC	I13K
I11X_RC	I439_RC
I11X_RC	I88V_RC
I11X_RC	I3O9
I11X_RC	I719
I11X_RC	I1IZ
I11X_RC	IA5K_RC
I13P_RC	I13P_RC
I13P_RC	I6LG_RC
I13P_RC	IAKM
I13P_RC	I8OT
I13P_RC	I38T_RC
I13P_RC	I4IM
I13P_RC	I13P
I13P_RC	I6LG
I13P_RC	IAKM_RC
I13P_RC	I38T
I13P_RC	I8OT_RC
I13P_RC	I4IM_RC
I151_RC	I151_RC
I151_RC	I151
I185_RC	I185_RC
I185_RC	I185
I18L_RC	I18L_RC
I18L_RC	I3DX_RC
I18L_RC	IAFT
I18L_RC	I4DM
I18L_RC	I6QK_RC
I18L_RC	I8KF
I18L_RC	I18L
I18L_RC	I3DX
I18L_RC	IAFT_RC
I18L_RC	I4DM_RC
I18L_RC	I6QK
I18L_RC	I8KF_RC
I1AD_RC	I1AD_RC
I1AD_RC	I3FQ_RC
I1AD_RC	I6SD_RC
I1AD_RC	IAE8
I1AD_RC	I1AD
I1AD_RC	I3FQ
I1AD_RC	I6SD
I1AD_RC	IAE8_RC
I1B9_RC	I1B9_RC
I1B9_RC	I3GL_RC
I1B9_RC	I8GR
I1B9_RC	I6T8_RC
I1B9_RC	I4AN
I1B9_RC	IADC
I1B9_RC	I1B9
I1B9_RC	I3GL
I1B9_RC	I8GR_RC
I1B9_RC	I6T8
I1B9_RC	I4AN_RC
I1B9_RC	IADC_RC
I1BP_RC	I1BP_RC
I1BP_RC	I3H1_RC
I1BP_RC	I8G9
I1BP_RC	I6TO_RC
I1BP_RC	I4A7
I1BP_RC	IACW
I1BP_RC	I1BP
I1BP_RC	I3H1
I1BP_RC	I8G9_RC
I1BP_RC	I6TO
I1BP_RC	I4A7_RC
I1BP_RC	IACW_RC
I1C5_RC	I1C5_RC
I1C5_RC	I3HI_RC
I1C5_RC	I8FS
I1C5_RC	I6U5_RC
I1C5_RC	IACG
I1C5_RC	I1C5
I1C5_RC	I3HI
I1C5_RC	I8FS_RC
I1C5_RC	I6U5
I1C5_RC	IACG_RC
I1G5_RC	I1G5_RC
I1G5_RC	IA8F
I1G5_RC	I1G5
I1G5_RC	IA8F_RC
I1HX_RC	I1HX_RC
I1HX_RC	I3N8_RC
I1HX_RC	I446
I1HX_RC	I708_RC
I1HX_RC	I8A2
I1HX_RC	IA6K
I1HX_RC	I1HX
I1HX_RC	I3N8
I1HX_RC	I446_RC
I1HX_RC	I708
I1HX_RC	I8A2_RC
I1HX_RC	IA6K_RC
I1J9_RC	I1J9_RC
I1J9_RC	I1J9
I1JP_RC	I1JP_RC
I1JP_RC	IA4O
I1JP_RC	I42J
I1JP_RC	I87V
I1JP_RC	IA4R
I1JP_RC	I3OX_RC
I1JP_RC	I71X_RC
I1JP_RC	I1JP
I1JP_RC	IA4O_RC
I1JP_RC	I87V_RC
I1JP_RC	IA4R_RC
I1JP_RC	I3OX
I1JP_RC	I71X
I1JP_RC	I42J_RC
I1O5_RC	I1O5_RC
I1O5_RC	I3UF_RC
I1O5_RC	IBVF
I1O5_RC	I77F_RC
I1O5_RC	I5VZ
I1O5_RC	IA00
I1O5_RC	I1O5
I1O5_RC	I3UF
I1O5_RC	I77F
I1O5_RC	IBVF_RC
I1O5_RC	I5VZ_RC
I1O5_RC	IA00_RC
I1P1_RC	I1P1_RC
I1P1_RC	I3VQ_RC
I1P1_RC	I78B_RC
I1P1_RC	I9Z0
I1P1_RC	IBUK
I1P1_RC	I5V4
I1P1_RC	I1P1
I1P1_RC	I3VQ
I1P1_RC	I78B
I1P1_RC	I9Z0_RC
I1P1_RC	IBUK_RC
I1P1_RC	I5V4_RC
I1QD_RC	I1QD_RC
I1QD_RC	IBT9
I1QD_RC	I5TR
I1QD_RC	I9XR
I1QD_RC	I1QD
I1QD_RC	IBT9_RC
I1QD_RC	I5TR_RC
I1QD_RC	I9XR_RC
I1SL_RC	I1SL_RC
I1SL_RC	I5RO
I1SL_RC	I3Z9_RC
I1SL_RC	I7BU_RC
I1SL_RC	IBR2
I1SL_RC	I214
I1SL_RC	I7K6
I1T1_RC	I1T1_RC
I1T1_RC	I1T1
I1TH_RC	I1TH_RC
I1TH_RC	IBQB
I1TH_RC	I1TH
I1TH_RC	IBQB_RC
I1TX_RC	I1TX_RC
I1TX_RC	I1TX
I1YD_RC	I1YD_RC
I1YD_RC	I7HF_RC
I1YD_RC	I1YD
I1YD_RC	I7HF
I1YT_RC	I1YT_RC
I1YT_RC	I7HV_RC
I1YT_RC	I1YT
I1YT_RC	I7HV
I26T_RC	I26T_RC
I26T_RC	I7PW_RC
I26T_RC	I26T
I26T_RC	I7PW
I285_RC	I285_RC
I285_RC	I7R8_RC
I285_RC	I285
I285_RC	I7R8
I2BP_RC	I2BP_RC
I2BP_RC	I7US_RC
I2BP_RC	I2BP
I2BP_RC	I7US
I2DH_RC	I2DH_RC
I2DH_RC	I7WK_RC
I2DH_RC	I8R_RC
I2DH_RC	I2IQ
I2DH_RC	I81T
I2DH_RC	I52J_RC
I2DH_RC	I2IQ_RC
I2DH_RC	I81T_RC
I2DH_RC	I2DH
I2DH_RC	I7WK
I2DH_RC	I8R
I2ED_RC	I2ED_RC
I2ED_RC	I7XG_RC
I2ED_RC	I2ED
I2ED_RC	I7XG
I2ET_RC	I2ET_RC
I2ET_RC	I7XW_RC
I2ET_RC	I2ET
I2ET_RC	I7XW
I2FP_RC	I2FP_RC
I2FP_RC	I7YS_RC
I2FP_RC	I2FP
I2FP_RC	I7YS
I2HH_RC	I2HH_RC
I2HH_RC	I80K_RC
I2ID_RC	I2ID_RC
I2ID_RC	I81G_RC
I2ID_RC	I2ID
I2ID_RC	I81G
I2JP_RC	I2JP_RC
I2JP_RC	I82S_RC
I2JP_RC	I2JP
I2JP_RC	I82S
I2N9_RC	I2N9_RC
I2N9_RC	IL0_RC
I2N9_RC	I86D_RC
I2N9_RC	I97E
I2N9_RC	I2N9
I2N9_RC	IL0
I2N9_RC	I86D
I2N9_RC	I97E_RC
I2NP_RC	I2NP_RC
I2NP_RC	I811_RC
I2NP_RC	I2HY_RC
I2NP_RC	I86U_RC
I2NP_RC	I2RU
I2NP_RC	I60A_RC
I2NP_RC	I2L9_RC
I2NP_RC	I84D_RC
I2NP_RC	I64G
I2NP_RC	I2NP
I2NP_RC	I811
I2NP_RC	I2HY
I2NP_RC	I86U
I2NP_RC	I60A
I2NP_RC	I2RU_RC
I2NP_RC	I2L9
I2NP_RC	I84D
I2NP_RC	I64G_RC
I2PX_RC	I2PX_RC
I2PX_RC	IB10
I2PX_RC	I4ZB
I2PX_RC	INF_RC
I2PX_RC	I627
I2PX_RC	I94W
I2PX_RC	I2PX
I2PX_RC	IB10_RC
I2PX_RC	I4ZB_RC
I2PX_RC	INF
I2PX_RC	I627_RC
I2PX_RC	I94W_RC
I2R9_RC	I2R9_RC
I2R9_RC	I7UZ
I2R9_RC	I2BW
I2R9_RC	I60W
I2R9_RC	I2R9
I2R9_RC	I7UZ_RC
I2R9_RC	I2BW_RC
I2R9_RC	I60W_RC
I2TX_RC	I2TX_RC
I2TX_RC	IQB_RC
I2TX_RC	I4WP
I2TX_RC	IAY1
I2TX_RC	I66J_RC
I2TX_RC	I92L
I2TX_RC	I2TX
I2TX_RC	IQB
I2TX_RC	I4WP_RC
I2TX_RC	IAY1_RC
I2TX_RC	I66J
I2TX_RC	I92L_RC
I2YD_RC	I2YD_RC
I2YD_RC	IUG_RC
I2YD_RC	I6B0_RC
I2YD_RC	I4ST
I2YD_RC	I2YD
I2YD_RC	IUG
I2YD_RC	I6B0
I2YD_RC	I4ST_RC
I2YT_RC	I2YT_RC
I2YT_RC	IUV_RC
I2YT_RC	I8Y1
I2YT_RC	I6BG_RC
I2YT_RC	I4SE
I2YT_RC	IATA
I2YT_RC	I2YT
I2YT_RC	IUV
I2YT_RC	I8Y1_RC
I2YT_RC	I6BG
I2YT_RC	I4SE_RC
I2YT_RC	IATA_RC
I2Z9_RC	I2Z9_RC
I2Z9_RC	I7VA
I2Z9_RC	I2C7
I2Z9_RC	I52H_RC
I2Z9_RC	I6BW_RC
I2Z9_RC	I559_RC
I2Z9_RC	I2Z9
I2Z9_RC	I7VA_RC
I2Z9_RC	I2C7_RC
I2Z9_RC	I52H
I2Z9_RC	I6BW
I2Z9_RC	I559
I30L_RC	I30L_RC
I30L_RC	I8W6
I30L_RC	IASA
I30L_RC	I6D9_RC
I30L_RC	I4QH
I30L_RC	IVW_RC
I311_RC	I311_RC
I311_RC	I4PZ
I311_RC	I8VS
I311_RC	IARS
I311_RC	IWB_RC
I311_RC	I6DP_RC
I311_RC	I311
I311_RC	I4PZ_RC
I311_RC	I8VS_RC
I311_RC	IARS_RC
I311_RC	IWB
I311_RC	I6DP
I32T_RC	I32T_RC
I32T_RC	I6FG_RC
I32T_RC	I8UR
I32T_RC	I4OZ
I34L_RC	I34L_RC
I34L_RC	I2DD
I34L_RC	I82Q
I34L_RC	I2JN
I34L_RC	I5PI_RC
I34L_RC	I5PJ_RC
I34L_RC	I322_RC
I34L_RC	I6H8_RC
I34L_RC	I7WG
I34L_RC	I7YP
I34L_RC	I2FM
I34L_RC	I8IY_RC
I34L_RC	I7YP_RC
I34L_RC	I2FM_RC
I34L_RC	I8IY
I34L_RC	I60J
I34L_RC	I2RM_RC
I34L_RC	I60J_RC
I34L_RC	I2RM
I34L_RC	I34L
I34L_RC	I2DD_RC
I34L_RC	I82Q_RC
I34L_RC	I2JN_RC
I34L_RC	I31V_RC
I34L_RC	I5PI
I34L_RC	I5PJ
I34L_RC	I322
I34L_RC	I6H8
I34L_RC	I7WG_RC
I34L_RC	I305_RC
I34L_RC	I4RG
I34L_RC	I6CT_RC
I34L_RC	I687
I34L_RC	I2VL
I34L_RC	I687_RC
I34L_RC	I2VL_RC
I34L_RC	I2ZE
I34L_RC	I6C1
I34L_RC	I64M
I34L_RC	I2R6
I34L_RC	I60Z_RC
I34L_RC	I7V1_RC
I34L_RC	I2BY_RC
I34L_RC	I2S0
I34L_RC	I6MK
I34L_RC	I39X
I34L_RC	I6RW
I34L_RC	I3F9
I34L_RC	I6MK_RC
I34L_RC	I39X_RC
I34L_RC	I6RW_RC
I34L_RC	I3F9_RC
I34L_RC	I6CT
I34L_RC	I305
I34L_RC	I9A5
I34L_RC	I9A5_RC
I34L_RC	I3ZY
I34L_RC	I7CJ
I34L_RC	I3ZY_RC
I34L_RC	I7CJ_RC
I34L_RC	I6AN
I34L_RC	I2Y0
I34L_RC	I6AN_RC
I34L_RC	I2Y0_RC
I34L_RC	I828
I34L_RC	I2J5
I34L_RC	I828_RC
I34L_RC	I2J5_RC
I379_RC	I379_RC
I379_RC	I11Z_RC
I379_RC	I4K8
I379_RC	I8QG
I379_RC	I6JW_RC
I379_RC	IAM5
I379_RC	I379
I379_RC	I11Z
I379_RC	I4K8_RC
I379_RC	I8QG_RC
I379_RC	I6JW
I379_RC	IAM5_RC
I37P_RC	I37P_RC
I37P_RC	I4JS
I37P_RC	I8Q0
I37P_RC	I6KC_RC
I37P_RC	IALP
I37P_RC	I12M_RC
I37P_RC	I37P
I37P_RC	I4JS_RC
I37P_RC	I8Q0_RC
I37P_RC	I6KC
I37P_RC	IALP_RC
I37P_RC	I12M
I38L_RC	I38L_RC
I38L_RC	I8P1
I38L_RC	I4IU
I38L_RC	I6L8_RC
I38L_RC	I13H_RC
I38L_RC	IAKU
I38L_RC	I38L
I38L_RC	I8P1_RC
I38L_RC	I4IU_RC
I38L_RC	I6L8
I38L_RC	I13H
I38L_RC	IAKU_RC
I3AT_RC	I3AT_RC
I3AT_RC	IAIV
I3AT_RC	I15K_RC
I3AT_RC	I8MY
I3AT_RC	I6NG_RC
I3AT_RC	I3AT
I3AT_RC	IAIV_RC
I3AT_RC	I15K
I3AT_RC	I8MY_RC
I3AT_RC	I6NG
I3BP_RC	I3BP_RC
I3BP_RC	I4FM
I3BP_RC	IAI0
I3BP_RC	I16H_RC
I3BP_RC	I6OC_RC
I3BP_RC	I8M5
I3BP_RC	I3BP
I3BP_RC	I4FM_RC
I3BP_RC	IAI0_RC
I3BP_RC	I16H
I3BP_RC	I6OC
I3BP_RC	I8M5_RC
I3C5_RC	I3C5_RC
I3C5_RC	I4F9
I3C5_RC	I16V_RC
I3C5_RC	IAHL
I3C5_RC	I6OS_RC
I3C5_RC	I8LQ
I3C5_RC	I3C5
I3C5_RC	I4F9_RC
I3C5_RC	I16V
I3C5_RC	IAHL_RC
I3C5_RC	I6OS
I3C5_RC	I8LQ_RC
I3D1_RC	I3D1_RC
I3D1_RC	I17S_RC
I3D1_RC	I8KP
I3D1_RC	IAGP
I3D1_RC	I4E3
I3D1_RC	I6PO_RC
I3D1_RC	I3D1
I3D1_RC	I17S
I3D1_RC	I8KP_RC
I3D1_RC	IAGP_RC
I3D1_RC	I4E3_RC
I3D1_RC	I6PO
I3ET_RC	I3ET_RC
I3ET_RC	I19I_RC
I3ET_RC	I4CN
I3ET_RC	IAEW
I3ET_RC	I6RG_RC
I3ET_RC	I8JH
I3ET_RC	I3ET
I3ET_RC	I19I
I3ET_RC	I4CN_RC
I3ET_RC	IAEW_RC
I3ET_RC	I6RG
I3ET_RC	I8JH_RC
I3IT_RC	I3IT_RC
I3IT_RC	I1DJ_RC
I3IT_RC	I48O
I3IT_RC	I6VV_RC
I3IT_RC	I8EK
I3IT_RC	IAB3
I3IT_RC	I3IT
I3IT_RC	I1DJ
I3IT_RC	I48O_RC
I3IT_RC	I6VV
I3IT_RC	I8EK_RC
I3IT_RC	IAB3_RC
I3J9_RC	I3J9_RC
I3J9_RC	I1DZ_RC
I3J9_RC	I488
I3J9_RC	I6WB_RC
I3J9_RC	I8E4
I3J9_RC	IAAN
I3J9_RC	I3J9
I3J9_RC	I1DZ
I3J9_RC	I488_RC
I3J9_RC	I6WB
I3J9_RC	I8E4_RC
I3J9_RC	IAAN_RC
I3K5_RC	I3K5_RC
I3K5_RC	I476
I3K5_RC	I1EW_RC
I3K5_RC	I8D5
I3K5_RC	I6X7_RC
I3K5_RC	IA9O
I3K5_RC	I3K5
I3K5_RC	I476_RC
I3K5_RC	I1EW
I3K5_RC	I8D5_RC
I3K5_RC	I6X7
I3K5_RC	IA9O_RC
I3KL_RC	I3KL_RC
I3KL_RC	I46R
I3KL_RC	I1FD_RC
I3KL_RC	I8CQ
I3KL_RC	IA97
I3KL_RC	I6XN_RC
I3KL_RC	I3KL
I3KL_RC	I46R_RC
I3KL_RC	I1FD
I3KL_RC	I8CQ_RC
I3KL_RC	I6XN
I3KL_RC	IA97_RC
I3NP_RC	I3NP_RC
I3NP_RC	I1IE_RC
I3NP_RC	I43R
I3NP_RC	I70P_RC
I3NP_RC	I89M
I3NP_RC	IA64
I3NP_RC	I3NP
I3NP_RC	I1IE
I3NP_RC	I43R_RC
I3NP_RC	I70P
I3NP_RC	I89M_RC
I3NP_RC	IA64_RC
I3O5_RC	I3O5_RC
I3O5_RC	I88Z
I3O5_RC	I1IW_RC
I3O5_RC	I715_RC
I3O5_RC	I43E
I3O5_RC	IA5N
I3O5_RC	I3O5
I3O5_RC	I88Z_RC
I3O5_RC	I1IW
I3O5_RC	I715
I3O5_RC	I43E_RC
I3O5_RC	IA5N_RC
I3P1_RC	I3P1_RC
I3P1_RC	IBPF
I3P1_RC	I57C
I3P1_RC	I721_RC
I3P1_RC	I5P6
I3P1_RC	I8IK
I3P1_RC	I7Z2_RC
I3P1_RC	I2FZ_RC
I3P1_RC	IBPF_RC
I3P1_RC	I3P1
I3P1_RC	I57C_RC
I3P1_RC	I721
I3P1_RC	I8IK_RC
I3P1_RC	I7Z2
I3P1_RC	I2FZ
I3RP_RC	I3RP_RC
I3RP_RC	IBY0
I3RP_RC	I1LK_RC
I3RP_RC	I74P_RC
I3RP_RC	I1HV_RC
I3RP_RC	I1U
I3RP_RC	I3N6_RC
I3RP_RC	IABN
I3RP_RC	IB9V
I3RP_RC	I1CZ_RC
I3RP_RC	IAMC
I3RP_RC	I4D0_RC
I3RP_RC	I706_RC
I3RP_RC	IYF
I3RP_RC	IEG_RC
I3RP_RC	I8JT_RC
I3RP_RC	IBB0
I3RP_RC	IBM4_RC
I3RP_RC	IAKD_RC
I3RP_RC	IAPP_RC
I3RP_RC	I13Y
I3RP_RC	I7GE
I3RP_RC	IA6M
I3RP_RC	I5N3_RC
I3RP_RC	I1XC
I3RP_RC	IDC_RC
I3RP_RC	I11S_RC
I3RP_RC	I3ED
I3RP_RC	I193
I3RP_RC	IAFB_RC
I3RP_RC	I4D5_RC
I3RP_RC	I6R0
I3RP_RC	I8JY_RC
I3RP_RC	I5YY
I3RP_RC	IA2T
I3RP_RC	I1LP_RC
I3RP_RC	IBXV
I3S5_RC	I3S5_RC
I3S5_RC	I5YA
I3S5_RC	IBXK
I3S5_RC	I1M0_RC
I3S5_RC	I755_RC
I3S5_RC	IA27
I3S5_RC	I3S5
I3S5_RC	I5YA_RC
I3S5_RC	I1M0
I3S5_RC	IBXK_RC
I3S5_RC	I755
I3S5_RC	IA27_RC
I3SL_RC	I3SL_RC
I3SL_RC	I5XU
I3SL_RC	IBX4
I3SL_RC	I1MG_RC
I3SL_RC	I75L_RC
I3SL_RC	IA1R
I3SL_RC	I3SL
I3SL_RC	I5XU_RC
I3SL_RC	I1MG
I3SL_RC	IBX4_RC
I3SL_RC	I75L
I3SL_RC	IA1R_RC
I3T1_RC	I3T1_RC
I3T1_RC	IBWO
I3T1_RC	I1MW_RC
I3T1_RC	I761_RC
I3T1_RC	I3T1
I3T1_RC	I1MW
I3T1_RC	IBWO_RC
I3T1_RC	I761
I3V9_RC	I3V9_RC
I3V9_RC	I6UJ
I3V9_RC	I3V9
I3V9_RC	I6UJ_RC
I3WL_RC	I3WL_RC
I3WL_RC	I1PY_RC
I3WL_RC	I796_RC
I3WL_RC	IBTO
I3WL_RC	I9Y5
I3WL_RC	I5U7
I3WL_RC	I3WL
I3WL_RC	I1PY
I3WL_RC	I796
I3WL_RC	IBTO_RC
I3WL_RC	I9Y5_RC
I3WL_RC	I5U7_RC
I3XH_RC	I3XH_RC
I3XH_RC	I1QV_RC
I3XH_RC	I7A2_RC
I3XH_RC	IBSR
I3XH_RC	I5TC
I3XH_RC	I9XC
I3XH_RC	I3XH
I3XH_RC	I1QV
I3XH_RC	I7A2
I3XH_RC	IBSR_RC
I3XH_RC	I5TC_RC
I3XH_RC	I9XC_RC
I41H_RC	I41H_RC
I41H_RC	IBOI
I41H_RC	I9TJ
I41H_RC	I5NT
I41H_RC	I7E2_RC
I41H_RC	I1V0_RC
I41H_RC	I41H
I41H_RC	IBOI_RC
I41H_RC	I9TJ_RC
I41H_RC	I5NT_RC
I41H_RC	I7E2
I41H_RC	I1V0
I445_RC	I445_RC
I445_RC	I1HY
I445_RC	I3NB
I445_RC	I8A1_RC
I445_RC	I70B
I445_RC	IA6J_RC
I445_RC	I445
I445_RC	I1HY_RC
I445_RC	I3NB_RC
I445_RC	I8A1
I445_RC	IA6J
I445_RC	I70B_RC
I451_RC	I451_RC
I451_RC	IA7D
I451_RC	I1H4_RC
I451_RC	IA7D_RC
I451_RC	I1H4
I451_RC	I6ZE
I451_RC	I3MC
I451_RC	I6ZE_RC
I451_RC	I3MC_RC
I45X_RC	I45X_RC
I45X_RC	I45X
I485_RC	I485_RC
I485_RC	I8E1_RC
I485_RC	I485
I485_RC	I8E1
I491_RC	I491_RC
I491_RC	I1D3
I491_RC	I3IF
I491_RC	I8EY_RC
I491_RC	I6VH
I491_RC	IABJ_RC
I491_RC	I491
I491_RC	I1D3_RC
I491_RC	I3IF_RC
I491_RC	I8EY
I491_RC	I6VH_RC
I491_RC	IABJ
I49H_RC	I49H_RC
I49H_RC	I1CM
I49H_RC	I3HZ
I49H_RC	I8FE_RC
I49H_RC	I6V1
I49H_RC	IAC0_RC
I49H_RC	I49H
I49H_RC	I1CM_RC
I49H_RC	I3HZ_RC
I49H_RC	I8FE
I49H_RC	I6V1_RC
I49H_RC	IAC0
I4AT_RC	I4AT_RC
I4AT_RC	I6T2
I4AT_RC	IADI_RC
I4AT_RC	I1B3
I4AT_RC	I3GF
I4AT_RC	I8GW_RC
I4AT_RC	I4AT
I4AT_RC	IADI
I4AT_RC	I6T2_RC
I4AT_RC	I1B3_RC
I4AT_RC	I3GF_RC
I4AT_RC	I8GW
I4GL_RC	I4GL_RC
I4GL_RC	I4GL
I4H1_RC	I4H1_RC
I4H1_RC	I4H1
I4HH_RC	I4HH_RC
I4HH_RC	I4HH
I4KL_RC	I4KL_RC
I4KL_RC	I8QU_RC
I4KL_RC	I11K
I4KL_RC	IAMK_RC
I4KL_RC	I4KL
I4KL_RC	I8QU
I4KL_RC	I11K_RC
I4KL_RC	IAMK
I4LH_RC	I4LH_RC
I4LH_RC	I4LH
I4QD_RC	I4QD_RC
I4QD_RC	I4QD
I4RP_RC	I4RP_RC
I4RP_RC	I4RP
I511_RC	I511_RC
I511_RC	I511
I51H_RC	I51H_RC
I51H_RC	IK9
I51H_RC	I2MK
I51H_RC	I85O
I51H_RC	IB3X_RC
I51H_RC	I980_RC
I51H_RC	I51H
I51H_RC	IK9_RC
I51H_RC	I2MK_RC
I51H_RC	I85O_RC
I51H_RC	IB3X
I51H_RC	I980
I52D_RC	I52D_RC
I52D_RC	I52D
I52T_RC	I52T_RC
I52T_RC	I52T
I53P_RC	I53P_RC
I53P_RC	IB5L_RC
I53P_RC	IIK
I53P_RC	I831
I53P_RC	I99P_RC
I53P_RC	I2JY
I53P_RC	I53P
I53P_RC	IB5L
I53P_RC	IIK_RC
I53P_RC	I99P
I53P_RC	I831_RC
I53P_RC	I2JY_RC
I545_RC	I545_RC
I545_RC	I9AV_RC
I545_RC	II1
I545_RC	I82I
I545_RC	I2JF
I545_RC	IB65_RC
I545_RC	I545
I545_RC	I9AV
I545_RC	II1_RC
I545_RC	I82I_RC
I545_RC	I2JF_RC
I545_RC	IB65
I551_RC	I551_RC
I551_RC	I551
I57P_RC	I57P_RC
I57P_RC	I57P
I5CL_RC	I5CL_RC
I5CL_RC	IBD1_RC
I5CL_RC	IBV
I5CL_RC	I7QL
I5CL_RC	I27I
I5CL_RC	I9HB_RC
I5CL_RC	I5CL
I5CL_RC	IBD1
I5CL_RC	IBV_RC
I5CL_RC	I7QL_RC
I5CL_RC	I27I_RC
I5CL_RC	I9HB
I5DH_RC	I5DH_RC
I5DH_RC	I5DH
I5F9_RC	I5F9_RC
I5F9_RC	I5F9
I5FP_RC	I5FP_RC
I5FP_RC	I9LF_RC
I5FP_RC	I7U
I5FP_RC	I7N0
I5FP_RC	I23Y
I5FP_RC	IBGW_RC
I5FP_RC	I5FP
I5FP_RC	I9LF
I5FP_RC	I7U_RC
I5FP_RC	I7N0_RC
I5FP_RC	I23Y_RC
I5FP_RC	IBGW
I5H1_RC	I5H1_RC
I5H1_RC	I9MS_RC
I5H1_RC	I7LO
I5H1_RC	I6L
I5H1_RC	IBI5_RC
I5H1_RC	I22M
I5H1_RC	I5H1
I5H1_RC	I9MS
I5H1_RC	I7LO_RC
I5H1_RC	IBI5
I5H1_RC	I6L_RC
I5H1_RC	I22M_RC
I5IT_RC	I5IT_RC
I5IT_RC	I5IT
I5JP_RC	I5JP_RC
I5JP_RC	I5JS_RC
I5JP_RC	I2P6
I5JP_RC	I62Y_RC
I5L1_RC	I5L1_RC
I5L1_RC	I5L1
I5LH_RC	I5LH_RC
I5LH_RC	I5LH
I5O5_RC	I5O5_RC
I5O5_RC	I5O5
I5OL_RC	I5OL_RC
I5OL_RC	I5OL
I5PH_RC	I5PH_RC
I5PH_RC	I5PH
I5PX_RC	I5PX_RC
I5PX_RC	I5PX
I5QD_RC	I5QD_RC
I5QD_RC	I5QD
I5R9_RC	I5R9_RC
I5R9_RC	I9V7_RC
I5R9_RC	I1T2
I5R9_RC	I3ZQ
I5R9_RC	I7CB
I5R9_RC	IBQK_RC
I5R9_RC	I5R9
I5R9_RC	I9V7
I5R9_RC	I1T2_RC
I5R9_RC	I3ZQ_RC
I5R9_RC	I7CB_RC
I5R9_RC	IBQK
I5S5_RC	I5S5_RC
I5S5_RC	I5S5
I5XH_RC	I5XH_RC
I5XH_RC	I5XH
I5YD_RC	I5YD_RC
I5YD_RC	IA2A_RC
I5YD_RC	I5YD
I5YD_RC	IA2A
I62T_RC	I62T_RC
I62T_RC	I95H_RC
I62T_RC	IMV
I62T_RC	I4ZS_RC
I62T_RC	IB1K_RC
I62T_RC	I2PB
I62T_RC	I95H
I62T_RC	I62T
I62T_RC	IMV_RC
I62T_RC	I4ZS
I62T_RC	IB1K
I62T_RC	I2PB_RC
I639_RC	I639_RC
I639_RC	I505_RC
I639_RC	I95Y_RC
I639_RC	IMG
I639_RC	IB20_RC
I639_RC	I2OV
I639_RC	I639
I639_RC	I505
I639_RC	I95Y
I639_RC	IB20
I639_RC	IMG_RC
I639_RC	I2OV_RC
I63P_RC	I63P_RC
I63P_RC	I50I_RC
I63P_RC	ILY
I63P_RC	I96E_RC
I63P_RC	IB2I_RC
I63P_RC	I2OF
I63P_RC	I63P
I63P_RC	I50I
I63P_RC	I96E
I63P_RC	ILY_RC
I63P_RC	IB2I
I63P_RC	I2OF_RC
I651_RC	I651_RC
I651_RC	I942
I651_RC	I4Y4
I651_RC	IOS_RC
I651_RC	I2SF_RC
I651_RC	IAZK
I651_RC	I651
I651_RC	I942_RC
I651_RC	IOS
I651_RC	I4Y4_RC
I651_RC	I2SF
I651_RC	IAZK_RC
I66T_RC	I66T_RC
I66T_RC	I92B
I66T_RC	IQL_RC
I66T_RC	I4WF
I66T_RC	IAXR
I66T_RC	I2U7_RC
I66T_RC	I66T
I66T_RC	I92B_RC
I66T_RC	IQL
I66T_RC	I2U7
I66T_RC	I4WF_RC
I66T_RC	IAXR_RC
I679_RC	I679_RC
I679_RC	I91V
I679_RC	IR1_RC
I679_RC	I4VZ
I679_RC	IAXB
I679_RC	I2UN_RC
I679_RC	I679
I679_RC	I91V_RC
I679_RC	IR1
I679_RC	I2UN
I679_RC	I4VZ_RC
I679_RC	IAXB_RC
I6DX_RC	I6DX_RC
I6DX_RC	IWN_RC
I6DX_RC	I319_RC
I6DX_RC	I8VH
I6DX_RC	IARI
I6DX_RC	I4PP
I6DX_RC	I6DX
I6DX_RC	IWN
I6DX_RC	I319
I6DX_RC	I8VH_RC
I6DX_RC	IARI_RC
I6DX_RC	I4PP_RC
I6ED_RC	I6ED_RC
I6ED_RC	IX2_RC
I6ED_RC	IAR1
I6ED_RC	I31P_RC
I6ED_RC	I4PB
I6ED_RC	I8V3
I6ED_RC	I6ED
I6ED_RC	IX2
I6ED_RC	I31P
I6ED_RC	IAR1_RC
I6ED_RC	I4PB_RC
I6ED_RC	I8V3_RC
I6ET_RC	I6ET_RC
I6ET_RC	I7WH
I6ET_RC	I2DE
I6ET_RC	I326_RC
I6ET_RC	I6ET
I6ET_RC	I7WH_RC
I6ET_RC	I2DE_RC
I6ET_RC	I326
I6G5_RC	I6G5_RC
I6G5_RC	IY1_RC
I6G5_RC	IAQ2
I6G5_RC	I8U4
I6G5_RC	I4OD
I6G5_RC	I33I_RC
I6G5_RC	I6G5
I6G5_RC	IY1
I6G5_RC	IAQ2_RC
I6G5_RC	I8U4_RC
I6G5_RC	I4OD_RC
I6G5_RC	I33I
I6GL_RC	I6GL_RC
I6GL_RC	IAPL
I6GL_RC	IYJ_RC
I6GL_RC	I4NW
I6GL_RC	I8TO
I6GL_RC	I33Y_RC
I6GL_RC	I6GL
I6GL_RC	IAPL_RC
I6GL_RC	IYJ
I6GL_RC	I4NW_RC
I6GL_RC	I8TO_RC
I6GL_RC	I33Y
I6H1_RC	I6H1_RC
I6H1_RC	I8T5
I6H1_RC	I34E_RC
I6H1_RC	I6H1
I6H1_RC	I8T5_RC
I6H1_RC	I34E
I6HH_RC	I6HH_RC
I6HH_RC	I4N5
I6HH_RC	IZA_RC
I6HH_RC	IAOT
I6HH_RC	I8SU
I6HH_RC	I34U_RC
I6HH_RC	I6HH
I6HH_RC	I4N5_RC
I6HH_RC	IZA
I6HH_RC	IAOT_RC
I6HH_RC	I34U
I6HH_RC	I8SU_RC
I6HX_RC	I6HX_RC
I6HX_RC	IAO9
I6HX_RC	IZV_RC
I6HX_RC	I8SC
I6HX_RC	I35A_RC
I6HX_RC	I4MO
I6HX_RC	I6HX
I6HX_RC	IAO9_RC
I6HX_RC	IZV
I6HX_RC	I8SC_RC
I6HX_RC	I35A
I6HX_RC	I4MO_RC
I6ID_RC	I6ID_RC
I6ID_RC	IANT
I6ID_RC	I10B_RC
I6ID_RC	I8RW
I6ID_RC	I35Q_RC
I6ID_RC	I4M8
I6ID_RC	I6ID
I6ID_RC	IANT_RC
I6ID_RC	I10B
I6ID_RC	I8RW_RC
I6ID_RC	I35Q
I6ID_RC	I4M8_RC
I6J9_RC	I6J9_RC
I6J9_RC	I4KX
I6J9_RC	I8R7
I6J9_RC	IAMW
I6J9_RC	I117_RC
I6J9_RC	I36M_RC
I6J9_RC	I8R7_RC
I6J9_RC	I4KX_RC
I6J9_RC	I6J9
I6J9_RC	IAMW_RC
I6J9_RC	I117
I6J9_RC	I36M
I6MD_RC	I6MD_RC
I6MD_RC	IAJN
I6MD_RC	I4HK
I6MD_RC	I14O_RC
I6MD_RC	I8NU
I6MD_RC	I39Q_RC
I6MD_RC	I6MD
I6MD_RC	IAJN_RC
I6MD_RC	I14O
I6MD_RC	I4HK_RC
I6MD_RC	I8NU_RC
I6MD_RC	I39Q
I6P1_RC	I6P1_RC
I6P1_RC	I8LH
I6P1_RC	I4F0
I6P1_RC	I3CE_RC
I6P1_RC	IAHC
I6P1_RC	I174_RC
I6P1_RC	I6P1
I6P1_RC	I8LH_RC
I6P1_RC	I4F0_RC
I6P1_RC	I3CE
I6P1_RC	I174
I6P1_RC	IAHC_RC
I6QD_RC	I6QD_RC
I6QD_RC	I4DT
I6QD_RC	I18E_RC
I6QD_RC	I3DQ_RC
I6QD_RC	IAG0
I6QD_RC	I6QD
I6QD_RC	I4DT_RC
I6QD_RC	I18E
I6QD_RC	I3DQ
I6QD_RC	IAG0_RC
I6QT_RC	I6QT_RC
I6QT_RC	I4DD
I6QT_RC	I8K6
I6QT_RC	I3E6_RC
I6QT_RC	IAFJ
I6QT_RC	I18V_RC
I6QT_RC	I6QT
I6QT_RC	I4DD_RC
I6QT_RC	I8K6_RC
I6QT_RC	I3E6
I6QT_RC	I18V
I6QT_RC	IAFJ_RC
I6S5_RC	I6S5_RC
I6S5_RC	I8HY
I6S5_RC	IAEH
I6S5_RC	I1A4_RC
I6S5_RC	I4BX
I6S5_RC	I3FI_RC
I6S5_RC	I6S5
I6S5_RC	I8HY_RC
I6S5_RC	IAEH_RC
I6S5_RC	I1A4
I6S5_RC	I4BX_RC
I6S5_RC	I3FI
I6SL_RC	I6SL_RC
I6SL_RC	I8HE
I6SL_RC	I4BD
I6SL_RC	I3FY_RC
I6SL_RC	I6SL
I6SL_RC	I8HE_RC
I6SL_RC	I4BD_RC
I6SL_RC	I3FY
I6TX_RC	I6TX_RC
I6TX_RC	IACN
I6TX_RC	I4A0
I6TX_RC	I1BY_RC
I6TX_RC	I3HA_RC
I6TX_RC	I8G0
I6TX_RC	I6TX
I6TX_RC	IACN_RC
I6TX_RC	I4A0_RC
I6TX_RC	I1BY
I6TX_RC	I3HA
I6TX_RC	I8G0_RC
I6V9_RC	I6V9_RC
I6V9_RC	I8F6
I6V9_RC	IABS
I6V9_RC	I499
I6V9_RC	I1CU_RC
I6V9_RC	I3I7_RC
I6V9_RC	I6V9
I6V9_RC	I8F6_RC
I6V9_RC	IABS_RC
I6V9_RC	I499_RC
I6V9_RC	I1CU
I6V9_RC	I3I7
I6YD_RC	I6YD_RC
I6YD_RC	I8C1
I6YD_RC	IA8I
I6YD_RC	I1G3_RC
I6YD_RC	I45Z
I6YD_RC	I3LB_RC
I6YD_RC	I6YD
I6YD_RC	I8C1_RC
I6YD_RC	IA8I_RC
I6YD_RC	I1G3
I6YD_RC	I45Z_RC
I6YD_RC	I3LB
I72D_RC	I72D_RC
I72D_RC	I3PD_RC
I72D_RC	I72D
I72D_RC	I3PD
I73P_RC	I73P_RC
I73P_RC	I3QP_RC
I73P_RC	I73P
I73P_RC	I3QP
I79H_RC	I79H_RC
I79H_RC	IBTD
I79H_RC	I1Q9_RC
I79H_RC	I5TV
I79H_RC	I9XV
I79H_RC	I3WW_RC
I79H_RC	I79H
I79H_RC	I1Q9
I79H_RC	IBTD_RC
I79H_RC	I5TV_RC
I79H_RC	I9XV_RC
I79H_RC	I3WW
I7DH_RC	I7DH_RC
I7DH_RC	I1UE_RC
I7DH_RC	I9U1
I7DH_RC	I5OE
I7DH_RC	IBOW
I7DH_RC	I40W_RC
I7DH_RC	I7DH
I7DH_RC	I1UE
I7DH_RC	I9U1_RC
I7DH_RC	I5OE_RC
I7DH_RC	I40W
I7DH_RC	IBOW_RC
I7ET_RC	I7ET_RC
I7ET_RC	IBNQ
I7ET_RC	I1VR_RC
I7ET_RC	I9_RC
I7ET_RC	I9SR
I7ET_RC	I5N0
I7ET_RC	I7ET
I7ET_RC	IBNQ_RC
I7ET_RC	I1VR
I7ET_RC	I9
I7ET_RC	I9SR_RC
I7ET_RC	I5N0_RC
I7FP_RC	I7FP_RC
I7FP_RC	IBMT
I7FP_RC	I1WN_RC
I7FP_RC	I5M1
I7FP_RC	I9RT
I7FP_RC	I15_RC
I7FP_RC	I7FP
I7FP_RC	IBMT_RC
I7FP_RC	I1WN
I7FP_RC	I15
I7FP_RC	I5M1_RC
I7FP_RC	I9RT_RC
I7HX_RC	I7HX_RC
I7HX_RC	I9PJ
I7HX_RC	I1YV_RC
I7HX_RC	I7HX
I7HX_RC	I1YV
I7HX_RC	I9PJ_RC
I7JP_RC	I7JP_RC
I7JP_RC	I20N_RC
I7JP_RC	I5IL
I7JP_RC	I7JP
I7JP_RC	I20N
I7JP_RC	I5IL_RC
I7Z9_RC	I7Z9_RC
I7Z9_RC	I575
I7Z9_RC	I2G6_RC
I7Z9_RC	IFX_RC
I7Z9_RC	IB8E
I7Z9_RC	I9CW
I7Z9_RC	I7Z9
I7Z9_RC	I575_RC
I7Z9_RC	I2G6
I7Z9_RC	IFX
I7Z9_RC	IB8E_RC
I7Z9_RC	I9CW_RC
I84L_RC	I84L_RC
I84L_RC	I2LH_RC
I84L_RC	I84L
I84L_RC	I2LH
I6FQ_RC	I6FQ_RC
I6FQ_RC	IAQH
I6FQ_RC	IXM_RC
I6FQ_RC	I4OR
I6FQ_RC	I8UJ
I6FQ_RC	I333_RC
I6FQ_RC	I6FQ
I6FQ_RC	IAQH_RC
I6FQ_RC	IXM
I6FQ_RC	I4OR_RC
I6FQ_RC	I8UJ_RC
I6FQ_RC	I333
I6GM_RC	I6GM_RC
I6GM_RC	IAPK
I6GM_RC	I4NV
I6GM_RC	I8TN
I6GM_RC	IYK_RC
I6GM_RC	I33Z_RC
I6GM_RC	I6GM
I6GM_RC	IAPK_RC
I6GM_RC	I4NV_RC
I6GM_RC	I8TN_RC
I6GM_RC	IYK
I6GM_RC	I33Z
I6HI_RC	I6HI_RC
I6HI_RC	IZB_RC
I6HI_RC	I8ST
I6HI_RC	I34V_RC
I6HI_RC	I4N4
I6HI_RC	I6HI
I6HI_RC	IZB
I6HI_RC	I8ST_RC
I6HI_RC	I34V
I6HI_RC	I4N4_RC
I6HY_RC	I6HY_RC
I6HY_RC	IAO8
I6HY_RC	I8SB
I6HY_RC	IZW_RC
I6HY_RC	I4MN
I6HY_RC	I35B_RC
I6HY_RC	I6HY
I6HY_RC	IAO8_RC
I6HY_RC	I8SB_RC
I6HY_RC	IZW
I6HY_RC	I35B
I6HY_RC	I4MN_RC
I6IE_RC	I6IE_RC
I6IE_RC	IANS
I6IE_RC	I8RV
I6IE_RC	I10C_RC
I6IE_RC	I4M7
I6IE_RC	I35R_RC
I6IE_RC	I6IE
I6IE_RC	IANS_RC
I6IE_RC	I8RV_RC
I6IE_RC	I10C
I6IE_RC	I35R
I6IE_RC	I4M7_RC
I6JA_RC	I6JA_RC
I6JA_RC	I8R6
I6JA_RC	IAMV
I6JA_RC	I118_RC
I6JA_RC	I36N_RC
I6JA_RC	I4KW
I6JA_RC	I6JA
I6JA_RC	I8R6_RC
I6JA_RC	IAMV_RC
I6JA_RC	I118
I6JA_RC	I36N
I6JA_RC	I4KW_RC
I6ME_RC	I6ME_RC
I6ME_RC	IAJM
I6ME_RC	I8NT
I6ME_RC	I14P_RC
I6ME_RC	I39R_RC
I6ME_RC	I4HJ_RC
I6ME_RC	IAJL_RC
I6ME_RC	IAJM_RC
I6ME_RC	I6ME
I6ME_RC	I8NS_RC
I6ME_RC	I14P
I6ME_RC	I8NT_RC
I6ME_RC	I39R
I6ME_RC	I14Q
I6ME_RC	I14Q_RC
I6ME_RC	IAJL
I6ME_RC	I4HJ
I6ME_RC	I8NS
I6NQ_RC	I6NQ_RC
I6NQ_RC	I3B3_RC
I6NQ_RC	I15U_RC
I6NQ_RC	I8MP
I6NQ_RC	I4GB
I6NQ_RC	IAIM
I6NQ_RC	I6NQ
I6NQ_RC	I3B3
I6NQ_RC	I15U
I6NQ_RC	I8MP_RC
I6NQ_RC	I4GB_RC
I6NQ_RC	IAIM_RC
I6O6_RC	I6O6_RC
I6O6_RC	I8MB
I6O6_RC	I4FX
I6O6_RC	I3BJ_RC
I6O6_RC	IAI8
I6O6_RC	I168_RC
I6O6_RC	I6O6
I6O6_RC	I8MB_RC
I6O6_RC	I4FX_RC
I6O6_RC	I3BJ
I6O6_RC	I168
I6O6_RC	IAI8_RC
I6QE_RC	I6QE_RC
I6QE_RC	IAFZ
I6QE_RC	I18F_RC
I6QE_RC	I3DR_RC
I6QE_RC	I4DS
I6QE_RC	I6QE
I6QE_RC	I18F
I6QE_RC	I3DR
I6QE_RC	IAFZ_RC
I6QE_RC	I4DS_RC
I6RA_RC	I6RA_RC
I6RA_RC	I8JM
I6RA_RC	I4CT
I6RA_RC	IAF2
I6RA_RC	I3EN_RC
I6RA_RC	I19C_RC
I6RA_RC	I6RA
I6RA_RC	I8JM_RC
I6RA_RC	I4CT_RC
I6RA_RC	IAF2_RC
I6RA_RC	I3EN
I6RA_RC	I19C
I6S6_RC	I6S6_RC
I6S6_RC	I8HX
I6S6_RC	IAEG
I6S6_RC	I4BW
I6S6_RC	I1A5_RC
I6S6_RC	I3FJ_RC
I6S6_RC	I6S6
I6S6_RC	I8HX_RC
I6S6_RC	IAEG_RC
I6S6_RC	I4BW_RC
I6S6_RC	I1A5
I6S6_RC	I3FJ
I6TI_RC	I6TI_RC
I6TI_RC	I8GH
I6TI_RC	I4AD
I6TI_RC	IAD2
I6TI_RC	I1BJ_RC
I6TI_RC	I3GV_RC
I6TI_RC	I6TI
I6TI_RC	I8GH_RC
I6TI_RC	I4AD_RC
I6TI_RC	IAD2_RC
I6TI_RC	I1BJ
I6TI_RC	I3GV
I6UE_RC	I6UE_RC
I6UE_RC	I6UE
I6UU_RC	I6UU_RC
I6UU_RC	I8FL
I6UU_RC	IAC7
I6UU_RC	I49O
I6UU_RC	I1CF_RC
I6UU_RC	I3HS_RC
I6UU_RC	I6UU
I6UU_RC	I8FL_RC
I6UU_RC	IAC7_RC
I6UU_RC	I49O_RC
I6UU_RC	I1CF
I6UU_RC	I3HS
I72E_RC	I72E_RC
I72E_RC	I3PE_RC
I72E_RC	I72E
I72E_RC	I3PE
I73Q_RC	I73Q_RC
I73Q_RC	I3QQ_RC
I73Q_RC	IA3O
I73Q_RC	I73Q
I73Q_RC	I3QQ
I73Q_RC	IA3O_RC
I79I_RC	I79I_RC
I79I_RC	I3WX_RC
I79I_RC	I79I
I79I_RC	I3WX
I7CM_RC	I7CM_RC
I7CM_RC	I401_RC
I7CM_RC	I7CM
I7CM_RC	I401
I7HY_RC	I7HY_RC
I7HY_RC	I9PI
I7HY_RC	I1YW_RC
I7HY_RC	I7HY
I7HY_RC	I9PI_RC
I7HY_RC	I1YW
I7IU_RC	I7IU_RC
I7IU_RC	I1ZS_RC
I7IU_RC	I7IU
I7IU_RC	I1ZS
I7MU_RC	I7MU_RC
I7MU_RC	I9LK
I7MU_RC	I23S_RC
I7MU_RC	I7MU
I7MU_RC	I23S
I7MU_RC	I9LK_RC
I7NA_RC	I7NA_RC
I7NA_RC	I84_RC
I7NA_RC	IBGM
I7NA_RC	I248_RC
I7NA_RC	I9L7
I7NA_RC	I5FH
I7NA_RC	I7NA
I7NA_RC	I84
I7NA_RC	IBGM_RC
I7NA_RC	I248
I7NA_RC	I9L7_RC
I7NA_RC	I5FH_RC
I2IG	I2IG
I2IG	I81J
I2IG	I81J_RC
I2IG	I2IG_RC
I2EJ	I2EJ
I2EJ	I7XM
I2EJ	I7XM_RC
I2EJ	I2EJ_RC
I2NF	I2NF
I2NF	I2DV_RC
I2NF	I6F9
I2NF	I2RE_RC
I2NF	I60R
I2NF	I86J
I2NF	I32M
ILP_RC	ILP_RC
ILP_RC	ILP
IZH_RC	IZH_RC
IZH_RC	IAON
IZH_RC	IZH
IZH_RC	IAON_RC
I10T_RC	I10T_RC
I10T_RC	I4H3
I10T_RC	IB6W_RC
I10T_RC	I10T
I10T_RC	I4H3_RC
I10T_RC	IB6W
I125_RC	I125_RC
I125_RC	I125
I14T_RC	I14T_RC
I14T_RC	I14T
I19P_RC	I19P_RC
I19P_RC	IAEP
I19P_RC	I4CG
I19P_RC	I19P
I19P_RC	IAEP_RC
I19P_RC	I4CG_RC
I1IL_RC	I1IL_RC
I1IL_RC	I89F
I1IL_RC	IA5X
I1IL_RC	I1IL
I1IL_RC	I89F_RC
I1IL_RC	IA5X_RC
I1UL_RC	I1UL_RC
I1UL_RC	I1UL
I1Z1_RC	I1Z1_RC
I1Z1_RC	I7I3_RC
I1Z1_RC	I1Z1
I1Z1_RC	I7I3
I22L_RC	I22L_RC
I22L_RC	I9MT
I22L_RC	I5H2
I22L_RC	I7LN_RC
I22L_RC	I22L
I22L_RC	I9MT_RC
I22L_RC	I5H2_RC
I22L_RC	I7LN
I28T_RC	I28T_RC
I28T_RC	ICK_RC
I28T_RC	I5BW
I28T_RC	IBCC
I28T_RC	I7RW_RC
I28T_RC	I9GM
I28T_RC	I7RW
I28T_RC	ICK
I28T_RC	I5BW_RC
I28T_RC	IBCC_RC
I28T_RC	I28T
I28T_RC	I9GM_RC
I29P_RC	I29P_RC
I29P_RC	I7SS_RC
I29P_RC	I29P
I29P_RC	I7SS
I2B1_RC	I2B1_RC
I2B1_RC	I7U4_RC
I2B1_RC	I2B1
I2B1_RC	I7U4
I2CT_RC	I2CT_RC
I2CT_RC	I7VW_RC
I2CT_RC	I2CT
I2CT_RC	I7VW
I2DP_RC	I2DP_RC
I2DP_RC	I7WS_RC
I2DP_RC	I2DP
I2DP_RC	I7WS
I2EL_RC	I2EL_RC
I2EL_RC	I7XO_RC
I2EL_RC	I2EL
I2EL_RC	I7XO
I2F1_RC	I2F1_RC
I2F1_RC	I7Y4_RC
I2F1_RC	I2F1
I2F1_RC	I7Y4
I2FH_RC	I2FH_RC
I2FH_RC	I7YK_RC
I2FH_RC	I2FH
I2FH_RC	I7YK
I2HP_RC	I2HP_RC
I2HP_RC	I80S_RC
I2HP_RC	I2HP
I2HP_RC	I80S
I2I5_RC	I2I5_RC
I2I5_RC	I818_RC
I2I5_RC	I2I5
I2I5_RC	I818
I2IL_RC	I2IL_RC
I2IL_RC	I81O_RC
I2IL_RC	I55R
I2IL_RC	I2IL
I2IL_RC	I81O
I2IL_RC	I55R_RC
I2KT_RC	I2KT_RC
I2KT_RC	I83W_RC
I2KT_RC	I2KT
I2KT_RC	I83W
I2RH_RC	I2RH_RC
I2RH_RC	I52U_RC
I2RH_RC	I60O
I2RH_RC	I2RH
I2RH_RC	I52U
I2RH_RC	I60O_RC
I2SD_RC	I2SD_RC
I2SD_RC	I64Z_RC
I2SD_RC	I2SD
I2SD_RC	I64Z
I2XP_RC	I2XP_RC
I2XP_RC	I6AC_RC
I2XP_RC	I2XP
I2XP_RC	I6AC
I40M	I40M
I40M	I9UA_RC
I40M	IBP1_RC
I40M	I7D7
I40M	I1U8
I40M	IBP1
I40M	I9UA
I40M	I40M_RC
I40M	I7D7_RC
I40M	I1U8_RC
I452	I452
I452	I8B6
I452	I452_RC
I452	I8B6_RC
I452	I6ZC
I452	I3MA
I452	I6ZC_RC
I452	I3MA_RC
I452	IA7F
I452	I1H2_RC
I452	IA7F_RC
I452	I1H2
I49Y	I49Y
I49Y	I3HD_RC
I49Y	IACL
I49Y	I6TZ_RC
I49Y	I6U0_RC
I49Y	I8FX
I49Y	I8FY
I49Y	I1C0_RC
I49Y	I3HC_RC
I49Y	I49Y_RC
I49Y	I3HD
I49Y	IACL_RC
I49Y	I6TZ
I49Y	I6U0
I49Y	I8FX_RC
I49Y	I8FY_RC
I49Y	I1C0
I49Y	I3HC
I4W6	I4W6
I4W6	IAXI
I4W6	IQU_RC
I4W6	I2UG_RC
I4W6	I922
I4W6	I672_RC
I4W6	IQU
I4W6	I4W6_RC
I4W6	IAXI_RC
I4W6	I2UG
I4W6	I922_RC
I4W6	I672
I5BQ	I5BQ
I5BQ	IN0
I5BQ	IB1F_RC
I5BQ	I4ZP_RC
I5BQ	I2PI
I5BQ	I62M_RC
I5BQ	I95B_RC
I5XI	I5XI
I62U	I62U
I62U	I95I
I62U	IMU_RC
I62U	I4ZT
I62U	IB1L
I62U	I2PA_RC
I62U	IMU
I62U	I62U_RC
I62U	I95I_RC
I62U	I4ZT_RC
I62U	IB1L_RC
I62U	I2PA
I71Y	I71Y
I71Y	I3OY
I71Y	I87M
I71Y	I9PG
I71Y	I8YM
I71Y	I87M_RC
I71Y	I9PG_RC
I71Y	I8YM_RC
I71Y	I71Y_RC
I71Y	I3OY_RC
I71Y	I9A8_RC
I71Y	I6RZ
I71Y	I3FC
I71Y	I6RZ_RC
I71Y	I3FC_RC
I71Y	I9A8
I7O6	I7O6
I7O6	I9G
I7O6	I9JP_RC
I7O6	I253
I7O6	IBFG_RC
I7O6	I5EO_RC
I7O6	I9G_RC
I7O6	I9JP
I7O6	I7O6_RC
I7O6	I253_RC
I7O6	IBFG
I7O6	I5EO
I8ZA	I8ZA
I8ZA	I69Y_RC
I8ZA	I4TJ
I8ZA	ITP_RC
I8ZA	IAUN
I8ZA	I2XB_RC
I8ZA	I69Y
I8ZA	I8ZA_RC
I8ZA	I4TJ_RC
I8ZA	ITP
I8ZA	I2XB
I8ZA	IAUN_RC
I8ZQ	I8ZQ
I8ZQ	I69I_RC
I8ZQ	I4TZ
I8ZQ	IT8_RC
I8ZQ	I2WV_RC
I8ZQ	IAV4
I8ZQ	I69I
I8ZQ	I8ZQ_RC
I8ZQ	I4TZ_RC
I8ZQ	IT8
I8ZQ	I2WV
I8ZQ	IAV4_RC
I906	I906
I906	I692_RC
I906	I4UF
I906	ISS_RC
I906	IAVK
I906	I2WG_RC
I906	I692
I906	I906_RC
I906	I4UF_RC
I906	ISS
I906	I2WG
I906	IAVK_RC
IA46	IA46
IA46	I1K6_RC
IA46	I423
IA46	I874
IA46	I1K6
IA46	IA46_RC
IA46	I423_RC
IA46	I874_RC
IACM	IACM
IACM	I6TY_RC
IACM	I49Z
IACM	I8FZ
IACM	I1BZ_RC
IACM	I3HB_RC
IACM	I6TY
IACM	IACM_RC
IACM	I49Z_RC
IACM	I1BZ
IACM	I3HB
IACM	I8FZ_RC
IAIU	IAIU
IAIU	I4GJ
IAIU	I3AU_RC
IAIU	I8MX
IAIU	I15L_RC
IAIU	I6NH_RC
IAIU	I3AU
IAIU	I4GJ_RC
IAIU	IAIU_RC
IAIU	I15L
IAIU	I8MX_RC
IAIU	I6NH
IAUU	IAUU
IAUU	ITI_RC
IAUU	I2X4_RC
IAUU	I8ZG
IAUU	I4TP
IAUU	I69R_RC
IAUU	ITI
IAUU	IAUU_RC
IAUU	I2X4
IAUU	I8ZG_RC
IAUU	I4TP_RC
IAUU	I69R
IAVA	IAVA
IAVA	IT2_RC
IAVA	I2WQ_RC
IAVA	I8ZW
IAVA	I4U5
IAVA	I69C_RC
IAVA	IT2
IAVA	IAVA_RC
IAVA	I2WQ
IAVA	I8ZW_RC
IAVA	I4U5_RC
IAVA	I69C
IAW6	IAW6
IAW6	IS6_RC
IAW6	I4UX
IAW6	I2VU_RC
IAW6	I90S
IAW6	I68G_RC
IAW6	IS6
IAW6	IAW6_RC
IAW6	I4UX_RC
IAW6	I2VU
IAW6	I90S_RC
IAW6	I68G
IAWM	IAWM
IAWM	IRQ_RC
IAWM	I2VB_RC
IAWM	I4VD
IAWM	I918
IAWM	I67X_RC
IAWM	IRQ
IAWM	IAWM_RC
IAWM	I2VB
IAWM	I4VD_RC
IAWM	I918_RC
IAWM	I67X
IAX2	IAX2
IAX2	IRA_RC
IAX2	I4VR
IAX2	I2UV_RC
IAX2	I91N
IAX2	I67H_RC
IAX2	IRA
IAX2	IAX2_RC
IAX2	I2UV
IAX2	I4VR_RC
IAX2	I91N_RC
IAX2	I67H
IAXY	IAXY
IAXY	I4WM
IAXY	IQE_RC
IAXY	I2U0_RC
IAXY	I92I
IAXY	I66M_RC
IAXY	IQE
IAXY	I4WM_RC
IAXY	IAXY_RC
IAXY	I2U0
IAXY	I92I_RC
IAXY	I66M
IAYU	IAYU
IAYU	I4XG
IAYU	IPI_RC
IAYU	I2T4_RC
IAYU	I93E
IAYU	I65Q_RC
IAYU	IPI
IAYU	I4XG_RC
IAYU	IAYU_RC
IAYU	I2T4
IAYU	I93E_RC
IAYU	I65Q
IAZA	IAZA
IAZA	I4XU
IAZA	IP2_RC
IAZA	I93S
IAZA	I2SP_RC
IAZA	I65B_RC
IAZA	IP2
IAZA	I4XU_RC
IAZA	IAZA_RC
IAZA	I93S_RC
IAZA	I2SP
IAZA	I65B
I8EF_RC	I8EF_RC
I8EF_RC	I48J_RC
I8EF_RC	I3IY
I8EF_RC	IAAY_RC
I8EF_RC	I1DO
I8EF_RC	I6W0
I8EF_RC	I8EF
I8EF_RC	I48J
I8EF_RC	IAAY
I8EF_RC	I3IY_RC
I8EF_RC	I1DO_RC
I8EF_RC	I6W0_RC
I8IF_RC	I8IF_RC
I8IF_RC	I8IF
I8L3_RC	I8L3_RC
I8MV_RC	I8MV_RC
I8MV_RC	I4GH_RC
I8MV_RC	I3AW
I8MV_RC	I6NJ
I8MV_RC	IAIS_RC
I8MV_RC	I3AX
I8MV_RC	I15N
I8MV_RC	I15O
I8MV_RC	I6NK
I8MV_RC	I8MV
I8MV_RC	I4GH
I8MV_RC	IAIS
I8MV_RC	I3AW_RC
I8MV_RC	I3AX_RC
I8MV_RC	I15N_RC
I8MV_RC	I15O_RC
I8MV_RC	I6NJ_RC
I8MV_RC	I6NK_RC
I8NR_RC	I8NR_RC
I8NR_RC	I8NR
I8RR_RC	I8RR_RC
I8RR_RC	I8RR
I8W7_RC	I8W7_RC
I8W7_RC	I30K
I8W7_RC	IVU
I8W7_RC	IVV
I8W7_RC	I4QJ_RC
I8W7_RC	IASB_RC
I8W7_RC	I6D8
I8W7_RC	I4QI_RC
I8W7_RC	I30K_RC
I8W7_RC	IVU_RC
I8W7_RC	I4QJ
I8W7_RC	IASB
I8W7_RC	IVV_RC
I8W7_RC	I6D8_RC
I8W7_RC	I8W7
I8W7_RC	I4QI
I8WN_RC	I8WN_RC
I8WN_RC	I4LM_RC
I8WN_RC	I8WN
I8WN_RC	I4LM
I97B_RC	I97B_RC
I97B_RC	I97B
I99Z_RC	I99Z_RC
I99Z_RC	I99Z
I9AF_RC	I9AF_RC
I9AF_RC	I9AF
I9CN_RC	I9CN_RC
I9CN_RC	IB85_RC
I9CN_RC	IG6
I9CN_RC	I56W_RC
I9CN_RC	I7ZI
I9CN_RC	I2GF
I9CN_RC	I9CN
I9CN_RC	IB85
I9CN_RC	IG6_RC
I9CN_RC	I56W
I9CN_RC	I7ZI_RC
I9CN_RC	I2GF_RC
I9EV_RC	I9EV_RC
I9EV_RC	I9EV
I9FB_RC	I9FB_RC
I9FB_RC	I7T9
I9FB_RC	I5A4_RC
I9FB_RC	IBAL_RC
I9FB_RC	I2A6
I9FB_RC	IDR
I9FB_RC	I9FB
I9FB_RC	IBAL
I9FB_RC	I5A4
I9FB_RC	I7T9_RC
I9FB_RC	I2A6_RC
I9FB_RC	IDR_RC
I9MF_RC	I9MF_RC
I9MF_RC	I5GO_RC
I9MF_RC	I7M1
I9MF_RC	I6Y
I9MF_RC	I22Z
I9MF_RC	IBHS_RC
I9MF_RC	I9MF
I9MF_RC	I5GO
I9MF_RC	I7M1_RC
I9MF_RC	I6Y_RC
I9MF_RC	I22Z_RC
I9MF_RC	IBHS
I287_RC	I287_RC
I287_RC	I7RA_RC
I287_RC	I287
I287_RC	I7RA
I2BR_RC	I2BR_RC
I2BR_RC	I7UU_RC
I2BR_RC	I2BR
I2BR_RC	I7UU
I2DJ_RC	I2DJ_RC
I2DJ_RC	I7WM_RC
I2DJ_RC	I2DJ
I2DJ_RC	I7WM
I2EF_RC	I2EF_RC
I2EF_RC	I7XI_RC
I2EF_RC	I2EF
I2EF_RC	I7XI
I2EV_RC	I2EV_RC
I2EV_RC	I7XY_RC
I2EV_RC	I2EV
I2EV_RC	I7XY
I2FB_RC	I2FB_RC
I2FB_RC	I7YE_RC
I2FB_RC	I2FB
I2FB_RC	I7YE
I2IF_RC	I2IF_RC
I2IF_RC	I81I_RC
I2IF_RC	I2IF
I2IF_RC	I81I
I2MV_RC	I2MV_RC
I2MV_RC	IKM_RC
I2MV_RC	I97R
I2MV_RC	I85Z_RC
I2MV_RC	I515
I2MV_RC	IB3K
I2MV_RC	I2MV
I2MV_RC	IKM
I2MV_RC	I85Z
I2MV_RC	I97R_RC
I2MV_RC	I515_RC
I2MV_RC	IB3K_RC
I2NB_RC	I2NB_RC
I2NB_RC	I86F_RC
I2NB_RC	I97C
I2NB_RC	I2NB
I2NB_RC	I86F
I2NB_RC	I97C_RC
I2NR_RC	I2NR_RC
I2NR_RC	I7VC_RC
I2NR_RC	I2C9_RC
I2NR_RC	I64D
I2NR_RC	I2NR
I2NR_RC	I7VC
I2NR_RC	I2C9
I2NR_RC	I64D_RC
I2O7_RC	I2O7_RC
I2O7_RC	IB2P
I2O7_RC	I50N
I2O7_RC	I96K
I2O7_RC	I63X
I2O7_RC	ILR_RC
I2O7_RC	I2O7
I2O7_RC	IB2P_RC
I2O7_RC	I50N_RC
I2O7_RC	I96K_RC
I2O7_RC	I63X_RC
I2O7_RC	ILR
I2QV_RC	I2QV_RC
I2QV_RC	I648_RC
I2QV_RC	I2NW
I2QV_RC	I619
I2QV_RC	I2QV
I2QV_RC	I648
I2QV_RC	I2NW_RC
I2QV_RC	I619_RC
I2VR_RC	I2VR_RC
I2VR_RC	I4V0
I2VR_RC	I68D_RC
I2VR_RC	I90V
I2VR_RC	I2VR
I2VR_RC	I4V0_RC
I2VR_RC	I68D
I2VR_RC	I90V_RC
I2YF_RC	I2YF_RC
I2YF_RC	I8YC
I2YF_RC	IUI_RC
I2YF_RC	I4SR
I2YF_RC	IATN
I2YF_RC	I6B2_RC
I2YF_RC	I2YF
I2YF_RC	I8YC_RC
I2YF_RC	IUI
I2YF_RC	I4SR_RC
I2YF_RC	IATN_RC
I2YF_RC	I6B2
I2YV_RC	I2YV_RC
I2YV_RC	IUX_RC
I2YV_RC	I4SC
I2YV_RC	IAT8
I2YV_RC	I6BI_RC
I2YV_RC	I8XZ
I2YV_RC	I4SB
I2YV_RC	I2YV
I2YV_RC	IUX
I2YV_RC	I4SC_RC
I2YV_RC	IAT8_RC
I2YV_RC	I6BI
I2YV_RC	I8XZ_RC
I2YV_RC	I4SB_RC
I30N_RC	I30N_RC
I30N_RC	I8W4
I30N_RC	I4QF
I30N_RC	IAS8
I30N_RC	IVY_RC
I30N_RC	I6DB_RC
I30N_RC	I8W4_RC
I30N_RC	I30N
I30N_RC	I4QF_RC
I30N_RC	IAS8_RC
I30N_RC	IVY
I30N_RC	I6DB
I313_RC	I313_RC
I313_RC	I4PX
I313_RC	I8VQ
I313_RC	IARQ
I313_RC	IWD_RC
I313_RC	I6DR_RC
I313_RC	I313
I313_RC	I4PX_RC
I313_RC	I8VQ_RC
I313_RC	IARQ_RC
I313_RC	IWD
I313_RC	I6DR
I347_RC	I347_RC
I347_RC	I4NM
I347_RC	I8TE
I347_RC	IYT_RC
I347_RC	IAPA
I347_RC	I6GU_RC
I347_RC	I347
I347_RC	I4NM_RC
I347_RC	I8TE_RC
I347_RC	IYT
I347_RC	I6GU
I347_RC	IAPA_RC
I3BB_RC	I3BB_RC
I3BB_RC	I4G5
I3BB_RC	IAIG
I3BB_RC	I160_RC
I3BB_RC	I8MJ
I3BB_RC	I6NY_RC
I3BB_RC	I3BB
I3BB_RC	I4G5_RC
I3BB_RC	I160
I3BB_RC	IAIG_RC
I3BB_RC	I8MJ_RC
I3BB_RC	I6NY
I3G7_RC	I3G7_RC
I3G7_RC	I8H4
I3G7_RC	I4B1
I3G7_RC	I6SU_RC
I3G7_RC	I1AV_RC
I3G7_RC	IADQ
I3G7_RC	I3G7
I3G7_RC	I8H4_RC
I3G7_RC	I4B1_RC
I3G7_RC	I6SU
I3G7_RC	I1AV
I3G7_RC	IADQ_RC
I7GP_RC	I7GP_RC
I7GP_RC	IBLT
I7GP_RC	I9QQ
I7GP_RC	I5KZ
I7GP_RC	I1XN_RC
I7GP_RC	I25_RC
I7GP_RC	IBLT_RC
I7GP_RC	I9QQ_RC
I7GP_RC	I5KZ_RC
I7GP_RC	I7GP
I7GP_RC	I1XN
I7GP_RC	I25
I7K9_RC	I7K9_RC
I7K9_RC	IBJF
I7K9_RC	I217_RC
I7K9_RC	I58_RC
I7K9_RC	I7K9
I7K9_RC	I217
I7K9_RC	IBJF_RC
I7K9_RC	I58
I7KP_RC	I7KP_RC
I7KP_RC	I5HW
I7KP_RC	I9NP
I7KP_RC	I21N_RC
I7KP_RC	IBJ0
I7KP_RC	I5P_RC
I7KP_RC	I7KP
I7KP_RC	I5HW_RC
I7KP_RC	I9NP_RC
I7KP_RC	I21N
I7KP_RC	IBJ0_RC
I7KP_RC	I5P
I7QH_RC	I7QH_RC
I7QH_RC	I9HF
I7QH_RC	IBR_RC
I7QH_RC	I5CP
I7QH_RC	IBD5
I7QH_RC	I27E_RC
I7QH_RC	I7QH
I7QH_RC	I9HF_RC
I7QH_RC	IBR
I7QH_RC	I5CP_RC
I7QH_RC	IBD5_RC
I7QH_RC	I27E
I7S9_RC	I7S9_RC
I7S9_RC	I5BL
I7S9_RC	I9G9
I7S9_RC	I296_RC
I7S9_RC	IBC0
I7S9_RC	ICW_RC
I7S9_RC	I7S9
I7S9_RC	I5BL_RC
I7S9_RC	I9G9_RC
I7S9_RC	I296
I7S9_RC	ICW
I7S9_RC	IBC0_RC
I7TL_RC	I7TL_RC
I7TL_RC	I59T
I7TL_RC	I2AI_RC
I7TL_RC	IE4_RC
I7TL_RC	I9EL
I7TL_RC	IBA8
I7TL_RC	I7TL
I7TL_RC	I59T_RC
I7TL_RC	I2AI
I7TL_RC	IE4
I7TL_RC	I9EL_RC
I7TL_RC	IBA8_RC
I7U1_RC	I7U1_RC
I7U1_RC	I59E
I7U1_RC	I2AY_RC
I7U1_RC	IEK_RC
I7U1_RC	I9E6
I7U1_RC	IB9R
I7U1_RC	I7U1
I7U1_RC	I59E_RC
I7U1_RC	I2AY
I7U1_RC	IEK
I7U1_RC	I9E6_RC
I7U1_RC	IB9R_RC
I7UH_RC	I7UH_RC
I7UH_RC	I590
I7UH_RC	I2BE_RC
I7UH_RC	IEZ_RC
I7UH_RC	I9DQ
I7UH_RC	IB9C
I7UH_RC	I7UH
I7UH_RC	I590_RC
I7UH_RC	I2BE
I7UH_RC	IEZ
I7UH_RC	I9DQ_RC
I7UH_RC	IB9C_RC
I7X5_RC	I7X5_RC
I7X5_RC	I2E2_RC
I7X5_RC	I7X5
I7X5_RC	I2E2
I84P_RC	I84P_RC
I84P_RC	I2LL_RC
I84P_RC	I2LL
I84P_RC	I84P
I86H_RC	I86H_RC
I86H_RC	I2ND_RC
I86H_RC	I86H
I86H_RC	I2ND
I87T_RC	I87T_RC
I87T_RC	I72P
I87T_RC	IA4M_RC
I87T_RC	I1JR
I87T_RC	I42G_RC
I87T_RC	I3PP
I87T_RC	I87T
I87T_RC	I72P_RC
I87T_RC	IA4M
I87T_RC	I1JR_RC
I87T_RC	I42G
I87T_RC	I3PP_RC
I889_RC	I889_RC
I889_RC	I889
I895_RC	I895_RC
I895_RC	I895
I8CP_RC	I8CP_RC
I8CP_RC	I3QA
I8CP_RC	IA42_RC
I8CP_RC	I73A
I8CP_RC	I420_RC
I8CP_RC	I1K9
I8CP_RC	I871_RC
I8CP_RC	IA96_RC
I8CP_RC	I1FE
I8CP_RC	I6XO
I8CP_RC	I46Q_RC
I8CP_RC	I3KM
I8CP_RC	I8CP
I8CP_RC	I1FE_RC
I8CP_RC	IA96
I8CP_RC	I6XO_RC
I8CP_RC	I46Q
I8CP_RC	I3KM_RC
I8I1_RC	I8I1_RC
I8I1_RC	I6SX_RC
I8I1_RC	I4AY
I8I1_RC	I1AY_RC
I8I1_RC	I3GA_RC
I8I1_RC	IADN
I8I1_RC	IAB
I8I1_RC	I7P3
I8I1_RC	I260
I8I1_RC	I9IW_RC
I8I1_RC	IBEJ_RC
I8ND_RC	I8ND_RC
I8ND_RC	I3AD
I8ND_RC	I4H0_RC
I8ND_RC	IAJ8_RC
I8ND_RC	I157
I8ND_RC	I6N0
I8ND_RC	I4H0
I8ND_RC	IAJ8
I8ND_RC	I3AD_RC
I8ND_RC	I8ND
I8ND_RC	I157_RC
I8ND_RC	I6N0_RC
I8RT_RC	I8RT_RC
I8RT_RC	I8RT
I8RT_RC	I37L_RC
I8RT_RC	I6K8_RC
I8RT_RC	I4JW
I8RT_RC	I8Q4
I8RT_RC	IW7_RC
I8RT_RC	I6DK_RC
I8RT_RC	I30W_RC
I8WP_RC	I8WP_RC
I8WP_RC	I8WP
I915_RC	I915_RC
I915_RC	I4VA_RC
I915_RC	I915
I915_RC	I4VA
I94P_RC	I94P_RC
I94P_RC	I61Z_RC
I94P_RC	INM
I94P_RC	I2Q5
I94P_RC	IB0T_RC
I94P_RC	I94P
I94P_RC	I61Z
I94P_RC	INM_RC
I94P_RC	IB0T
I94P_RC	I2Q5_RC
I95L_RC	I95L_RC
I95L_RC	I95L
I9A1_RC	I9A1_RC
I9A1_RC	I9A1
I9AH_RC	I9AH_RC
I9AH_RC	I9AH
I9AX_RC	I9AX_RC
I9AX_RC	I9AX
I9C9_RC	I9C9_RC
I9C9_RC	I9C9
I9DL_RC	I9DL_RC
I9DL_RC	IB97_RC
I9DL_RC	I7VJ
I9DL_RC	I58V_RC
I9DL_RC	IF4
I9DL_RC	I2CG
I9DL_RC	I9DL
I9DL_RC	IB97
I9DL_RC	I58V
I9DL_RC	I7VJ_RC
I9DL_RC	IF4_RC
I9DL_RC	I2CG_RC
I9EH_RC	I9EH_RC
I9EH_RC	IBA3_RC
I9EH_RC	I7TP
I9EH_RC	I59P_RC
I9EH_RC	I2AM
I9EH_RC	IE8
I9EH_RC	I9EH
I9EH_RC	IBA3
I9EH_RC	I59P
I9EH_RC	I7TP_RC
I9EH_RC	I2AM_RC
I9EH_RC	IE8_RC
I9EX_RC	I9EX_RC
I9EX_RC	I9EX
I9FD_RC	I9FD_RC
I9FD_RC	I7T7
I9FD_RC	I2A4
I9FD_RC	IDP
I9FD_RC	I5A6_RC
I9FD_RC	IBAN_RC
I9FD_RC	I9FD
I9FD_RC	I7T7_RC
I9FD_RC	I2A4_RC
I9FD_RC	IDP_RC
I9FD_RC	I5A6
I9FD_RC	IBAN
I9KP_RC	I9KP_RC
I9KP_RC	I9KP
I9O9_RC	I9O9_RC
I9O9_RC	I51
I9O9_RC	IBJM_RC
I9O9_RC	I5IB_RC
I9O9_RC	I20Z
I9O9_RC	I7K1
I9O9_RC	I20Z_RC
I9O9_RC	I7K1_RC
I9O9_RC	I9O9
I9O9_RC	I51_RC
I9O9_RC	IBJM
I9O9_RC	I5IB
I9PL_RC	I9PL_RC
I9PL_RC	I9PL
I9QX_RC	I9QX_RC
I9QX_RC	I5L4_RC
I9QX_RC	I7GK
I9QX_RC	I1XI
I9QX_RC	IBLY_RC
I9QX_RC	I20
I9QX_RC	I9QX
I9QX_RC	I5L4
I9SP_RC	I9SP_RC
I9SP_RC	I5MY_RC
I9SP_RC	I9SP
I9SP_RC	I5MY
I9UX_RC	I9UX_RC
I9UX_RC	I9UX
IARE_RC	IARE_RC
IARE_RC	IARE
IARU_RC	IARU_RC
IARU_RC	IW9
IARU_RC	I8VU
IARU_RC	IARU
IARU_RC	IW9_RC
IARU_RC	I8VU_RC
IATM_RC	IATM_RC
IATM_RC	I8YB_RC
IATM_RC	I2YG
IATM_RC	I4SQ_RC
IATM_RC	IUJ
IATM_RC	I6B3
IATM_RC	IATM
IATM_RC	I8YB
IATM_RC	I2YG_RC
IATM_RC	I4SQ
IATM_RC	IUJ_RC
IATM_RC	I6B3_RC
IAUI_RC	IAUI_RC
IAUI_RC	IAUI
IB3E_RC	IB3E_RC
IB3E_RC	I97L_RC
IB3E_RC	I50Y_RC
IB3E_RC	IKT
IB3E_RC	I2N2
IB3E_RC	I866
IB3E_RC	IB3E
IB3E_RC	I97L
IB3E_RC	I50Y
IB3E_RC	IKT_RC
IB3E_RC	I2N2_RC
IB3E_RC	I866_RC
IB3U_RC	IB3U_RC
IB3U_RC	IB3U
IB4A_RC	IB4A_RC
IB4A_RC	IJW
IB4A_RC	I2M5
IB4A_RC	I859
IB4A_RC	I98E_RC
IB4A_RC	I51R_RC
IB4A_RC	IB4A
IB4A_RC	IJW_RC
IB4A_RC	I2M5_RC
IB4A_RC	I859_RC
IB4A_RC	I98E
IB4A_RC	I51R
IB4Q_RC	IB4Q_RC
IB4Q_RC	IJG
IB4Q_RC	I2LQ
IB4Q_RC	I84U
IB4Q_RC	I526_RC
IB4Q_RC	I98V_RC
IB4Q_RC	IB4Q
IB4Q_RC	IJG_RC
IB4Q_RC	I526
IB4Q_RC	I2LQ_RC
IB4Q_RC	I84U_RC
IB4Q_RC	I98V
IB56_RC	IB56_RC
IB56_RC	I53C_RC
IB56_RC	IIZ
IB56_RC	I83F
IB56_RC	I2KC
IB56_RC	I99B_RC
IB56_RC	IB56
IB56_RC	I53C
IB56_RC	IIZ_RC
IB56_RC	I83F_RC
IB56_RC	I2KC_RC
IB56_RC	I99B
IB6Y_RC	IB6Y_RC
IB6Y_RC	IB6Y
IBBE_RC	IBBE_RC
IBBE_RC	IBBO_RC
IBBE_RC	I5B8_RC
IBBE_RC	IBBE
IBBE_RC	IBBO
IBBE_RC	I5B8
IBDM_RC	IBDM_RC
IBDM_RC	IBA
IBDM_RC	IBDM
IBDM_RC	IBA_RC
IB6L	IB6L
IB6L	I54M
IB6L	I9BD
IB6L	IHL_RC
IB6L	IHL
IB6L	I54M_RC
IB6L	I9BD_RC
IB6L	IB6L_RC
IBDQ_RC	IBDQ_RC
IBDQ_RC	IB6
IBDQ_RC	IBDQ
IBDQ_RC	IB6_RC
IBF2_RC	IBF2_RC
IBF2_RC	IBF2
IBFY_RC	IBFY_RC
IBFY_RC	I8Y
IBFY_RC	I9K8_RC
IBFY_RC	I5F3_RC
IBFY_RC	I8Y_RC
IBFY_RC	I9K8
IBFY_RC	IBFY
IBFY_RC	I5F3
IBNY_RC	IBNY_RC
IBNY_RC	I1
IBNY_RC	I9SY_RC
IBNY_RC	I5N8_RC
IBNY_RC	IBNY
IBNY_RC	I1_RC
IBNY_RC	I9SY
IBNY_RC	I5N8
IBNY_RC	I1VJ
IBNY_RC	I7EL
IBNY_RC	I1VJ_RC
IBNY_RC	I7EL_RC
IBOU_RC	IBOU_RC
IBOU_RC	IBOU
IBPQ_RC	IBPQ_RC
IBPQ_RC	IBPQ
IBQ6_RC	IBQ6_RC
IBQ6_RC	IBQ6
IBUM_RC	IBUM_RC
IBUM_RC	I1OZ
IBUM_RC	IBUM
IBUM_RC	I1OZ_RC
IBUM_RC	I9UE_RC
IBUM_RC	I40J
IBUM_RC	I7D4
IBUM_RC	I1U5
I4V	I4V
I4V	IBJS_RC
I4V	I5II_RC
I4V	I9OF_RC
I4V	I9OF
I4V	IBJS
I4V	I5II
I4V	I4V_RC
IAE0_RC	IAE0_RC
IAE0_RC	I8HF_RC
IAE0_RC	I6SK
IAE0_RC	I4BE_RC
IAE0_RC	I1AL
IAE0_RC	I3FX
IAE0_RC	IAE0
IAE0_RC	I8HF
IAE0_RC	I6SK_RC
IAE0_RC	I4BE
IAE0_RC	I1AL_RC
IAE0_RC	I3FX_RC
IAG8_RC	IAG8_RC
IAG8_RC	IAG8
IAJC_RC	IAJC_RC
IAJC_RC	IAJC
IANC_RC	IANC_RC
IANC_RC	IANC
IAQW_RC	IAQW_RC
IAQW_RC	I31V
IAQW_RC	I4P6_RC
IAQW_RC	I8UY_RC
IAQW_RC	IX7
IAQW_RC	I6EJ
IAQW_RC	IX7_RC
IAQW_RC	IAQW
IAQW_RC	I4P6
IAQW_RC	I8UY
IAQW_RC	I6EJ_RC
IARC_RC	IARC_RC
IARC_RC	IARC
IASO_RC	IASO_RC
IASO_RC	I4RB_RC
IASO_RC	IASO
IASO_RC	I4RB
IAU0_RC	IAU0_RC
IAU0_RC	I6AD
IAU0_RC	I4T4_RC
IAU0_RC	I8YW_RC
IAU0_RC	IU5
IAU0_RC	I2XQ
IAU0_RC	IAU0
IAU0_RC	I6AD_RC
IAU0_RC	I4T4
IAU0_RC	I8YW
IAU0_RC	IU5_RC
IAU0_RC	I2XQ_RC
IAUG_RC	IAUG_RC
IAUG_RC	IAUG
IAZS_RC	IAZS_RC
IAZS_RC	IOK
IAZS_RC	IAZS
IAZS_RC	IOK_RC
IB3S_RC	IB3S_RC
IB3S_RC	I51D_RC
IB3S_RC	I97W_RC
IB3S_RC	IKE
IB3S_RC	I2MO
IB3S_RC	I85S
IB3S_RC	IB3S
IB3S_RC	I51D
IB3S_RC	I97W
IB3S_RC	IKE_RC
IB3S_RC	I2MO_RC
IB3S_RC	I85S_RC
IB4O_RC	IB4O_RC
IB4O_RC	I524_RC
IB4O_RC	I98T_RC
IB4O_RC	IJI
IB4O_RC	I2LS
IB4O_RC	I84W
IB4O_RC	IB4O
IB4O_RC	I524
IB4O_RC	I98T
IB4O_RC	IJI_RC
IB4O_RC	I2LS_RC
IB4O_RC	I84W_RC
IB54_RC	IB54_RC
IB54_RC	I53A_RC
IB54_RC	IJ1
IB54_RC	I83H
IB54_RC	I999_RC
IB54_RC	I2KE
IB54_RC	IB54
IB54_RC	I53A
IB54_RC	I999
IB54_RC	IJ1_RC
IB54_RC	I83H_RC
IB54_RC	I2KE_RC
IB5K_RC	IB5K_RC
IB5K_RC	I53O_RC
IB5K_RC	I99O_RC
IB5K_RC	IIL
IB5K_RC	I832
IB5K_RC	I2JZ
IB5K_RC	IB5K
IB5K_RC	I53O
IB5K_RC	I99O
IB5K_RC	IIL_RC
IB5K_RC	I832_RC
IB5K_RC	I2JZ_RC
IBBC_RC	IBBC_RC
IBBC_RC	IBBM_RC
IBBC_RC	IBBC
IBBC_RC	IBBM
IBJC_RC	IBJC_RC
IBJC_RC	I5I3_RC
IBJC_RC	I7KC
IBJC_RC	I21A
IBJC_RC	I5B
IBJC_RC	I9O0_RC
IBJC_RC	IBJC
IBJC_RC	I5I3
IBJC_RC	I7KC_RC
IBJC_RC	I21A_RC
IBJC_RC	I5B_RC
IBJC_RC	I9O0
I4D3	I4D3
I4D3	IAF9
I4D3	I3EF_RC
I4D3	I195_RC
I4D3	I8JW
I4D3	I6R2_RC
I4D3	I3EF
I4D3	IAF9_RC
I4D3	I4D3_RC
I4D3	I195
I4D3	I8JW_RC
I4D3	I6R2
I4SN	I4SN
I4SN	IATJ
I6ON	I6ON
I6ON	I4FD_RC
I6ON	I3C0
I6ON	I16R
I6ON	I8LV_RC
I6ON	IAHP_RC
I6ON	I16R_RC
I6ON	I8LV
I6ON	IAHP
I6ON	I6ON_RC
I6ON	I4FD
I6ON	I3C0_RC
I6SN	I6SN
I6SN	I4BB_RC
I6SN	IADZ_RC
I6SN	I1AM
I6SN	I3G0
I6SN	I8HC_RC
I6SN	I4BB
I6SN	IADZ
I6SN	I6SN_RC
I6SN	I1AM_RC
I6SN	I8HC
I6SN	I3G0_RC
I7DZ	I7DZ
I7DZ	I41E
I8DJ	I8DJ
I8DJ	I47M
I8DJ	I3JR_RC
I8DJ	I1EH_RC
I8DJ	IAA4
I8DJ	I6WT_RC
I8DJ	I3JR
I8DJ	I47M_RC
I8DJ	I8DJ_RC
I8DJ	I1EH
I8DJ	IAA4_RC
I8DJ	I6WT
I9S7	I9S7
I9S7	IBN7
I9S7	I7FB_RC
I9S7	I5MG
I9S7	I1W9_RC
I9S7	IR_RC
I9S7	I7FB
I9S7	IBN7_RC
I9S7	I9S7_RC
I9S7	I5MG_RC
I9S7	I1W9
I9S7	IR
IA6F	IA6F
IA6F	I441
IA6F	I89X
IA6F	I1I2_RC
IA6F	I3NF_RC
IA6F	I70F_RC
IA6F	I441_RC
IA6F	I89X_RC
IA6F	IA6F_RC
IA6F	I1I2
IA6F	I3NF
IA6F	I70F
IAEF	IAEF
IAEF	I6S7_RC
IAEF	I1A6_RC
IAEF	I3FK_RC
IAEF	I6S7
IAEF	IAEF_RC
IAEF	I1A6
IAEF	I3FK
IAGN	IAGN
IAGN	I8KN
IAGN	I3D3_RC
IAGN	I4E1
IAGN	I17U_RC
IAGN	I6PQ_RC
IAGN	I3D3
IAGN	I8KN_RC
IAGN	IAGN_RC
IAGN	I4E1_RC
IAGN	I17U
IAGN	I6PQ
IAHJ	IAHJ
IAHJ	I4F7
IAHJ	I3C7_RC
IAHJ	I16X_RC
IAHJ	I8LO
IAHJ	I6OU_RC
IAHJ	I3C7
IAHJ	I4F7_RC
IAHJ	IAHJ_RC
IAHJ	I16X
IAHJ	I8LO_RC
IAHJ	I6OU
IANR	IANR
IANR	I6IF_RC
IANR	I8RU
IANR	I10D_RC
IANR	I4M6
IANR	I35S_RC
IANR	I6IF
IANR	IANR_RC
IANR	I8RU_RC
IANR	I10D
IANR	I4M6_RC
IANR	I35S
IAO7	IAO7
IAO7	I6HZ_RC
IAO7	I8SA
IAO7	IZX_RC
IAO7	I4MM
IAO7	I35C_RC
IAO7	I6HZ
IAO7	IAO7_RC
IAO7	I8SA_RC
IAO7	IZX
IAO7	I4MM_RC
IAO7	I35C
IAPJ	IAPJ
IAPJ	I6GN_RC
IAPJ	I4NU
IAPJ	I8TM
IAPJ	IYL_RC
IAPJ	I340_RC
IAPJ	I6GN
IAPJ	IAPJ_RC
IAPJ	I4NU_RC
IAPJ	I8TM_RC
IAPJ	IYL
IAPJ	I340
IBFB	IBFB
IBFB	I9L_RC
IBFB	I258
IBFB	I7OB
IBFB	I258_RC
IBFB	I7OB_RC
IBON	IBON
IBON	I1UV_RC
IBON	I9TO
IBON	I7DX_RC
IBON	I5NY
IBON	I41C_RC
IBON	I1UV
IBON	IBON_RC
IBON	I9TO_RC
IBON	I7DX
IBON	I5NY_RC
IBON	I41C
I47_RC	I47_RC
I47_RC	I47
I8N_RC	I8N_RC
I8N_RC	I9KL
I8N_RC	I8N
I8N_RC	I9KL_RC
I9J_RC	I9J_RC
I9J_RC	I9JM
I9J_RC	IBFD
I9J_RC	I7O9_RC
I9J_RC	I256_RC
I9J_RC	I5EL
I9J_RC	I9J
I9J_RC	I9JM_RC
I9J_RC	I7O9
I9J_RC	IBFD_RC
I9J_RC	I256
I9J_RC	I5EL_RC
ID3_RC	ID3_RC
ID3_RC	I7SI_RC
ID3_RC	I29F_RC
ID3_RC	IBBT
ID3_RC	I5BE
ID3_RC	I9G0
ID3_RC	ID3
ID3_RC	I7SI
ID3_RC	I29F
ID3_RC	IBBT_RC
ID3_RC	I5BE_RC
ID3_RC	I9G0_RC
IH3_RC	IH3_RC
IH3_RC	I9BO
IH3_RC	IB78
IH3_RC	I55Z
IH3_RC	IH3
IH3_RC	I9BO_RC
IH3_RC	IB78_RC
IH3_RC	I55Z_RC
IH3_RC	I6FP_RC
IH3_RC	IXL_RC
IH3_RC	IAQI
IH3_RC	I4OS
IH3_RC	I332_RC
IHJ_RC	IHJ_RC
IHJ_RC	I54O
IHJ_RC	I9BF
IHJ_RC	IB6N
IHJ_RC	IHJ
IHJ_RC	I54O_RC
IHJ_RC	I9BF_RC
IHJ_RC	IB6N_RC
IHZ_RC	IHZ_RC
IHZ_RC	I546
IHZ_RC	I82G_RC
IHZ_RC	I2JD_RC
IHZ_RC	I9AZ
IHZ_RC	IB67
IHZ_RC	IHZ
IHZ_RC	I546_RC
IHZ_RC	I82G
IHZ_RC	I2JD
IHZ_RC	I9AZ_RC
IHZ_RC	IB67_RC
IJB_RC	IJB_RC
IJB_RC	I991
IJB_RC	I532
IJB_RC	IB4V
IJB_RC	I2KL
IJB_RC	I83O
IJB_RC	I2KL_RC
IJB_RC	I83O_RC
IJB_RC	IJB
IJB_RC	I991_RC
IJB_RC	I532_RC
IJB_RC	IB4V_RC
ION_RC	ION_RC
ION_RC	ION
IPZ_RC	IPZ_RC
IPZ_RC	IAYD
IPZ_RC	IPZ
IPZ_RC	IAYD_RC
IPZ_RC	I2TL
IPZ_RC	I4X1_RC
IPZ_RC	I92X_RC
IPZ_RC	I667
IPZ_RC	I667_RC
IPZ_RC	I4X1
IPZ_RC	I92X
IPZ_RC	I2TL_RC
IVB_RC	IVB_RC
IVB_RC	I4RR_RC
IVB_RC	I6CN_RC
IVB_RC	I8XN
IVB_RC	IASV
IVB_RC	I2ZZ_RC
IVB_RC	IVB
IVB_RC	I4RR
IVB_RC	I6CN
IVB_RC	I8XN_RC
IVB_RC	I2ZZ
IVB_RC	IASV_RC
I153_RC	I153_RC
I153_RC	I153
I187_RC	I187_RC
I187_RC	IAG7
I187_RC	I8KL
I187_RC	I8KL_RC
I187_RC	IAG7_RC
I187_RC	I187
I187_RC	I6Q7
I187_RC	I4DZ_RC
I187_RC	I3DK
I187_RC	I6Q7_RC
I187_RC	I4DZ
I187_RC	I3DK_RC
I18N_RC	I18N_RC
I18N_RC	IAFR
I18N_RC	I3DZ
I18N_RC	I4DK_RC
I18N_RC	I8KD_RC
I18N_RC	I6QM
I18N_RC	I6K2
I18N_RC	I12C
I18N_RC	I37F
I18N_RC	I3TM_RC
I18N_RC	IBW4
I18N_RC	I1NG_RC
I18N_RC	I5WU
I18N_RC	I76M_RC
I18N_RC	I3DZ_RC
I18N_RC	I4DK
I18N_RC	I8KD
I18N_RC	I6QM_RC
I18N_RC	I3SA
I18N_RC	IA22_RC
I18N_RC	I5Y5_RC
I18N_RC	I75A
I18N_RC	IBXF_RC
I18N_RC	I1M5
I19Z_RC	I19Z_RC
I19Z_RC	I4C2
I19Z_RC	I3FD_RC
I19Z_RC	I8I3
I19Z_RC	IAEM
I19Z_RC	I6S0_RC
I19Z_RC	I19Z
I19Z_RC	I4C2_RC
I19Z_RC	I3FD
I19Z_RC	I8I3_RC
I19Z_RC	IAEM_RC
I19Z_RC	I6S0
I1AF_RC	I1AF_RC
I1AF_RC	I8HK
I1AF_RC	I3FS_RC
I1AF_RC	IAE6
I1AF_RC	I6SF_RC
I1AF_RC	I4BK
I1AF_RC	I1AF
I1AF_RC	I3FS
I1AF_RC	I8HK_RC
I1AF_RC	IAE6_RC
I1AF_RC	I6SF
I1AF_RC	I4BK_RC
I1BB_RC	I1BB_RC
I1BB_RC	I3GN_RC
I1BB_RC	I8GP
I1BB_RC	I4AL
I1BB_RC	IADA
I1BB_RC	I6TA_RC
I1BB_RC	I1BB
I1BB_RC	I3GN
I1BB_RC	I8GP_RC
I1BB_RC	I4AL_RC
I1BB_RC	I6TA
I1BB_RC	IADA_RC
I1BR_RC	I1BR_RC
I1BR_RC	I8G7
I1BR_RC	I3H3_RC
I1BR_RC	I4A5
I1BR_RC	IACU
I1BR_RC	I6TQ_RC
I1BR_RC	I1BR
I1BR_RC	I3H3
I1BR_RC	I8G7_RC
I1BR_RC	I4A5_RC
I1BR_RC	I6TQ
I1BR_RC	IACU_RC
I1C7_RC	I1C7_RC
I1C7_RC	I1C7
I1IV_RC	I1IV_RC
I1IV_RC	I3O4_RC
I1IV_RC	I891
I1IV_RC	I714_RC
I1IV_RC	IA5O
I1IV_RC	I890
I1IV_RC	I892
I1IV_RC	I1IV
I1IV_RC	I3O4
I1IV_RC	I891_RC
I1IV_RC	I714
I1IV_RC	IA5O_RC
I1IV_RC	I890_RC
I1IV_RC	I892_RC
I1KN_RC	I1KN_RC
I1KN_RC	I5ZS
I1KN_RC	IBYW
I1KN_RC	I1KN
I1KN_RC	I5ZS_RC
I1KN_RC	IBYW_RC
I1LZ_RC	I1LZ_RC
I1LZ_RC	IA2C
I1LZ_RC	I3S4_RC
I1LZ_RC	I754_RC
I1LZ_RC	IBXL
I1LZ_RC	I5YJ
I1LZ_RC	I1LZ
I1LZ_RC	I3S4
I1LZ_RC	IA2C_RC
I1LZ_RC	I754
I1LZ_RC	IBXL_RC
I1LZ_RC	I5YJ_RC
I1P3_RC	I1P3_RC
I1P3_RC	I3VS_RC
I1P3_RC	I9YY
I1P3_RC	IBUI
I1P3_RC	I78D_RC
I1P3_RC	I5V2
I1P3_RC	I1P3
I1P3_RC	I3VS
I1P3_RC	I9YY_RC
I1P3_RC	IBUI_RC
I1P3_RC	I78D
I1P3_RC	I5V2_RC
I1S7_RC	I1S7_RC
I1S7_RC	I3YV_RC
I1S7_RC	IBRG
I1S7_RC	I7BG_RC
I1S7_RC	I5RZ
I1S7_RC	I9W0
I1S7_RC	I1S7
I1S7_RC	I3YV
I1S7_RC	I7BG
I1S7_RC	IBRG_RC
I1S7_RC	I5RZ_RC
I1S7_RC	I9W0_RC
I1T3_RC	I1T3_RC
I1T3_RC	I5R8
I1T3_RC	I1T3
I1T3_RC	I5R8_RC
I1TJ_RC	I1TJ_RC
I1TJ_RC	IBQA
I1TJ_RC	I1TJ
I1TJ_RC	IBQA_RC
I1W7_RC	I1W7_RC
I1W7_RC	I7F9_RC
I1W7_RC	I1W7
I1W7_RC	I7F9
I1W7_RC	IP
I1W7_RC	IP_RC
I1W7_RC	I5MI
I1W7_RC	IBN9
I1W7_RC	I9S9
I1W7_RC	I5MI_RC
I1W7_RC	IBN9_RC
I1W7_RC	I9S9_RC
I1XJ_RC	I1XJ_RC
I1XJ_RC	I7GL_RC
I1XJ_RC	I1XJ
I1XJ_RC	I7GL
I1ZR_RC	I1ZR_RC
I1ZR_RC	I7IT_RC
I1ZR_RC	I1ZR
I1ZR_RC	I7IT
I213_RC	I213_RC
I213_RC	I7K5_RC
I213_RC	I213
I213_RC	I7K5
I21J_RC	I21J_RC
I21J_RC	I7KL_RC
I21J_RC	I21J
I21J_RC	I7KL
I24N_RC	I24N_RC
I24N_RC	I7NP_RC
I24N_RC	I24N
I24N_RC	I7NP
I25Z_RC	I25Z_RC
I25Z_RC	I7P2_RC
I25Z_RC	I25Z
I25Z_RC	I7P2
I26V_RC	I26V_RC
I26V_RC	I7PY_RC
I26V_RC	I26V
I26V_RC	I7PY
I1GQ	I1GQ
I1GQ	IA7U_RC
I1GQ	I45C_RC
I3Q1_RC	I3Q1_RC
I3Q1_RC	IA4D
I3Q1_RC	I731_RC
I3Q1_RC	I1JZ_RC
I3Q1_RC	I3Q1
I3Q1_RC	I731
I3Q1_RC	IA4D_RC
I3Q1_RC	I1JZ
I3QH_RC	I3QH_RC
I3QH_RC	IA3W
I3QH_RC	I73H_RC
I3QH_RC	I1KF_RC
I3QH_RC	I600
I3QH_RC	IBZ4
I3QH_RC	I3QH
I3QH_RC	IA3W_RC
I3QH_RC	I73H
I3QH_RC	I1KF
I3QH_RC	I600_RC
I3QH_RC	IBZ4_RC
I3VD_RC	I3VD_RC
I3VD_RC	I6UF
I3VD_RC	I3VD
I3VD_RC	I6UF_RC
I3X5_RC	I3X5_RC
I3X5_RC	IBT3
I3X5_RC	I5TM
I3X5_RC	I9XM
I3X5_RC	I1QJ_RC
I3X5_RC	I79Q_RC
I3X5_RC	I3X5
I3X5_RC	IBT3_RC
I3X5_RC	I5TM_RC
I3X5_RC	I9XM_RC
I3X5_RC	I1QJ
I3X5_RC	I79Q
I3Y1_RC	I3Y1_RC
I3Y1_RC	I1RF_RC
I3Y1_RC	I5ST
I3Y1_RC	I9WT
I3Y1_RC	I7AM_RC
I3Y1_RC	I3Y1
I3Y1_RC	I1RF
I3Y1_RC	I5ST_RC
I3Y1_RC	I9WT_RC
I3Y1_RC	I7AM
I3ZD_RC	I3ZD_RC
I3ZD_RC	I1SP_RC
I3ZD_RC	IBQY
I3ZD_RC	I7BY_RC
I3ZD_RC	I5RK
I3ZD_RC	I9VK
I3ZD_RC	I3ZD
I3ZD_RC	I1SP
I3ZD_RC	IBQY_RC
I3ZD_RC	I7BY
I3ZD_RC	I5RK_RC
I3ZD_RC	I9VK_RC
I42H_RC	I42H_RC
I42H_RC	I42H
I4JD_RC	I4JD_RC
I4JD_RC	I8PL_RC
I4JD_RC	I4JD
I4JD_RC	I8PL
I4M1_RC	I4M1_RC
I4M1_RC	I8RP_RC
I4M1_RC	I4M1
I4M1_RC	I8RP
I4QH_RC	I4QH_RC
I4QH_RC	I4K2
I4QH_RC	I30L
I4QH_RC	I8W6_RC
I4QH_RC	IASA_RC
I4QH_RC	I6D9
I4QH_RC	IVW
I4QX_RC	I4QX_RC
I4QX_RC	I8X8_RC
I4QX_RC	I4QX
I4QX_RC	I8X8
I4RD_RC	I4RD_RC
I4RD_RC	I5Q9
I4RD_RC	I4RD
I4RD_RC	I5Q9_RC
I4SP_RC	I4SP_RC
I4SP_RC	IATK_RC
I4SP_RC	I4SP
I4SP_RC	IATK
I4SP_RC	I8Q
I4SP_RC	I55D_RC
I4SP_RC	I9KI_RC
I4SP_RC	IBG4_RC
I4SP_RC	I8Q_RC
I4SP_RC	I55D
I4SP_RC	I9KI
I4SP_RC	IBG4
IB3D	IB3D
IB3D	I50X
IB3D	IKU_RC
IB3D	I2N3_RC
IB3D	I867_RC
IB3D	I97K
IB3D	I50X_RC
IB3D	IB3D_RC
IB3D	IKU
IB3D	I2N3
IB3D	I867
IB3D	I97K_RC
IB61	IB61
IB61	I9AR
IB61	II5_RC
IB61	IB61_RC
IB61	I9AR_RC
IB61	II5
IB61	I2JJ
IB61	I82M
IB61	I2JJ_RC
IB61	I82M_RC
I325_RC	I325_RC
I325_RC	I6ES_RC
I325_RC	I325
I325_RC	I6ES
I32L_RC	I32L_RC
I32L_RC	I6F8_RC
I32L_RC	I32L
I32L_RC	I6F8
I365_RC	I365_RC
I365_RC	I6IS_RC
I365_RC	I365
I365_RC	I6IS
I3A5_RC	I3A5_RC
I3A5_RC	I6MS_RC
I3A5_RC	I3A5
I3A5_RC	I6MS
I3D9_RC	I3D9_RC
I3D9_RC	I6PW_RC
I3D9_RC	I3D9
I3D9_RC	I6PW
I3F1_RC	I3F1_RC
I3F1_RC	I6RO_RC
I3F1_RC	I3F1
I3F1_RC	I6RO
I3P9_RC	I3P9_RC
I3P9_RC	I729_RC
I3P9_RC	I3P9
I3P9_RC	I729
I3ST_RC	I3ST_RC
I3ST_RC	I75T_RC
I3ST_RC	I3ST
I3ST_RC	I75T
I3TP_RC	I3TP_RC
I3TP_RC	I76P_RC
I3TP_RC	I3TP
I3TP_RC	I76P
I3VH_RC	I3VH_RC
I3VH_RC	I6UB
I3VH_RC	I3VH
I3VH_RC	I6UB_RC
I419_RC	I419_RC
I419_RC	I7DU_RC
I419_RC	I1US_RC
I419_RC	I9TR
I419_RC	IBOQ
I419_RC	I5O2
I419_RC	I1US
I419_RC	I7DU
I419_RC	I419
I419_RC	I9TR_RC
I419_RC	IBOQ_RC
I419_RC	I5O2_RC
I431_RC	I431_RC
I431_RC	I431
I45P_RC	I45P_RC
I45P_RC	I45P
I48T_RC	I48T_RC
I48T_RC	I48T
I4CD_RC	I4CD_RC
I4CD_RC	I4CD
I4EL_RC	I4EL_RC
I4EL_RC	I4EL
I4H9_RC	I4H9_RC
I4H9_RC	I4H9
I4I5_RC	I4I5_RC
I4I5_RC	I4I5
I4L9_RC	I4L9_RC
I4L9_RC	IAN8_RC
I4L9_RC	I10V
I4L9_RC	I4L9
I4L9_RC	IAN8
I4L9_RC	I10V_RC
I4LP_RC	I4LP_RC
I4LP_RC	I4LP
I4Q5_RC	I4Q5_RC
I4Q5_RC	I4Q5
I4QL_RC	I4QL_RC
I4QL_RC	I4QL
I4Z1_RC	I4Z1_RC
I4Z1_RC	I4YV_RC
I4Z1_RC	I4Z1
I4Z1_RC	I4YV
I4ZX_RC	I4ZX_RC
I4ZX_RC	I4ZX
I51P_RC	I51P_RC
I51P_RC	IB48_RC
I51P_RC	I98C_RC
I51P_RC	IJY
I51P_RC	I2M7
I51P_RC	I85B
I51P_RC	I51P
I51P_RC	IB48
I51P_RC	I98C
I51P_RC	IJY_RC
I51P_RC	I2M7_RC
I51P_RC	I85B_RC
I52L_RC	I52L_RC
I52L_RC	I52L
I57H_RC	I57H_RC
I57H_RC	I57H
I57X_RC	I57X_RC
I57X_RC	I57X
I5B1_RC	I5B1_RC
I5B1_RC	I5B1
I5D9_RC	I5D9_RC
I5D9_RC	IBDY_RC
I5D9_RC	IAY
I5D9_RC	I7PN
I5D9_RC	I26K
I5D9_RC	I7PO
I5D9_RC	I26L
IVJ_RC	IVJ_RC
IVJ_RC	IVJ
IVZ_RC	IVZ_RC
IVZ_RC	IVZ
IWF_RC	IWF_RC
IWF_RC	I8VO
IWF_RC	IARO
IWF_RC	IWF
IWF_RC	I8VO_RC
IWF_RC	IARO_RC
I127_RC	I127_RC
I127_RC	I127
I14V_RC	I14V_RC
I14V_RC	I14V
I1DB_RC	I1DB_RC
I1DB_RC	IABB
I1DB_RC	I1DB
I1DB_RC	IABB_RC
I1F3_RC	I1F3_RC
I1F3_RC	I8CY
I1F3_RC	IA9H
I1F3_RC	I46Z
I1F3_RC	I3KC
I1F3_RC	I6XE
I1F3_RC	I3KC_RC
I1F3_RC	I6XE_RC
I1F3_RC	I1F3
I1F3_RC	I8CY_RC
I1F3_RC	IA9H_RC
I1F3_RC	I46Z_RC
I1TB_RC	I1TB_RC
I1TB_RC	I5R1
I1TB_RC	I1TB
I1TB_RC	I5R1_RC
I1TR_RC	I1TR_RC
I1TR_RC	I1TR
I5LK_RC	I5LK_RC
I5LK_RC	I5LK
I5MW_RC	I5MW_RC
I5MW_RC	I7EV
I5MW_RC	IBNO_RC
I5MW_RC	I9SN_RC
I5MW_RC	I1VT
I5MW_RC	IB
I5MW_RC	I5MW
I5MW_RC	I7EV_RC
I5MW_RC	IBNO
I5MW_RC	I9SN
I5MW_RC	I1VT_RC
I5MW_RC	IB_RC
I5O8_RC	I5O8_RC
I5O8_RC	I5O8
I5OO_RC	I5OO_RC
I5OO_RC	I5OO
I5P4_RC	I5P4_RC
I5P4_RC	I5P4
I5Q0_RC	I5Q0_RC
I5Q0_RC	I5Q0
I5QG_RC	I5QG_RC
I5QG_RC	I5QG
I5QW_RC	I5QW_RC
I5QW_RC	I8J7_RC
I5QW_RC	I5QW
I5QW_RC	I8J7
I5RC_RC	I5RC_RC
I5RC_RC	I5RC
I5U0_RC	I5U0_RC
I5UG_RC	I5UG_RC
I5UG_RC	I5UG
I5VC_RC	I5VC_RC
I5VC_RC	I5VC
I5XK_RC	I5XK_RC
I5XK_RC	I5XK
I5YG_RC	I5YG_RC
I5YG_RC	I5YG
I6EG_RC	I6EG_RC
I6EG_RC	IX5_RC
I6EG_RC	IAQY
I6EG_RC	I4P9
I6EG_RC	I8V1
I6EG_RC	I31S_RC
I6EG_RC	I6EG
I6EG_RC	IX5
I6EG_RC	IAQY_RC
I6EG_RC	I4P9_RC
I6EG_RC	I8V1_RC
I6EG_RC	I31S
I6H4_RC	I6H4_RC
I6H4_RC	I34H_RC
I6H4_RC	I6H4
I6H4_RC	I34H
I6IW_RC	I6IW_RC
I6IW_RC	I369_RC
I6IW_RC	I6IW
I6IW_RC	I369
I6MG_RC	I6MG_RC
I6MG_RC	I39T_RC
I6MG_RC	I6MG
I6MG_RC	I39T
I6NS_RC	I6NS_RC
I6NS_RC	I3B5_RC
I6NS_RC	I6NS
I6NS_RC	I3B5
I4TL	I4TL
I54P	I54P
I54P	I9BG
I54P	IB6O
I54P	IHI
I54P	IHI_RC
I54P	I54P_RC
I54P	I9BG_RC
I54P	IB6O_RC
I5IH	I5IH
I5IH	I7JU_RC
I5IH	I20S_RC
I5IH	I9OE
I62X	I62X
I62X	IMR_RC
I62X	I38_RC
I62X	I2P7_RC
I62X	IB1O
I62X	I6DD
I62X	I30P
I62X	I95M
I6ZD	I6ZD
I6ZD	I3MB
I7I1	I7I1
I7I1	I7NO_RC
I7I1	I24M_RC
I7I1	I1YZ
I7SP	I7SP
I7SP	I9FT_RC
I7SP	I29M
I7SP	IDA
I7SP	IBB2_RC
I7SP	I5AO_RC
I9FT	I9FT
I9FT	I7SP_RC
I9FT	I29M_RC
I9FT	IBB2
I9FT	IDA_RC
I9FT	I5AO
I61M	I61M
I61M	I4YE
I61M	I2QI_RC
I61M	I94D
I61M	INY_RC
I61M	IB0F
I61M	I2QI
I61M	I4YE_RC
I61M	I61M_RC
I61M	I94D_RC
I61M	INY
I61M	IB0F_RC
I6Q2	I6Q2
I6Q2	I3DF
I6Q2	I3DF_RC
I6Q2	I6Q2_RC
I6Q2	IAGB
I87E	I87E
I9LM	I9LM
I9LM	I5FV
I9TM	I9TM
I9TM	I41E_RC
I9TM	IBOL
I9TM	I7DZ_RC
I9TM	IBO4_RC
I9TM	I41U
I9TM	I7EF
I9TM	I1VD
I9TM	I5NE_RC
I9TM	I6FP
I9TM	IXL
I9TM	IAQI_RC
I9TM	I4OS_RC
I9TM	I332
I9TM	I5NW
I9TM	I1UX_RC
I9TM	IBOL_RC
I9TM	I9TM_RC
I9TM	I1UX
I9TM	I5NW_RC
IAAI	IAAI
IAAI	I8DW
IAAI	I3JE_RC
IAAI	I1E4_RC
IAAI	I480
IAAI	I6WG_RC
IAAI	I3JE
IAAI	I8DW_RC
IAAI	IAAI_RC
IAAI	I1E4
IAAI	I6WG
IAAI	I480_RC
IAOQ	IAOQ
IAOQ	I8SQ
IAOQ	IZE_RC
IAOQ	I4N2
IAOQ	IZE
IAOQ	I8SQ_RC
IAOQ	IAOQ_RC
IAOQ	I4N2_RC
IB0Q	IB0Q
IB0Q	INP_RC
IB0Q	I8KQ_RC
IB0Q	I9GS_RC
IB0Q	I1TI
IB0Q	IA6Z_RC
IB0Q	IBA6
IB0Q	I998
IB0Q	I538_RC
IB0Q	I539
IB0Q	IB53
IB0Q	I8O8
IB0Q	IJ2_RC
IB0Q	I61W_RC
IB0Q	I4YQ_RC
IB0Q	INP
IB0Q	I94M_RC
IB0Q	IB0Q_RC
IB0Q	I2Q8
IB0Q	I1TI_RC
IB0Q	IBA6_RC
IBQ2	IBQ2
IBQ2	IB38_RC
IBQ2	I1TE_RC
IBQ2	I1AT_RC
IBQ2	I186
IBQ2	I5J_RC
IBQ2	IASQ_RC
IBQ2	IB8V
IBQ2	IA7P
IBQ2	IA7P_RC
IBQ2	I4RE
IBQ2	IBJU
IBQ2	I4RE_RC
IBQ2	IBJU_RC
IBQ2	ILO
IBQ2	ILO_RC
IBQ2	IVH
IBQ2	IVH_RC
IBQ2	I8B2
IBQ2	I451
IBQ2	I8B2_RC
IBQ2	IB8V_RC
IBQ2	I1TE
IBQ2	IB38
IBQ2	I1AT
IBQ2	I186_RC
IBQ2	I5J
IBQ2	IASQ
IBQ2	IBQ2_RC
IBTM	IBTM
IBTM	I1Q0_RC
IBTM	I3WN
IBTM	I1Q0
IBTM	IBTM_RC
IBTM	I798
IBTM	I798_RC
IBTM	I3WN_RC
I22_RC	I22_RC
I22_RC	IBLW
I22_RC	I22
I22_RC	IBLW_RC
I3U_RC	I3U_RC
I3U_RC	I3U
I4A_RC	I4A_RC
I4A_RC	I4A
ICQ_RC	ICQ_RC
ICQ_RC	IBC6
ICQ_RC	I1HV
ICQ_RC	I3N6
ICQ_RC	IB9V_RC
ICQ_RC	I4D0
ICQ_RC	IAMC_RC
ICQ_RC	I706
ICQ_RC	I8JT
ICQ_RC	IBB0_RC
ICQ_RC	IAKD
ICQ_RC	I13Y_RC
ICQ_RC	IA6M_RC
ICQ_RC	I5N3
ICQ_RC	IDC
ICQ_RC	I11S
ICQ_RC	IBEA
ICQ_RC	I3YE_RC
ICQ_RC	I1RS_RC
ICQ_RC	IBRV
ICQ_RC	I7AZ_RC
ICQ_RC	IAL_RC
ICQ_RC	I9WG
ICQ_RC	I7PC_RC
ICQ_RC	I3SM
ICQ_RC	I75M
ICQ_RC	IA1Q_RC
ICQ_RC	I5BQ_RC
ICQ_RC	I8C9_RC
ICQ_RC	ICQ
ICQ_RC	IBC6_RC
ICQ_RC	I7JW_RC
ICQ_RC	I4Y_RC
ICQ_RC	IBJP
ICQ_RC	I5IF
ICQ_RC	I20U_RC
ICQ_RC	I18D_RC
ICQ_RC	IAG1
ICQ_RC	I9IM
ICQ_RC	I269_RC
ICQ_RC	I5DP
ICQ_RC	IBEA_RC
ICQ_RC	I3YE
ICQ_RC	I1RS
ICQ_RC	I7AZ
ICQ_RC	IBRV_RC
ICQ_RC	IAL
ICQ_RC	I7PC
ICQ_RC	I9WG_RC
ICQ_RC	IBHD_RC
ICQ_RC	I9M0_RC
ICQ_RC	I7D
ICQ_RC	I5G9_RC
ICQ_RC	I4OF_RC
ICQ_RC	I18D
ICQ_RC	IAG1_RC
ICQ_RC	I9IM_RC
ICQ_RC	I269
ICQ_RC	I5DP_RC
ICQ_RC	I28Z
ICQ_RC	I7S2
ICQ_RC	I28Z_RC
ICQ_RC	I7S2_RC
ICQ_RC	I1F8
ICQ_RC	I46W_RC
ICQ_RC	I8CV_RC
ICQ_RC	IA9C_RC
ICQ_RC	IAHH
ICQ_RC	I4F5
ICQ_RC	I16Z_RC
ICQ_RC	I1F8_RC
ICQ_RC	I46W
ICQ_RC	I8CV
ICQ_RC	IA9C
IKA_RC	IKA_RC
IKA_RC	I51G
IKA_RC	IB3W
IKA_RC	I2ML_RC
IKA_RC	I85P_RC
IKA_RC	I97Z
IKA_RC	IKA
IKA_RC	I51G_RC
IKA_RC	IB3W_RC
IKA_RC	I2ML
IKA_RC	I85P
IKA_RC	I97Z_RC
IL6_RC	IL6_RC
IL6_RC	IJ7
IL6_RC	I2KH
IL6_RC	I41_RC
IL6_RC	I536_RC
IL6_RC	IB50_RC
IL6_RC	I19X
IL6_RC	IYD_RC
IL6_RC	IKN
IL6_RC	IAF_RC
IL6_RC	I1H5_RC
IL6_RC	I995_RC
IL6_RC	I83K
IL6_RC	IW0_RC
IL6_RC	IL6
ILM_RC	ILM_RC
ILM_RC	IB2S
ILM_RC	ILM
ILM_RC	IB2S_RC
IUY_RC	IUY_RC
IUY_RC	IUY
I122_RC	I122_RC
I122_RC	I122
I16I_RC	I16I_RC
I16I_RC	IAHY
I16I_RC	IAHZ
I16I_RC	I6OD_RC
I16I_RC	I3BQ_RC
I16I_RC	I16I
I16I_RC	IAHY_RC
I16I_RC	IAHZ_RC
I1NU_RC	I1NU_RC
I1NU_RC	IBVQ
I1NU_RC	I1NU
I1NU_RC	IBVQ_RC
I1NU_RC	I3U4
I1NU_RC	I5WC_RC
I1NU_RC	IA0D_RC
I1NU_RC	I774
I1OQ_RC	I1OQ_RC
I1OQ_RC	IBUV
I1OQ_RC	I5VH
I1OQ_RC	I1OQ
I1OQ_RC	IBUV_RC
I1OQ_RC	I5VH_RC
I1RE_RC	I1RE_RC
I1RE_RC	IBS8
I1RE_RC	I3Y0_RC
I1RE_RC	I7AL_RC
I1RE_RC	I5SU
I1RE_RC	I9WU
I1RE_RC	I1RE
I1RE_RC	I3Y0
I1RE_RC	IBS8_RC
I1RE_RC	I7AL
I1RE_RC	I5SU_RC
I1RE_RC	I9WU_RC
I1UI_RC	I1UI_RC
I1UI_RC	I1UI
I1YY_RC	I1YY_RC
I1YY_RC	I7I0_RC
I1YY_RC	I1YY
I1YY_RC	I7I0
I1ZU_RC	I1ZU_RC
I1ZU_RC	I7IW_RC
I1ZU_RC	I1ZU
I1ZU_RC	I7IW
I20Q_RC	I20Q_RC
I20Q_RC	I7JS_RC
I20Q_RC	I20Q
I20Q_RC	I7JS
I23U_RC	I23U_RC
I23U_RC	I7MW_RC
I23U_RC	I23U
I23U_RC	I7MW
I27U_RC	I27U_RC
I27U_RC	I7QX_RC
I27U_RC	I27U
I27U_RC	I7QX
I2BU_RC	I2BU_RC
I2BU_RC	I7UX_RC
I2BU_RC	I2BU
I2BU_RC	I7UX
I2D6_RC	I2D6_RC
I2D6_RC	I55J
I2D6_RC	I7W9_RC
I2D6_RC	I2D6
I2D6_RC	I55J_RC
I2D6_RC	I7W9
I2DM_RC	I2DM_RC
I2DM_RC	I7WP_RC
I2DM_RC	I2DM
I2DM_RC	I7WP
I2EY_RC	I2EY_RC
I2EY_RC	I7Y1_RC
I2EY_RC	I2EY
I2EY_RC	I7Y1
I2FU_RC	I2FU_RC
I2FU_RC	I7YX_RC
I2FU_RC	I57G
I2FU_RC	I2FU
I2FU_RC	I7YX
I2FU_RC	I57G_RC
I2I2_RC	I2I2_RC
I2I2_RC	I815_RC
I2I2_RC	I2I2
I2I2_RC	I815
I2IY_RC	I2IY_RC
I2IY_RC	I821_RC
I2IY_RC	I2IY
I2IY_RC	I821
I2U2_RC	I2U2_RC
I2U2_RC	I4WK
I2U2_RC	IAXW
I2U2_RC	I92G
I2U2_RC	IQG_RC
I2U2_RC	I66O_RC
I2U2_RC	I2U2
I2U2_RC	I4WK_RC
I2U2_RC	IAXW_RC
I2U2_RC	IQG
I2U2_RC	I92G_RC
I2U2_RC	I66O
I2Y2_RC	I2Y2_RC
I2Y2_RC	I6AP_RC
I2Y2_RC	I2Y2
I2Y2_RC	I6AP
I30Q_RC	I30Q_RC
I30Q_RC	I6DE_RC
I30Q_RC	I30Q
I30Q_RC	I6DE
I31M_RC	I31M_RC
I31M_RC	I6EA_RC
I31M_RC	I31M
I31M_RC	I6EA
I3A2_RC	I3A2_RC
I3A2_RC	I6MP_RC
I3A2_RC	I3A2
I3A2_RC	I6MP
I3BU_RC	I3BU_RC
I3BU_RC	I6OH_RC
I3BU_RC	IW4_RC
I3BU_RC	I8VZ
I3BU_RC	IARZ
I3BU_RC	I8M1
I3BU_RC	I16L
I3BU_RC	IAHV_RC
I3BU_RC	I16L_RC
I3BU_RC	IAHV
I3BU_RC	I4FJ
I3NU_RC	I3NU_RC
I3NU_RC	I43M
I3NU_RC	I89H
I3NU_RC	IA5Z
I3NU_RC	I1IJ_RC
I3NU_RC	I70U_RC
I3NU_RC	I3NU
I3NU_RC	I43M_RC
I3NU_RC	I89H_RC
I3NU_RC	IA5Z_RC
I3NU_RC	I1IJ
I3NU_RC	I70U
I3Q2_RC	I3Q2_RC
I3Q2_RC	I87A
I3Q2_RC	IA4C
I3Q2_RC	I732_RC
I3Q2_RC	I428
I3Q2_RC	I1K0_RC
I3Q2_RC	I3Q2
I3Q2_RC	I87A_RC
I3Q2_RC	IA4C_RC
I3Q2_RC	I732
I3Q2_RC	I1K0
I3Q2_RC	I428_RC
I3QI_RC	I3QI_RC
I3QI_RC	IA3V
I3QI_RC	I73I_RC
I3QI_RC	I5ZZ
I3QI_RC	IBZ3
I3QI_RC	I1KG_RC
I3QI_RC	I3QI
I3QI_RC	IA3V_RC
I3QI_RC	I73I
I3QI_RC	I5ZZ_RC
I3QI_RC	IBZ3_RC
I3QI_RC	I1KG
I3RU_RC	I3RU_RC
I3RU_RC	I5YT
I3RU_RC	I74U_RC
I3RU_RC	IA2N
I3RU_RC	I3RU
I3RU_RC	I5YT_RC
I3RU_RC	I74U
I3RU_RC	IA2N_RC
I3UI_RC	I3UI_RC
I3UI_RC	IBVB
I3UI_RC	I1O9_RC
I3UI_RC	I5VW
I3UI_RC	I9ZX
I3UI_RC	I77I_RC
I3UI_RC	I3UI
I3UI_RC	IBVB_RC
I3UI_RC	I1O9
I3UI_RC	I5VW_RC
I3UI_RC	I9ZX_RC
I3UI_RC	I77I
I3UY_RC	I3UY_RC
I3UY_RC	IBUU
I3UY_RC	I1OR_RC
I3UY_RC	I5VG
I3UY_RC	I9ZI
I3UY_RC	I77Y_RC
I3UY_RC	I3UY
I3UY_RC	IBUU_RC
I3UY_RC	I1OR
I3UY_RC	I5VG_RC
I3UY_RC	I77Y
I3UY_RC	I9ZI_RC
I3VE_RC	I3VE_RC
I3VE_RC	I3VE
I42I_RC	I42I_RC
I42I_RC	I42I
I48Q_RC	I48Q_RC
I48Q_RC	I48Q
I4CA_RC	I4CA_RC
I4CA_RC	I8IB_RC
I4CA_RC	I19R
I4CA_RC	I4CA
I4CA_RC	I8IB
I4CA_RC	I19R_RC
I4EI_RC	I4EI_RC
I4EI_RC	I4EI
I4EY_RC	I4EY_RC
I4EY_RC	I8LF_RC
I4EY_RC	I4EY
I4EY_RC	I8LF
I4H6_RC	I4H6_RC
I4H6_RC	IHF_RC
I4H6_RC	I4H6
I4H6_RC	IHF
I4I2_RC	I4I2_RC
I4I2_RC	I4I2
I4JE_RC	I4JE_RC
I4JE_RC	I4JE
I4KA_RC	I4KA_RC
I4KA_RC	I377
I4KA_RC	I6JU
I4KA_RC	I8QI_RC
I4KA_RC	I4KA
I4M2_RC	I4M2_RC
I4M2_RC	I4M2
I4QY_RC	I4QY_RC
I4QY_RC	I4QY
I4YI_RC	I4YI_RC
I4YI_RC	I4YI
I4YY_RC	I4YY_RC
I4YY_RC	I4YS_RC
I4YY_RC	I4YY
I4YY_RC	I4YS
I54Q_RC	I54Q_RC
I54Q_RC	I54Q
I57U_RC	I57U_RC
I57U_RC	I57U
I58A_RC	I58A_RC
I58A_RC	I58A
I5AY_RC	I5AY_RC
I5AY_RC	I5AY
I5I2_RC	I5I2_RC
I5I2_RC	I21E
I5I2_RC	I5F
I5I2_RC	IBJ8_RC
I5I2_RC	IBJB_RC
I5I2_RC	I9NW_RC
I5I2_RC	I9NZ_RC
I5I2_RC	I5C
I5I2_RC	I7KG
I5I2_RC	I5I2
I5I2_RC	I21E_RC
I5I2_RC	I5F_RC
I5I2_RC	IBJ8
I5I2_RC	IBJB
I5I2_RC	I9NW
I5I2_RC	I9NZ
I5I2_RC	I5C_RC
I5I2_RC	I7KG_RC
I5JU_RC	I5JU_RC
I5JU_RC	I5JU
I5OA_RC	I5OA_RC
I5OA_RC	I69X_RC
I5OA_RC	ITO_RC
I5OA_RC	I2XA_RC
I5OA_RC	I1UN
I5OA_RC	IA5B_RC
I5OA_RC	IAUO
I5OQ_RC	I5OQ_RC
I5OQ_RC	I5OQ
I5PM_RC	I5PM_RC
I5PM_RC	I5PM
I5Q2_RC	I5Q2_RC
I5Q2_RC	I5Q2
I5QI_RC	I5QI_RC
I5QI_RC	I5QI
I5QY_RC	I5QY_RC
I5QY_RC	I5QY
I5XM_RC	I5XM_RC
I5XM_RC	I5XM
I60Q_RC	I60Q_RC
I60Q_RC	I2ZL
I60Q_RC	I6C8
I60Q_RC	I2NE_RC
I60Q_RC	I86I_RC
I60Q_RC	I2RF
I60Q_RC	I60Q
I60Q_RC	I2ZL_RC
I60Q_RC	I6C8_RC
I60Q_RC	I2NE
I60Q_RC	I86I
I60Q_RC	I2RF_RC
I622_RC	I622_RC
I622_RC	I4Z6_RC
I622_RC	I2Q2
I622_RC	I94R_RC
I622_RC	I2Q2_RC
I622_RC	I4Z6
I622_RC	I622
I622_RC	I94R
I6AI_RC	I6AI_RC
I6AI_RC	I2XV_RC
I6AI_RC	I6AI
I6AI_RC	I2XV
I6CA_RC	I6CA_RC
I6CA_RC	I2ZN_RC
I6CA_RC	I6CA
I6CA_RC	I2ZN
I6IY_RC	I6IY_RC
I6IY_RC	I36B_RC
I6IY_RC	I6IY
I6IY_RC	I36B
I6MI_RC	I6MI_RC
I6MI_RC	I39V_RC
I6MI_RC	I6MI
I6MI_RC	I39V
I6RU_RC	I6RU_RC
I6RU_RC	I3F7_RC
I6RU_RC	I6RU
I6RU_RC	I3F7
I6UI_RC	I6UI_RC
I6UI_RC	I3VA
I6UI_RC	I6UI
I6UI_RC	I3VA_RC
I6YI_RC	I6YI_RC
I6YI_RC	I3LG_RC
I6YI_RC	I45T
I6YI_RC	I8BX
I6YI_RC	I6YI
I6YI_RC	I3LG
I6YI_RC	IA8B
I6YI_RC	I1G9_RC
I6YI_RC	IA8B_RC
I6YI_RC	I1G9
I6YI_RC	I8BX_RC
I6YI_RC	I45T_RC
I70A_RC	I70A_RC
I70A_RC	I3NA_RC
I70A_RC	I70A
I70A_RC	I3NA
I722_RC	I722_RC
I722_RC	I3P2_RC
I722_RC	I722
I722_RC	I3P2
I72I_RC	I72I_RC
I72I_RC	I3PI_RC
I72I_RC	I72I
I72I_RC	I3PI
I73E_RC	I73E_RC
I73E_RC	I3QE_RC
I73E_RC	I73E
I73E_RC	I3QE
I73U_RC	I73U_RC
I73U_RC	I3QU_RC
I73U_RC	I73U
I73U_RC	I3QU
I76Y_RC	I76Y_RC
I76Y_RC	IA0K
I76Y_RC	I3TY_RC
I76Y_RC	I76Y
I76Y_RC	IA0K_RC
I76Y_RC	I3TY
I7CA_RC	I7CA_RC
I7CA_RC	I9V8
I7CA_RC	I3ZP_RC
I7CA_RC	IBQL
I7CA_RC	I7CA
I7CA_RC	I9V8_RC
I7CA_RC	I3ZP
I7CA_RC	IBQL_RC
I7CQ_RC	I7CQ_RC
I7CQ_RC	I405_RC
I7CQ_RC	I7CQ
I7CQ_RC	I405
I7EY_RC	I7EY_RC
I7EY_RC	IBNL
I7EY_RC	I9SL
I7EY_RC	I1VW_RC
I7EY_RC	I7EY
I7EY_RC	IBNL_RC
I7EY_RC	I9SL_RC
I7EY_RC	I1VW
I7GA_RC	I7GA_RC
I7GA_RC	I5LD
I7GA_RC	I9R7
I7GA_RC	I1X8_RC
I7GA_RC	I1Q_RC
I7GA_RC	IBM8
I7GA_RC	I7GA
I7GA_RC	I5LD_RC
I7GA_RC	I9R7_RC
I7GA_RC	I1X8
I7GA_RC	I1Q
I7GA_RC	IBM8_RC
I7KQ_RC	I7KQ_RC
I7KQ_RC	I5HV
I7KQ_RC	I9NO
I7KQ_RC	IBIZ
I7KQ_RC	I21O_RC
I7KQ_RC	I5Q_RC
I7KQ_RC	I7KQ
I7KQ_RC	I5HV_RC
I7KQ_RC	I9NO_RC
I7KQ_RC	IBIZ_RC
I7KQ_RC	I21O
I7KQ_RC	I5Q
I7L6_RC	I7L6_RC
I7L6_RC	I5HF
I7L6_RC	I9N7
I7L6_RC	IBIK
I7L6_RC	I224_RC
I7L6_RC	I66_RC
I7L6_RC	I7L6
I7L6_RC	I5HF_RC
I7L6_RC	I9N7_RC
I7L6_RC	I224
I7L6_RC	IBIK_RC
I7L6_RC	I66
I7MY_RC	I7MY_RC
I7MY_RC	I9LH
I7MY_RC	I5FR
I7MY_RC	I23W_RC
I7MY_RC	I7MY
I7MY_RC	I9LH_RC
I7MY_RC	I5FR_RC
I7MY_RC	I23W
I7PM_RC	I7PM_RC
I7PM_RC	I9IC
I7PM_RC	I26J_RC
I7PM_RC	I5DA
I7PM_RC	I7PM
I7PM_RC	I9IC_RC
I7PM_RC	I26J
I7PM_RC	I5DA_RC
I7TM_RC	I7TM_RC
I7TM_RC	I2AJ_RC
I7TM_RC	I9EK
I7TM_RC	IE5_RC
I7TM_RC	IBA7
I7TM_RC	I59S
I7TM_RC	I7TM
I7TM_RC	I2AJ
I7TM_RC	I9EK_RC
I7TM_RC	IE5
I7TM_RC	IBA7_RC
I7TM_RC	I59S_RC
I7U2_RC	I7U2_RC
I7U2_RC	I2AZ_RC
I7U2_RC	I9E5
I7U2_RC	IEL_RC
I7U2_RC	IB9Q
I7U2_RC	I7U2
I7U2_RC	I2AZ
I7U2_RC	IEL
I7U2_RC	I9E5_RC
I7U2_RC	IB9Q_RC
I7Y2_RC	I7Y2_RC
I7Y2_RC	I2EZ_RC
I7Y2_RC	I7Y2
I7Y2_RC	I2EZ
I7ZE_RC	I7ZE_RC
I7ZE_RC	IG2_RC
I7ZE_RC	IB89
I7ZE_RC	I9CR
I7ZE_RC	I2GB_RC
I7ZE_RC	I570
I7ZE_RC	I7ZE
I7ZE_RC	IG2
I7ZE_RC	IB89_RC
I7ZE_RC	I2GB
I7ZE_RC	I9CR_RC
I7ZE_RC	I570_RC
I80Q_RC	I80Q_RC
I80Q_RC	I52P
I80Q_RC	I2HN_RC
I80Q_RC	I2L0_RC
I80Q_RC	I843_RC
I80Q_RC	I60V_RC
I80Q_RC	I2RA
I80Q_RC	I80Q
I80Q_RC	I52P_RC
I80Q_RC	I2HN
I80Q_RC	I2L0
I80Q_RC	I843
I80Q_RC	I60V
I80Q_RC	I2RA_RC
I81M_RC	I81M_RC
I81M_RC	I55T
I81M_RC	I2IJ_RC
I81M_RC	I9BH
I81M_RC	IH9_RC
I81M_RC	IB72
I81M_RC	I81M
I81M_RC	I55T_RC
I81M_RC	I2IJ
I81M_RC	IH9
I81M_RC	I9BH_RC
I81M_RC	IB72_RC
I84Q_RC	I84Q_RC
I84Q_RC	I2LM_RC
I84Q_RC	I2LM
I84Q_RC	I84Q
I862_RC	I862_RC
I862_RC	I2MY_RC
I862_RC	I862
I862_RC	I2MY
I86Y_RC	I86Y_RC
I86Y_RC	I86Y
I87E_RC	I87E_RC
I87E_RC	I72Y
I87E_RC	I3PY
I87E_RC	I72Y_RC
I87E_RC	I3PY_RC
I8E2_RC	I8E2_RC
I8E2_RC	I486_RC
I8E2_RC	I8E2
I8E2_RC	I486
I8HM_RC	I8HM_RC
I8HM_RC	I4BM_RC
I8HM_RC	I8HM
I8HM_RC	I4BM
I8II_RC	I8II_RC
I8II_RC	I4CF_RC
I8II_RC	I8II
I8II_RC	I4CF
I8JU_RC	I8JU_RC
I8JU_RC	I4D1_RC
I8JU_RC	I8JU
I8JU_RC	I4D1
I8L6_RC	I8L6_RC
I8L6_RC	I4EH_RC
I8L6_RC	I8L6
I8L6_RC	I4EH
I8NE_RC	I8NE_RC
I8NE_RC	I3AC
I8NE_RC	I6MZ
I8NE_RC	I156
I8NE_RC	IAJ9_RC
I8NE_RC	IAJA_RC
I8NE_RC	I8NE
I8NE_RC	I156_RC
I8NE_RC	IAJ9
I8NE_RC	IAJA
I8NE_RC	I6MZ_RC
I8NE_RC	I3AC_RC
I8PM_RC	I8PM_RC
I8PM_RC	I8PM
I8VE_RC	I8VE_RC
I8VE_RC	I4PM_RC
I8VE_RC	IWR
I8VE_RC	I6E0
I8VE_RC	I31C
I8VE_RC	I8VE
I8VE_RC	I4PM
I8VE_RC	I31C_RC
I8VE_RC	I6E0_RC
I8VE_RC	IWR_RC
I8WA_RC	I8WA_RC
I8WA_RC	I8WA
I95M_RC	I95M_RC
I98Q_RC	I98Q_RC
I98Q_RC	I98Q
I9A2_RC	I9A2_RC
I9A2_RC	I9A2
I9AI_RC	I9AI_RC
I9AI_RC	I53U_RC
I9AI_RC	I9AI
I9AI_RC	I53U
I9AY_RC	I9AY_RC
I9AY_RC	II0
I9AY_RC	I82H
I9AY_RC	I2JE
I9AY_RC	IB66_RC
I9AY_RC	I9AY
I9AY_RC	II0_RC
I9AY_RC	I82H_RC
I9AY_RC	I2JE_RC
I9AY_RC	IB66
I9CA_RC	I9CA_RC
I9CA_RC	I9CA
I9D6_RC	I9D6_RC
I9D6_RC	I58I_RC
I9D6_RC	IB8P_RC
I9D6_RC	IFM
I9D6_RC	IB8P
I9D6_RC	IFM_RC
I9D6_RC	I9D6
I9D6_RC	I58I
I9EI_RC	I9EI_RC
I9EI_RC	I7TO
I9EI_RC	IBA4_RC
I9EI_RC	I2AL
I9EI_RC	I59Q_RC
I9EI_RC	IE7
I9EI_RC	I9EI
I9EI_RC	IBA4
I9EI_RC	I7TO_RC
I9EI_RC	I2AL_RC
I9EI_RC	I59Q
I9EI_RC	IE7_RC
I9EY_RC	I9EY_RC
I9EY_RC	I9EY
I9FE_RC	I9FE_RC
I9FE_RC	I2A3
I9FE_RC	I7T6
I9FE_RC	IBAO_RC
I9FE_RC	IDO
I9FE_RC	I9FE
I9FE_RC	I2A3_RC
I9FE_RC	I7T6_RC
I9FE_RC	IBAO
I9FE_RC	IDO_RC
I9KA_RC	I9KA_RC
I9KA_RC	I54T_RC
I9KA_RC	I8W
I9KA_RC	IBG0_RC
I9KA_RC	I9KA
I9KA_RC	I54T
I9KA_RC	IBG0
I9KA_RC	I8W_RC
I9KQ_RC	I9KQ_RC
I9KQ_RC	I9KQ
I9OQ_RC	I9OQ_RC
I9OQ_RC	I5IV_RC
I9OQ_RC	I9OQ
I9OQ_RC	I5IV
I9P6_RC	I9P6_RC
I9P6_RC	I7IE
I9P6_RC	I1ZC
I9P6_RC	I5JG_RC
I9P6_RC	I3J
I9P6_RC	IBKG_RC
I9P6_RC	I9P6
I9P6_RC	I7IE_RC
I9P6_RC	I1ZC_RC
I9P6_RC	I5JG
I9P6_RC	I3J_RC
I9P6_RC	IBKG
I9QY_RC	I9QY_RC
I9QY_RC	I9QY
I9T6_RC	I9T6_RC
I9T6_RC	I8A3_RC
I9T6_RC	I9T6
I9T6_RC	I8A3
IA4Q_RC	IA4Q_RC
IA4Q_RC	IA4Q
IA56_RC	IA56_RC
IA56_RC	I3OJ
IA56_RC	I71J
IA56_RC	I88N_RC
IA56_RC	I42Z_RC
IA56_RC	I1JA
IA56_RC	IA56
IA56_RC	I3OJ_RC
IA56_RC	I88N
IA56_RC	I71J_RC
IA56_RC	I42Z
IA56_RC	I1JA_RC
IA7E_RC	IA7E_RC
IA7E_RC	I8B5_RC
IA7E_RC	I1H3
IAA2_RC	IAA2_RC
IAA2_RC	I1EJ
IAA2_RC	I47K_RC
IAA2_RC	IAA2
IAA2_RC	I1EJ_RC
IAA2_RC	I47K
IAGA_RC	IAGA_RC
IAGA_RC	IAGA
IAJE_RC	IAJE_RC
IAJE_RC	IAJE
I95P	I95P
I95P	I9K5_RC
I95P	I2P4_RC
I95P	I95N
I95P	I630
I95P	IB1R
I95P	I893
I95P	I4ZZ
I95P	IBKQ
I95P	I62Z
I95P	I2P5_RC
I95P	IA7V
I95P	I1GP_RC
I95P	I62Z_RC
I95P	I2P5
I95P	I95N_RC
I95P	IA7V_RC
I95P	I1GP
I95P	IB1P
I95P	IMQ_RC
I95P	IB1P_RC
I95P	IMQ
I95P	I4ZZ_RC
I95P	I95P_RC
I95P	I2P4
I95P	I630_RC
I95P	IB1R_RC
I95P	IB3
I95P	IBDT_RC
I95P	IB4
I95P	IB5
I95P	I8W1
I95P	I9K5
I95P	I893_RC
I95P	I5JT_RC
I95P	IBKQ_RC
I95P	IBDR_RC
I95P	IBDS_RC
I95P	I26O
I95P	I7PR
I95P	I26O_RC
I95P	I7PR_RC
I9RX	I9RX
I9RX	I5M6
I9RX	I1WJ_RC
I9RX	I7FL_RC
I9RX	I11
I9RX	I7FL
I9RX	I1WJ
I9RX	IBMX_RC
I9RX	I9RX_RC
I9RX	I5M6_RC
I9RX	IBMX
I9RX	I11_RC
I9GF_RC	I9GF_RC
I9GF_RC	I9GF
I9Z3_RC	I9Z3_RC
I9Z3_RC	I9Z3
IA0F_RC	IA0F_RC
IA0F_RC	I5WE_RC
IA0F_RC	IA0F
IA0F_RC	I5WE
IA4V_RC	IA4V_RC
IA4V_RC	I1JL
IA4V_RC	IA4V
IA4V_RC	I1JL_RC
IAJJ_RC	IAJJ_RC
IAJJ_RC	IAJJ
IAKV_RC	IAKV_RC
IAKV_RC	I38K
IAKV_RC	I8P2_RC
IAKV_RC	I13G
IAKV_RC	I4IW_RC
IAKV_RC	IAKX_RC
IAKV_RC	I38I
IAKV_RC	I8P4_RC
IAKV_RC	I6L5
IAKV_RC	I13E
IAKV_RC	I6L7
IAKV_RC	IAKV
IAKV_RC	I38K_RC
IAKV_RC	I8P2
IAKV_RC	I13G_RC
IAKV_RC	I4IW
IAKV_RC	IAKX
IAKV_RC	I38I_RC
IAKV_RC	I8P4
IAKV_RC	I6L5_RC
IAKV_RC	I13E_RC
IAKV_RC	I6L7_RC
IAMN_RC	IAMN_RC
IAMN_RC	I11H
IAMN_RC	I8QX_RC
IAMN_RC	IAMN
IAMN_RC	I11H_RC
IAMN_RC	I8QX
IAZZ_RC	IAZZ_RC
IAZZ_RC	IOD
IAZZ_RC	IAZZ
IAZZ_RC	IOD_RC
IBI7_RC	IBI7_RC
IBI7_RC	I9MU_RC
IBI7_RC	I5H3_RC
IBI7_RC	I6J
IBI7_RC	I5H3
IBI7_RC	I9MU
IBI7_RC	I6J_RC
IBI7_RC	IBI7
IBJ3_RC	IBJ3_RC
IBJ3_RC	I9NR_RC
IBJ3_RC	I5L
IBJ3_RC	I5HY
IBJ3_RC	I5HY_RC
IBJ3_RC	IBJ3
IBJ3_RC	I9NR
IBJ3_RC	I5L_RC
IBOV_RC	IBOV_RC
IBOV_RC	I6S4
IBOV_RC	I8HZ_RC
IBOV_RC	IAEI_RC
IBOV_RC	I1A3
IBOV_RC	I3FH
IBOV_RC	I4BY_RC
IBOV_RC	I1TP
IBOV_RC	IBK6_RC
IBOV_RC	IBK8
IBOV_RC	I7YJ_RC
IBOV_RC	I2FG_RC
IBOV_RC	I54H
IBOV_RC	I9B8
IBOV_RC	IB6G
IBOV_RC	IHQ_RC
IBOV_RC	I9B9
IBOV_RC	I54I
IBOV_RC	IB6H
IBOV_RC	IHP_RC
IBOV_RC	I54H_RC
IBOV_RC	I9B8_RC
IBOV_RC	IB6G_RC
IBOV_RC	IHQ
IBOV_RC	I9B9_RC
IBOV_RC	I54I_RC
IBOV_RC	IB6H_RC
IBOV_RC	IHP
IBOV_RC	IAJB
IBOV_RC	IAJB_RC
IBOV_RC	IBOV
IBOV_RC	I6S4_RC
IBOV_RC	I8HZ
IBOV_RC	IAEI
IBOV_RC	I1A3_RC
IBOV_RC	I4FW_RC
IBOV_RC	I3FH_RC
IBOV_RC	I4BY
IBOV_RC	I1TP_RC
IBOV_RC	IBK6
IBOV_RC	IBK8_RC
IBOV_RC	I7YJ
IBOV_RC	I2FG
IBQ7_RC	IBQ7_RC
IBQ7_RC	IBQ7
I4JF	I4JF
I52J	I52J
I723	I723
I723	I3P3
I723	I3P3_RC
I723	I723_RC
I7GR	I7GR
I7GR	IBY9
I7GR	I5KX_RC
I7GR	IBOA
I7GR	I1XP
I7GR	I27
I7GR	I1LB_RC
I7GR	IBLR_RC
I7GR	I9QO_RC
I7Y3	I7Y3
I7Y3	I2F0
I7Y3	I2F0_RC
I7Y3	I7Y3_RC
I8AJ	I8AJ
I8AJ	I3MV
I8AJ	I44I_RC
I8AJ	I1HK
I8AJ	IA6X_RC
I8AJ	I6ZV
I8AJ	I8AJ_RC
I8AJ	I9LR_RC
I8AJ	I1HK_RC
I8AJ	I37L
I8AJ	I44I
I8AJ	I6K8
I8AJ	IA6X
I8AJ	I4JW_RC
I8AJ	I8Q4_RC
I8AJ	I6ZV_RC
I8AJ	I3MV_RC
I9IJ	I9IJ
I9IJ	I5DM
I9IJ	IBE7
I9IJ	IAO_RC
I9IJ	I7PF
I9IJ	I26C
I9IJ	I9IJ_RC
I9IJ	IBE7_RC
I9IJ	IAO
I9IJ	I26C_RC
I9IJ	I7PF_RC
I9IJ	I5DM_RC
I9PN	I9PN
I9PN	I5JZ
I9PN	I9PN_RC
I9PN	I5JZ_RC
I9PN	IBKS
I9PN	I36_RC
I9PN	IBKS_RC
I9PN	I36
I9PN	I7HR
I9PN	I1YP
I9PN	I7HR_RC
I9PN	I1YP_RC
IB63	IB63
IB63	I9AT
IB63	II3_RC
IB63	I82K_RC
IB63	I2JH_RC
IB63	II3
IB63	I9AT_RC
IB63	IB63_RC
IB63	I82K
IB63	I2JH
IBIJ	IBIJ
IBIJ	I5HE
IBIJ	I9N6
IBIJ	I7L7_RC
IBIJ	I225_RC
IBIJ	I67_RC
IBIJ	I7L7
IBIJ	I5HE_RC
IBIJ	I9N6_RC
IBIJ	IBIJ_RC
IBIJ	I225
IBIJ	I67
I17_RC	I17_RC
I17_RC	IBMR
I17_RC	I17
I17_RC	IBMR_RC
I17_RC	I7FR
I17_RC	IBMS_RC
I17_RC	I9RQ_RC
I17_RC	I5LZ_RC
I17_RC	I9RR_RC
I17_RC	I5M0_RC
I17_RC	I1WP
I17_RC	I16
I23_RC	I23_RC
I23_RC	IBLV
I23_RC	I9QS
I23_RC	I23
I23_RC	IBLV_RC
I23_RC	I9QS_RC
I3V_RC	I3V_RC
I3V_RC	I14Y
I3V_RC	I3V
I3V_RC	I14Y_RC
I4B_RC	I4B_RC
I4B_RC	I4B
I7V_RC	I7V_RC
I7V_RC	I5FO
I7V_RC	I7N1_RC
I7V_RC	IBGV
I7V_RC	I23Z_RC
I7V_RC	I7V
I7V_RC	I5FO_RC
I7V_RC	I7N1
I7V_RC	I23Z
I7V_RC	IBGV_RC
I8B_RC	I8B_RC
I8B_RC	I9L0
I8B_RC	I5FA
I8B_RC	I7NG_RC
I8B_RC	I24E_RC
I8B_RC	IBGF
I8B_RC	I8B
I8B_RC	I9L0_RC
I8B_RC	I5FA_RC
I8B_RC	I7NG
I8B_RC	I24E
I8B_RC	IBGF_RC
IKR_RC	IKR_RC
IKR_RC	I97N
IKR_RC	I512
IKR_RC	IB3G
IKR_RC	I2N0_RC
IKR_RC	I864_RC
IKR_RC	IKR
IKR_RC	I97N_RC
IKR_RC	I512_RC
IKR_RC	I2N0
IKR_RC	I864
IKR_RC	IB3G_RC
IL7_RC	IL7_RC
IL7_RC	I2Z5
IL7_RC	I7R7_RC
IL7_RC	I284_RC
IL7_RC	I31Y
IL7_RC	I2RR
IL7_RC	I96V
IL7_RC	I81Z_RC
IL7_RC	I6BS
IL7_RC	I2IW_RC
IL7_RC	I2QY
IL7_RC	I64A
IL7_RC	I2NU_RC
IL7_RC	I9KB
IL7_RC	I617_RC
IL7_RC	I7VF_RC
IL7_RC	I2CC_RC
IL7_RC	I6EM
IL7_RC	I60E_RC
IL7_RC	IL7
IL7_RC	I2Z5_RC
IL7_RC	I7R7
IL7_RC	I284
IL7_RC	I31Y_RC
IL7_RC	I81Z
IL7_RC	I2RR_RC
IL7_RC	I96V_RC
IL7_RC	I2IW
IL7_RC	I6BS_RC
IL7_RC	I2NU
IL7_RC	I2QY_RC
IL7_RC	I64A_RC
IL7_RC	I617
IL7_RC	I7VF
IL7_RC	I9KB_RC
IL7_RC	I2CC
IL7_RC	I60E
IL7_RC	I6EM_RC
ILN_RC	ILN_RC
ILN_RC	IB2R
ILN_RC	I50P
ILN_RC	ILN
ILN_RC	IB2R_RC
ILN_RC	I50P_RC
IOB_RC	IOB_RC
IOB_RC	IB01
IOB_RC	IOB
IOB_RC	IB01_RC
I10R_RC	I10R_RC
I10R_RC	I10R
I123_RC	I123_RC
I123_RC	I123
I14R_RC	I14R_RC
I14R_RC	I14R
I1AZ_RC	I1AZ_RC
I1AZ_RC	IADM
I1AZ_RC	I6SY_RC
I1AZ_RC	I8H0
I1AZ_RC	I4AX
I1AZ_RC	I3GB_RC
I1AZ_RC	I1AZ
I1AZ_RC	IADM_RC
I1AZ_RC	I6SY
I1AZ_RC	I8H0_RC
I1AZ_RC	I4AX_RC
I1AZ_RC	I3GB
I1L7_RC	I1L7_RC
I1L7_RC	I1L7
I1MZ_RC	I1MZ_RC
I1MZ_RC	IBWL
I1MZ_RC	I1MZ
I1MZ_RC	IBWL_RC
I1SR_RC	I1SR_RC
I1SR_RC	IBQV
I1SR_RC	I3ZF_RC
I1SR_RC	I5RI
I1SR_RC	I9VI
I1SR_RC	I7C0_RC
I1SR_RC	I1SR
I1SR_RC	IBQV_RC
I1SR_RC	I3ZF
I1SR_RC	I5RI_RC
I1SR_RC	I9VI_RC
I1SR_RC	I7C0
I1TN_RC	I1TN_RC
I1TN_RC	IBPM
I1TN_RC	I1TN
I1TN_RC	IBPM_RC
I1UJ_RC	I1UJ_RC
I1UJ_RC	I1UJ
I1VV_RC	I1VV_RC
I1VV_RC	IBNM
I1VV_RC	I7EX_RC
I1VV_RC	I1VV
I1VV_RC	IBNM_RC
I1VV_RC	I7EX
I1ZV_RC	I1ZV_RC
I1ZV_RC	I7IX_RC
I1ZV_RC	I1ZV
I1ZV_RC	I7IX
I20B_RC	I20B_RC
I20B_RC	I7JD_RC
I20B_RC	I20B
I20B_RC	I7JD
I20R_RC	I20R_RC
I20R_RC	I7JT_RC
I20R_RC	I20R
I20R_RC	I7JT
I22J_RC	I22J_RC
I22J_RC	I7LL_RC
I22J_RC	I22J
I22J_RC	I7LL
I23V_RC	I23V_RC
I23V_RC	I5FS
I23V_RC	I7MX_RC
I23V_RC	I23V
I23V_RC	I5FS_RC
I23V_RC	I7MX
I27V_RC	I27V_RC
I27V_RC	I7QY_RC
I27V_RC	I27V
I27V_RC	I7QY
I28R_RC	I28R_RC
I28R_RC	I7RU_RC
I28R_RC	ICI_RC
I28R_RC	I9GO
I28R_RC	I5BY
I28R_RC	IBCE
I28R_RC	I28R
I28R_RC	I7RU
I28R_RC	ICI
I28R_RC	I9GO_RC
I28R_RC	I5BY_RC
I28R_RC	IBCE_RC
I297_RC	I297_RC
I297_RC	I9G8
I297_RC	I7SA_RC
I297_RC	I297
I297_RC	I9G8_RC
I297_RC	I7SA
I2BV_RC	I2BV_RC
I2BV_RC	I7UY_RC
I2BV_RC	I2BV
I2BV_RC	I7UY
I2CR_RC	I2CR_RC
I2CR_RC	I7VU_RC
I2CR_RC	I2CR
I2CR_RC	I7VU
I2DN_RC	I2DN_RC
I2DN_RC	I7WQ_RC
I2DN_RC	I2DN
I2DN_RC	I7WQ
I2FF_RC	I2FF_RC
I2FF_RC	I7YI_RC
I2FF_RC	I2FF
I2FF_RC	I7YI
I2FV_RC	I2FV_RC
I2FV_RC	I7YY_RC
I2FV_RC	I2FV
I2FV_RC	I7YY
I2I3_RC	I2I3_RC
I2I3_RC	I816_RC
I2I3_RC	I2I3
I2I3_RC	I816
I2IZ_RC	I2IZ_RC
I2IZ_RC	I822_RC
I2IZ_RC	I2IZ
I2IZ_RC	I822
I2OB_RC	I2OB_RC
I2OB_RC	I63T
I2OB_RC	I50K
I2OB_RC	ILV_RC
I2OB_RC	I63R
I2OB_RC	I96G
I2OB_RC	IB2L
I2OB_RC	I2OD_RC
I2OB_RC	I2OB
I2OB_RC	I63T_RC
I2OB_RC	I50K_RC
I2OB_RC	ILV
I2OB_RC	I63R_RC
I2OB_RC	I96G_RC
I2OB_RC	I2OD
I2OB_RC	IB2L_RC
I2QJ_RC	I2QJ_RC
I2QJ_RC	I61L
I2QJ_RC	I2QJ
I2QJ_RC	I61L_RC
I2Y3_RC	I2Y3_RC
I2Y3_RC	I6AQ_RC
I2Y3_RC	I2Y3
I2Y3_RC	I6AQ
I2ZF_RC	I2ZF_RC
I2ZF_RC	I6C2_RC
I2ZF_RC	I5PK_RC
I2ZF_RC	I8IZ_RC
I2ZF_RC	I2J6_RC
I2ZF_RC	I829_RC
I2ZF_RC	IBPI
I2ZF_RC	IBPI_RC
I2ZF_RC	I8IZ
I2ZF_RC	I2J6
I2ZF_RC	I829
I2ZF_RC	I2ZF
I2ZF_RC	I6C2
I2ZF_RC	I3ZZ
I2ZF_RC	I7CK
I2ZF_RC	I3ZZ_RC
I2ZF_RC	I7CK_RC
I30R_RC	I30R_RC
I30R_RC	IAS1
I30R_RC	I6DF_RC
I30R_RC	I30R
I30R_RC	IAS1_RC
I30R_RC	I6DF
I323_RC	I323_RC
I323_RC	I6EQ_RC
I323_RC	I2NM
I323_RC	I86Q
I323_RC	I64J_RC
I323_RC	I607
I323_RC	I849
I323_RC	I2L6
I323_RC	I2RX_RC
I323_RC	I607_RC
I323_RC	I2NM_RC
I323_RC	I86Q_RC
I323_RC	I64J
I323_RC	I849_RC
I323_RC	I2L6_RC
I323_RC	I2RX
I323_RC	I55C
I323_RC	I80W_RC
I323_RC	I2HT_RC
I323_RC	I323
I323_RC	I6EQ
I323_RC	I80W
I323_RC	I2HT
I323_RC	I7R1
I323_RC	I9KH_RC
I323_RC	I27Y
I3TN_RC	I3TN_RC
I3TN_RC	IBW3
I3TN_RC	I5WT
I3TN_RC	IA0T
I3TN_RC	I1NH_RC
I3TN_RC	I76N_RC
I3TN_RC	I3TN
I3TN_RC	IBW3_RC
I3TN_RC	I1NH
I3TN_RC	I5WT_RC
I3TN_RC	IA0T_RC
I3TN_RC	I76N
I3VF_RC	I3VF_RC
I3VF_RC	I6UD
I3VF_RC	I3VF
I3VF_RC	I6UD_RC
I3ZV_RC	I3ZV_RC
I3ZV_RC	IBQF
I3ZV_RC	I1T8_RC
I3ZV_RC	I5R4
I3ZV_RC	I7CG_RC
I3ZV_RC	I3ZV
I3ZV_RC	IBQF_RC
I3ZV_RC	I1T8
I3ZV_RC	I7CG
I3ZV_RC	I5R4_RC
I40B_RC	I40B_RC
I40B_RC	I7CW_RC
I40B_RC	I9UN
I40B_RC	I9UO
I40B_RC	I40B
I40B_RC	I7CW
I40B_RC	I9UN_RC
I40B_RC	I9UO_RC
I40R_RC	I40R_RC
I40R_RC	I9U6
I40R_RC	I7DC_RC
I40R_RC	I40R
I40R_RC	I9U6_RC
I40R_RC	I7DC
I4CB_RC	I4CB_RC
I4CB_RC	I8IC_RC
I4CB_RC	I4CB
I4CB_RC	I8IC
I4EJ_RC	I4EJ_RC
I4EJ_RC	I4EJ
I4H7_RC	I4H7_RC
I4H7_RC	I4H7
I4LN_RC	I4LN_RC
I4LN_RC	I4LN
I4M3_RC	I4M3_RC
I4M3_RC	I4M3
I4QZ_RC	I4QZ_RC
I4QZ_RC	I4QZ
I4RF_RC	I4RF_RC
I4RF_RC	I4RF
I4YZ_RC	I4YZ_RC
I4YZ_RC	I4YT_RC
I4YZ_RC	I4YZ
I4YZ_RC	I4YT
I4ZF_RC	I4ZF_RC
I4ZF_RC	INB
I4ZF_RC	I2PT
I4ZF_RC	I62B_RC
I4ZF_RC	I950_RC
I4ZF_RC	IB14_RC
I4ZF_RC	I4ZF
I4ZF_RC	INB_RC
I4ZF_RC	I2PT_RC
I4ZF_RC	I62B
I4ZF_RC	I950
I4ZF_RC	IB14
I52Z_RC	I52Z_RC
I52Z_RC	I83R
I52Z_RC	I98Y_RC
I52Z_RC	I2KO
I52Z_RC	IJE
I52Z_RC	IB4S_RC
I52Z_RC	I52Z
I52Z_RC	I83R_RC
I52Z_RC	I98Y
I52Z_RC	I2KO_RC
I52Z_RC	IJE_RC
I52Z_RC	IB4S
I53F_RC	I53F_RC
I53F_RC	I99E_RC
I53F_RC	IIW
I53F_RC	I83C
I53F_RC	I2K9
I53F_RC	IB59_RC
I53F_RC	IIV
I53F_RC	I83B
I53F_RC	I2K8
I53F_RC	I53G_RC
I53F_RC	IB5A_RC
I53F_RC	I53F
I53F_RC	I99E
I53F_RC	IIW_RC
I53F_RC	I83C_RC
I53F_RC	I2K9_RC
I53F_RC	I53G
I53F_RC	IB59
I53F_RC	IIV_RC
I53F_RC	I83B_RC
I53F_RC	I2K8_RC
I53F_RC	IB5A
I54R_RC	I54R_RC
I54R_RC	I54R
I557_RC	I557_RC
I557_RC	I52F_RC
I557_RC	I96Y_RC
I557_RC	I9KE_RC
I557_RC	I557
I557_RC	I52F
I557_RC	I96Y
I557_RC	I9KE
I5AZ_RC	I5AZ_RC
I5AZ_RC	I5AZ
I5E3_RC	I5E3_RC
I5E3_RC	I9J5_RC
I5E3_RC	I9J6_RC
I5E3_RC	IBET_RC
I5E3_RC	IBEU_RC
I5E3_RC	IA1
I5E3_RC	IA2
I5E3_RC	I7OR
I5E3_RC	I25O
I5E3_RC	I7OS
I5E3_RC	I25P
I5E3_RC	I5E3
I5E3_RC	I9J5
I5E3_RC	I9J6
I5E3_RC	IBET
I5E3_RC	IBEU
I5E3_RC	IA1_RC
I5E3_RC	IA2_RC
I5E3_RC	I7OR_RC
I5E3_RC	I25O_RC
I5E3_RC	I7OS_RC
I5E3_RC	I25P_RC
I5EJ_RC	I5EJ_RC
I5EJ_RC	I9JK_RC
I5EJ_RC	IBFB_RC
I5EJ_RC	I9L
I5EJ_RC	I5EJ
I5EJ_RC	I9JK
I5EZ_RC	I5EZ_RC
I5EZ_RC	IBFS_RC
I5EZ_RC	I94
I5EZ_RC	I7NU
I5EZ_RC	I24R
I5EZ_RC	I9K0_RC
I5EZ_RC	I5EZ
I5EZ_RC	I94_RC
I5EZ_RC	IBFS
I5EZ_RC	I7NU_RC
I5EZ_RC	I24R_RC
I5EZ_RC	I9K0
I5IZ_RC	I5IZ_RC
I5IZ_RC	IBK1_RC
I5IZ_RC	I7J9
I5IZ_RC	I4M
I5IZ_RC	I207
I5IZ_RC	I9OU_RC
I5IZ_RC	I7JA
I5IZ_RC	I208
I5IZ_RC	I5IY_RC
I5IZ_RC	I9OT_RC
I5IZ_RC	I5IZ
I5IZ_RC	IBK1
I5IZ_RC	I7J9_RC
I5IZ_RC	I4M_RC
I5IZ_RC	I207_RC
I5IZ_RC	I9OU
I5IZ_RC	I7JA_RC
I5IZ_RC	I208_RC
I5IZ_RC	I5IY
I5IZ_RC	I9OT
I5JV_RC	I5JV_RC
I5JV_RC	I5JV
I5MZ_RC	I5MZ_RC
I5MZ_RC	IA
I5MZ_RC	IBFM_RC
I5MZ_RC	I11F
I5MZ_RC	IANN
I5MZ_RC	IBNP_RC
I5MZ_RC	I7EU
I5MZ_RC	I1VS
I5MZ_RC	I9SQ_RC
I5MZ_RC	I9A
I5MZ_RC	I5MZ
I5MZ_RC	IA_RC
I5MZ_RC	IBFM
I5MZ_RC	I11F_RC
I5MZ_RC	IANN_RC
I5MZ_RC	IBNP
I5MZ_RC	I7EU_RC
I5MZ_RC	I1VS_RC
I5MZ_RC	I9SQ
I5MZ_RC	I9A_RC
I5OR_RC	I5OR_RC
I5OR_RC	I5OR
I5PN_RC	I5PN_RC
I5PN_RC	I5PN
I5Q3_RC	I5Q3_RC
I5Q3_RC	I5Q3
I5QJ_RC	I5QJ_RC
I5QJ_RC	I5QJ
I5UJ_RC	I5UJ_RC
I5UJ_RC	I5UJ
I5XN_RC	I5XN_RC
I5XN_RC	I5XN
I63V_RC	I63V_RC
I63V_RC	I2O9
I63V_RC	ILT
I63V_RC	I50M_RC
I63V_RC	I96I_RC
I63V_RC	IB2N_RC
I63V_RC	I63V
I63V_RC	I2O9_RC
I63V_RC	ILT_RC
I63V_RC	I50M
I63V_RC	I96I
I63V_RC	IB2N
I64R_RC	I64R_RC
I64R_RC	I2S5_RC
I64R_RC	I64R
I64R_RC	I2S5
I6AJ_RC	I6AJ_RC
I6AJ_RC	I2XW_RC
I6AJ_RC	I6AJ
I6AJ_RC	I2XW
I6EZ_RC	I6EZ_RC
I6EZ_RC	I32C_RC
I6EZ_RC	I6EZ
I6EZ_RC	I32C
I6H7_RC	I6H7_RC
I6H7_RC	I34K_RC
I6H7_RC	I6H7
I6H7_RC	I34K
I6IJ_RC	I6IJ_RC
I6IJ_RC	I35W_RC
I6IJ_RC	I6IJ
I6IJ_RC	I35W
I6IZ_RC	I6IZ_RC
I6IZ_RC	I36C_RC
I6IZ_RC	I6IZ
I6IZ_RC	I36C
I6MJ_RC	I6MJ_RC
I6MJ_RC	I39W_RC
I6MJ_RC	I6MJ
I6MJ_RC	I39W
I6MJ_RC	I60F
I6MJ_RC	I2RQ_RC
I6MJ_RC	I60F_RC
I6MJ_RC	I2RQ
I6Q3_RC	I6Q3_RC
I6Q3_RC	I3DG_RC
I6Q3_RC	I6Q3
I6Q3_RC	I3DG
I6RV_RC	I6RV_RC
I6RV_RC	I3F8_RC
I6RV_RC	I6RV
I6RV_RC	I3F8
I6YJ_RC	I6YJ_RC
I6YJ_RC	I3LH_RC
I6YJ_RC	I6YJ
I6YJ_RC	I3LH
I72J_RC	I72J_RC
I72J_RC	I3PJ_RC
I72J_RC	I72J
I72J_RC	I3PJ
I73V_RC	I73V_RC
I73V_RC	I3QV_RC
I73V_RC	I73V
I73V_RC	I3QV
I76Z_RC	I76Z_RC
I76Z_RC	IA0J
I76Z_RC	I3TZ_RC
I76Z_RC	I76Z
I76Z_RC	IA0J_RC
I76Z_RC	I3TZ
I7CR_RC	I7CR_RC
I7CR_RC	I406_RC
I7CR_RC	I7CR
I7CR_RC	I406
I7DN_RC	I7DN_RC
I7DN_RC	I412_RC
I7DN_RC	I7DN
I7DN_RC	I412
I7EZ_RC	I7EZ_RC
I7EZ_RC	I1VX_RC
I7EZ_RC	IE_RC
I7EZ_RC	I9SK
I7EZ_RC	IBNJ
I7EZ_RC	I7EZ
I7EZ_RC	I1VX
I7EZ_RC	IE
I7EZ_RC	I9SK_RC
I7EZ_RC	IBNJ_RC
I7FV_RC	I7FV_RC
I7FV_RC	I9RM
I7FV_RC	I5LV
I7FV_RC	I1WT_RC
I7FV_RC	IBMN
I7FV_RC	I1B_RC
I7FV_RC	I7FV
I7FV_RC	I9RM_RC
I7FV_RC	I5LV_RC
I7FV_RC	I1WT
I7FV_RC	I1B
I7FV_RC	IBMN_RC
I7HN_RC	I7HN_RC
I7HN_RC	I5K3
I7HN_RC	I1YL_RC
I7HN_RC	I9PR
I7HN_RC	IBKV
I7HN_RC	I33_RC
I7HN_RC	I7HN
I7HN_RC	I5K3_RC
I7HN_RC	I1YL
I7HN_RC	I33
I7HN_RC	I9PR_RC
I7HN_RC	IBKV_RC
I7IZ_RC	I7IZ_RC
I7IZ_RC	I1ZX_RC
I7IZ_RC	I7IZ
I7IZ_RC	I1ZX
I7JV_RC	I7JV_RC
I7JV_RC	I4X_RC
I7JV_RC	IBJQ
I7JV_RC	I5IG
I7JV_RC	I9OD
I7JV_RC	I20T_RC
I7JV_RC	I7JV
I7JV_RC	I4X
I7JV_RC	IBJQ_RC
I7JV_RC	I5IG_RC
I7JV_RC	I20T
I7JV_RC	I9OD_RC
I7Q3_RC	I7Q3_RC
I7Q3_RC	I9HT
I7Q3_RC	IBDG
I7Q3_RC	I9HY
I7Q3_RC	IBG_RC
I7Q3_RC	I270_RC
I7Q3_RC	I7Q3
I7Q3_RC	I9HT_RC
I7Q3_RC	IBDG_RC
I7Q3_RC	I9HY_RC
I7Q3_RC	IBG
I7Q3_RC	I270
I7TN_RC	I7TN_RC
I7TN_RC	I9EJ
I7TN_RC	I2AK_RC
I7TN_RC	IBA5
I7TN_RC	IE6_RC
I7TN_RC	I59R
I7TN_RC	I7TN
I7TN_RC	I9EJ_RC
I7TN_RC	I2AK
I7TN_RC	IBA5_RC
I7TN_RC	IE6
I7TN_RC	I59R_RC
I7U3_RC	I7U3_RC
I7U3_RC	I9E4
I7U3_RC	I2B0_RC
I7U3_RC	IB9P
I7U3_RC	IEM_RC
I7U3_RC	I7U3
I7U3_RC	I2B0
I7U3_RC	I9E4_RC
I7U3_RC	IB9P_RC
I7U3_RC	IEM
I7YZ_RC	I7YZ_RC
I7YZ_RC	I306_RC
I7YZ_RC	I4QW
I7YZ_RC	I8X7
I7YZ_RC	I2FW_RC
I7YZ_RC	I6CU_RC
I7YZ_RC	I5PB
I7YZ_RC	I307_RC
I7YZ_RC	I4QV
I7YZ_RC	I8X6
I7YZ_RC	I6CV_RC
I7YZ_RC	I8IO
I7YZ_RC	I57F
I80B_RC	I80B_RC
I80B_RC	IGZ_RC
I80B_RC	IB7C
I80B_RC	I563
I80B_RC	I2H8_RC
I80B_RC	I9BS
I80B_RC	I80B
I80B_RC	IGZ
I80B_RC	IB7C_RC
I80B_RC	I563_RC
I80B_RC	I2H8
I80B_RC	I9BS_RC
I81N_RC	I81N_RC
I81N_RC	I2IK_RC
I81N_RC	I55S
I81N_RC	I81N
I81N_RC	I2IK
I81N_RC	I55S_RC
I82J_RC	I82J_RC
I82J_RC	I544
I82J_RC	I9AU
I82J_RC	II2_RC
I82J_RC	IB64
I82J_RC	I2JG_RC
I82J_RC	I82J
I82J_RC	I544_RC
I82J_RC	I9AU_RC
I82J_RC	II2
I82J_RC	I2JG
I82J_RC	IB64_RC
I84R_RC	I84R_RC
I84R_RC	I2LN_RC
I84R_RC	I84R
I84R_RC	I2LN
I86Z_RC	I86Z_RC
I86Z_RC	I86Z
I88B_RC	I88B_RC
I88B_RC	I88B
I8E3_RC	I8E3_RC
I8E3_RC	I487_RC
I8E3_RC	I8E3
I8E3_RC	I487
I8GB_RC	I8GB_RC
I8GB_RC	I8GB
I8HN_RC	I8HN_RC
I8HN_RC	I8HN
I8IJ_RC	I8IJ_RC
I8IJ_RC	I8IJ
I8JV_RC	I8JV_RC
I8JV_RC	I4D2_RC
I8JV_RC	I8JV
I8JV_RC	I4D2
I8KR_RC	I8KR_RC
I8KR_RC	I8KR
I8M3_RC	I8M3_RC
I8M3_RC	IAHX_RC
I8M3_RC	I16J
I8M3_RC	I16J_RC
I8M3_RC	IAHX
I8M3_RC	I8M3
I8PN_RC	I8PN_RC
I8PN_RC	I4JF_RC
I8PN_RC	I8PN
I8WB_RC	I8WB_RC
I8WB_RC	I8WB
I8WR_RC	I8WR_RC
I8WR_RC	I8WR
I96Z_RC	I96Z_RC
I96Z_RC	IL5
I96Z_RC	I96Z
I96Z_RC	IL5_RC
I98R_RC	I98R_RC
I98R_RC	I98R
I9A3_RC	I9A3_RC
I9A3_RC	I9A3
I9E3_RC	I9E3_RC
I9E3_RC	I9E3
I9EZ_RC	I9EZ_RC
I9EZ_RC	I9EZ
I9H7_RC	I9H7_RC
I9H7_RC	I9H7
I9I3_RC	I9I3_RC
I9I3_RC	I5D4_RC
I9I3_RC	I9I3
I9I3_RC	I5D4
I9IZ_RC	I9IZ_RC
I9IZ_RC	I7OY
I9IZ_RC	I25V
I9IZ_RC	IBEN_RC
I9IZ_RC	IA8
I9IZ_RC	I9IZ
I9IZ_RC	I7OY_RC
I9IZ_RC	I25V_RC
I9IZ_RC	IBEN
I9IZ_RC	IA8_RC
I9KR_RC	I9KR_RC
I9KR_RC	I9KR
I9NF_RC	I9NF_RC
I9NF_RC	I9NF
I9VF_RC	I9VF_RC
I9VF_RC	I9VF
I9Y3_RC	I9Y3_RC
I9Y3_RC	IBTL_RC
I9Y3_RC	I1Q1
I9Y3_RC	I1N0
I9Y3_RC	IBWK_RC
I9Y3_RC	I3T5
I9Y3_RC	I765
I9Y3_RC	IA19_RC
I9Y3_RC	I5XA_RC
I9Y3_RC	I799
I9Y3_RC	I3WO
I9Y3_RC	I5U5_RC
I9Y3_RC	I765_RC
I9Y3_RC	IBWK
I9Y3_RC	I3T5_RC
I9Y3_RC	I1N0_RC
I9Y3_RC	IA19
I9Y3_RC	I5XA
I9Y3_RC	I5UW
IA17_RC	IA17_RC
IA17_RC	IBWI_RC
IA17_RC	I3T8
IA17_RC	I5X8_RC
IA17_RC	I1N2
IA17_RC	I768
IA17_RC	IA17
IA17_RC	IBWI
IA17_RC	I5X8
IA17_RC	I3T8_RC
IA17_RC	I1N2_RC
IA17_RC	I768_RC
IA3F_RC	IA3F_RC
IA3F_RC	I741
IA3F_RC	I3R1
IA3F_RC	I1KV
IA3F_RC	I5ZK_RC
IA3F_RC	IBYO_RC
IA3F_RC	IA3F
IA3F_RC	I741_RC
IA3F_RC	I3R1_RC
IA3F_RC	I1KV_RC
IA3F_RC	I5ZK
IA3F_RC	IBYO
IA57_RC	IA57_RC
IA57_RC	IA57
IA63_RC	IA63_RC
IA63_RC	I1IF
IA63_RC	IA63
IA63_RC	I1IF_RC
IAE3_RC	IAE3_RC
IAE3_RC	I1AI
IAE3_RC	IAE3
IAE3_RC	I1AI_RC
IAGB_RC	IAGB_RC
IAJF_RC	IAJF_RC
IAJF_RC	IAJF
IAJV_RC	IAJV_RC
IAJV_RC	I8O2_RC
IAJV_RC	I39I
IAJV_RC	I6M5
IAJV_RC	I14G
IAJV_RC	I4HS_RC
IAJV_RC	IAJV
IAJV_RC	I8O2
IAJV_RC	I39I_RC
IAJV_RC	I6M5_RC
IAJV_RC	I4HS
IAJV_RC	I14G_RC
IAQZ_RC	IAQZ_RC
IAQZ_RC	IX4
IAQZ_RC	IAQZ
IAQZ_RC	IX4_RC
IARF_RC	IARF_RC
IARF_RC	IARF
IASR_RC	IASR_RC
IASR_RC	I303
IASR_RC	I304
IASR_RC	I8XJ_RC
IASR_RC	IVF
IASR_RC	I6CR
IASR_RC	IVG
IASR_RC	I6CS
IASR_RC	I4RH_RC
IASR_RC	I303_RC
IASR_RC	I7V8_RC
IASR_RC	I2C5_RC
IASR_RC	I39Y
IASR_RC	IVF_RC
IASR_RC	I6CR_RC
IASR_RC	I824_RC
IASR_RC	I6ML
IASR_RC	I2J1_RC
IASR_RC	I7XQ
IASR_RC	I2EN
IASR_RC	IBPR_RC
IASR_RC	I6CS_RC
IASR_RC	I304_RC
IASR_RC	I4RH
IASR_RC	I8XJ
IASR_RC	IASR
IAUJ_RC	IAUJ_RC
IAUJ_RC	IAUJ
IAZV_RC	IAZV_RC
IAZV_RC	IOH
IAZV_RC	I2S3_RC
IAZV_RC	IOH_RC
IAZV_RC	I52Q_RC
IAZV_RC	I6C5_RC
IAZV_RC	I7UW
IAZV_RC	I2BT
IAZV_RC	I80P
IAZV_RC	I64P_RC
IAZV_RC	I2HM
IAZV_RC	IAZV
IAZV_RC	I2ZI_RC
IB2J_RC	IB2J_RC
IB2J_RC	ILX
IB2J_RC	IB2J
IB2J_RC	ILX_RC
IB6J_RC	IB6J_RC
IB6J_RC	I54K_RC
IB6J_RC	I9BB_RC
IB6J_RC	IHN
IB6J_RC	IHN_RC
IB6J_RC	I54K
IB6J_RC	I9BB
IB6J_RC	IB6J
IB6Z_RC	IB6Z_RC
IB6Z_RC	IB6Z
IB9N_RC	IB9N_RC
IB9N_RC	I9E1_RC
IB9N_RC	I7U6
IB9N_RC	I2B3
IB9N_RC	I59B_RC
IB9N_RC	IEO
IB9N_RC	IB9N
IB9N_RC	I9E1
IB9N_RC	I7U6_RC
IB9N_RC	I59B
IB9N_RC	I2B3_RC
IB9N_RC	IEO_RC
IBBF_RC	IBBF_RC
IBBF_RC	I5B9_RC
IBBF_RC	IBBP_RC
IBBF_RC	IBBF
IBBF_RC	I5B9
IBBF_RC	IBBP
IBH7_RC	IBH7_RC
IBH7_RC	I9LU_RC
IBH7_RC	I5G3_RC
IBH7_RC	I7ML
IBH7_RC	I7J
IBH7_RC	I23J
IBH7_RC	IBH7
IBH7_RC	I9LU
IBH7_RC	I5G3
IBH7_RC	I7ML_RC
IBH7_RC	I7J_RC
IBH7_RC	I23J_RC
IBJV_RC	IBJV_RC
IBJV_RC	I9OH_RC
IBJV_RC	I4T
IBJV_RC	I20L
IBJV_RC	I7JN
IBJV_RC	I5IM_RC
IBJV_RC	I20L_RC
IBJV_RC	I7JN_RC
IBJV_RC	I5IM
IBJV_RC	IBJV
IBJV_RC	I9OH
IBJV_RC	I4T_RC
IBKR_RC	IBKR_RC
IBKR_RC	I37
IBKR_RC	I9PM_RC
IBKR_RC	IBKR
IBKR_RC	I37_RC
IBKR_RC	I9PM
IBPN_RC	IBPN_RC
IBPN_RC	I1TM
IBPN_RC	IBPN
IBPN_RC	I1TM_RC
IBQ3_RC	IBQ3_RC
IBQ3_RC	IBQ3
IBYZ_RC	IBYZ_RC
IBYZ_RC	I1KK
IBYZ_RC	I5ZV_RC
IBYZ_RC	IBYZ
IBYZ_RC	I1KK_RC
IBYZ_RC	I5ZV
IA5B	IA5B
IA5B	I5OA
I47S_RC	I47S_RC
I47S_RC	I47S
I4C8_RC	I4C8_RC
I4C8_RC	I19T
I4C8_RC	I8I9_RC
I4C8_RC	I4C8
I4C8_RC	I8I9
I4C8_RC	I19T_RC
I4EG_RC	I4EG_RC
I4EG_RC	I8L5_RC
I4EG_RC	I4EG
I4EG_RC	I8L5
I4FS_RC	I4FS_RC
I4FS_RC	I4FS
I4KO_RC	I4KO_RC
I4KO_RC	I4KO
I4LK_RC	I4LK_RC
I4LK_RC	I4LK
I4SO_RC	I4SO_RC
I4SO_RC	I55E
I4SO_RC	I9KJ
I4SO_RC	IBG5
I4SO_RC	I8P_RC
I4SO_RC	I4SO
I4SO_RC	I55E_RC
I4SO_RC	I9KJ_RC
I4SO_RC	IBG5_RC
I4SO_RC	I8P
I4Y0_RC	I4Y0_RC
I4Y0_RC	I2SJ
I4Y0_RC	I655
I4Y0_RC	IAZG_RC
I4Y0_RC	I93Y_RC
I4Y0_RC	IOW
I4Y0_RC	I4Y0
I4Y0_RC	I2SJ_RC
I4Y0_RC	I655_RC
I4Y0_RC	IAZG
I4Y0_RC	I93Y
I4Y0_RC	IOW_RC
I4YG_RC	I4YG_RC
I4YG_RC	I4YG
I554_RC	I554_RC
I554_RC	I554
I57S_RC	I57S_RC
I57S_RC	I57S
I588_RC	I588_RC
I588_RC	I588
I5AW_RC	I5AW_RC
I5AW_RC	I5AW
I5BC_RC	I5BC_RC
I5BC_RC	I5BC
I5DK_RC	I5DK_RC
I5DK_RC	I5DK
I5E0_RC	I5E0_RC
I5E0_RC	IBEQ_RC
I5E0_RC	IA5
I5E0_RC	I9J2_RC
I5E0_RC	I7OV
I5E0_RC	I25S
I5E0_RC	I5E0
I5E0_RC	IBEQ
I5E0_RC	IA5_RC
I5E0_RC	I9J2
I5E0_RC	I7OV_RC
I5E0_RC	I25S_RC
I34C	I34C
I34C	I6GZ
I3N0	I3N0
I3N0	IA6S_RC
I3N0	I8AE_RC
I3N0	I1HP
I3N0	I44E_RC
I3N0	I700
I3N0	IA6S
I3N0	I8AE
I3N0	I3N0_RC
I3N0	I1HP_RC
I3N0	I44E
I3N0	I700_RC
I5LO	I5LO
I5LO	I6V5
I5LO	I49D_RC
I5LO	I8FA_RC
I5LO	I1CQ
I5LO	I3I3
I5LO	IABW_RC
I5LO	I1I_RC
I5LO	I1N5
I5LO	I7G2_RC
I5LO	I76B
I5LO	I1X0_RC
I5LO	IBMG
I5LO	IA14_RC
I5LO	I5X5_RC
I5LO	I9RF
I5LO	I3TB
I5LO	IBWF_RC
I64S	I64S
I64S	I2S6
I18_RC	I18_RC
I18_RC	IBMQ
I18_RC	I9RP
I18_RC	I7FS_RC
I18_RC	I5LY
I18_RC	I1WQ_RC
I18_RC	I9RP_RC
I18_RC	I7FS
I18_RC	I5LY_RC
I18_RC	I1WQ
I18_RC	I18
I18_RC	IBMQ_RC
I3W_RC	I3W_RC
I3W_RC	I3W
I4C_RC	I4C_RC
I4C_RC	I4C
I5O_RC	I5O_RC
I5O_RC	I8XI
I5O_RC	I5Q7
I5O_RC	IBPK_RC
I5O_RC	I8J
I5O_RC	IB8L
I5O_RC	IFQ_RC
I5O_RC	IWP
I5O_RC	I5O
I5O_RC	I8XI_RC
I5O_RC	I5Q7_RC
I5O_RC	IBPK
I5O_RC	I8J_RC
I5O_RC	IB8L_RC
I5O_RC	IFQ
I5O_RC	IWP_RC
IFG_RC	IFG_RC
IFG_RC	I58N
IFG_RC	I7VV_RC
IFG_RC	I2CS_RC
IFG_RC	IB8U
IFG_RC	I9DC
IFG_RC	IFG
IFG_RC	I58N_RC
IFG_RC	I7VV
IFG_RC	I2CS
IFG_RC	IB8U_RC
IFG_RC	I9DC_RC
IHO_RC	IHO_RC
IHO_RC	I9BA
IHO_RC	IB6I
IHO_RC	I54J
IHO_RC	IHO
IHO_RC	I9BA_RC
IHO_RC	IB6I_RC
IHO_RC	I54J_RC
IKC_RC	IKC_RC
IKC_RC	IKC
IL8_RC	IL8_RC
IL8_RC	IL8
IOC_RC	IOC_RC
IOC_RC	IB00
IOC_RC	IOC
IOC_RC	IB00_RC
IZG_RC	IZG_RC
IZG_RC	IAOO
IZG_RC	IZG
IZG_RC	IAOO_RC
I10S_RC	I10S_RC
I10S_RC	I10S
I124_RC	I124_RC
I124_RC	I124
I14S_RC	I14S_RC
I14S_RC	I14S
I1TO_RC	I1TO_RC
I1TO_RC	IBPL
I1TO_RC	I1TO
I1TO_RC	IBPL_RC
I1UK_RC	I1UK_RC
I1UK_RC	I1UK
I1WC_RC	I1WC_RC
I1WC_RC	I9S4
I1WC_RC	I5MD
I1WC_RC	I7FE_RC
I1WC_RC	I1WC
I1WC_RC	I9S4_RC
I1WC_RC	I5MD_RC
I1WC_RC	I7FE
I1ZW_RC	I1ZW_RC
I1ZW_RC	I7IY_RC
I1ZW_RC	I1ZW
I1ZW_RC	I7IY
I20C_RC	I20C_RC
I20C_RC	I7JE_RC
I20C_RC	I20C
I20C_RC	I7JE
I22K_RC	I22K_RC
I22K_RC	I7LM_RC
I22K_RC	I22K
I22K_RC	I7LM
I298_RC	I298_RC
I298_RC	I9G7
I298_RC	I7SB_RC
I298_RC	I298
I298_RC	I9G7_RC
I298_RC	I7SB
I29O_RC	I29O_RC
I29O_RC	I7SR_RC
I29O_RC	I29O
I29O_RC	I7SR
I2DO_RC	I2DO_RC
I2DO_RC	I7WR_RC
I2DO_RC	I2DO
I2DO_RC	I7WR
I2EK_RC	I2EK_RC
I2EK_RC	I7XN_RC
I2EK_RC	I2EK
I2EK_RC	I7XN
I2I4_RC	I2I4_RC
I2I4_RC	I817_RC
I2I4_RC	I2I4
I2I4_RC	I817
I2OC_RC	I2OC_RC
I2OC_RC	I63S
I2OC_RC	I2OC
I2OC_RC	I63S_RC
I2Y4_RC	I2Y4_RC
I2Y4_RC	I6AR_RC
I2Y4_RC	I2Y4
I2Y4_RC	I6AR
I3A4_RC	I3A4_RC
I3A4_RC	I6MR_RC
I3A4_RC	I3A4
I3A4_RC	I6MR
I3AK_RC	I3AK_RC
I3AK_RC	I6N7_RC
I3AK_RC	I3AK
I3AK_RC	I6N7
I3NW_RC	I3NW_RC
I3NW_RC	I89D
I3NW_RC	I70W_RC
I3NW_RC	I3NW
I3NW_RC	I89D_RC
I3NW_RC	I70W
I3PO_RC	I3PO_RC
I3PO_RC	I1JQ_RC
I3PO_RC	IA4N
I3PO_RC	I87U
I3PO_RC	I72O_RC
I3PO_RC	I3PO
I3PO_RC	I1JQ
I3PO_RC	IA4N_RC
I3PO_RC	I87U_RC
I3PO_RC	I72O
I3RW_RC	I3RW_RC
I3RW_RC	IA2L
I3RW_RC	I74W_RC
I3RW_RC	I3RW
I3RW_RC	IA2L_RC
I3RW_RC	I74W
I3U4_RC	I3U4_RC
I3U4_RC	I5WC
I3U4_RC	IA0D
I3U4_RC	I774_RC
I3VG_RC	I3VG_RC
I3VG_RC	I6UC
I3VG_RC	I3VG
I3VG_RC	I6UC_RC
I430_RC	I430_RC
I430_RC	I430
I4CC_RC	I4CC_RC
I4CC_RC	I4CC
I4EK_RC	I4EK_RC
I4EK_RC	I4EK
I4H8_RC	I4H8_RC
I4H8_RC	I4H8
I4I4_RC	I4I4_RC
I4JG_RC	I4JG_RC
I4JG_RC	I1O0
I4JG_RC	I3UA
I4JG_RC	I77A
I4JG_RC	I5W6_RC
I4JG_RC	IA07_RC
I4JG_RC	IBVK_RC
I4JG_RC	I4JG
I4JG_RC	I9LR
I4LO_RC	I4LO_RC
I4LO_RC	I8WO_RC
I4LO_RC	I4LO
I4LO_RC	I8WO
I4Q4_RC	I4Q4_RC
I4Q4_RC	I8VW_RC
I4Q4_RC	IARW_RC
I4Q4_RC	IARW
I4Q4_RC	I4Q4
I4Q4_RC	I8VW
I4R0_RC	I4R0_RC
I4R0_RC	I4R0
I4RG_RC	I4RG_RC
I4X8_RC	I4X8_RC
I4X8_RC	I2TD
I4X8_RC	I935_RC
I4X8_RC	I65Z
I4X8_RC	IAYL_RC
I4X8_RC	IPR
I4X8_RC	I4X8
I4X8_RC	I935
I4X8_RC	I2TD_RC
I4X8_RC	I65Z_RC
I4X8_RC	IAYL
I4X8_RC	IPR_RC
I4Z0_RC	I4Z0_RC
I4Z0_RC	I4YU_RC
I4Z0_RC	I4Z0
I4Z0_RC	I4YU
I4ZW_RC	I4ZW_RC
I4ZW_RC	I4ZW
I54S_RC	I54S_RC
I54S_RC	I54S
I558_RC	I558_RC
I558_RC	I52G_RC
I558_RC	I558
I558_RC	I52G
I57W_RC	I57W_RC
I57W_RC	I57W
I58C_RC	I58C_RC
I58C_RC	I7XL
I58C_RC	I2EI
I58C_RC	I58B_RC
I58C_RC	I58C
I58C_RC	I7XL_RC
I58C_RC	I2EI_RC
I58C_RC	I58B
I5B0_RC	I5B0_RC
I5B0_RC	I5B0
I5E4_RC	I5E4_RC
I5E4_RC	I9J7_RC
I5E4_RC	IBEV_RC
I5E4_RC	IA0
I5E4_RC	I7OQ
I5E4_RC	I25N
I5E4_RC	I5E4
I5E4_RC	I9J7
I5E4_RC	IBEV
I5E4_RC	IA0_RC
I5E4_RC	I7OQ_RC
I5E4_RC	I25N_RC
I5EK_RC	I5EK_RC
I5EK_RC	I9JL_RC
I5EK_RC	I5EK
I5EK_RC	I9JL
I5IK_RC	I5IK_RC
I5IK_RC	I7JQ
I5IK_RC	I20O
I5IK_RC	I5IK
I5IK_RC	I7JQ_RC
I5IK_RC	I20O_RC
I5J0_RC	I5J0_RC
I5J0_RC	I7J7
I5J0_RC	I7J8
I5J0_RC	I205
I5J0_RC	I206
I5J0_RC	I9OV_RC
I5J0_RC	IBK2_RC
I5J0_RC	I4L
I5J0_RC	IBK2
I5J0_RC	I4L_RC
I5J0_RC	I9OV
I5J0_RC	I7J7_RC
I5J0_RC	I7J8_RC
I5J0_RC	I205_RC
I5J0_RC	I206_RC
I5J0_RC	I5J0
I5JW_RC	I5JW_RC
I5JW_RC	I5JW
IS2_RC	IS2_RC
IS2_RC	I90X
IS2_RC	I2VP_RC
IS2_RC	IAWA
IS2_RC	I68B_RC
IS2_RC	I4V2
IS2_RC	IS2
IS2_RC	I90X_RC
IS2_RC	I2VP
IS2_RC	IAWA_RC
IS2_RC	I68B
IS2_RC	I4V2_RC
ISY_RC	ISY_RC
ISY_RC	I4U9
ISY_RC	I2WM_RC
ISY_RC	IAVE
ISY_RC	I698_RC
ISY_RC	I900
ISY_RC	ISY
ISY_RC	I4U9_RC
ISY_RC	I2WM
ISY_RC	IAVE_RC
ISY_RC	I698
ISY_RC	I900_RC
IUA_RC	IUA_RC
IUA_RC	I4SZ
IUA_RC	IATV
IUA_RC	I6AU_RC
IUA_RC	I8YK
IUA_RC	I2Y7_RC
IUA_RC	IUA
IUA_RC	I4SZ_RC
IUA_RC	IATV_RC
IUA_RC	I6AU
IUA_RC	I8YK_RC
IUA_RC	I2Y7
IUQ_RC	IUQ_RC
IUQ_RC	I4SJ
IUQ_RC	IATF
IUQ_RC	I6BB_RC
IUQ_RC	I8Y6
IUQ_RC	I2YO_RC
IUQ_RC	IUQ
IUQ_RC	I4SJ_RC
IUQ_RC	IATF_RC
IUQ_RC	I6BB
IUQ_RC	I8Y6_RC
IUQ_RC	I2YO
IXU_RC	IXU_RC
IXU_RC	IAQ9
IXU_RC	IAQ9_RC
IXU_RC	I7HD_RC
IXU_RC	IXU
IXU_RC	I1YB_RC
I10I_RC	I10I_RC
I10I_RC	IANL
I10I_RC	I10I
I10I_RC	IANL_RC
I12Q_RC	I12Q_RC
I12Q_RC	I4JO
I12Q_RC	I8PW
I12Q_RC	IALL
I12Q_RC	I37T_RC
I12Q_RC	I6KG_RC
I12Q_RC	I12Q
I12Q_RC	I4JO_RC
I12Q_RC	I8PW_RC
I12Q_RC	I37T
I12Q_RC	IALL_RC
I12Q_RC	I6KG
I142_RC	I142_RC
I142_RC	I4IA
I142_RC	IAK9
I142_RC	I395_RC
I142_RC	I8OG
I142_RC	I6LS_RC
I142_RC	I142
I142_RC	I4IA_RC
I142_RC	I395
I142_RC	IAK9_RC
I142_RC	I6LS
I142_RC	I8OG_RC
I16Q_RC	I16Q_RC
I16Q_RC	I8LW
I16Q_RC	I6OM_RC
I16Q_RC	I4FE
I16Q_RC	IAHQ
I16Q_RC	I3BZ_RC
I16Q_RC	I16Q
I16Q_RC	I8LW_RC
I16Q_RC	I6OM
I16Q_RC	I4FE_RC
I16Q_RC	IAHQ_RC
I16Q_RC	I3BZ
I176_RC	I176_RC
I176_RC	I176
I182_RC	I182_RC
I182_RC	I6PY_RC
I182_RC	IAGF
I182_RC	I3DB_RC
I182_RC	I182
I182_RC	I6PY
I182_RC	I3DB
I182_RC	IAGF_RC
I18I_RC	I18I_RC
I18I_RC	I3DU_RC
I18I_RC	I8KI_RC
I18I_RC	I6QH_RC
I18I_RC	IAFW
I18I_RC	I4DP
I18I_RC	I18I
I18I_RC	I3DU
I18I_RC	I8KI
I18I_RC	I6QH
I18I_RC	IAFW_RC
I18I_RC	I4DP_RC
I1AQ_RC	I1AQ_RC
I1AQ_RC	IADV
I1AQ_RC	I3G4_RC
I1AQ_RC	I8H7
I1AQ_RC	I6SR_RC
I1AQ_RC	I1AQ
I1AQ_RC	IADV_RC
I1AQ_RC	I3G4
I1AQ_RC	I6SR
I1AQ_RC	I8H7_RC
I1C2_RC	I1C2_RC
I1C2_RC	IACJ
I1C2_RC	I3HF_RC
I1C2_RC	I49X
I1C2_RC	I6U2_RC
I1C2_RC	I8FV
I1C2_RC	I1C2
I1C2_RC	I3HF
I1C2_RC	IACJ_RC
I1C2_RC	I49X_RC
I1C2_RC	I6U2
I1C2_RC	I8FV_RC
I1CI_RC	I1CI_RC
I1CI_RC	I3HV_RC
I1CI_RC	IAC4
I1CI_RC	I49L
I1CI_RC	I6UX_RC
I1CI_RC	I8FI
I1CI_RC	I1CI
I1CI_RC	I3HV
I1CI_RC	IAC4_RC
I1CI_RC	I6UX
I1CI_RC	I49L_RC
I1CI_RC	I8FI_RC
I1CY_RC	I1CY_RC
I1CY_RC	I3IB_RC
I1CY_RC	IABO
I1CY_RC	I495
I1CY_RC	I6VD_RC
I1CY_RC	I8F2
I1CY_RC	I1CY
I1CY_RC	I3IB
I1CY_RC	IABO_RC
I1CY_RC	I6VD
I1CY_RC	I495_RC
I1CY_RC	I8F2_RC
I1DE_RC	I1DE_RC
I1DE_RC	I8EP
I1DE_RC	IAB8
I1DE_RC	I6VQ_RC
I1DE_RC	I3IO_RC
I1DE_RC	I1DE
I1DE_RC	I8EP_RC
I1DE_RC	IAB8_RC
I1DE_RC	I6VQ
I1DE_RC	I3IO
I1G2_RC	I1G2_RC
I1G2_RC	I8C2
I1G2_RC	IA8J
I1G2_RC	I6YC_RC
I1G2_RC	I460
I1G2_RC	I3LA_RC
I1G2_RC	I1G2
I1G2_RC	I8C2_RC
I1G2_RC	IA8J_RC
I1G2_RC	I6YC
I1G2_RC	I460_RC
I1G2_RC	I3LA
I1GY_RC	I1GY_RC
I1GY_RC	I6Z8_RC
I1GY_RC	I8BA
I1GY_RC	I456
I1GY_RC	I3M6_RC
I1GY_RC	IA7J
I1GY_RC	I1GY
I1GY_RC	I6Z8
I1GY_RC	I8BA_RC
I1GY_RC	I456_RC
I1GY_RC	I3M6
I1GY_RC	IA7J_RC
I1JM_RC	I1JM_RC
I1JM_RC	I71U_RC
I1JM_RC	IA4U
I1JM_RC	I3OU_RC
I1JM_RC	I42N
I1JM_RC	I880
I1JM_RC	I1JM
I1JM_RC	I71U
I1JM_RC	I3OU
I1JM_RC	IA4U_RC
I1JM_RC	I42N_RC
I1JM_RC	I880_RC
I1K2_RC	I1K2_RC
I1K2_RC	I878
I1K2_RC	IA4A
I1K2_RC	I3Q4_RC
I1K2_RC	I427
I1K2_RC	I734_RC
I1K2_RC	I1K2
I1K2_RC	I878_RC
I1K2_RC	IA4A_RC
I1K2_RC	I3Q4
I1K2_RC	I427_RC
I1K2_RC	I734
I1KY_RC	I1KY_RC
I1KY_RC	I744_RC
I1KY_RC	IA3C
I1KY_RC	I5ZH
I1KY_RC	IBYL
I1KY_RC	I3R4_RC
I1KY_RC	I1KY
I1KY_RC	I744
I1KY_RC	IA3C_RC
I1KY_RC	I5ZH_RC
I1KY_RC	IBYL_RC
I1KY_RC	I3R4
I1LE_RC	I1LE_RC
I1LE_RC	I5Z5
I1LE_RC	I74J_RC
I1LE_RC	IA2Z
I1LE_RC	IBY6
I1LE_RC	I3RJ_RC
I1LE_RC	I1LE
I1LE_RC	I5Z5_RC
I1LE_RC	I74J
I1LE_RC	IA2Z_RC
I1LE_RC	IBY6_RC
I1LE_RC	I3RJ
I1LU_RC	I1LU_RC
I1LU_RC	I74Z_RC
I1LU_RC	IA2H
I1LU_RC	IBXQ
I1LU_RC	I3RZ_RC
I1LU_RC	I5YO
I1LU_RC	I1LU
I1LU_RC	I74Z
I1LU_RC	IA2H_RC
I1LU_RC	IBXQ_RC
I1LU_RC	I3RZ
I1LU_RC	I5YO_RC
I1MA_RC	I1MA_RC
I1MA_RC	I75F_RC
I1MA_RC	IA1X
I1MA_RC	I5Y0
I1MA_RC	IBXA
I1MA_RC	I3SF_RC
I1MA_RC	I1MA
I1MA_RC	I75F
I1MA_RC	IA1X_RC
I1MA_RC	I5Y0_RC
I1MA_RC	IBXA_RC
I1MA_RC	I3SF
I1N6_RC	I1N6_RC
I1N6_RC	I76C_RC
I1N6_RC	IA13
I1N6_RC	I5X4
I1N6_RC	IBWE
I1N6_RC	I3TC_RC
I1N6_RC	I1N6
I1N6_RC	I76C
I1N6_RC	IA13_RC
I1N6_RC	I5X4_RC
I1N6_RC	IBWE_RC
I1N6_RC	I3TC
I1O2_RC	I1O2_RC
I1O2_RC	I5W4
I1O2_RC	I3UC_RC
I1O2_RC	IA05
I1O2_RC	I77C_RC
I1O2_RC	IBVI
I1O2_RC	I1O2
I1O2_RC	I3UC
I1O2_RC	I5W4_RC
I1O2_RC	IA05_RC
I1O2_RC	I77C
I1O2_RC	IBVI_RC
I1OI_RC	I1OI_RC
I1OI_RC	I3UR_RC
I1OI_RC	I5VO
I1OI_RC	I9ZP
I1OI_RC	I77R_RC
I1OI_RC	IBV2
I1OI_RC	I1OI
I1OI_RC	I3UR
I1OI_RC	I5VO_RC
I1OI_RC	I9ZP_RC
I1OI_RC	I77R
I1OI_RC	IBV2_RC
I1OY_RC	I1OY_RC
I1OY_RC	I9ZC
I1OY_RC	IBUN
I1OY_RC	I1OY
I1OY_RC	I9ZC_RC
I1OY_RC	IBUN_RC
I1QQ_RC	I1QQ_RC
I1QQ_RC	I5TF
I1QQ_RC	I9XF
I1QQ_RC	I79X_RC
I1QQ_RC	IBSW
I1QQ_RC	I3XC_RC
I1QQ_RC	I1QQ
I1QQ_RC	I5TF_RC
I1QQ_RC	I9XF_RC
I1QQ_RC	I79X
I1QQ_RC	I3XC
I1QQ_RC	IBSW_RC
I1R6_RC	I1R6_RC
I1R6_RC	I5T1
I1R6_RC	I9X1
I1R6_RC	I7AD_RC
I1R6_RC	IBSG
I1R6_RC	I3XS_RC
I1R6_RC	I1R6
I1R6_RC	I7AD
I1R6_RC	I5T1_RC
I1R6_RC	I9X1_RC
I1R6_RC	I3XS
I1R6_RC	IBSG_RC
I1SY_RC	I1SY_RC
I1SY_RC	I3ZM_RC
I1SY_RC	I9VB
I1SY_RC	I7C7_RC
I1SY_RC	IBQO
I1SY_RC	I1SY
I1SY_RC	I3ZM
I1SY_RC	I7C7
I1SY_RC	I9VB_RC
I1SY_RC	IBQO_RC
I1TU_RC	I1TU_RC
I1TU_RC	I1TU
I1W2_RC	I1W2_RC
I1W2_RC	I5MP
I1W2_RC	IJ_RC
I1W2_RC	IBNE
I1W2_RC	I9SF
I1W2_RC	I7F4_RC
I1W2_RC	I1W2
I1W2_RC	I5MP_RC
I1W2_RC	IJ
I1W2_RC	IBNE_RC
I1W2_RC	I9SF_RC
I1W2_RC	I7F4
I1WI_RC	I1WI_RC
I1WI_RC	I10_RC
I1WI_RC	IBMY
I1WI_RC	I9RY
I1WI_RC	I5M7
I1WI_RC	I7FK_RC
I1WI_RC	I1WI
I1WI_RC	I10
I1WI_RC	IBMY_RC
I1WI_RC	I9RY_RC
I1WI_RC	I5M7_RC
I1WI_RC	I7FK
I1WY_RC	I1WY_RC
I1WY_RC	I1G_RC
I1WY_RC	IBMI
I1WY_RC	I9RH
I1WY_RC	I5LQ
I1WY_RC	I7G0_RC
I1WY_RC	I1WY
I1WY_RC	I1G
I1WY_RC	IBMI_RC
I1WY_RC	I9RH_RC
I1WY_RC	I5LQ_RC
I1WY_RC	I7G0
I1XE_RC	I1XE_RC
I1XE_RC	I1W_RC
I1XE_RC	IBM2
I1XE_RC	I5L8
I1XE_RC	I9R2
I1XE_RC	I7GG_RC
I1XE_RC	I1XE
I1XE_RC	I1W
I1XE_RC	IBM2_RC
I1XE_RC	I5L8_RC
I1XE_RC	I9R2_RC
I1XE_RC	I7GG
I1XU_RC	I1XU_RC
I1XU_RC	I2D_RC
I1XU_RC	I9QH
I1XU_RC	IBLL
I1XU_RC	I5KS
I1XU_RC	I7GW_RC
I1XU_RC	I1XU
I1XU_RC	I2D
I1XU_RC	I9QH_RC
I1XU_RC	IBLL_RC
I1XU_RC	I5KS_RC
I1XU_RC	I7GW
I1YA_RC	I1YA_RC
I1YA_RC	I2U_RC
I1YA_RC	I9Q0
I1YA_RC	IBL4
I1YA_RC	I5KC
I1YA_RC	I7HC_RC
I1YA_RC	I1YA
I1YA_RC	I2U
I1YA_RC	I9Q0_RC
I1YA_RC	IBL4_RC
I1YA_RC	I5KC_RC
I1YA_RC	I7HC
I20Y_RC	I20Y_RC
I20Y_RC	IBJN
I20Y_RC	I50_RC
I20Y_RC	I9OA
I20Y_RC	I7K0_RC
I20Y_RC	I20Y
I20Y_RC	IBJN_RC
I20Y_RC	I50
I20Y_RC	I9OA_RC
I20Y_RC	I7K0
I21U_RC	I21U_RC
I21U_RC	I5W_RC
I21U_RC	IBIT
I21U_RC	I5HP
I21U_RC	I9NI
I21U_RC	I7KW_RC
I21U_RC	I21U
I21U_RC	I5W
I21U_RC	IBIT_RC
I21U_RC	I5HP_RC
I21U_RC	I9NI_RC
I21U_RC	I7KW
I242_RC	I242_RC
I242_RC	IBGS
I242_RC	I7Y_RC
I242_RC	I7N4_RC
I242_RC	I7Y
I242_RC	I242
I242_RC	IBGS_RC
I242_RC	I7N4
I24I_RC	I24I_RC
I24I_RC	IBGB
I24I_RC	I8F_RC
I24I_RC	I9KW
I24I_RC	I7NK_RC
I24I_RC	I24I
I24I_RC	IBGB_RC
I24I_RC	I8F
I24I_RC	I7NK
I24I_RC	I9KW_RC
I28I_RC	I28I_RC
I28I_RC	I7RL_RC
I28I_RC	I28I
I28I_RC	I7RL
I2BM_RC	I2BM_RC
I2BM_RC	I7UP_RC
I2BM_RC	I2BM
I2BM_RC	I7UP
I2C2_RC	I2C2_RC
I2C2_RC	I7V5_RC
I2C2_RC	I7V5
I2C2_RC	I2R5
I2C2_RC	I2C2
I2C2_RC	I610_RC
I2C2_RC	I64L
I2C2_RC	I39Z
I2C2_RC	I847_RC
I2C2_RC	I2L4_RC
I2C2_RC	I2ZD
I2C2_RC	I6MM
I2C2_RC	I80U_RC
I2C2_RC	I2RZ
I2C2_RC	I2HR_RC
I2C2_RC	I6C0
I2C2_RC	I2NK_RC
I2C2_RC	I86O_RC
I2EA_RC	I2EA_RC
I2EA_RC	I7XD_RC
I2EA_RC	I2EA
I2EA_RC	I7XD
I2EQ_RC	I2EQ_RC
I2EQ_RC	I7XT_RC
I2EQ_RC	I2EQ
I2EQ_RC	I7XT
I2F6_RC	I2F6_RC
I2F6_RC	I7Y9_RC
I2F6_RC	I2F6
I2F6_RC	I7Y9
I2HE_RC	I2HE_RC
I2HE_RC	I80H_RC
I2HE_RC	I2HE
I2HE_RC	I80H
I2HU_RC	I2HU_RC
I2HU_RC	I80X_RC
I2HU_RC	I2HU
I2HU_RC	I80X
I2JM_RC	I2JM_RC
I2JM_RC	I82P_RC
I2JM_RC	I2JM
I2JM_RC	I82P
I2LE_RC	I2LE_RC
I2LE_RC	I84I_RC
I2LE_RC	I52B
I2LE_RC	I2LE
I2LE_RC	I84I
I2LE_RC	I52B_RC
I2LU_RC	I2LU_RC
I2LU_RC	I84Y_RC
I2LU_RC	IB4M
I2LU_RC	I98P
I2LU_RC	I522
I2LU_RC	IJK_RC
I2LU_RC	I2LU
I2LU_RC	I84Y
I2LU_RC	IB4M_RC
I2LU_RC	I98P_RC
I2LU_RC	I522_RC
I2LU_RC	IJK
I2MA_RC	I2MA_RC
I2MA_RC	I85E_RC
I2MA_RC	I989
I2MA_RC	I51M
I2MA_RC	I2MA
I2MA_RC	I85E
I2MA_RC	I989_RC
I2MA_RC	I51M_RC
I2MQ_RC	I2MQ_RC
I2MQ_RC	I85U_RC
I2MQ_RC	IB3Q
I2MQ_RC	I97U
I2MQ_RC	I51B
I2MQ_RC	IKG_RC
I2MQ_RC	I2MQ
I2MQ_RC	I85U
I2MQ_RC	IB3Q_RC
I2MQ_RC	I97U_RC
I2MQ_RC	I51B_RC
I2MQ_RC	IKG
I2SI_RC	I2SI_RC
I2SI_RC	I654_RC
I2SI_RC	I4Y1
I2SI_RC	IAZH
I2SI_RC	I93Z
I2SI_RC	IOV_RC
I2SI_RC	I2SI
I2SI_RC	I654
I2SI_RC	I4Y1_RC
I2SI_RC	IAZH_RC
I2SI_RC	IOV
I2SI_RC	I93Z_RC
I2TE_RC	I2TE_RC
I2TE_RC	I660_RC
I2TE_RC	I4X7
I2TE_RC	IAYK
I2TE_RC	I934
I2TE_RC	IPS_RC
I2TE_RC	I2TE
I2TE_RC	I660
I2TE_RC	I4X7_RC
I2TE_RC	IAYK_RC
I2TE_RC	IPS
I2TE_RC	I934_RC
I2TU_RC	I2TU_RC
I2TU_RC	I66G_RC
I2TU_RC	I4WS
I2TU_RC	IAY4
I2TU_RC	I92O
I2TU_RC	IQ8_RC
I2TU_RC	I2TU
I2TU_RC	I66G
I2TU_RC	I4WS_RC
I2TU_RC	IAY4_RC
I2TU_RC	IQ8
I2TU_RC	I92O_RC
I2UA_RC	I2UA_RC
I2UA_RC	I66W_RC
I2UA_RC	I4WC
I2UA_RC	IAXO
I2UA_RC	I928
I2UA_RC	IQO_RC
I2UA_RC	I2UA
I2UA_RC	I66W
I2UA_RC	I4WC_RC
I2UA_RC	IAXO_RC
I2UA_RC	IQO
I2UA_RC	I928_RC
I2VM_RC	I2VM_RC
I2VM_RC	I4V5
I2VM_RC	I910
I2VM_RC	I688_RC
I2VM_RC	IAWD
I2VM_RC	IRZ_RC
I2VM_RC	I2VM
I2VM_RC	I4V5_RC
I2VM_RC	I910_RC
I2VM_RC	I688
I2VM_RC	IAWD_RC
I2VM_RC	IRZ
I2WI_RC	I2WI_RC
I2WI_RC	I904
I2WI_RC	I4UD
I2WI_RC	I694_RC
I2WI_RC	IAVI
I2WI_RC	ISU_RC
I2WI_RC	I2WI
I2WI_RC	I904_RC
I2WI_RC	I4UD_RC
I2WI_RC	I694
I2WI_RC	ISU
I2WI_RC	IAVI_RC
I2WY_RC	I2WY_RC
I2WY_RC	I8ZN
I2WY_RC	I4TW
I2WY_RC	I69L_RC
I2WY_RC	IAV1
I2WY_RC	ITB_RC
I2WY_RC	I2WY
I2WY_RC	I8ZN_RC
I2WY_RC	I4TW_RC
I2WY_RC	I69L
I2WY_RC	IAV1_RC
I2WY_RC	ITB
I2XE_RC	I2XE_RC
I2XE_RC	I4TG
I2XE_RC	I8Z8
I2XE_RC	IAUC
I2XE_RC	I6A1_RC
I2XE_RC	ITS_RC
I2XE_RC	I2XE
I2XE_RC	I4TG_RC
I2XE_RC	I8Z8_RC
I2XE_RC	IAUC_RC
I2XE_RC	I6A1
I2XE_RC	ITS
I2YA_RC	I2YA_RC
I2YA_RC	IUD_RC
I2YA_RC	I8YH
I2YA_RC	I6AX_RC
I2YA_RC	I4SW
I2YA_RC	IATS
I2YA_RC	I2YA
I2YA_RC	IUD
I2YA_RC	I6AX
I2YA_RC	I8YH_RC
I2YA_RC	I4SW_RC
I2YA_RC	IATS_RC
I2ZM_RC	I2ZM_RC
I2ZM_RC	I80M
I2ZM_RC	I2HJ
I2ZM_RC	I60P
I2ZM_RC	I6C9_RC
I2ZM_RC	I2RG_RC
I2ZM_RC	I2ZM
I2ZM_RC	I80M_RC
I2ZM_RC	I2HJ_RC
I2ZM_RC	I6C9
I2ZM_RC	I60P_RC
I2ZM_RC	I2RG
I302_RC	I302_RC
I302_RC	I8XK
I302_RC	IVE_RC
I302_RC	I6CQ_RC
I302_RC	IASS
I302_RC	I4RI
I302_RC	I302
I302_RC	I8XK_RC
I302_RC	IVE
I302_RC	I6CQ
I302_RC	IASS_RC
I302_RC	I4RI_RC
I30I_RC	I30I_RC
I30I_RC	IVS_RC
I30I_RC	I8W9
I30I_RC	I6D6_RC
I30I_RC	IASD
I30I_RC	I30I
I30I_RC	IVS
I30I_RC	I8W9_RC
I30I_RC	I6D6
I30I_RC	IASD_RC
I31E_RC	I31E_RC
I31E_RC	IARA
I31E_RC	I4PK
I31E_RC	I8VC
I31E_RC	I6E2_RC
I31E_RC	IWT_RC
I31E_RC	I31E
I31E_RC	IARA_RC
I31E_RC	I4PK_RC
I31E_RC	I8VC_RC
I31E_RC	I6E2
I31E_RC	IWT
I31U_RC	I31U_RC
I31U_RC	IAQX
I31U_RC	IX6_RC
I31U_RC	I6EI_RC
I31U_RC	I8UZ
I31U_RC	I4P7
I31U_RC	I31U
I31U_RC	IAQX_RC
I31U_RC	IX6
I31U_RC	I6EI
I31U_RC	I8UZ_RC
I31U_RC	I4P7_RC
I32A_RC	I32A_RC
I32A_RC	I6EX_RC
I32A_RC	I7WB
I32A_RC	I2D8
I32A_RC	I32A
I32A_RC	I6EX
I32A_RC	I7WB_RC
I32A_RC	I2D8_RC
I32Q_RC	I32Q_RC
I32Q_RC	IAQS
I32Q_RC	I4P2
I32Q_RC	I8UU
I32Q_RC	I6FD_RC
I32Q_RC	IXB_RC
I32Q_RC	I32Q
I32Q_RC	IAQS_RC
I32Q_RC	I4P2_RC
I32Q_RC	I8UU_RC
I32Q_RC	I6FD
I32Q_RC	IXB
I336_RC	I336_RC
I336_RC	IAQE
I336_RC	I4OO
I336_RC	I8UG
I336_RC	I6FT_RC
I336_RC	IXP_RC
I336_RC	I336
I336_RC	IAQE_RC
I336_RC	I4OO_RC
I336_RC	I8UG_RC
I336_RC	I6FT
I336_RC	IXP
I33M_RC	I33M_RC
I33M_RC	IAPY
I33M_RC	I8U0
I33M_RC	I4O9
I33M_RC	I6G9_RC
I33M_RC	IY5_RC
I33M_RC	I33M
I33M_RC	IAPY_RC
I33M_RC	I8U0_RC
I33M_RC	I6G9
I33M_RC	I4O9_RC
I33M_RC	IY5
I342_RC	I342_RC
I342_RC	IAPH
I342_RC	I4NS
I342_RC	I8TK
I342_RC	I6GP_RC
I342_RC	IYN_RC
I342_RC	I342
I342_RC	IAPH_RC
I342_RC	I4NS_RC
I342_RC	I8TK_RC
I342_RC	I6GP
I342_RC	IYN
I34I_RC	I34I_RC
I34I_RC	IAP3
I34I_RC	I8T4
I34I_RC	I6H5_RC
I34I_RC	I4NF
I34I_RC	IZ0_RC
I34I_RC	I34I
I34I_RC	IAP3_RC
I34I_RC	I8T4_RC
I34I_RC	I6H5
I34I_RC	I4NF_RC
I34I_RC	IZ0
I34Y_RC	I34Y_RC
I34Y_RC	I8SO
I34Y_RC	I6HL_RC
I34Y_RC	I4N0
I34Y_RC	IZJ_RC
I34Y_RC	IAOL
I34Y_RC	I34Y
I34Y_RC	I8SO_RC
I34Y_RC	I6HL
I34Y_RC	I4N0_RC
I34Y_RC	IZJ
I34Y_RC	IAOL_RC
I35E_RC	I35E_RC
I35E_RC	IAO5
I35E_RC	I8S8
I35E_RC	I6I1_RC
I35E_RC	I4MK
I35E_RC	IZZ_RC
I35E_RC	I35E
I35E_RC	IAO5_RC
I35E_RC	I8S8_RC
I35E_RC	I6I1
I35E_RC	I4MK_RC
I35E_RC	IZZ
I35U_RC	I35U_RC
I35U_RC	IANP
I35U_RC	I8RS
I35U_RC	I6IH_RC
I35U_RC	I4M4
I35U_RC	I10F_RC
I35U_RC	I35U
I35U_RC	IANP_RC
I35U_RC	I8RS_RC
I35U_RC	I6IH
I35U_RC	I4M4_RC
I35U_RC	I10F
I36Q_RC	I36Q_RC
I36Q_RC	IAMS
I36Q_RC	I6JD_RC
I36Q_RC	I4KT
I36Q_RC	I8R3
I36Q_RC	I11B_RC
I36Q_RC	I36Q
I36Q_RC	IAMS_RC
I36Q_RC	I6JD
I36Q_RC	I4KT_RC
I36Q_RC	I11B
I36Q_RC	I8R3_RC
I376_RC	I376_RC
I376_RC	I11W_RC
I376_RC	I6JT_RC
I376_RC	I8QJ
I376_RC	IAM8
I376_RC	I376
I376_RC	I11W
I376_RC	I6JT
I376_RC	I8QJ_RC
I376_RC	IAM8_RC
I37M_RC	I37M_RC
I37M_RC	I6K9_RC
I37M_RC	I4JV
I37M_RC	I8Q3
I37M_RC	I12J_RC
I37M_RC	IALS
I37M_RC	I37M
I37M_RC	I6K9
I37M_RC	I12J
I37M_RC	I4JV_RC
I37M_RC	I8Q3_RC
I37M_RC	IALS_RC
I382_RC	I382_RC
I382_RC	I4JB
I382_RC	I8PJ
I382_RC	I6KP_RC
I382_RC	I12Z_RC
I382_RC	IALC
I382_RC	I382
I382_RC	I4JB_RC
I382_RC	I8PJ_RC
I382_RC	I6KP
I382_RC	I12Z
I382_RC	IALC_RC
I38Y_RC	I38Y_RC
I38Y_RC	IAKH
I38Y_RC	I8ON
I38Y_RC	I4IH
I38Y_RC	I6LL_RC
I38Y_RC	I13U_RC
I38Y_RC	I38Y
I38Y_RC	IAKH_RC
I38Y_RC	I8ON_RC
I38Y_RC	I6LL
I38Y_RC	I4IH_RC
I38Y_RC	I13U
I39E_RC	I39E_RC
I39E_RC	I4HW
I39E_RC	I8O6
I39E_RC	I6M1_RC
I39E_RC	I14C_RC
I39E_RC	IAJZ
I39E_RC	I39E
I39E_RC	I4HW_RC
I39E_RC	I8O6_RC
I39E_RC	I6M1
I39E_RC	I14C
I39E_RC	IAJZ_RC
I3AA_RC	I3AA_RC
I3AA_RC	I6MX_RC
I3AA_RC	I8NG
I3AA_RC	I3AA
I3AA_RC	I6MX
I3AA_RC	I8NG_RC
I3AQ_RC	I3AQ_RC
I3AQ_RC	I15H_RC
I3AQ_RC	I4GO
I3AQ_RC	I6ND_RC
I3AQ_RC	IAIY
I3AQ_RC	I8N1
I3AQ_RC	I3AQ
I3AQ_RC	I15H
I3AQ_RC	I4GO_RC
I3AQ_RC	I6ND
I3AQ_RC	IAIY_RC
I3AQ_RC	I8N1_RC
I3B6_RC	I3B6_RC
I3B6_RC	I15V_RC
I3B6_RC	I6NT_RC
I3B6_RC	I4GA
I3B6_RC	IAIL
I3B6_RC	I8MO
I3B6_RC	I3B6
I3B6_RC	I15V
I3B6_RC	I6NT
I3B6_RC	I4GA_RC
I3B6_RC	IAIL_RC
I3B6_RC	I8MO_RC
I3BM_RC	I3BM_RC
I3BM_RC	I4FP
I3BM_RC	I16E_RC
I3BM_RC	I6O9_RC
I3BM_RC	IAI3
I3BM_RC	I8M8
I3BM_RC	I3BM
I3BM_RC	I4FP_RC
I3BM_RC	I16E
I3BM_RC	I6O9
I3BM_RC	IAI3_RC
I3BM_RC	I8M8_RC
I3CI_RC	I3CI_RC
I3CI_RC	I8LD
I3CI_RC	I179_RC
I3CI_RC	I4EW
I3CI_RC	I6P5_RC
I3CI_RC	IAH8
I3CI_RC	I3CI
I3CI_RC	I8LD_RC
I3CI_RC	I179
I3CI_RC	I4EW_RC
I3CI_RC	I6P5
I3CI_RC	IAH8_RC
I3CY_RC	I3CY_RC
I3CY_RC	I17P_RC
I3CY_RC	I6PL_RC
I3CY_RC	IAGS
I3CY_RC	I4E6
I3CY_RC	I8KV
I3CY_RC	I3CY
I3CY_RC	I17P
I3CY_RC	I6PL
I3CY_RC	IAGS_RC
I3CY_RC	I4E6_RC
I3CY_RC	I8KV_RC
I3DE_RC	I3DE_RC
I3DE_RC	I6Q1_RC
I3DE_RC	IAGC
I3DE_RC	I3DE
I3DE_RC	I6Q1
I3DE_RC	IAGC_RC
I3EA_RC	I3EA_RC
I3EA_RC	I8K1
I3EA_RC	I190_RC
I3EA_RC	I6QX_RC
I3EA_RC	IAFE
I3EA_RC	I4D8
I3EA_RC	I8K1_RC
I3EA_RC	I3EA
I3EA_RC	I190
I3EA_RC	I6QX
I3EA_RC	IAFE_RC
I3EA_RC	I4D8_RC
I3EQ_RC	I3EQ_RC
I3EQ_RC	I19F_RC
I3EQ_RC	I6RD_RC
I3EQ_RC	I4CQ
I3EQ_RC	IAEZ
I3EQ_RC	I8JK
I3EQ_RC	I3EQ
I3EQ_RC	I19F
I3EQ_RC	I6RD
I3EQ_RC	I4CQ_RC
I3EQ_RC	IAEZ_RC
I3EQ_RC	I8JK_RC
I3FM_RC	I3FM_RC
I3FM_RC	I8HV
I3FM_RC	IAED
I3FM_RC	I6S9_RC
I3FM_RC	I4BU
I3FM_RC	I1A8_RC
I3FM_RC	I3FM
I3FM_RC	I8HV_RC
I3FM_RC	IAED_RC
I3FM_RC	I6S9
I3FM_RC	I4BU_RC
I3FM_RC	I1A8
I3G2_RC	I3G2_RC
I3G2_RC	I4B8
I3G2_RC	IADX
I3G2_RC	I6SP_RC
I3G2_RC	I8H9
I3G2_RC	I1AO_RC
I3G2_RC	I3G2
I3G2_RC	I4B8_RC
I3G2_RC	IADX_RC
I3G2_RC	I6SP
I3G2_RC	I8H9_RC
I3G2_RC	I1AO
I3K2_RC	I3K2_RC
I3K2_RC	I479
I3K2_RC	I1ET_RC
I3K2_RC	I6X4_RC
I3K2_RC	I8D8
I3K2_RC	IA9R
I3K2_RC	I3K2
I3K2_RC	I1ET
I3K2_RC	I479_RC
I3K2_RC	I6X4
I3K2_RC	I8D8_RC
I3K2_RC	IA9R_RC
I3KI_RC	I3KI_RC
I3KI_RC	I46U
I3KI_RC	I1FA_RC
I3KI_RC	I6XK_RC
I3KI_RC	I8CT
I3KI_RC	IA9A
I3KI_RC	I3KI
I3KI_RC	I1FA
I3KI_RC	I46U_RC
I3KI_RC	I6XK
I3KI_RC	I8CT_RC
I3KI_RC	IA9A_RC
I3KY_RC	I3KY_RC
I3KY_RC	I46D
I3KY_RC	I1FR_RC
I3KY_RC	I6Y0_RC
I3KY_RC	I8CC
I3KY_RC	IA8T
I3KY_RC	I3KY
I3KY_RC	I46D_RC
I3KY_RC	I1FR
I3KY_RC	I6Y0
I3KY_RC	I8CC_RC
I3KY_RC	IA8T_RC
I3LE_RC	I3LE_RC
I3LE_RC	I45V
I3LE_RC	I1G7_RC
I3LE_RC	I6YG_RC
I3LE_RC	IA8D
I3LE_RC	I8BZ
I3LE_RC	I3LE
I3LE_RC	I45V_RC
I3LE_RC	I1G7
I3LE_RC	I6YG
I3LE_RC	IA8D_RC
I3LE_RC	I8BZ_RC
I3MQ_RC	I3MQ_RC
I3MQ_RC	I1HF_RC
I3MQ_RC	I6ZQ_RC
I3MQ_RC	I44N
I3MQ_RC	IA73
I3MQ_RC	I8AO
I3MQ_RC	I3MQ
I3MQ_RC	I1HF
I3MQ_RC	I6ZQ
I3MQ_RC	I44N_RC
I3MQ_RC	IA73_RC
I3MQ_RC	I8AO_RC
I3NM_RC	I3NM_RC
I3NM_RC	I1IB_RC
I3NM_RC	I70M_RC
I3NM_RC	I43U
I3NM_RC	I89P
I3NM_RC	IA67
I3NM_RC	I3NM
I3NM_RC	I1IB
I3NM_RC	I70M
I3NM_RC	I43U_RC
I3NM_RC	I89P_RC
I3NM_RC	IA67_RC
I3O2_RC	I3O2_RC
I3O2_RC	I1IS_RC
I3O2_RC	I712_RC
I3O2_RC	I43G
I3O2_RC	I898
I3O2_RC	IA5Q
I3O2_RC	I3O2
I3O2_RC	I1IS
I3O2_RC	I712
I3O2_RC	I43G_RC
I3O2_RC	I898_RC
I3O2_RC	IA5Q_RC
I3OI_RC	I3OI_RC
I3OI_RC	I1J8_RC
I3OI_RC	I71I_RC
I3OI_RC	I3OI
I3OI_RC	I1J8
I3OI_RC	I71I
I3R6_RC	I3R6_RC
I3R6_RC	I1L0_RC
I3R6_RC	IA3A
I3R6_RC	I746_RC
I3R6_RC	I5ZF
I3R6_RC	IBYJ
I3R6_RC	I3R6
I3R6_RC	I1L0
I3R6_RC	I746
I3R6_RC	IA3A_RC
I3R6_RC	I5ZF_RC
I3R6_RC	IBYJ_RC
I3RM_RC	I3RM_RC
I3RM_RC	I1LH_RC
I3RM_RC	I74M_RC
I3RM_RC	IA2W
I3RM_RC	IBY3
I3RM_RC	I5Z1
I3RM_RC	I3RM
I3RM_RC	I1LH
I3RM_RC	I74M
I3RM_RC	IA2W_RC
I3RM_RC	IBY3_RC
I3RM_RC	I5Z1_RC
I3S2_RC	I3S2_RC
I3S2_RC	I1LX_RC
I3S2_RC	IA2E
I3S2_RC	I752_RC
I3S2_RC	IBXN
I3S2_RC	I5YL
I3S2_RC	I3S2
I3S2_RC	I1LX
I3S2_RC	I752
I3S2_RC	IA2E_RC
I3S2_RC	IBXN_RC
I3S2_RC	I5YL_RC
I3SY_RC	I3SY_RC
I3SY_RC	IA1F
I3SY_RC	I1MT_RC
I3SY_RC	I75Y_RC
I3SY_RC	IBWR
I3SY_RC	I3SY
I3SY_RC	IA1F_RC
I3SY_RC	I1MT
I3SY_RC	I75Y
I3SY_RC	IBWR_RC
I3TU_RC	I3TU_RC
I3TU_RC	I1NN_RC
I3TU_RC	I76U_RC
I3TU_RC	I5WN
I3TU_RC	IA0N
I3TU_RC	IBVX
I3TU_RC	I3TU
I3TU_RC	I1NN
I3TU_RC	I76U
I3TU_RC	I5WN_RC
I3TU_RC	IA0N_RC
I3TU_RC	IBVX_RC
I3UQ_RC	I3UQ_RC
I3UQ_RC	I1OH_RC
I3UQ_RC	I5VP
I3UQ_RC	I9ZQ
I3UQ_RC	I77Q_RC
I3UQ_RC	IBV3
I3UQ_RC	I3UQ
I3UQ_RC	I1OH
I3UQ_RC	I5VP_RC
I3UQ_RC	I77Q
I3UQ_RC	I9ZQ_RC
I3UQ_RC	IBV3_RC
I3V6_RC	I3V6_RC
I3V6_RC	I5V9
I3V6_RC	I786_RC
I3V6_RC	I9ZB
I3V6_RC	I3V6
I3V6_RC	I5V9_RC
I3V6_RC	I786
I3V6_RC	I9ZB_RC
I3VM_RC	I3VM_RC
I3VM_RC	I5V8
I3VM_RC	I9ZA
I3VM_RC	I787_RC
I3VM_RC	I3VM
I3VM_RC	I5V8_RC
I3VM_RC	I9ZA_RC
I3VM_RC	I787
I3W2_RC	I3W2_RC
I3W2_RC	I1PF_RC
I3W2_RC	I5UT
I3W2_RC	I78N_RC
I3W2_RC	IBU7
I3W2_RC	I9YO
I3W2_RC	I3W2
I3W2_RC	I1PF
I3W2_RC	I5UT_RC
I3W2_RC	I78N
I3W2_RC	IBU7_RC
I3W2_RC	I9YO_RC
I3YA_RC	I3YA_RC
I3YA_RC	I5SK
I3YA_RC	I9WK
I3YA_RC	I1RO_RC
I3YA_RC	I7AV_RC
I3YA_RC	IBRZ
I3YA_RC	I3YA
I3YA_RC	I1RO
I3YA_RC	I5SK_RC
I3YA_RC	I9WK_RC
I3YA_RC	I7AV
I3YA_RC	IBRZ_RC
I3YQ_RC	I3YQ_RC
I3YQ_RC	I1S4_RC
I3YQ_RC	I7BB_RC
I3YQ_RC	IBRJ
I3YQ_RC	I9W5
I3YQ_RC	I3YQ
I3YQ_RC	I1S4
I3YQ_RC	I7BB
I3YQ_RC	IBRJ_RC
I3YQ_RC	I9W5_RC
I40I_RC	I40I_RC
I40I_RC	I9UF
I40I_RC	I7D3_RC
I40I_RC	IBP6
I40I_RC	I1U4_RC
I40I_RC	I5OW
I40I_RC	I40I
I40I_RC	I7D3
I40I_RC	I9UF_RC
I40I_RC	IBP6_RC
I40I_RC	I1U4
I40I_RC	I5OW_RC
I42Q_RC	I42Q_RC
I42Q_RC	IA4Y_RC
I42Q_RC	I884_RC
I42Q_RC	I3OR
I42Q_RC	I1JI
I42Q_RC	I71R
I42Q_RC	I42Q
I42Q_RC	IA4Y
I42Q_RC	I884
I42Q_RC	I3OR_RC
I42Q_RC	I1JI_RC
I42Q_RC	I71R_RC
I44Y_RC	I44Y_RC
I44Y_RC	I3MF
I44Y_RC	I8AZ_RC
I44Y_RC	I6ZH
I44Y_RC	I44Y
I44Y_RC	I3MF_RC
I44Y_RC	I8AZ
I44Y_RC	I6ZH_RC
I46A_RC	I46A_RC
I46A_RC	I3L1
I46A_RC	I1FU
I46A_RC	I8CA_RC
I46A_RC	I6Y3
I46A_RC	IA8R_RC
I46A_RC	I46A
I46A_RC	I3L1_RC
I46A_RC	I8CA
I46A_RC	I1FU_RC
I46A_RC	IA8R
I46A_RC	I6Y3_RC
I482_RC	I482_RC
I482_RC	I8DY_RC
I482_RC	I3JC
I482_RC	I1E2
I482_RC	IAAK_RC
I482_RC	I6WE
I482_RC	I482
I482_RC	I8DY
I482_RC	I3JC_RC
I482_RC	I1E2_RC
I482_RC	IAAK
I482_RC	I6WE_RC
I48Y_RC	I48Y_RC
I48Y_RC	I8EV_RC
I48Y_RC	I1D6
I48Y_RC	I3II
I48Y_RC	IABG_RC
I48Y_RC	I6VK
I48Y_RC	I48Y
I48Y_RC	I8EV
I48Y_RC	I1D6_RC
I48Y_RC	I3II_RC
I48Y_RC	IABG
I48Y_RC	I6VK_RC
I49E_RC	I49E_RC
I49E_RC	I8FB_RC
I49E_RC	I1CP
I49E_RC	I3I2
I49E_RC	IABX_RC
I49E_RC	I6V4
I49E_RC	I49E
I49E_RC	I8FB
I49E_RC	I1CP_RC
I49E_RC	I3I2_RC
I49E_RC	IABX
I49E_RC	I6V4_RC
I4B6_RC	I4B6_RC
I4B6_RC	I4B6
I4EQ_RC	I4EQ_RC
I4EQ_RC	IAH2_RC
I4EQ_RC	I3CO
I4EQ_RC	I17F
I4EQ_RC	I8L7_RC
I4EQ_RC	I6PB
I4EQ_RC	I4EQ
I4EQ_RC	IAH2
I4EQ_RC	I3CO_RC
I4EQ_RC	I8L7
I4EQ_RC	I17F_RC
I4EQ_RC	I6PB_RC
I4F6_RC	I4F6_RC
I4F6_RC	IAHI_RC
I4F6_RC	I3C8
I4F6_RC	I16Y
I4F6_RC	I8LN_RC
I4F6_RC	I6OV
I4F6_RC	I4F6
I4F6_RC	IAHI
I4F6_RC	I3C8_RC
I4F6_RC	I16Y_RC
I4F6_RC	I8LN
I4F6_RC	I6OV_RC
I4G2_RC	I4G2_RC
I4G2_RC	I4G2
I4GI_RC	I4GI_RC
I4GI_RC	IAIT_RC
I4GI_RC	I3AV
I4GI_RC	I8MW_RC
I4GI_RC	I15M
I4GI_RC	I6NI
I4GI_RC	I4GI
I4GI_RC	IAIT
I4GI_RC	I3AV_RC
I4GI_RC	I8MW
I4GI_RC	I15M_RC
I4GI_RC	I6NI_RC
I4HE_RC	I4HE_RC
I4HE_RC	I4HE
I4J6_RC	I4J6_RC
I4J6_RC	I8PE_RC
I4J6_RC	I388
I4J6_RC	IAL7_RC
I4J6_RC	I6KV
I4J6_RC	I134
I4J6_RC	I4J6
I4J6_RC	I8PE
I4J6_RC	I388_RC
I4J6_RC	IAL7
I4J6_RC	I6KV_RC
I4J6_RC	I134_RC
I4JM_RC	I4JM_RC
I4JM_RC	I6KI
I4JM_RC	I8PU_RC
I4JM_RC	I12S
I4JM_RC	IALJ_RC
I4JM_RC	I37V
I4JM_RC	I4JM
I4JM_RC	I8PU
I4JM_RC	I6KI_RC
I4JM_RC	I12S_RC
I4JM_RC	IALJ
I4JM_RC	I37V_RC
I4K2_RC	I4K2_RC
I4K2_RC	IALZ_RC
I4KY_RC	I4KY_RC
I4KY_RC	I6J8
I4KY_RC	I8R8_RC
I4KY_RC	IAMX_RC
I4KY_RC	I116
I4KY_RC	I36L
I4KY_RC	I4KY
I4KY_RC	I8R8
I4KY_RC	I6J8_RC
I4KY_RC	IAMX
I4KY_RC	I116_RC
I4KY_RC	I36L_RC
I4LE_RC	I4LE_RC
I4LE_RC	I4LE
I4LU_RC	I4LU_RC
I4LU_RC	I4LU
I4MA_RC	I4MA_RC
I4MA_RC	I6IB
I4MA_RC	I109
I4MA_RC	IANV_RC
I4MA_RC	I35O
I4MA_RC	I8RY_RC
I4MA_RC	I4MA
I4MA_RC	I6IB_RC
I4MA_RC	I109_RC
I4MA_RC	IANV
I4MA_RC	I35O_RC
I4MA_RC	I8RY
I4N6_RC	I4N6_RC
I4N6_RC	I6HG
I4N6_RC	IZ9
I4N6_RC	I34T
I4N6_RC	IAOU_RC
I4N6_RC	I8SV_RC
I4N6_RC	I4N6
I4N6_RC	I6HG_RC
I4N6_RC	IZ9_RC
I4N6_RC	I34T_RC
I4N6_RC	IAOU
I4N6_RC	I8SV
I4QA_RC	I4QA_RC
I4QA_RC	I8W1_RC
I4QA_RC	IW2
I4QA_RC	IAS2_RC
I4QA_RC	IAS2
I4QA_RC	I4QA
I4QA_RC	IW2_RC
I4QQ_RC	I4QQ_RC
I4QQ_RC	IASI_RC
I4QQ_RC	IVN
I4QQ_RC	I8X0_RC
I4QQ_RC	I6D1
I4QQ_RC	I5P6_RC
I4QQ_RC	I30D
I4QQ_RC	I4QQ
I4QQ_RC	IASI
I4QQ_RC	IVN_RC
I4QQ_RC	I8X0
I4QQ_RC	I6D1_RC
I4QQ_RC	I30D_RC
I4S2_RC	I4S2_RC
I4S2_RC	I4S2
I4V6_RC	I4V6_RC
I4V6_RC	I911_RC
I4V6_RC	I686
I4V6_RC	IRY
I4V6_RC	IAWE_RC
I4V6_RC	I2VK
I4V6_RC	I4V6
I4V6_RC	I911
I4V6_RC	I686_RC
I4V6_RC	IAWE
I4V6_RC	IRY_RC
I4V6_RC	I2VK_RC
I4XE_RC	I4XE_RC
I4XE_RC	I65T
I4XE_RC	IAYR_RC
I4XE_RC	IAYS_RC
I4XE_RC	I93B_RC
I4XE_RC	IPK
I4XE_RC	I93C_RC
I4XE_RC	IPL
I4XE_RC	I2T6
I4XE_RC	I2T7
I4XE_RC	I65S
I4XE_RC	I4XE
I4XE_RC	I65T_RC
I4XE_RC	IAYR
I4XE_RC	IAYS
I4XE_RC	I93B
I4XE_RC	I93C
I4XE_RC	IPK_RC
I4XE_RC	IPL_RC
I4XE_RC	I2T6_RC
I4XE_RC	I2T7_RC
I4XE_RC	I65S_RC
I4YA_RC	I4YA_RC
I4YA_RC	IO3
I4YA_RC	I61G_RC
I4YA_RC	I948_RC
I4YA_RC	IB0A_RC
I4YA_RC	I2QO
I4YA_RC	I4YA
I4YA_RC	IO3_RC
I4YA_RC	I61G
I4YA_RC	I948
I4YA_RC	IB0A
I4YA_RC	I2QO_RC
I51E_RC	I51E_RC
I51E_RC	I97X_RC
I51U_RC	I51U_RC
I51U_RC	I98H_RC
I51U_RC	IJT
I51U_RC	I2M2
I51U_RC	I856
I51U_RC	IB4D_RC
I51U_RC	I51U
I51U_RC	I98H
I51U_RC	IJT_RC
I51U_RC	I2M2_RC
I51U_RC	I856_RC
I51U_RC	IB4D
I52A_RC	I52A_RC
I52A_RC	IBG2_RC
I52A_RC	I8U
I52A_RC	I52A
I52A_RC	I5F5
I52A_RC	IBG2
I52A_RC	I8U_RC
I54Y_RC	I54Y_RC
I54Y_RC	I54Y
I55U_RC	I55U_RC
I55U_RC	I81L
I55U_RC	I2II
I55U_RC	IH8
I55U_RC	I9BJ_RC
I55U_RC	IB73_RC
I55U_RC	I55U
I55U_RC	I81L_RC
I55U_RC	I2II_RC
I55U_RC	IH8_RC
I55U_RC	I9BJ
I55U_RC	IB73
I57M_RC	I57M_RC
I57M_RC	I57M
I58Y_RC	I58Y_RC
I58Y_RC	I7UJ
I58Y_RC	I2BG
I58Y_RC	I9DO_RC
I58Y_RC	IF1
I58Y_RC	IB9A_RC
I58Y_RC	I58Y
I58Y_RC	I7UJ_RC
I58Y_RC	I9DO
I58Y_RC	I2BG_RC
I58Y_RC	IF1_RC
I58Y_RC	IB9A
I5AA_RC	I5AA_RC
I5AA_RC	I5AA
I5B6_RC	I5B6_RC
I5B6_RC	I5B6
I5DE_RC	I5DE_RC
I5DE_RC	IAR
I5DE_RC	I7PI
I5DE_RC	I26F
I5DE_RC	I9IG_RC
I5DE_RC	IBE4_RC
I5DE_RC	I5DE
I5DE_RC	IAR_RC
I5DE_RC	I7PI_RC
I5DE_RC	I26F_RC
I5DE_RC	I9IG
I5DE_RC	IBE4
I5DU_RC	I5DU_RC
I5HU_RC	I5HU_RC
I5HU_RC	I9NN_RC
I5HU_RC	IBIY_RC
I5HU_RC	I7KR
I5HU_RC	I21P
I5HU_RC	I5R
I5HU_RC	I5HU
I5HU_RC	I9NN
I5HU_RC	IBIY
I5HU_RC	I7KR_RC
I5HU_RC	I21P_RC
I5HU_RC	I5R_RC
I5J6_RC	I5J6_RC
I5J6_RC	I5J6
I5K2_RC	I5K2_RC
I5K2_RC	I7HO
I5K2_RC	I1YM
I5K2_RC	I9PQ_RC
I5K2_RC	I5K2
I5K2_RC	I7HO_RC
I5K2_RC	I9PQ
I5K2_RC	I1YM_RC
I5KI_RC	I5KI_RC
I5KI_RC	I7H6
I5KI_RC	I1Y4
I5KI_RC	I9Q6_RC
I5KI_RC	IBLA_RC
I5KI_RC	I2O
I5KI_RC	I5KI
I5KI_RC	I7H6_RC
I5KI_RC	I1Y4_RC
I5KI_RC	I9Q6
I5KI_RC	IBLA
I5KI_RC	I2O_RC
I5OI_RC	I5OI_RC
I5OI_RC	I5OI
I5PU_RC	I5PU_RC
I5QA_RC	I5QA_RC
I5QA_RC	I57J_RC
I5QA_RC	I5QA
I5QA_RC	I57J
I5QQ_RC	I5QQ_RC
I5QQ_RC	I5QQ
I5S2_RC	I5S2_RC
I5S2_RC	I9W3_RC
I5S2_RC	I5S2
I5S2_RC	I9W3
I5SI_RC	I5SI_RC
I5SI_RC	I9WI_RC
I5SI_RC	I3YC
I5SI_RC	I1RQ
I5SI_RC	I7AX
I5SI_RC	IBRX_RC
I5SI_RC	I5SI
I5SI_RC	I9WI
I5SI_RC	I3YC_RC
I5SI_RC	I1RQ_RC
I5SI_RC	I7AX_RC
I5SI_RC	IBRX
I5UQ_RC	I5UQ_RC
I5UQ_RC	I3W5
I5UQ_RC	I1PI
I5UQ_RC	I78Q
I5UQ_RC	IBU4_RC
I5UQ_RC	I9YL_RC
I5UQ_RC	I5UQ
I5UQ_RC	I3W5_RC
I5UQ_RC	I1PI_RC
I5UQ_RC	I78Q_RC
I5UQ_RC	IBU4
I5UQ_RC	I9YL
I5VM_RC	I5VM_RC
I5VM_RC	I9ZN_RC
I5VM_RC	I1OK
I5VM_RC	I3UT
I5VM_RC	I77T
I5VM_RC	IBV0_RC
I5VM_RC	I5VM
I5VM_RC	I9ZN
I5VM_RC	I1OK_RC
I5VM_RC	I3UT_RC
I5VM_RC	I77T_RC
I5VM_RC	IBV0
I5WI_RC	I5WI_RC
I5WI_RC	I5WI
I5ZM_RC	I5ZM_RC
I5ZM_RC	IBYQ_RC
I5ZM_RC	I3QZ
I5ZM_RC	I1KT
I5ZM_RC	IA3H_RC
I5ZM_RC	I73Z
I5ZM_RC	I5ZM
I5ZM_RC	IBYQ
I5ZM_RC	I3QZ_RC
I5ZM_RC	IA3H
I5ZM_RC	I1KT_RC
I5ZM_RC	I73Z_RC
I1P0	I1P0
I1P0	I5V5_RC
I1P0	I3VP
I1P0	I78A
I1P0	IBUL_RC
I1P0	I9Z7_RC
I1P0	I9Z7
I1P0	I5V5
I1P0	I1P0_RC
I1P0	I3VP_RC
I1P0	I78A_RC
I1P0	IBUL
IO7	IO7
IO7	I96S
IO7	IB06_RC
IO7	IB33
IO7	ILB_RC
IO7	IB33_RC
IO7	I96S_RC
IO7	IB06
IO7	IO7_RC
IO7	ILB
I5XJ_RC	I5XJ_RC
I5XJ_RC	I5XJ
I5YF_RC	I5YF_RC
I5YF_RC	I5YF
I6AF_RC	I6AF_RC
I6AF_RC	I4T2
I6AF_RC	I8YU
I6AF_RC	IATY
I6AF_RC	IU7_RC
I6AF_RC	I2XS_RC
I6AF_RC	I6AF
I6AF_RC	I4T2_RC
I6AF_RC	I8YU_RC
I6AF_RC	IATY_RC
I6AF_RC	IU7
I6AF_RC	I2XS
I6BR_RC	I6BR_RC
I6BR_RC	I7VG
I6BR_RC	I2CD
I6BR_RC	I2Z4_RC
I6BR_RC	I6BR
I6BR_RC	I7VG_RC
I6BR_RC	I2CD_RC
I6BR_RC	I2Z4
I6D3_RC	I6D3_RC
I6D3_RC	I8WY
I6D3_RC	IVP_RC
I6D3_RC	I30F_RC
I6D3_RC	I4QO
I6D3_RC	IASG
I6D3_RC	I6D3
I6D3_RC	I8WY_RC
I6D3_RC	IVP
I6D3_RC	I30F
I6D3_RC	I4QO_RC
I6D3_RC	IASG_RC
I6DZ_RC	I6DZ_RC
I6DZ_RC	IWQ_RC
I6DZ_RC	I4PN
I6DZ_RC	I8VF
I6DZ_RC	I31B_RC
I6DZ_RC	I6DZ
I6DZ_RC	IWQ
I6DZ_RC	I4PN_RC
I6DZ_RC	I8VF_RC
I6DZ_RC	I31B
I6G7_RC	I6G7_RC
I6G7_RC	IAQ0
I6G7_RC	I8U2
I6G7_RC	I4OB
I6G7_RC	IY3_RC
I6G7_RC	I33K_RC
I6G7_RC	I6G7
I6G7_RC	IAQ0_RC
I6G7_RC	I8U2_RC
I6G7_RC	IY3
I6G7_RC	I4OB_RC
I6G7_RC	I33K
I6HJ_RC	I6HJ_RC
I6HJ_RC	IZC_RC
I6HJ_RC	I8SS
I6HJ_RC	IAOS
I6HJ_RC	I34W_RC
I6HJ_RC	I6HJ
I6HJ_RC	IZC
I6HJ_RC	I8SS_RC
I6HJ_RC	IAOS_RC
I6HJ_RC	I34W
I6JB_RC	I6JB_RC
I6JB_RC	I8R5
I6JB_RC	IAMU
I6JB_RC	I119_RC
I6JB_RC	I4KV
I6JB_RC	I36O_RC
I6JB_RC	I6JB
I6JB_RC	I8R5_RC
I6JB_RC	IAMU_RC
I6JB_RC	I119
I6JB_RC	I4KV_RC
I6JB_RC	I36O
I6PZ_RC	I6PZ_RC
I6PZ_RC	I183_RC
I6PZ_RC	IAGE
I6PZ_RC	I3DC_RC
I6PZ_RC	I6PZ
I6PZ_RC	I183
I6PZ_RC	IAGE_RC
I6PZ_RC	I3DC
I6QV_RC	I6QV_RC
I6QV_RC	I18X_RC
I6QV_RC	I18Y_RC
I6QV_RC	I8K3
I6QV_RC	I8K4
I6QV_RC	IAFG
I6QV_RC	IAFH
I6QV_RC	I4DA
I6QV_RC	I4DB
I6QV_RC	I3E8_RC
I6QV_RC	I6QV
I6QV_RC	I18X
I6QV_RC	I18Y
I6QV_RC	I8K3_RC
I6QV_RC	I8K4_RC
I6QV_RC	IAFG_RC
I6QV_RC	IAFH_RC
I6QV_RC	I4DA_RC
I6QV_RC	I4DB_RC
I6QV_RC	I3E8
I6RR_RC	I6RR_RC
I6RR_RC	I3F4_RC
I6RR_RC	I7FI
I6RR_RC	IY
I6RR_RC	IBN0_RC
I6RR_RC	I1WG
I6RR_RC	I9S0_RC
I6RR_RC	I7FI_RC
I6RR_RC	IY_RC
I6RR_RC	IBN0
I6RR_RC	I9S0
I6RR_RC	I1WG_RC
I6RR_RC	I3F4
I6RR_RC	I6RR
I6YF_RC	I6YF_RC
I6YF_RC	I3LD_RC
I6YF_RC	I6YF
I6YF_RC	I3LD
I6YV_RC	I6YV_RC
I6YV_RC	I3LT_RC
I6YV_RC	I6YV
I6YV_RC	I3LT
I72F_RC	I72F_RC
I72F_RC	I3PF_RC
I72F_RC	I72F
I72F_RC	I3PF
I2CQ	I2CQ
I2CQ	I9DD_RC
I2CQ	I7VT
I2CQ	I2CQ_RC
I2CQ	I9DD
I2CQ	I7VT_RC
I2CQ	IB8W
I2CQ	IFF_RC
I2CQ	IB8W_RC
I2CQ	IFF
I2IX_RC	I2IX_RC
I2IX_RC	I820_RC
I2IX_RC	I2IX
I2IX_RC	I820
I2PL_RC	I2PL_RC
I2PL_RC	I4ZM
I2PL_RC	I62J
I2PL_RC	I958
I2PL_RC	IN3_RC
I2PL_RC	IB1C
I2PL_RC	I2PL
I2PL_RC	I4ZM_RC
I2PL_RC	I62J_RC
I2PL_RC	I958_RC
I2PL_RC	IN3
I2PL_RC	IB1C_RC
I2Q1_RC	I2Q1_RC
I2Q1_RC	I4Z7
I2Q1_RC	I623
I2Q1_RC	I94S
I2Q1_RC	INJ_RC
I2Q1_RC	IB0W
I2Q1_RC	I2Q1
I2Q1_RC	I4Z7_RC
I2Q1_RC	I623_RC
I2Q1_RC	I94S_RC
I2Q1_RC	INJ
I2Q1_RC	IB0W_RC
I2QX_RC	I2QX_RC
I2QX_RC	I2QX
I2XL_RC	I2XL_RC
I2XL_RC	ITZ_RC
I2XL_RC	IU0_RC
I2XL_RC	I4T9
I2XL_RC	I8Z1
I2XL_RC	IAU5
I2XL_RC	I6A8_RC
I2XL_RC	I2XL
I2XL_RC	ITZ
I2XL_RC	IU0
I2XL_RC	I4T9_RC
I2XL_RC	I8Z1_RC
I2XL_RC	IAU5_RC
I2XL_RC	I6A8
I2YH_RC	I2YH_RC
I2YH_RC	I8YA
I2YH_RC	IUK_RC
I2YH_RC	I6B4_RC
I2YH_RC	I2YH
I2YH_RC	I8YA_RC
I2YH_RC	IUK
I2YH_RC	I6B4
I2YX_RC	I2YX_RC
I2YX_RC	I8XX
I2YX_RC	I4S9
I2YX_RC	IAT6
I2YX_RC	IV0_RC
I2YX_RC	I6BK_RC
I2YX_RC	I2YX
I2YX_RC	I8XX_RC
I2YX_RC	I4S9_RC
I2YX_RC	IAT6_RC
I2YX_RC	IV0
I2YX_RC	I6BK
I321_RC	I321_RC
I321_RC	I6EP_RC
I321_RC	I321
I321_RC	I6EP
I3IX_RC	I3IX_RC
I3IX_RC	I48K
I3IX_RC	I8EG
I3IX_RC	IAAZ
I3IX_RC	I1DN_RC
I3IX_RC	I6VZ_RC
I3IX_RC	I3IX
I3IX_RC	I48K_RC
I3IX_RC	I8EG_RC
I3IX_RC	I1DN
I3IX_RC	IAAZ_RC
I3IX_RC	I6VZ
I3M1_RC	I3M1_RC
I3M1_RC	IA7R
I3M1_RC	I8BF
I3M1_RC	I1GT_RC
I3M1_RC	I6Z3_RC
I3M1_RC	I3M1
I3M1_RC	IA7R_RC
I3M1_RC	I8BF_RC
I3M1_RC	I1GT
I3M1_RC	I6Z3
I3MH_RC	I3MH_RC
I3MH_RC	I8AX
I3MH_RC	I6ZJ_RC
I3MH_RC	I44W
I3MH_RC	I3MH
I3MH_RC	I8AX_RC
I3MH_RC	I6ZJ
I3MH_RC	I44W_RC
IBGT	IBGT
IBGT	I241_RC
IBGT	I7X_RC
IBGT	I7N3_RC
IBGT	I7X
IBGT	I241
IBGT	IBGT_RC
IBGT	I7N3
IBZ1	IBZ1
IBZ1	I1KI_RC
IBZ1	I5ZX
IBZ1	IA3T
IBZ1	I5ZX_RC
IBZ1	IA3T_RC
IBZ1	IBZ1_RC
IBZ1	I1KI
IBZ1	I73K
IBZ1	I3QK
IBZ1	I73K_RC
IBZ1	I3QK_RC
ID_RC	ID_RC
ID_RC	ID
I3X_RC	I3X_RC
I3X_RC	I3X
I4D_RC	I4D_RC
I4D_RC	I4D
I99_RC	I99_RC
I99_RC	IBFN
I99_RC	I5EU
I99_RC	I24X_RC
I99_RC	IBFL
I99_RC	I7O1_RC
I99_RC	I24Y_RC
I99_RC	I5ET
I99_RC	I9JU
I99_RC	I9B_RC
I99_RC	I7O0_RC
I99_RC	I5EU_RC
I99_RC	I24X
I99_RC	I7O1
I99_RC	IBFL_RC
I99_RC	I24Y
I99_RC	I5ET_RC
I99_RC	I9JU_RC
I99_RC	I9B
I99_RC	I7O0
I99_RC	I99
I99_RC	IBFN_RC
I99_RC	I24W
I99_RC	I7NZ
I99_RC	I24W_RC
I99_RC	I7NZ_RC
IBH_RC	IBH_RC
IBH_RC	IBDF
IBH_RC	IBH
IBH_RC	IBDF_RC
I1ZJ_RC	I1ZJ_RC
I1ZJ_RC	I9OZ
I1ZJ_RC	I5J8
I1ZJ_RC	I3R_RC
I1ZJ_RC	IBK9
I1ZJ_RC	I7IL_RC
I1ZJ_RC	I5J8_RC
I1ZJ_RC	I1ZJ
I1ZJ_RC	I9OZ_RC
I1ZJ_RC	I3R
I1ZJ_RC	IBK9_RC
I1ZJ_RC	I7IL
I1ZZ_RC	I1ZZ_RC
I1ZZ_RC	I7J1_RC
I1ZZ_RC	I1ZZ
I1ZZ_RC	I7J1
I21B_RC	I21B_RC
I21B_RC	I7KD_RC
I21B_RC	I21B
I21B_RC	I7KD
I27Z_RC	I27Z_RC
I27Z_RC	I7R2_RC
I27Z_RC	I27Z
I27Z_RC	I7R2
I2BJ_RC	I2BJ_RC
I2BJ_RC	I7UM_RC
I2BJ_RC	I2BJ
I2BJ_RC	I7UM
I2CF_RC	I2CF_RC
I2CF_RC	I7VI_RC
I2CF_RC	IB98
I2CF_RC	I9DM
I2CF_RC	I7UL_RC
I2CF_RC	I2BI_RC
I2CF_RC	IF3_RC
I2CF_RC	I58W
I2CF_RC	I2CF
I2CF_RC	I7VI
I2CF_RC	IB98_RC
I2CF_RC	I9DM_RC
I2CF_RC	I7UL
I2CF_RC	I2BI
I2CF_RC	IF3
I2CF_RC	I58W_RC
I2DR_RC	I2DR_RC
I2DR_RC	I7WU_RC
I2DR_RC	I2DR
I2DR_RC	I7WU
I2E7_RC	I2E7_RC
I2E7_RC	I7XA_RC
I2E7_RC	I2E7
I2E7_RC	I7XA
I2F3_RC	I2F3_RC
I2F3_RC	I7Y6_RC
I2F3_RC	I2F3
I2F3_RC	I7Y6
I2FJ_RC	I2FJ_RC
I2FJ_RC	I7YM_RC
I2FJ_RC	I2FJ
I2FJ_RC	I7YM
I2FJ_RC	I5PV
I2I7_RC	I2I7_RC
I2I7_RC	I81A_RC
I2I7_RC	I2I7
I2I7_RC	I81A
I2J3_RC	I2J3_RC
I2J3_RC	I826_RC
I2J3_RC	I2J3
I2J3_RC	I826
I2KV_RC	I2KV_RC
I2KV_RC	I83Y_RC
I2KV_RC	I83Y
I2KV_RC	I2S6_RC
I2KV_RC	I64S_RC
I2KV_RC	I2KV
I2Z3_RC	I2Z3_RC
I2Z3_RC	I6BQ_RC
I2Z3_RC	I2Z3
I2Z3_RC	I6BQ
I31R_RC	I31R_RC
I31R_RC	I6EF_RC
I31R_RC	I31R
I31R_RC	I6EF
I327_RC	I327_RC
I327_RC	I6EU_RC
I32N_RC	I32N_RC
I32N_RC	I6FA_RC
I32N_RC	I32N
I32N_RC	I6FA
I34F_RC	I34F_RC
I34F_RC	I6H2_RC
I34F_RC	I34F
I34F_RC	I6H2
I367_RC	I367_RC
I367_RC	I6IU_RC
I367_RC	I367
I367_RC	I6IU
I7XK_RC	I7XK_RC
I7XK_RC	I2EH_RC
I7XK_RC	I58D
I7XK_RC	I7XK
I7XK_RC	I2EH
I7XK_RC	I58D_RC
I7ZS_RC	I7ZS_RC
I7ZS_RC	I2GP_RC
I7ZS_RC	IB7V
I7ZS_RC	I9CD
I7ZS_RC	I56M
I7ZS_RC	IGG_RC
I7ZS_RC	I7ZS
I7ZS_RC	I2GP
I7ZS_RC	IB7V_RC
I7ZS_RC	I9CD_RC
I7ZS_RC	I56M_RC
I7ZS_RC	IGG
I808_RC	I808_RC
I808_RC	I2H5_RC
I808_RC	I9BV
I808_RC	IB7F
I808_RC	I566
I808_RC	IGW_RC
I808_RC	I808
I808_RC	I2H5
I808_RC	I9BV_RC
I808_RC	IB7F_RC
I808_RC	I566_RC
I808_RC	IGW
I80O_RC	I80O_RC
I80O_RC	I7WY
I80O_RC	I52R
I80O_RC	I6C6
I80O_RC	I97A
I80O_RC	I2HL_RC
I80O_RC	I2ZJ
I80O_RC	I2NF_RC
I80O_RC	I2DV
I80O_RC	I2RE
I80O_RC	I60R_RC
I80O_RC	I86J_RC
I80O_RC	I80O
I80O_RC	I7WY_RC
I80O_RC	I52R_RC
I80O_RC	I6C6_RC
I80O_RC	I97A_RC
I80O_RC	I2HL
I80O_RC	I2ZJ_RC
I80O_RC	I840
I80O_RC	I2KX
I80O_RC	I840_RC
I80O_RC	I2KX_RC
I82W_RC	I82W_RC
I82W_RC	IIE_RC
I82W_RC	IIF_RC
I82W_RC	I2JT_RC
I82W_RC	IB5Q
I82W_RC	IB5R
I82W_RC	I82W
I82W_RC	IIE
I82W_RC	IIF
I82W_RC	I2JT
I82W_RC	IB5Q_RC
I82W_RC	IB5R_RC
I83S_RC	I83S_RC
I83S_RC	I2KP_RC
I83S_RC	I52Y
I83S_RC	I83S
I83S_RC	I2KP
I83S_RC	I52Y_RC
I84O_RC	I84O_RC
I84O_RC	I2LK_RC
I84O_RC	I7RB_RC
I84O_RC	I288_RC
I84O_RC	I9H6
I84O_RC	I5CG
I84O_RC	IBCW
I84O_RC	IC0_RC
I84O_RC	I84O
I84O_RC	I2LK
I84O_RC	I7RB
I84O_RC	I288
I84O_RC	I9H6_RC
I84O_RC	IC0
I84O_RC	I5CG_RC
I84O_RC	IBCW_RC
I85K_RC	I85K_RC
I85K_RC	IB41
I85K_RC	I984
I85K_RC	IK5_RC
I85K_RC	I2MG_RC
I85K_RC	I85K
I85K_RC	IB41_RC
I85K_RC	I984_RC
I85K_RC	IK5
I85K_RC	I2MG
I86G_RC	I86G_RC
I86G_RC	I2NC_RC
I86G_RC	I86G
I86G_RC	I2NC
I87S_RC	I87S_RC
I87S_RC	I87S
I888_RC	I888_RC
I888_RC	I888
I88O_RC	I88O_RC
I88O_RC	I432_RC
I88O_RC	IA5C_RC
I88O_RC	I88O
I88O_RC	I432
I88O_RC	IA5C
I894_RC	I894_RC
I894_RC	I894
I8AW_RC	I8AW_RC
I8AW_RC	I3MI
I8AW_RC	I44V_RC
I8AW_RC	I6ZK
I8AW_RC	I8AW
I8AW_RC	I3MI_RC
I8AW_RC	I44V
I8AW_RC	I6ZK_RC
I8C8_RC	I8C8_RC
I8C8_RC	I3L3
I8C8_RC	IA8P_RC
I8C8_RC	I1FW
I8C8_RC	I6Y5
I8C8_RC	I8C8
I8C8_RC	I3L3_RC
I8C8_RC	IA8P
I8C8_RC	I1FW_RC
I8C8_RC	I6Y5_RC
I8E0_RC	I8E0_RC
I8E0_RC	I484_RC
I8E0_RC	I8E0
I8E0_RC	I484
I8EW_RC	I8EW_RC
I8EW_RC	I48Z_RC
I8EW_RC	I1D5
I8EW_RC	I3IH
I8EW_RC	IABH_RC
I8EW_RC	I6VJ
I8EW_RC	I8EW
I8EW_RC	I48Z
I8EW_RC	I1D5_RC
I8EW_RC	I3IH_RC
I8EW_RC	IABH
I8EW_RC	I6VJ_RC
I8IG_RC	I8IG_RC
I8IG_RC	I8IG
I8NC_RC	I8NC_RC
I8NC_RC	I8NC
I8PK_RC	I8PK_RC
I8PK_RC	I4JC_RC
I8PK_RC	I8PK
I8PK_RC	I4JC
I8RC_RC	I8RC_RC
I8RC_RC	I112
I8RC_RC	I4L2_RC
I8RC_RC	I36H
I8RC_RC	IAN1_RC
I8RC_RC	I6J4
I8RC_RC	I8RC
I8RC_RC	I112_RC
I8RC_RC	I4L2
I8RC_RC	I36H_RC
I8RC_RC	IAN1
I8RC_RC	I6J4_RC
I2WJ	I2WJ
I2WJ	I903_RC
I2WJ	I4UC_RC
I2WJ	I695
I2WJ	IAVH_RC
I2WJ	ISV
I45F	I45F
I45F	I3LV_RC
I45F	I1GM_RC
I45F	I6YX_RC
I45F	IA7Y
I45F	I8BK
I45F	I3LV
I45F	I45F_RC
I45F	I1GM
I45F	I6YX
I45F	IA7Y_RC
I45F	I8BK_RC
I4TV	I4TV
I4TV	I8ZM
I4TV	I2WZ_RC
I4TV	I69M_RC
I4TV	IAV0
I4TV	ITC_RC
I4TV	I2WZ
I4TV	I8ZM_RC
I4TV	I4TV_RC
I4TV	I69M
I4TV	IAV0_RC
I4TV	ITC
I69V	I69V
I69V	IAUQ_RC
I69V	I8ZC_RC
I69V	ITM
I69V	I2X8
I69V	I7KH_RC
I69V	I21F_RC
I69V	I9NV
I69V	I4TL_RC
I69V	I9O2_RC
I69V	I59
I69V	I5I5_RC
I69V	I69V_RC
I69V	IAUQ
I69V	I8ZC
I69V	ITM_RC
I69V	I2X8_RC
I69V	I218
I69V	I7KA
I69V	IBJE_RC
I6HF	I6HF
I6HF	I4N7_RC
I6HF	IZ8
I6HF	I34S
I6HF	IAOV_RC
I6HF	I8SW_RC
I6HF	I4N7
I6HF	I6HF_RC
I6HF	IZ8_RC
I6HF	I34S_RC
I6HF	IAOV
I6HF	I8SW
I6QB	I6QB
I6QB	I4DV_RC
I6QB	IAG3_RC
I6QB	I18B
I6QB	I3DO
I6QB	I4DV
I6QB	IAG3
I6QB	I6QB_RC
I6QB	I18B_RC
I6QB	I3DO_RC
I78Z	I78Z
I78Z	I9YC_RC
I78Z	I3WE
I78Z	I1PR
I78Z	IBTV_RC
I78Z	I1PR_RC
I78Z	IBTV
I7SZ	I7SZ
I7SZ	I9FM_RC
I7SZ	I29W
I7SZ	IDH
I7SZ	IBAV_RC
I7SZ	I5AH_RC
I7SZ	I9FM
I7SZ	I7SZ_RC
I7SZ	I29W_RC
I7SZ	IDH_RC
I7SZ	IBAV
I7SZ	I5AH
I803	I803
I803	I56B_RC
I803	I2H0
I803	IGR
I803	I9C0_RC
I803	IB7K_RC
I803	I56B
I803	I803_RC
I803	I2H0_RC
I803	IGR_RC
I803	I9C0
I803	IB7K
I903	I903
I903	I2WJ_RC
I903	I4UC
I903	I695_RC
I903	IAVH
I903	ISV_RC
I90J	I90J
I90J	I2W3_RC
I90J	I68P_RC
I90J	IAVX
I90J	ISF_RC
I90J	I4UO
I90J	I2W3
I90J	I90J_RC
I90J	I68P
I90J	IAVX_RC
I90J	ISF
I90J	I4UO_RC
IAC3	IAC3
IAC3	I1CJ_RC
IAC3	I3HW_RC
IAC3	I49K
IAC3	I6UY_RC
IAC3	I8FH
IAC3	I1CJ
IAC3	IAC3_RC
IAC3	I3HW
IAC3	I49K_RC
IAC3	I6UY
IAC3	I8FH_RC
IAIB	IAIB
IAIB	I6O3_RC
IAIB	I8ME
IAIB	I3BG_RC
IAIB	I165_RC
IAIB	I4FZ
IAIB	I6O3
IAIB	IAIB_RC
IAIB	I8ME_RC
IAIB	I3BG
IAIB	I165
IAIB	I4FZ_RC
IAMR	IAMR
IAMR	I36R_RC
IAMR	I6JE_RC
IAMR	I4KS
IAMR	I8R2
IAMR	I11C_RC
IAMR	I36R
IAMR	IAMR_RC
IAMR	I6JE
IAMR	I4KS_RC
IAMR	I8R2_RC
IAMR	I11C
IAQR	IAQR
IAQR	I32R_RC
IAQR	I4P1
IAQR	I8UT
IAQR	I6FE_RC
IAQR	IXC_RC
IAQR	I32R
IAQR	IAQR_RC
IAQR	I4P1_RC
IAQR	I8UT_RC
IAQR	I6FE
IAQR	IXC
IASZ	IASZ
IASZ	I6CI_RC
IASZ	IV7_RC
IASZ	I2ZV_RC
IASZ	I4RW
IASZ	I8XR
IASZ	IV7
IASZ	I6CI
IASZ	IASZ_RC
IASZ	I2ZV
IASZ	I4RW_RC
IASZ	I8XR_RC
IAVN	IAVN
IAVN	I68Z_RC
IAVN	I909
IAVN	ISP_RC
IAVN	I4UI
IAVN	I2WD_RC
IAVN	I68Z
IAVN	IAVN_RC
IAVN	ISP
IAVN	I909_RC
IAVN	I4UI_RC
IAVN	I2WD
IAW3	IAW3
IAW3	I68J_RC
IAW3	I4UU
IAW3	I90P
IAW3	IS9_RC
IAW3	I2VX_RC
IAW3	I68J
IAW3	IAW3_RC
IAW3	I4UU_RC
IAW3	IS9
IAW3	I90P_RC
IAW3	I2VX
IB3N	IB3N
IB3N	IKJ_RC
IB3N	I2MS_RC
IB3N	I85W_RC
IB3N	I518
IB3N	IKJ
IB3N	IB3N_RC
IB3N	I2MS
IB3N	I85W
IB3N	I518_RC
IB4J	IB4J
IB4J	IJN_RC
IB4J	I2LX_RC
IB4J	I851_RC
IB4J	I98M
IB4J	I51Z
IB4J	IJN
IB4J	IB4J_RC
IB4J	I2LX
IB4J	I851
IB4J	I98M_RC
IB4J	I51Z_RC
IB6B	IB6B
IB6B	IHV_RC
IB6B	I82C_RC
IB6B	I2J9_RC
IB6B	I54A
IB6B	I9B3
IB6B	IHV
IB6B	IB6B_RC
IB6B	I82C
IB6B	I2J9
IB6B	I54A_RC
IB6B	I9B3_RC
IBEB	IBEB
IBEB	IAK_RC
IBEB	I7PB_RC
IBEB	I5DQ
IBEB	I9IN
IBEB	I268_RC
IBEB	I9IN_RC
IBEB	IBEB_RC
IBEB	IAK
IBEB	I268
IBEB	I5DQ_RC
IBEB	I7PB
IBKJ	IBKJ
IBKJ	I7IB_RC
IBKJ	I1Z9_RC
IBKJ	I3G_RC
IBKJ	I9P9
IBKJ	I7IB
IBKJ	IBKJ_RC
IBKJ	I1Z9
IBKJ	I3G
IBKJ	I9P9_RC
IBS3	IBS3
IBS3	I7AR_RC
IBS3	I5SO
IBS3	I9WO
IBS3	I3Y6_RC
IBS3	I1RK_RC
IBS3	I7AR
IBS3	IBS3_RC
IBS3	I5SO_RC
IBS3	I9WO_RC
IBS3	I3Y6
IBS3	I1RK
IBTF	IBTF
IBTF	I79F_RC
IBTF	I5TX
IBTF	I9XX
IBTF	I3WU_RC
IBTF	I1Q7_RC
IBTF	I79F
IBTF	IBTF_RC
IBTF	I5TX_RC
IBTF	I9XX_RC
IBTF	I3WU
IBTF	I1Q7
IBVN	IBVN
IBVN	I777_RC
IBVN	I5W9
IBVN	IA0A
IBVN	I1NX_RC
IBVN	I3U7_RC
IBVN	I777
IBVN	IBVN_RC
IBVN	I5W9_RC
IBVN	IA0A_RC
IBVN	I1NX
IBVN	I3U7
IZ_RC	IZ_RC
IZ_RC	I1WH_RC
IZ_RC	IBMZ
IZ_RC	I9RZ
IZ_RC	I7FJ_RC
IZ_RC	I5M8
IZ_RC	IZ
IZ_RC	I1WH
IZ_RC	IBMZ_RC
IZ_RC	I7FJ
IZ_RC	I9RZ_RC
IZ_RC	I5M8_RC
I2B_RC	I2B_RC
I2B_RC	I9QJ
I2B_RC	IBLN
I2B_RC	I5KU
I2B_RC	I7GU_RC
I2B_RC	I1XS_RC
I2B_RC	I2B
I2B_RC	I9QJ_RC
I2B_RC	IBLN_RC
I2B_RC	I7GU
I2B_RC	I5KU_RC
I2B_RC	I1XS
I2R_RC	I2R_RC
I2R_RC	I9Q3
I2R_RC	IBL7
I2R_RC	I7H9_RC
I2R_RC	I5KF
I2R_RC	I1Y7_RC
I2R_RC	I2R
I2R_RC	I9Q3_RC
I2R_RC	IBL7_RC
I2R_RC	I7H9
I2R_RC	I1Y7
I2R_RC	I5KF_RC
I3N_RC	I3N_RC
I3N_RC	I9P2
I3N_RC	I5JC
I3N_RC	I7II_RC
I3N_RC	IBKC
I3N_RC	I1ZG_RC
I3N_RC	I3N
I3N_RC	I9P2_RC
I3N_RC	I5JC_RC
I3N_RC	I7II
I3N_RC	I1ZG
I3N_RC	IBKC_RC
I43_RC	I43_RC
I43_RC	I43
I4Z_RC	I4Z_RC
I4Z_RC	I20X_RC
I4Z_RC	I5IC
I4Z_RC	IBJO
I4Z_RC	I9OB
I4Z_RC	I7JZ_RC
I4Z_RC	I4Z
I4Z_RC	I20X
I4Z_RC	I5IC_RC
I4Z_RC	IBJO_RC
I4Z_RC	I7JZ
I6B_RC	I6B_RC
I6B_RC	I22A_RC
I6B_RC	IBIF
I6B_RC	I9N1
I6B_RC	I5HA
I6B_RC	I7LC_RC
I6B_RC	I6B
I6B_RC	I22A
I6B_RC	IBIF_RC
I6B_RC	I9N1_RC
I6B_RC	I5HA_RC
I6B_RC	I7LC
I7N_RC	I7N_RC
I7N_RC	I7MP_RC
I7N_RC	I23N_RC
I7N_RC	IBH3
I7N_RC	I9LQ
I7N_RC	I5FZ
I7N_RC	I7N
I7N_RC	I7MP
I7N_RC	I23N
I7N_RC	IBH3_RC
I7N_RC	I9LQ_RC
I7N_RC	I5FZ_RC
I83_RC	I83_RC
I83_RC	I7N9_RC
I83_RC	IBGN
I83_RC	I247_RC
I83_RC	I9L8
I83_RC	I5FI
I83_RC	I83
I83_RC	I7N9
I83_RC	I247
I83_RC	IBGN_RC
I83_RC	I9L8_RC
I83_RC	I5FI_RC
I9F_RC	I9F_RC
I9F_RC	I5EP
I9F_RC	I7O5_RC
I9F_RC	I9JQ
I9F_RC	I252_RC
I9F_RC	IBFH
I9F_RC	I9F
I9F_RC	I5EP_RC
I9F_RC	I7O5
I9F_RC	I252
I9F_RC	I9JQ_RC
I9F_RC	IBFH_RC
IAB_RC	IAB_RC
IAB_RC	I7P3_RC
IAB_RC	I9IW
IAB_RC	I260_RC
IAB_RC	IBEJ
IBN_RC	IBN_RC
IBN_RC	I7QD_RC
IBN_RC	I27A_RC
IBN_RC	I9HJ
IBN_RC	I5CT
IBN_RC	IBD9
IBN_RC	IBN
IBN_RC	I7QD
IBN_RC	I27A
IBN_RC	I9HJ_RC
IBN_RC	I5CT_RC
IBN_RC	IBD9_RC
IC3_RC	IC3_RC
IC3_RC	I9H3
IC3_RC	I7RE_RC
IC3_RC	I28B_RC
IC3_RC	I5CD
IC3_RC	IBCT
IC3_RC	IC3
IC3_RC	I9H3_RC
IC3_RC	I7RE
IC3_RC	I28B
IC3_RC	I5CD_RC
IC3_RC	IBCT_RC
ICJ_RC	ICJ_RC
ICJ_RC	I9GN
ICJ_RC	I7RV_RC
ICJ_RC	I28S_RC
ICJ_RC	I5BX
ICJ_RC	IBCD
ICJ_RC	ICJ
ICJ_RC	I9GN_RC
ICJ_RC	I7RV
ICJ_RC	I28S
ICJ_RC	I5BX_RC
ICJ_RC	IBCD_RC
ICZ_RC	ICZ_RC
ICZ_RC	I9G4
ICZ_RC	IBBX
ICZ_RC	I5BI
ICZ_RC	I7SE_RC
ICZ_RC	I29B_RC
ICZ_RC	ICZ
ICZ_RC	I9G4_RC
ICZ_RC	IBBX_RC
ICZ_RC	I7SE
ICZ_RC	I5BI_RC
ICZ_RC	I29B
IDF_RC	IDF_RC
IDF_RC	IBAX
IDF_RC	I5AJ
IDF_RC	IDF
IDF_RC	IBAX_RC
IDF_RC	I5AJ_RC
IG3_RC	IG3_RC
IG3_RC	IB88
IG3_RC	I9CQ
IG3_RC	I56Z
IG3_RC	I7ZF_RC
IG3_RC	I2GC_RC
IG3_RC	IG3
IG3_RC	IB88_RC
IG3_RC	I9CQ_RC
IG3_RC	I7ZF
IG3_RC	I56Z_RC
IG3_RC	I2GC
IGJ_RC	IGJ_RC
IGJ_RC	I9C8
IGJ_RC	IB7S
IGJ_RC	I56J
IGJ_RC	I7ZV_RC
IGJ_RC	I2GS_RC
IGJ_RC	IGJ
IGJ_RC	I9C8_RC
IGJ_RC	IB7S_RC
IGJ_RC	I7ZV
IGJ_RC	I56J_RC
IGJ_RC	I2GS
IJ7_RC	IJ7_RC
IJ7_RC	I41
IJ7_RC	I2KH_RC
IJ7_RC	I536
IJ7_RC	IB50
IJ7_RC	IYD
IJ7_RC	I19X_RC
IJ7_RC	IAF
IJ7_RC	IKN_RC
IJ7_RC	I1H5
IJ7_RC	I995
IJ7_RC	IW0
IJ7_RC	I83K_RC
IKZ_RC	IKZ_RC
IKZ_RC	I2N8_RC
IKZ_RC	I86C_RC
IKZ_RC	I97F
IKZ_RC	IKZ
IKZ_RC	I2N8
IKZ_RC	I86C
IKZ_RC	I97F_RC
IMB_RC	IMB_RC
IMB_RC	I963
IMB_RC	IB25
IMB_RC	IMB
IMB_RC	I963_RC
IMB_RC	IB25_RC
IN7_RC	IN7_RC
IN7_RC	I62F
IN7_RC	I954
IN7_RC	IB18
IN7_RC	I2PP_RC
IN7_RC	IN7
IN7_RC	I62F_RC
IN7_RC	I954_RC
IN7_RC	IB18_RC
IN7_RC	I2PP
INN_RC	INN_RC
INN_RC	I61Y
INN_RC	I94O
INN_RC	IB0S
INN_RC	I2Q6_RC
INN_RC	INN
INN_RC	I61Y_RC
INN_RC	I94O_RC
INN_RC	IB0S_RC
INN_RC	I2Q6
IOZ_RC	IOZ_RC
IOZ_RC	I4XX
IOZ_RC	I2SM_RC
IOZ_RC	IAZD
IOZ_RC	I93V
IOZ_RC	I658_RC
IOZ_RC	IOZ
IOZ_RC	I4XX_RC
IOZ_RC	I2SM
IOZ_RC	IAZD_RC
IOZ_RC	I93V_RC
IOZ_RC	I658
IPF_RC	IPF_RC
IPF_RC	I2T0_RC
IPF_RC	I4XJ
IPF_RC	IAYX
IPF_RC	I65M_RC
IPF_RC	I93H
IPF_RC	IPF
IPF_RC	I2T0
IPF_RC	I4XJ_RC
IPF_RC	IAYX_RC
IPF_RC	I65M
IPF_RC	I93H_RC
IPV_RC	IPV_RC
IPV_RC	I2TH_RC
IPV_RC	I4X4
IPV_RC	IAYH
IPV_RC	I663_RC
IPV_RC	I931
IPV_RC	IPV
IPV_RC	I2TH
IPV_RC	I4X4_RC
IPV_RC	IAYH_RC
IPV_RC	I663
IPV_RC	I931_RC
IQR_RC	IQR_RC
IQR_RC	I2UD_RC
IQR_RC	I4W9
IQR_RC	IAXL
IQR_RC	I66Z_RC
IQR_RC	I925
IQR_RC	IQR
IQR_RC	I2UD
IQR_RC	I4W9_RC
IQR_RC	IAXL_RC
IQR_RC	I66Z
IQR_RC	I925_RC
IR7_RC	IR7_RC
IR7_RC	I2US_RC
IR7_RC	IAX5
IR7_RC	I4VU
IR7_RC	I67E_RC
IR7_RC	I91Q
IR7_RC	IR7
IR7_RC	I2US
IR7_RC	IAX5_RC
IR7_RC	I67E
IR7_RC	I4VU_RC
IR7_RC	I91Q_RC
IS3_RC	IS3_RC
IS3_RC	I2VQ_RC
IS3_RC	IAW9
IS3_RC	I68C_RC
IS3_RC	I4V1
IS3_RC	I90W
IS3_RC	IS3
IS3_RC	I2VQ
IS3_RC	IAW9_RC
IS3_RC	I68C
IS3_RC	I4V1_RC
IS3_RC	I90W_RC
ISJ_RC	ISJ_RC
ISJ_RC	I2W7_RC
ISJ_RC	IAVT
ISJ_RC	I68T_RC
ISJ_RC	I90F
ISJ_RC	ISJ
ISJ_RC	I2W7
ISJ_RC	IAVT_RC
ISJ_RC	I68T
ISJ_RC	I90F_RC
ISZ_RC	ISZ_RC
ISZ_RC	IAVD
ISZ_RC	I8ZZ
ISZ_RC	I2WN_RC
ISZ_RC	I699_RC
ISZ_RC	I4U8
ISZ_RC	ISZ
ISZ_RC	IAVD_RC
ISZ_RC	I8ZZ_RC
ISZ_RC	I699
ISZ_RC	I2WN
ISZ_RC	I4U8_RC
ITF_RC	ITF_RC
ITF_RC	I2X1_RC
ITF_RC	IAUX
ITF_RC	I69O_RC
ITF_RC	I8ZJ
ITF_RC	I4TS
ITF_RC	ITF
ITF_RC	I2X1
ITF_RC	IAUX_RC
ITF_RC	I69O
ITF_RC	I8ZJ_RC
ITF_RC	I4TS_RC
IXF_RC	IXF_RC
IXF_RC	I4OY
IXF_RC	I8UQ
IXF_RC	I32U_RC
IXF_RC	I6FH_RC
IXF_RC	IAQO
IXF_RC	IXF
IXF_RC	I4OY_RC
IXF_RC	I8UQ_RC
IXF_RC	I32U
IXF_RC	I6FH
IXF_RC	IAQO_RC
I10J_RC	I10J_RC
I10J_RC	I8RO
I10J_RC	I35Y_RC
I10J_RC	I4M0
I10J_RC	I6IL_RC
I10J_RC	IANK
I10J_RC	I10J
I10J_RC	I8RO_RC
I10J_RC	I35Y
I10J_RC	I4M0_RC
I10J_RC	I6IL
I10J_RC	IANK_RC
I10Z_RC	I10Z_RC
I10Z_RC	I36E_RC
I10Z_RC	I4L5
I10Z_RC	I8RF
I10Z_RC	I6J1_RC
I10Z_RC	IAN4
I10Z_RC	I10Z
I10Z_RC	I36E
I10Z_RC	I4L5_RC
I10Z_RC	I8RF_RC
I10Z_RC	I6J1
I10Z_RC	IAN4_RC
I14J_RC	I14J_RC
I14J_RC	IAJS
I14J_RC	I39L_RC
I14J_RC	I4HP
I14J_RC	I8NZ
I14J_RC	I6M8_RC
I14J_RC	I14J
I14J_RC	IAJS_RC
I14J_RC	I39L
I14J_RC	I4HP_RC
I14J_RC	I8NZ_RC
I14J_RC	I6M8
I14Z_RC	I14Z_RC
I14Z_RC	I14Z
I15F_RC	I15F_RC
I15F_RC	I6NB_RC
I15F_RC	I4GQ
I15F_RC	IAJ0
I15F_RC	I8N3
I15F_RC	I3AO_RC
I15F_RC	I15F
I15F_RC	I6NB
I15F_RC	I4GQ_RC
I15F_RC	IAJ0_RC
I15F_RC	I8N3_RC
I15F_RC	I3AO
I16B_RC	I16B_RC
I16B_RC	I16B
I18J_RC	I18J_RC
I18J_RC	I8KH
I18J_RC	I3DV_RC
I18J_RC	I6QI_RC
I18J_RC	IAFV
I18J_RC	I4DO
I18J_RC	I18J
I18J_RC	I8KH_RC
I18J_RC	I3DV
I18J_RC	I6QI
I18J_RC	IAFV_RC
I18J_RC	I4DO_RC
I1GZ_RC	I1GZ_RC
I1GZ_RC	I8B9
I1GZ_RC	I6Z9_RC
I1GZ_RC	I455
I1GZ_RC	IA7I
I1GZ_RC	I3M7_RC
I1GZ_RC	I1GZ
I1GZ_RC	I6Z9
I1GZ_RC	I8B9_RC
I1GZ_RC	I455_RC
I1GZ_RC	IA7I_RC
I1GZ_RC	I3M7
I1IR_RC	I1IR_RC
I1IR_RC	I3O1_RC
I1IR_RC	I711_RC
I1IR_RC	IA5R
I1IR_RC	I1IR
I1IR_RC	I3O1
I1IR_RC	I711
I1IR_RC	IA5R_RC
I1IR_RC	I899
I1IR_RC	I43H
I1IR_RC	I899_RC
I1IR_RC	I43H_RC
I1KJ_RC	I1KJ_RC
I1KJ_RC	I5ZW
I1KJ_RC	IBZ0
I1KJ_RC	I1KJ
I1KJ_RC	I5ZW_RC
I1KJ_RC	IBZ0_RC
I1LF_RC	I1LF_RC
I1LF_RC	I74K_RC
I1LF_RC	IA2Y
I1LF_RC	IBY5
I1LF_RC	I5Z4
I1LF_RC	I3RK_RC
I1LF_RC	I1LF
I1LF_RC	I74K
I1LF_RC	IA2Y_RC
I1LF_RC	IBY5_RC
I1LF_RC	I3RK
I1LF_RC	I5Z4_RC
I1LV_RC	I1LV_RC
I1LV_RC	I750_RC
I1LV_RC	IA2G
I1LV_RC	IBXP
I1LV_RC	I5YN
I1LV_RC	I3S0_RC
I1LV_RC	I1LV
I1LV_RC	I750
I1LV_RC	IA2G_RC
I1LV_RC	IBXP_RC
I1LV_RC	I5YN_RC
I1LV_RC	I3S0
I1MB_RC	I1MB_RC
I1MB_RC	IA1W
I1MB_RC	I75G_RC
I1MB_RC	I5XZ
I1MB_RC	IBX9
I1MB_RC	I3SG_RC
I1MB_RC	I1MB
I1MB_RC	I75G
I1MB_RC	IA1W_RC
I1MB_RC	I5XZ_RC
I1MB_RC	IBX9_RC
I1MB_RC	I3SG
I1O3_RC	I1O3_RC
I1O3_RC	I5W1
I1O3_RC	IA02
I1O3_RC	I3UD_RC
I1O3_RC	I77D_RC
I1O3_RC	IBVH
I1O3_RC	I1O3
I1O3_RC	I5W1_RC
I1O3_RC	IA02_RC
I1O3_RC	I3UD
I1O3_RC	I77D
I1O3_RC	IBVH_RC
I1OJ_RC	I1OJ_RC
I1OJ_RC	I5VN
I1OJ_RC	I9ZO
I1OJ_RC	I3US_RC
I1OJ_RC	I77S_RC
I1OJ_RC	IBV1
I1OJ_RC	I1OJ
I1OJ_RC	I5VN_RC
I1OJ_RC	I3US
I1OJ_RC	I9ZO_RC
I1OJ_RC	I77S
I1OJ_RC	IBV1_RC
I1PV_RC	I1PV_RC
I1PV_RC	I5UA
I1PV_RC	I3WI_RC
I1PV_RC	I793_RC
I1PV_RC	IBTR
I1PV_RC	I9Y8
I1PV_RC	I1PV
I1PV_RC	I3WI
I1PV_RC	I5UA_RC
I1PV_RC	I793
I1PV_RC	IBTR_RC
I1PV_RC	I9Y8_RC
I1SJ_RC	I1SJ_RC
I1SJ_RC	I3Z7_RC
I1SJ_RC	I5RQ
I1SJ_RC	I9VQ
I1SJ_RC	I7BS_RC
I1SJ_RC	IBR4
I1SJ_RC	I1SJ
I1SJ_RC	I3Z7
I1SJ_RC	I5RQ_RC
I1SJ_RC	I9VQ_RC
I1SJ_RC	I7BS
I1SJ_RC	IBR4_RC
I1TV_RC	I1TV_RC
I1TV_RC	I1TV
I1YR_RC	I1YR_RC
I1YR_RC	I7HT_RC
I1YR_RC	I1YR
I1YR_RC	I7HT
I1ZN_RC	I1ZN_RC
I1ZN_RC	I7IP_RC
I1ZN_RC	I1ZN
I1ZN_RC	I7IP
I27N_RC	I27N_RC
I27N_RC	I7QQ_RC
I27N_RC	I27N
I27N_RC	I7QQ
I28J_RC	I28J_RC
I28J_RC	I7RM_RC
I28J_RC	I28J
I28J_RC	I7RM
I2C3_RC	I2C3_RC
I2C3_RC	I7V6_RC
I2C3_RC	I2C3
I2C3_RC	I7V6
I2DF_RC	I2DF_RC
I2DF_RC	I7WI_RC
I2DF_RC	I2DF
I2DF_RC	I7WI
I2EB_RC	I2EB_RC
I2EB_RC	I7XE_RC
I2EB_RC	I2EB
I2EB_RC	I7XE
I2ER_RC	I2ER_RC
I2ER_RC	I7XU_RC
I2ER_RC	I2ER
I2ER_RC	I7XU
I2F7_RC	I2F7_RC
I2F7_RC	I7YA_RC
I2F7_RC	I2F7
I2F7_RC	I7YA
I2FN_RC	I2FN_RC
I2FN_RC	I7YQ_RC
I2FN_RC	I2FN
I2FN_RC	I7YQ
I2G3_RC	I2G3_RC
I2G3_RC	I7Z6_RC
I2G3_RC	I2G3
I2G3_RC	I7Z6
I2HF_RC	I2HF_RC
I2HF_RC	I80I_RC
I2HF_RC	I2HF
I2HF_RC	I80I
I2IB_RC	I2IB_RC
I2IB_RC	I81E_RC
I2IB_RC	I2IB
I2IB_RC	I81E
I2KZ_RC	I2KZ_RC
I2KZ_RC	I842_RC
I2KZ_RC	I2KZ
I2KZ_RC	I842
I2LF_RC	I2LF_RC
I2LF_RC	I84J_RC
I2LF_RC	I2QW
I2LF_RC	I649
I2LF_RC	I2NV_RC
I2LF_RC	I618_RC
I2LF_RC	I2LF
I2LF_RC	I84J
I2LF_RC	I2QW_RC
I2LF_RC	I649_RC
I2LF_RC	I2NV
I2LF_RC	I618
I2MB_RC	I2MB_RC
I2MB_RC	I85F_RC
I2MB_RC	I988
I2MB_RC	I51L
I2MB_RC	I2MB
I2MB_RC	I85F
I2MB_RC	I988_RC
I2MB_RC	I51L_RC
I2MR_RC	I2MR_RC
I2MR_RC	IKH_RC
I2MR_RC	I85V_RC
I2MR_RC	IB3P
I2MR_RC	I97T
I2MR_RC	I51A
I2MR_RC	I2MR
I2MR_RC	IKH
I2MR_RC	I85V
I2MR_RC	IB3P_RC
I2MR_RC	I97T_RC
I2MR_RC	I51A_RC
I2PF_RC	I2PF_RC
I2PF_RC	I62P
I2PF_RC	I95E
I2PF_RC	I2PF
I2PF_RC	I62P_RC
I2PF_RC	I95E_RC
I2RN_RC	I2RN_RC
I2RN_RC	I60I
I2RN_RC	I2RN
I2RN_RC	I60I_RC
I2TF_RC	I2TF_RC
I2TF_RC	IPT_RC
I2TF_RC	I661_RC
I2TF_RC	I4X6
I2TF_RC	IAYJ
I2TF_RC	I933
I2TF_RC	I2TF
I2TF_RC	IPT
I2TF_RC	I661
I2TF_RC	I4X6_RC
I2TF_RC	IAYJ_RC
I2TF_RC	I933_RC
I2VN_RC	I2VN_RC
I2VN_RC	I90Z
I2VN_RC	I689_RC
I2VN_RC	IAWC
I2VN_RC	I4V4
I2VN_RC	IS0_RC
I2VN_RC	I2VN
I2VN_RC	I90Z_RC
I2VN_RC	I689
I2VN_RC	IAWC_RC
I2VN_RC	IS0
I2VN_RC	I4V4_RC
I2YB_RC	I2YB_RC
I2YB_RC	IUE_RC
I2YB_RC	I8YG
I2YB_RC	I6AY_RC
I2YB_RC	I4SV
I2YB_RC	IATR
I2YB_RC	I2YB
I2YB_RC	IUE
I2YB_RC	I8YG_RC
I2YB_RC	I6AY
I2YB_RC	I4SV_RC
I2YB_RC	IATR_RC
I2YR_RC	I2YR_RC
I2YR_RC	IUT_RC
I2YR_RC	I6BE_RC
I2YR_RC	I8Y3
I2YR_RC	I4SG
I2YR_RC	IATC
I2YR_RC	I2YR
I2YR_RC	IUT
I2YR_RC	I6BE
I2YR_RC	I8Y3_RC
I2YR_RC	I4SG_RC
I2YR_RC	IATC_RC
I2Z7_RC	I2Z7_RC
I2Z7_RC	I320_RC
I2Z7_RC	I615
I2Z7_RC	I6BU_RC
I2Z7_RC	I2R0_RC
I2Z7_RC	I6EO_RC
I30J_RC	I30J_RC
I30J_RC	I8W8
I30J_RC	IVT_RC
I30J_RC	I6D7_RC
I30J_RC	I4QK
I30J_RC	IASC
I30J_RC	I30J
I30J_RC	I8W8_RC
I30J_RC	IVT
I30J_RC	I6D7
I30J_RC	I4QK_RC
I30J_RC	IASC_RC
I30Z_RC	I30Z_RC
I30Z_RC	I4Q1
I30Z_RC	I6DN_RC
I30Z_RC	I30Z
I30Z_RC	I4Q1_RC
I30Z_RC	I6DN
I31F_RC	I31F_RC
I31F_RC	IAR9
I31F_RC	I4PJ
I31F_RC	I8VB
I31F_RC	I6E3_RC
I31F_RC	IWU_RC
I31F_RC	I31F
I31F_RC	IAR9_RC
I31F_RC	I4PJ_RC
I31F_RC	I8VB_RC
I31F_RC	I6E3
I31F_RC	IWU
I32B_RC	I32B_RC
I32B_RC	I55I_RC
I32B_RC	I7WA
I32B_RC	I6EY_RC
I32B_RC	I2D7
I32B_RC	I32B
I32B_RC	I55I
I32B_RC	I6EY
I32B_RC	I7WA_RC
I32B_RC	I2D7_RC
I33N_RC	I33N_RC
I33N_RC	IAPX
I33N_RC	I8TZ
I33N_RC	I4O8
I33N_RC	I6GA_RC
I33N_RC	IY6_RC
I33N_RC	I33N
I33N_RC	IAPX_RC
I33N_RC	I8TZ_RC
I33N_RC	I4O8_RC
I33N_RC	I6GA
I33N_RC	IY6
I34J_RC	I34J_RC
I34J_RC	IAP2
I34J_RC	I8T3
I34J_RC	I4NE
I34J_RC	I6H6_RC
I34J_RC	IZ1_RC
I34J_RC	I34J
I34J_RC	IAP2_RC
I34J_RC	I8T3_RC
I34J_RC	I6H6
I34J_RC	I4NE_RC
I34J_RC	IZ1
I35F_RC	I35F_RC
I35F_RC	IAO4
I35F_RC	I8S7
I35F_RC	I6I2_RC
I35F_RC	I4MJ
I35F_RC	I100_RC
I35F_RC	I35F
I35F_RC	IAO4_RC
I35F_RC	I8S7_RC
I35F_RC	I6I2
I35F_RC	I4MJ_RC
I35F_RC	I100
I37N_RC	I37N_RC
I37N_RC	I4JU
I37N_RC	I8Q2
I37N_RC	I6KA_RC
I37N_RC	I12K_RC
I37N_RC	IALR
I37N_RC	I37N
I37N_RC	I6KA
I37N_RC	I4JU_RC
I37N_RC	I8Q2_RC
I37N_RC	I12K
I37N_RC	IALR_RC
I383_RC	I383_RC
I383_RC	I4JA
I383_RC	I8PI
I383_RC	I6KQ_RC
I383_RC	I130_RC
I383_RC	IALB
I383_RC	I383
I383_RC	I4JA_RC
I383_RC	I8PI_RC
I383_RC	I6KQ
I383_RC	I130
I383_RC	IALB_RC
I38J_RC	I38J_RC
I38J_RC	I8P3
I38J_RC	I6L6_RC
I38J_RC	I13F_RC
I38J_RC	IAKW
I38J_RC	I38J
I38J_RC	I8P3_RC
I38J_RC	I6L6
I38J_RC	I13F
I38J_RC	IAKW_RC
I38Z_RC	I38Z_RC
I38Z_RC	I8OM
I38Z_RC	I4IG
I38Z_RC	I6LM_RC
I38Z_RC	I13V_RC
I38Z_RC	IAKG
I38Z_RC	I38Z
I38Z_RC	I8OM_RC
I38Z_RC	I4IG_RC
I38Z_RC	I6LM
I38Z_RC	I13V
I38Z_RC	IAKG_RC
I39F_RC	I39F_RC
I39F_RC	I4HV
I39F_RC	I8O5
I39F_RC	I6M2_RC
I39F_RC	I14D_RC
I39F_RC	IAJY
I39F_RC	I39F
I39F_RC	I4HV_RC
I39F_RC	I8O5_RC
I39F_RC	I6M2
I39F_RC	I14D
I39F_RC	IAJY_RC
I3AB_RC	I3AB_RC
I3AB_RC	I154_RC
I3AB_RC	I6MY_RC
I3AB_RC	I8NF
I3AB_RC	I3AB
I3AB_RC	I154
I3AB_RC	I6MY
I3AB_RC	I8NF_RC
I3AR_RC	I3AR_RC
I3AR_RC	I15I_RC
I3AR_RC	I4GN
I3AR_RC	IAIX
I3AR_RC	I6NE_RC
I3AR_RC	I8N0
I3AR_RC	I3AR
I3AR_RC	I15I
I3AR_RC	I4GN_RC
I3AR_RC	IAIX_RC
I3AR_RC	I6NE
I3AR_RC	I8N0_RC
I3B7_RC	I3B7_RC
I3B7_RC	I15W_RC
I3B7_RC	I4G9
I3B7_RC	I6NU_RC
I3B7_RC	IAIK
I3B7_RC	I8MN
I3B7_RC	I3B7
I3B7_RC	I15W
I3B7_RC	I4G9_RC
I3B7_RC	I6NU
I3B7_RC	IAIK_RC
I3B7_RC	I8MN_RC
I3BN_RC	I3BN_RC
I3BN_RC	I4FO
I3BN_RC	I16F_RC
I3BN_RC	IAI2
I3BN_RC	I6OA_RC
I3BN_RC	I8M7
I3BN_RC	I3BN
I3BN_RC	I4FO_RC
I3BN_RC	I16F
I3BN_RC	I6OA
I3BN_RC	IAI2_RC
I3BN_RC	I8M7_RC
I3C3_RC	I3C3_RC
I3C3_RC	I16T_RC
I3C3_RC	I4FB
I3C3_RC	I6OQ_RC
I3C3_RC	IAHN
I3C3_RC	I8LS
I3C3_RC	I3C3
I3C3_RC	I16T
I3C3_RC	I4FB_RC
I3C3_RC	I6OQ
I3C3_RC	IAHN_RC
I3C3_RC	I8LS_RC
I3CJ_RC	I3CJ_RC
I3CJ_RC	I17A_RC
I3CJ_RC	I4EV
I3CJ_RC	I6P6_RC
I3CJ_RC	IAH7
I3CJ_RC	I8LC
I3CJ_RC	I3CJ
I3CJ_RC	I17A
I3CJ_RC	I4EV_RC
I3CJ_RC	I6P6
I3CJ_RC	IAH7_RC
I3CJ_RC	I8LC_RC
I3EB_RC	I3EB_RC
I3EB_RC	I191_RC
I3EB_RC	IAFD
I3EB_RC	I6QY_RC
I3EB_RC	I4D7
I3EB_RC	I8K0
I3EB_RC	I3EB
I3EB_RC	I191
I3EB_RC	IAFD_RC
I3EB_RC	I6QY
I3EB_RC	I4D7_RC
I3EB_RC	I8K0_RC
I3JN_RC	I3JN_RC
I3JN_RC	I1ED_RC
I3JN_RC	I47Q
I3JN_RC	I6WP_RC
I3JN_RC	I8DN
I3JN_RC	IAA8
I3JN_RC	I3JN
I3JN_RC	I1ED
I3JN_RC	I47Q_RC
I3JN_RC	I6WP
I3JN_RC	I8DN_RC
I3JN_RC	IAA8_RC
I3K3_RC	I3K3_RC
I3K3_RC	I478
I3K3_RC	I1EU_RC
I3K3_RC	I6X5_RC
I3K3_RC	I8D7
I3K3_RC	IA9Q
I3K3_RC	I3K3
I3K3_RC	I478_RC
I3K3_RC	I1EU
I3K3_RC	I6X5
I3K3_RC	I8D7_RC
I3K3_RC	IA9Q_RC
I3KJ_RC	I3KJ_RC
I3KJ_RC	I46T
I3KJ_RC	I1FB_RC
I3KJ_RC	I6XL_RC
I3KJ_RC	I8CS
I3KJ_RC	IA99
I3KJ_RC	I3KJ
I3KJ_RC	I46T_RC
I3KJ_RC	I1FB
I3KJ_RC	I6XL
I3KJ_RC	I8CS_RC
I3KJ_RC	IA99_RC
I3LF_RC	I3LF_RC
I3LF_RC	I45U
I3LF_RC	I1G8_RC
I3LF_RC	I6YH_RC
I3LF_RC	IA8C
I3LF_RC	I8BY
I3LF_RC	I3LF
I3LF_RC	I45U_RC
I3LF_RC	I1G8
I3LF_RC	I6YH
I3LF_RC	IA8C_RC
I3LF_RC	I8BY_RC
I3MR_RC	I3MR_RC
I3MR_RC	I1HG_RC
I3MR_RC	I44M
I3MR_RC	I6ZR_RC
I3MR_RC	IA72
I3MR_RC	I8AN
I3MR_RC	I3MR
I3MR_RC	I1HG
I3MR_RC	I44M_RC
I3MR_RC	I6ZR
I3MR_RC	IA72_RC
I3MR_RC	I8AN_RC
I3N7_RC	I3N7_RC
I3N7_RC	I1HW_RC
I3N7_RC	I447
I3N7_RC	I707_RC
I3N7_RC	I8A5
I3N7_RC	IA6L
I3N7_RC	I1HW
I3N7_RC	I3N7
I3N7_RC	I707
I3N7_RC	I447_RC
I3N7_RC	I8A5_RC
I3N7_RC	IA6L_RC
I3N7_RC	I8D4_RC
I3N7_RC	I475_RC
I3N7_RC	I3K6
I3N7_RC	I1EX
I3N7_RC	IA9N_RC
I3N7_RC	I6X8
I3N7_RC	I8M1_RC
I3N7_RC	I3BU
I3N7_RC	I6OH
I3N7_RC	I5LO_RC
I3NN_RC	I3NN_RC
I3NN_RC	I1IC_RC
I3NN_RC	I70N_RC
I3NN_RC	I43T
I3NN_RC	I89O
I3NN_RC	IA66
I3NN_RC	I3NN
I3NN_RC	I1IC
I3NN_RC	I70N
I3NN_RC	I43T_RC
I3NN_RC	I89O_RC
I3NN_RC	IA66_RC
I3O3_RC	I3O3_RC
I3O3_RC	I1IT_RC
I3O3_RC	I713_RC
I3O3_RC	I897
I3O3_RC	IA5P
I3O3_RC	IBDV
I3O3_RC	IB1_RC
I3O3_RC	I7PQ_RC
I3O3_RC	I26N_RC
I3O3_RC	I43F
I3O3_RC	I3O3
I3O3_RC	I1IT
I3O3_RC	I713
I3O3_RC	I897_RC
I3O3_RC	IA5P_RC
I3O3_RC	IBDV_RC
I3O3_RC	IB1
I3O3_RC	I7PQ
I3O3_RC	I26N
I3O3_RC	I43F_RC
I3PV_RC	I3PV_RC
I3PV_RC	I72V_RC
I3PV_RC	I87G
I3PV_RC	I42B
I3PV_RC	IBPY
I3PV_RC	I1JW_RC
I3PV_RC	IA4H
I3PV_RC	I3PV
I3PV_RC	I72V
I3PV_RC	I87G_RC
I3PV_RC	I42B_RC
I3PV_RC	IBPY_RC
I3PV_RC	I1JW
I3PV_RC	IA4H_RC
I3QB_RC	I3QB_RC
I3QB_RC	IA41
I3QB_RC	I605
I3QB_RC	IBZ9
I3QB_RC	I73B_RC
I3QB_RC	I1KA_RC
I3QB_RC	I3QB
I3QB_RC	IA41_RC
I3QB_RC	I605_RC
I3QB_RC	IBZ9_RC
I3QB_RC	I73B
I3QB_RC	I1KA
I3R7_RC	I3R7_RC
I3R7_RC	IA39
I3R7_RC	I1L1_RC
I3R7_RC	I747_RC
I3R7_RC	I5ZE
I3R7_RC	IBYI
I3R7_RC	I3R7
I3R7_RC	I1L1
I3R7_RC	IA39_RC
I3R7_RC	I747
I3R7_RC	I5ZE_RC
I3R7_RC	IBYI_RC
I3RN_RC	I3RN_RC
I3RN_RC	I1LI_RC
I3RN_RC	IA2V
I3RN_RC	I74N_RC
I3RN_RC	IBY2
I3RN_RC	I5Z0
I3RN_RC	I3RN
I3RN_RC	I1LI
I3RN_RC	I74N
I3RN_RC	IA2V_RC
I3RN_RC	IBY2_RC
I3RN_RC	I5Z0_RC
I3S3_RC	I3S3_RC
I3S3_RC	IA2D
I3S3_RC	I1LY_RC
I3S3_RC	I753_RC
I3S3_RC	IBXM
I3S3_RC	I5YK
I3S3_RC	I3S3
I3S3_RC	IA2D_RC
I3S3_RC	I1LY
I3S3_RC	I753
I3S3_RC	IBXM_RC
I3S3_RC	I5YK_RC
I3SJ_RC	I3SJ_RC
I3SJ_RC	IA1T
I3SJ_RC	I5XW
I3SJ_RC	I1ME_RC
I3SJ_RC	I75J_RC
I3SJ_RC	IBX6
I3SJ_RC	I3SJ
I3SJ_RC	IA1T_RC
I3SJ_RC	I5XW_RC
I3SJ_RC	I1ME
I3SJ_RC	I75J
I3SJ_RC	IBX6_RC
I3SZ_RC	I3SZ_RC
I3SZ_RC	IA1E
I3SZ_RC	I1MU_RC
I3SZ_RC	I75Z_RC
I3SZ_RC	IBWQ
I3SZ_RC	I3SZ
I3SZ_RC	IA1E_RC
I3SZ_RC	I1MU
I3SZ_RC	I5XI_RC
I3SZ_RC	I75Z
I3SZ_RC	IBWQ_RC
I3TV_RC	I3TV_RC
I3TV_RC	I1NO_RC
I3TV_RC	I5WM
I3TV_RC	IA0M
I3TV_RC	I76V_RC
I3TV_RC	IBVW
I3TV_RC	I3TV
I3TV_RC	I1NO
I3TV_RC	I5WM_RC
I3TV_RC	IA0M_RC
I3TV_RC	I76V
I3TV_RC	IBVW_RC
I3V7_RC	I3V7_RC
I3V7_RC	I6UL
I3V7_RC	I3V7
I3V7_RC	I6UL_RC
I3VN_RC	I3VN_RC
I3VN_RC	I5V7
I3VN_RC	I9Z9
I3VN_RC	I788_RC
I3VN_RC	I3VN
I3VN_RC	I5V7_RC
I3VN_RC	I9Z9_RC
I3VN_RC	I788
I3W3_RC	I3W3_RC
I3W3_RC	I5US
I3W3_RC	I1PG_RC
I3W3_RC	I78O_RC
I3W3_RC	IBU6
I3W3_RC	I9YN
I3W3_RC	I3W3
I3W3_RC	I1PG
I3W3_RC	I5US_RC
I3W3_RC	I78O
I3W3_RC	IBU6_RC
I3W3_RC	I9YN_RC
I3XF_RC	I3XF_RC
I3XF_RC	I1QT_RC
I3XF_RC	I7A0_RC
I3XF_RC	IBST
I3XF_RC	I9XE
I3XF_RC	I5TE
I3XF_RC	I9XE_RC
I3XF_RC	I5TE_RC
I3XF_RC	I3XF
I3XF_RC	I1QT
I3XF_RC	I7A0
I3XF_RC	IBST_RC
I3YB_RC	I3YB_RC
I3YB_RC	I5SJ
I3YB_RC	I9WJ
I3YB_RC	I1RP_RC
I3YB_RC	I7AW_RC
I3YB_RC	IBRY
I3YB_RC	I3YB
I3YB_RC	I5SJ_RC
I3YB_RC	I9WJ_RC
I3YB_RC	I1RP
I3YB_RC	I7AW
I3YB_RC	IBRY_RC
I3ZN_RC	I3ZN_RC
I3ZN_RC	I1SZ_RC
I3ZN_RC	I9VA
I3ZN_RC	I7C8_RC
I3ZN_RC	IBQN
I3ZN_RC	I3ZN
I3ZN_RC	I1SZ
I3ZN_RC	I9VA_RC
I3ZN_RC	I7C8
I3ZN_RC	IBQN_RC
I40Z_RC	I40Z_RC
I40Z_RC	I9TY
I40Z_RC	I7DK_RC
I40Z_RC	I1UH_RC
I40Z_RC	I40Z
I40Z_RC	I9TY_RC
I40Z_RC	I7DK
I40Z_RC	I1UH
I41F_RC	I41F_RC
I41F_RC	IBOK
I41F_RC	I7E0_RC
I41F_RC	I9TL
I41F_RC	I1UY_RC
I41F_RC	I5NV
I41F_RC	I41F
I41F_RC	IBOK_RC
I41F_RC	I7E0
I41F_RC	I9TL_RC
I41F_RC	I1UY
I41F_RC	I5NV_RC
I41V_RC	I41V_RC
I41V_RC	IBO3
I41V_RC	I9T3
I41V_RC	I7EG_RC
I41V_RC	I5ND
I41V_RC	I1VE_RC
I41V_RC	I41V
I41V_RC	IBO3_RC
I41V_RC	I9T3_RC
I41V_RC	I7EG
I41V_RC	I5ND_RC
I41V_RC	I1VE
I42R_RC	I42R_RC
I42R_RC	I42R
I46B_RC	I46B_RC
I46B_RC	I46B
I47N_RC	I47N_RC
I47N_RC	I3JQ
I47N_RC	I1EG
I47N_RC	I8DK_RC
I47N_RC	I6WS
I47N_RC	IAA5_RC
I47N_RC	I47N
I47N_RC	I3JQ_RC
I47N_RC	I8DK
I47N_RC	I1EG_RC
I47N_RC	I6WS_RC
I47N_RC	IAA5
I49V_RC	I49V_RC
I49V_RC	I585
I49V_RC	I49V
I49V_RC	I585_RC
I4B7_RC	I4B7_RC
I4B7_RC	I4B7
I4C3_RC	I4C3_RC
I4C3_RC	I19Y
I4C3_RC	I8I4_RC
I4C3_RC	IAEN_RC
I4C3_RC	I4C3
I4C3_RC	I19Y_RC
I4C3_RC	I8I4
I4C3_RC	IAEN
I4CJ_RC	I4CJ_RC
I4CJ_RC	IAES_RC
I4CJ_RC	I3EX
I4CJ_RC	I8JD_RC
I4CJ_RC	I19M
I4CJ_RC	I6RK
I4CJ_RC	I4CJ
I4CJ_RC	IAES
I4CJ_RC	I8JD
I4CJ_RC	I3EX_RC
I4CJ_RC	I19M_RC
I4CJ_RC	I6RK_RC
I4G3_RC	I4G3_RC
I4G3_RC	I438
I4G3_RC	I4G3
I4G3_RC	I438_RC
I4G3_RC	IAIE
I4G3_RC	I162_RC
I4G3_RC	I3BD_RC
I4G3_RC	I8MH
I4G3_RC	I6O0_RC
I4G3_RC	IN0_RC
I4G3_RC	IB1F
I4G3_RC	I4ZP
I4G3_RC	I2PI_RC
I4G3_RC	I62M
I4G3_RC	I95B
I4HF_RC	I4HF_RC
I4HF_RC	I4HF
I4LF_RC	I4LF_RC
I4LF_RC	I55M
I4LF_RC	I4LF
I4LF_RC	I55M_RC
I4OJ_RC	I4OJ_RC
I4OJ_RC	I8UA_RC
I4OJ_RC	IXV
I4OJ_RC	I8UB_RC
I4OJ_RC	I33B
I4OJ_RC	I33C
I4OJ_RC	I6FY
I4OJ_RC	I6FZ
I4OJ_RC	IAQ8_RC
I4OJ_RC	I4OJ
I4OJ_RC	I8UA
I4OJ_RC	I8UB
I4OJ_RC	IXV_RC
I4OJ_RC	I33B_RC
I4OJ_RC	I33C_RC
I4OJ_RC	I6FY_RC
I4OJ_RC	I6FZ_RC
I4OJ_RC	IAQ8
I4QB_RC	I4QB_RC
I4QB_RC	IW1
I4QB_RC	I4QB
I4QB_RC	IW1_RC
I4QR_RC	I4QR_RC
I4QR_RC	IVM
I4QR_RC	I8IL_RC
I4QR_RC	I6CZ
I4QR_RC	IASK_RC
I4QR_RC	I8X2_RC
I4QR_RC	I30B
I4QR_RC	I5P7_RC
I4QR_RC	I4QR
I4QR_RC	IVM_RC
I4QR_RC	I8IL
I4QR_RC	I6CZ_RC
I4QR_RC	IASK
I4QR_RC	I8X2
I4QR_RC	I5P7
I4QR_RC	I30B_RC
I4R7_RC	I4R7_RC
I4R7_RC	I8XE_RC
I4R7_RC	I4R7
I4R7_RC	I8XE
I4RN_RC	I4RN_RC
I4RN_RC	I4RN
I4S3_RC	I4S3_RC
I4S3_RC	I4S3
I4UB_RC	I4UB_RC
I4UB_RC	I902_RC
I4UB_RC	I2WK
I4UB_RC	I696
I4UB_RC	IAVG_RC
I4UB_RC	ISW
I4UB_RC	I4UB
I4UB_RC	I902
I4UB_RC	I2WK_RC
I4UB_RC	I696_RC
I4UB_RC	IAVG
I4UB_RC	ISW_RC
I4XF_RC	I4XF_RC
I4XF_RC	IAYT_RC
I4XF_RC	IPJ
I4XF_RC	I2T5
I4XF_RC	I93D_RC
I4XF_RC	I65R
I4XF_RC	I4XF
I4XF_RC	IAYT
I4XF_RC	IPJ_RC
I4XF_RC	I93D
I4XF_RC	I2T5_RC
I4XF_RC	I65R_RC
I4XV_RC	I4XV_RC
I4XV_RC	IP1
I4XV_RC	IAZB_RC
I4XV_RC	I2SO
I4XV_RC	I93T_RC
I4XV_RC	I65A
I4XV_RC	I4XV
I4XV_RC	IP1_RC
I4XV_RC	IAZB
I4XV_RC	I2SO_RC
I4XV_RC	I93T
I4XV_RC	I65A_RC
I51V_RC	I51V_RC
I51V_RC	I98I_RC
I51V_RC	IJS
I51V_RC	I2M1
I51V_RC	I855
I51V_RC	IB4E_RC
I51V_RC	I51V
I51V_RC	I98I
I51V_RC	IJS_RC
I51V_RC	I2M1_RC
I51V_RC	I855_RC
I51V_RC	IB4E
I54Z_RC	I54Z_RC
I54Z_RC	I54Z
I55F_RC	I55F_RC
I55F_RC	I9KK_RC
I55F_RC	IBG6_RC
I55F_RC	I8O
I55F_RC	I55F
I55F_RC	I9KK
I55F_RC	IBG6
I55F_RC	I8O_RC
I57N_RC	I57N_RC
I57N_RC	I57N
I583_RC	I583_RC
I583_RC	I583
I58J_RC	I58J_RC
I58J_RC	IFL
I58J_RC	I7X2
I58J_RC	I2DZ
I58J_RC	I7X3
I58J_RC	I2E0
I58J_RC	IB8Q_RC
I58J_RC	I9D7_RC
I58J_RC	I9D8_RC
I58J_RC	IFK
I58J_RC	I58J
I58J_RC	IFL_RC
I58J_RC	I7X2_RC
I58J_RC	I2DZ_RC
I58J_RC	I7X3_RC
I58J_RC	I2E0_RC
I58J_RC	IB8Q
I58J_RC	I9D7
I58J_RC	I9D8
I58J_RC	IFK_RC
I58Z_RC	I58Z_RC
I58Z_RC	I7UI
I58Z_RC	I2BF
I58Z_RC	IF0
I58Z_RC	I9DP_RC
I58Z_RC	IB9B_RC
I58Z_RC	I58Z
I58Z_RC	I7UI_RC
I58Z_RC	I2BF_RC
I58Z_RC	IF0_RC
I58Z_RC	I9DP
I58Z_RC	IB9B
I59F_RC	I59F_RC
I59F_RC	I7U0
I59F_RC	I2AX
I59F_RC	IEJ
I59F_RC	I9E7_RC
I59F_RC	IB9S_RC
I59F_RC	I59F
I59F_RC	I7U0_RC
I59F_RC	I2AX_RC
I59F_RC	IEJ_RC
I59F_RC	I9E7
I59F_RC	IB9S
I5B7_RC	I5B7_RC
I5B7_RC	I5B7
I5CZ_RC	I5CZ_RC
I5CZ_RC	I5CZ
I5F7_RC	I5F7_RC
I5F7_RC	I9KY_RC
I5F7_RC	I8D
I5F7_RC	IBGD_RC
I5F7_RC	I7NI
I5F7_RC	I24G
I5F7_RC	I5F7
I5F7_RC	I9KY
I5F7_RC	IBGD
I5F7_RC	I8D_RC
I5F7_RC	I7NI_RC
I5F7_RC	I24G_RC
I5J7_RC	I5J7_RC
I5J7_RC	I5J7
I5MB_RC	I5MB_RC
I5MB_RC	I9S3_RC
I5MB_RC	I7FF
I5MB_RC	I1WD
I5MB_RC	IV
I5MB_RC	IBN3_RC
I5MB_RC	I5MB
I5MB_RC	I9S3
I5MB_RC	I7FF_RC
I5MB_RC	I1WD_RC
I5MB_RC	IBN3
I5MB_RC	IV_RC
I5NN_RC	I5NN_RC
I5NN_RC	I9TD_RC
I5NN_RC	I5NN
I5NN_RC	I9TD
I5O3_RC	I5O3_RC
I5O3_RC	I5O3
I5OJ_RC	I5OJ_RC
I5OJ_RC	I5OJ
I5PF_RC	I5PF_RC
I5PF_RC	I5PF
I5PV_RC	I5PV_RC
I5QB_RC	I5QB_RC
I5QB_RC	I5QB
I5QR_RC	I5QR_RC
I5QR_RC	I5QR
I5R7_RC	I5R7_RC
I5R7_RC	I5R7
I5UR_RC	I5UR_RC
I5UR_RC	I3W4
I5UR_RC	I1PH
I5UR_RC	I78P
I5UR_RC	IBU5_RC
I5UR_RC	I9YM_RC
I5UR_RC	I5UR
I5UR_RC	I3W4_RC
I5UR_RC	I1PH_RC
I5UR_RC	I78P_RC
I5UR_RC	IBU5
I5UR_RC	I9YM
I5WJ_RC	I5WJ_RC
I5WJ_RC	IA0H_RC
I5WJ_RC	I1NR
I5WJ_RC	I3U1
I5WJ_RC	IBVT_RC
I5WJ_RC	I771
I5WJ_RC	I5WJ
I5WJ_RC	IA0H
I5WJ_RC	I1NR_RC
I5WJ_RC	IBVT
I5WJ_RC	I3U1_RC
I5WJ_RC	I771_RC
I5ZN_RC	I5ZN_RC
I5ZN_RC	IBYR_RC
I5ZN_RC	I3QY
I5ZN_RC	I1KS
I5ZN_RC	I73Y
I5ZN_RC	IA3I_RC
I5ZN_RC	I5ZN
I5ZN_RC	IBYR
I5ZN_RC	I3QY_RC
I5ZN_RC	I1KS_RC
I5ZN_RC	IA3I
I5ZN_RC	I73Y_RC
I62R_RC	I62R_RC
I62R_RC	I2PD
I62R_RC	I62R
I62R_RC	I2PD_RC
I683_RC	I683_RC
I683_RC	I4V8
I683_RC	I913
I683_RC	IRW_RC
I683_RC	I2VH_RC
I683_RC	IAWG
I683_RC	I683
I683_RC	I4V8_RC
I683_RC	I913_RC
I683_RC	IRW
I683_RC	I2VH
I683_RC	IAWG_RC
I69F_RC	I69F_RC
I69F_RC	IAV8
I69F_RC	IT4_RC
I69F_RC	I8ZU
I69F_RC	I4U3
I69F_RC	I2WS_RC
I69F_RC	I69F
I69F_RC	IAV8_RC
I69F_RC	IT4
I69F_RC	I8ZU_RC
I69F_RC	I4U3_RC
I69F_RC	I2WS
I6AB_RC	I6AB_RC
I6AB_RC	I4T6
I6AB_RC	I8YY
I6AB_RC	IAU2
I6AB_RC	IU3_RC
I6AB_RC	I2XO_RC
I6AB_RC	I4T6_RC
I6AB_RC	I8YY_RC
I6AB_RC	IAU2_RC
I6AB_RC	IU3
I6AB_RC	I2XO
I6AB_RC	I6AB
I6BN_RC	I6BN_RC
I6BN_RC	IAT3
I6BN_RC	I2Z0_RC
I6BN_RC	IV3_RC
I6BN_RC	I6BN
I6BN_RC	IAT3_RC
I6BN_RC	I2Z0
I6BN_RC	IV3
I6FN_RC	I6FN_RC
I6FN_RC	IXJ_RC
I6FN_RC	IAQK
I6FN_RC	I330_RC
I6FN_RC	I4OU
I6FN_RC	I8UM
I6FN_RC	I6FN
I6FN_RC	IXJ
I6FN_RC	I330
I6FN_RC	IAQK_RC
I6FN_RC	I4OU_RC
I6FN_RC	I8UM_RC
I6G3_RC	I6G3_RC
I6G3_RC	IXZ_RC
I6G3_RC	IAQ4
I6G3_RC	I33G_RC
I6G3_RC	I8U6
I6G3_RC	I6G3
I6G3_RC	IXZ
I6G3_RC	I33G
I6G3_RC	IAQ4_RC
I6G3_RC	I8U6_RC
I6HV_RC	I6HV_RC
I6HV_RC	I4MQ
I6HV_RC	IZT_RC
I6HV_RC	IAOB
I6HV_RC	I358_RC
I6HV_RC	I8SE
I6HV_RC	I6HV
I6HV_RC	I4MQ_RC
I6HV_RC	IZT
I6HV_RC	IAOB_RC
I6HV_RC	I358
I6HV_RC	I8SE_RC
I6IR_RC	I6IR_RC
I6IR_RC	I4LV
I6IR_RC	I10P_RC
I6IR_RC	IANE
I6IR_RC	I364_RC
I6IR_RC	I8RI
I6IR_RC	I6IR
I6IR_RC	I4LV_RC
I6IR_RC	I10P
I6IR_RC	IANE_RC
I6IR_RC	I364
I6IR_RC	I8RI_RC
I6J7_RC	I6J7_RC
I6J7_RC	I4KZ
I6J7_RC	I8R9
I6J7_RC	I115_RC
I6J7_RC	IAMY
I6J7_RC	I36K_RC
I6J7_RC	I6J7
I6J7_RC	I4KZ_RC
I6J7_RC	I8R9_RC
I6J7_RC	I115
I6J7_RC	IAMY_RC
I6J7_RC	I36K
I6JN_RC	I6JN_RC
I6JN_RC	I8QP
I6JN_RC	IAMF
I6JN_RC	I370_RC
I6JN_RC	I11P_RC
I6JN_RC	I4KG
I6JN_RC	I6JN
I6JN_RC	I8QP_RC
I6JN_RC	IAMF_RC
I6JN_RC	I370
I6JN_RC	I11P
I6JN_RC	I4KG_RC
I6KZ_RC	I6KZ_RC
I6KZ_RC	I138_RC
I6KZ_RC	IAL3
I6KZ_RC	I38C_RC
I6KZ_RC	I4J2
I6KZ_RC	I8PA
I6KZ_RC	I6KZ
I6KZ_RC	I138
I6KZ_RC	IAL3_RC
I6KZ_RC	I38C
I6KZ_RC	I4J2_RC
I6KZ_RC	I8PA_RC
I6LF_RC	I6LF_RC
I6LF_RC	I13O_RC
I6LF_RC	IAKN
I6LF_RC	I38S_RC
I6LF_RC	I8OU
I6LF_RC	I4IN
I6LF_RC	I6LF
I6LF_RC	I13O
I6LF_RC	IAKN_RC
I6LF_RC	I38S
I6LF_RC	I8OU_RC
I6LF_RC	I4IN_RC
I6LV_RC	I6LV_RC
I6LV_RC	I145_RC
I6LV_RC	IAK6
I6LV_RC	I398_RC
I6LV_RC	I8OD
I6LV_RC	I4I7
I6LV_RC	I6LV
I6LV_RC	I145
I6LV_RC	IAK6_RC
I6LV_RC	I398
I6LV_RC	I8OD_RC
I6LV_RC	I4I7_RC
I6MB_RC	I6MB_RC
I6MB_RC	IAJP
I6MB_RC	I14M_RC
I6MB_RC	I4HM
I6MB_RC	I8NW
I6MB_RC	I39O_RC
I6MB_RC	I6MB
I6MB_RC	IAJP_RC
I6MB_RC	I14M
I6MB_RC	I4HM_RC
I6MB_RC	I39O
I6MB_RC	I8NW_RC
I6PV_RC	I6PV_RC
I6PV_RC	IAGI
I6PV_RC	I3D8_RC
I6PV_RC	I17Z_RC
I6PV_RC	I6PV
I6PV_RC	IAGI_RC
I6PV_RC	I3D8
I6PV_RC	I17Z
I6R7_RC	I6R7_RC
I6R7_RC	I8JP
I6R7_RC	I3EK_RC
I6R7_RC	I4CW
I6R7_RC	I6R7
I6R7_RC	I8JP_RC
I6R7_RC	I3EK
I6R7_RC	I4CW_RC
I6S3_RC	I6S3_RC
I6S3_RC	I8I0
I6S3_RC	I1A2_RC
I6S3_RC	IAEJ
I6S3_RC	I3FG_RC
I6S3_RC	I4BZ
I6S3_RC	I6S3
I6S3_RC	I8I0_RC
I6S3_RC	I1A2
I6S3_RC	IAEJ_RC
I6S3_RC	I3FG
I6S3_RC	I4BZ_RC
I6SJ_RC	I6SJ_RC
I6SJ_RC	I8HG
I6SJ_RC	IAE1
I6SJ_RC	I4BF
I6SJ_RC	I1AK_RC
I6SJ_RC	I3FW_RC
I6SJ_RC	I6SJ
I6SJ_RC	I8HG_RC
I6SJ_RC	IAE1_RC
I6SJ_RC	I4BF_RC
I6SJ_RC	I1AK
I6SJ_RC	I3FW
I6SZ_RC	I6SZ_RC
I6SZ_RC	I8GZ
I6SZ_RC	I4AW
I6SZ_RC	IADL
I6SZ_RC	I1B0_RC
I6SZ_RC	I3GC_RC
I6SZ_RC	I6SZ
I6SZ_RC	I8GZ_RC
I6SZ_RC	I4AW_RC
I6SZ_RC	IADL_RC
I6SZ_RC	I1B0
I6SZ_RC	I3GC
I6TF_RC	I6TF_RC
I6TF_RC	I8GK
I6TF_RC	I4AG
I6TF_RC	IAD5
I6TF_RC	I1BG_RC
I6TF_RC	I3GS_RC
I6TF_RC	I6TF
I6TF_RC	I8GK_RC
I6TF_RC	I4AG_RC
I6TF_RC	IAD5_RC
I6TF_RC	I1BG
I6TF_RC	I3GS
I6TV_RC	I6TV_RC
I6TV_RC	IACP
I6TV_RC	I4A2
I6TV_RC	I1BW_RC
I6TV_RC	I3H8_RC
I6TV_RC	I6TV
I6TV_RC	IACP_RC
I6TV_RC	I4A2_RC
I6TV_RC	I1BW
I6TV_RC	I3H8
I6UR_RC	I6UR_RC
I6UR_RC	IACA
I6UR_RC	I1CC_RC
I6UR_RC	I3HP_RC
I6UR_RC	I6UR
I6UR_RC	IACA_RC
I6UR_RC	I1CC
I6UR_RC	I3HP
I6VN_RC	I6VN_RC
I6VN_RC	I8ES
I6VN_RC	IABD
I6VN_RC	I1D9_RC
I6VN_RC	I3IL_RC
I6VN_RC	I48V
I6VN_RC	I6VN
I6VN_RC	I8ES_RC
I6VN_RC	IABD_RC
I6VN_RC	I1D9
I6VN_RC	I3IL
I6VN_RC	I48V_RC
I6W3_RC	I6W3_RC
I6W3_RC	I8EC
I6W3_RC	IAAV
I6W3_RC	I3J1_RC
I6W3_RC	I1DR_RC
I6W3_RC	I48G
I6W3_RC	I6W3
I6W3_RC	I8EC_RC
I6W3_RC	IAAV_RC
I6W3_RC	I3J1
I6W3_RC	I1DR
I6W3_RC	I48G_RC
I6ZN_RC	I6ZN_RC
I6ZN_RC	IA78
I6ZN_RC	I8AT
I6ZN_RC	I44S
I6ZN_RC	I3ML_RC
I6ZN_RC	I1HA_RC
I6ZN_RC	I6ZN
I6ZN_RC	IA78_RC
I6ZN_RC	I8AT_RC
I6ZN_RC	I44S_RC
I6ZN_RC	I3ML
I6ZN_RC	I1HA
I70Z_RC	I70Z_RC
I70Z_RC	I1IQ_RC
I70Z_RC	I43J
I70Z_RC	I89B
I70Z_RC	I3NZ_RC
I70Z_RC	IA5S
I70Z_RC	I1IQ
I70Z_RC	I70Z
I70Z_RC	I3NZ
I70Z_RC	I43J_RC
I70Z_RC	I89B_RC
I70Z_RC	IA5S_RC
I71V_RC	I71V_RC
I71V_RC	I1JN_RC
I71V_RC	IA4T
I71V_RC	I42M
I71V_RC	I87Z
I71V_RC	I3OV_RC
I71V_RC	I71V
I71V_RC	I1JN
I71V_RC	IA4T_RC
I71V_RC	I42M_RC
I71V_RC	I3OV
I71V_RC	I87Z_RC
I737_RC	I737_RC
I737_RC	I875
I737_RC	I1K5_RC
I737_RC	IA47
I737_RC	I424
I737_RC	I3Q7_RC
I737_RC	I737
I737_RC	I875_RC
I737_RC	I1K5
I737_RC	IA47_RC
I737_RC	I424_RC
I737_RC	I3Q7
I76R_RC	I76R_RC
I76R_RC	I5WQ
I76R_RC	IA0Q
I76R_RC	I3TR_RC
I76R_RC	IBW0
I76R_RC	I1NK_RC
I76R_RC	I76R
I76R_RC	I5WQ_RC
I76R_RC	IA0Q_RC
I76R_RC	I3TR
I76R_RC	I1NK
I76R_RC	IBW0_RC
I7B7_RC	I7B7_RC
I7B7_RC	IBRN
I7B7_RC	I5S9
I7B7_RC	I9W9
I7B7_RC	I3YM_RC
I7B7_RC	I1S0_RC
I7B7_RC	I7B7
I7B7_RC	IBRN_RC
I7B7_RC	I5S9_RC
I7B7_RC	I9W9_RC
I7B7_RC	I3YM
I7B7_RC	I1S0
I7BN_RC	I7BN_RC
I7BN_RC	IBR9
I7BN_RC	I5RU
I7BN_RC	I9VV
I7BN_RC	I1SE_RC
I7BN_RC	I3Z2_RC
I7BN_RC	I7BN
I7BN_RC	IBR9_RC
I7BN_RC	I5RU_RC
I7BN_RC	I9VV_RC
I7BN_RC	I1SE
I7BN_RC	I3Z2
I7CZ_RC	I7CZ_RC
I7CZ_RC	I9UK
I7CZ_RC	I40E_RC
I7CZ_RC	IBPB
I7CZ_RC	I5P0
I7CZ_RC	IBPA
I7CZ_RC	I1U0_RC
I7CZ_RC	I9UJ
I7CZ_RC	I5P0_RC
I7CZ_RC	IBPA_RC
I7CZ_RC	I7CZ
I7CZ_RC	I9UJ_RC
I7CZ_RC	I9UK_RC
I7CZ_RC	I40E
I7CZ_RC	IBPB_RC
I7CZ_RC	I1U0
I7DF_RC	I7DF_RC
I7DF_RC	I9U3
I7DF_RC	I40U_RC
I7DF_RC	I7DF
I7DF_RC	I9U3_RC
I7DF_RC	I40U
I7EB_RC	I7EB_RC
I7EB_RC	I1V9_RC
I7EB_RC	IBO8
I7EB_RC	I9T9
I7EB_RC	I41Q_RC
I7EB_RC	I5NJ
I7EB_RC	I7EB
I7EB_RC	I1V9
I7EB_RC	IBO8_RC
I7EB_RC	I9T9_RC
I7EB_RC	I41Q
I7EB_RC	I5NJ_RC
I7ER_RC	I7ER_RC
I7ER_RC	I1VP_RC
I7ER_RC	I7_RC
I7ER_RC	IBNS
I7ER_RC	I9ST
I7ER_RC	I5N2
I7ER_RC	I7ER
I7ER_RC	I1VP
I7ER_RC	I7
I7ER_RC	IBNS_RC
I7ER_RC	I9ST_RC
I7ER_RC	I5N2_RC
I7F7_RC	I7F7_RC
I7F7_RC	I1W5_RC
I7F7_RC	IBNB
I7F7_RC	IN_RC
I7F7_RC	I9SB
I7F7_RC	I5MK
I7F7_RC	I7F7
I7F7_RC	I1W5
I7F7_RC	IN
I7F7_RC	IBNB_RC
I7F7_RC	I9SB_RC
I7F7_RC	I5MK_RC
I7FN_RC	I7FN_RC
I7FN_RC	I1WL_RC
I7FN_RC	IBMV
I7FN_RC	I13_RC
I7FN_RC	I5M3
I7FN_RC	I9RV
I7FN_RC	I7FN
I7FN_RC	I1WL
I7FN_RC	I13
I7FN_RC	IBMV_RC
I7FN_RC	I5M3_RC
I7FN_RC	I9RV_RC
I7G3_RC	I7G3_RC
I7G3_RC	I1X1_RC
I7G3_RC	IBMF
I7G3_RC	I1J_RC
I7G3_RC	I9RE
I7G3_RC	I5LN
I7G3_RC	I7G3
I7G3_RC	I1X1
I7G3_RC	I1J
I7G3_RC	IBMF_RC
I7G3_RC	I9RE_RC
I7G3_RC	I5LN_RC
I7GJ_RC	I7GJ_RC
I7GJ_RC	I1XH_RC
I7GJ_RC	IBLZ
I7GJ_RC	I1Z_RC
I7GJ_RC	I5L5
I7GJ_RC	I9QZ
I7GJ_RC	I7GJ
I7GJ_RC	I1XH
I7GJ_RC	I1Z
I7GJ_RC	IBLZ_RC
I7GJ_RC	I5L5_RC
I7GJ_RC	I9QZ_RC
I7GZ_RC	I7GZ_RC
I7GZ_RC	I1XX_RC
I7GZ_RC	IBLI
I7GZ_RC	I2G_RC
I7GZ_RC	I7GZ
I7GZ_RC	I1XX
I7GZ_RC	IBLI_RC
I7GZ_RC	I2G
I7IR_RC	I7IR_RC
I7IR_RC	I1ZP_RC
I7IR_RC	I7IR
I7IR_RC	I1ZP
I7K3_RC	I7K3_RC
I7K3_RC	I211_RC
I7K3_RC	I53_RC
I7K3_RC	IBJK
I7K3_RC	I9O7
I7K3_RC	I5I9
I7K3_RC	I7K3
I7K3_RC	I211
I7K3_RC	I53
I7K3_RC	IBJK_RC
I7K3_RC	I9O7_RC
I7K3_RC	I5I9_RC
I7LV_RC	I7LV_RC
I7LV_RC	I6S_RC
I7LV_RC	I22T_RC
I7LV_RC	IBHY
I7LV_RC	I9ML
I7LV_RC	I5GU
I7LV_RC	I7LV
I7LV_RC	I6S
I7LV_RC	I22T
I7LV_RC	IBHY_RC
I7LV_RC	I9ML_RC
I7LV_RC	I5GU_RC
I7MB_RC	I7MB_RC
I7MB_RC	I78_RC
I7MB_RC	I239_RC
I7MB_RC	IBHI
I7MB_RC	I9M5
I7MB_RC	I5GE
I7MB_RC	I7MB
I7MB_RC	I78
I7MB_RC	I239
I7MB_RC	IBHI_RC
I7MB_RC	I9M5_RC
I7MB_RC	I5GE_RC
I7MR_RC	I7MR_RC
I7MR_RC	IBH0
I7MR_RC	I23P_RC
I7MR_RC	I7Q_RC
I7MR_RC	I7MR
I7MR_RC	IBH0_RC
I7MR_RC	I23P
I7MR_RC	I7Q
I7MR_RC	I5FW
I7MR_RC	I9LN
I7MR_RC	I5FW_RC
I7MR_RC	I9LN_RC
I7NN_RC	I7NN_RC
I7NN_RC	I90_RC
I7NN_RC	I24L_RC
I7NN_RC	I9K6
I7NN_RC	IBFW
I7NN_RC	I5F2
I7NN_RC	I7NN
I7NN_RC	I90
I7NN_RC	I24L
I7NN_RC	I9K6_RC
I7NN_RC	IBFW_RC
I7NN_RC	I5F2_RC
I7RN_RC	I7RN_RC
I7RN_RC	I28K_RC
I7RN_RC	IBCL
I7RN_RC	I5C6
I7RN_RC	ICB_RC
I7RN_RC	I9GW
I7RN_RC	I7RN
I7RN_RC	I28K
I7RN_RC	IBCL_RC
I7RN_RC	I5C6_RC
I7RN_RC	ICB
I7RN_RC	I9GW_RC
I7S3_RC	I7S3_RC
I7S3_RC	I290_RC
I7S3_RC	IBC5
I7S3_RC	ICR_RC
I7S3_RC	I9GE
I7S3_RC	I7S3
I7S3_RC	I290
I7S3_RC	IBC5_RC
I7S3_RC	ICR
I7S3_RC	I9GE_RC
I7TV_RC	I7TV_RC
I7TV_RC	I9EB
I7TV_RC	I2AS_RC
I7TV_RC	IB9X
I7TV_RC	IEE_RC
I7TV_RC	I59J
I7TV_RC	I7TV
I7TV_RC	I9EB_RC
I7TV_RC	I2AS
I7TV_RC	IB9X_RC
I7TV_RC	IEE
I7TV_RC	I59J_RC
I7UB_RC	I7UB_RC
I7UB_RC	I9DW
I7UB_RC	I2B8_RC
I7UB_RC	IET_RC
I7UB_RC	IB9I
I7UB_RC	I596
I7UB_RC	I7UB
I7UB_RC	I2B8
I7UB_RC	I9DW_RC
I7UB_RC	IET
I7UB_RC	IB9I_RC
I7UB_RC	I596_RC
I7VN_RC	I7VN_RC
I7VN_RC	I2CK_RC
I7VN_RC	IF9_RC
I7VN_RC	IB92
I7VN_RC	I9DJ
I7VN_RC	IB93
I7VN_RC	I58T
I7VN_RC	IOF
I7VN_RC	IAZX_RC
I7VN_RC	I7VN
I7VN_RC	I2CK
I7VN_RC	IF9
I7VN_RC	IB92_RC
I7VN_RC	I9DJ_RC
I7VN_RC	IB93_RC
I7VN_RC	I58T_RC
I7VN_RC	IOF_RC
I7VN_RC	IAZX
I7W3_RC	I7W3_RC
I7W3_RC	I2D0_RC
I7W3_RC	IBG8
I7W3_RC	I32H
I7W3_RC	I55O
I7W3_RC	I6F4
I7W3_RC	I7W3
I7W3_RC	I2D0
I7W3_RC	IBG8_RC
I7W3_RC	I32H_RC
I7W3_RC	I55O_RC
I7W3_RC	I6F4_RC
I7WZ_RC	I7WZ_RC
I7WZ_RC	I2DW_RC
I7WZ_RC	I58M
I7WZ_RC	IB8T
I7WZ_RC	IFH_RC
I7WZ_RC	I9DB
I7WZ_RC	I7WZ
I7WZ_RC	I2DW
I7WZ_RC	I58M_RC
I7WZ_RC	IFH
I7WZ_RC	IB8T_RC
I7WZ_RC	I9DB_RC
I82R_RC	I82R_RC
I82R_RC	I2JO_RC
I82R_RC	IB5X
I82R_RC	I53Y
I82R_RC	I9AM
I82R_RC	II8_RC
I82R_RC	I82R
I82R_RC	I2JO
I82R_RC	IB5X_RC
I82R_RC	I53Y_RC
I82R_RC	I9AM_RC
I82R_RC	II8
I83N_RC	I83N_RC
I83N_RC	IB4X
I83N_RC	I2KK_RC
I83N_RC	I992
I83N_RC	IJA_RC
I83N_RC	I533
I83N_RC	IB4W
I83N_RC	I83N
I83N_RC	IB4X_RC
I83N_RC	I2KK
I83N_RC	IJA
I83N_RC	I992_RC
I83N_RC	I533_RC
I83N_RC	IB4W_RC
I883_RC	I883_RC
I883_RC	I883
I88J_RC	I88J_RC
I88J_RC	IA52_RC
I88J_RC	I3ON
I88J_RC	I42V_RC
I88J_RC	I1JE
I88J_RC	I71N
I88J_RC	I88J
I88J_RC	IA52
I88J_RC	I42V
I88J_RC	I3ON_RC
I88J_RC	I1JE_RC
I88J_RC	I71N_RC
I89V_RC	I89V_RC
I89V_RC	I70H
I89V_RC	IA6D_RC
I89V_RC	I1I4
I89V_RC	I3NH
I89V_RC	I43Z_RC
I89V_RC	I89V
I89V_RC	I70H_RC
I89V_RC	IA6D
I89V_RC	I1I4_RC
I89V_RC	I3NH_RC
I89V_RC	I43Z
I8CJ_RC	I8CJ_RC
I8CJ_RC	I8CJ
I8EB_RC	I8EB_RC
I8EB_RC	I6W4
I8EB_RC	IAAU_RC
I8EB_RC	I3J2
I8EB_RC	I48F_RC
I8EB_RC	I1DS
I8EB_RC	I8EB
I8EB_RC	I6W4_RC
I8EB_RC	IAAU
I8EB_RC	I3J2_RC
I8EB_RC	I48F
I8EB_RC	I1DS_RC
I8ER_RC	I8ER_RC
I8ER_RC	I6VO
I8ER_RC	IABC_RC
I8ER_RC	I1DA
I8ER_RC	I3IM
I8ER_RC	I48U_RC
I8ER_RC	I8ER
I8ER_RC	I6VO_RC
I8ER_RC	IABC
I8ER_RC	I48U
I8ER_RC	I1DA_RC
I8ER_RC	I3IM_RC
I8FN_RC	I8FN_RC
I8FN_RC	I6US
I8FN_RC	IAC9_RC
I8FN_RC	I1CD
I8FN_RC	I3HQ
I8FN_RC	I49Q_RC
I8FN_RC	I8FN
I8FN_RC	I6US_RC
I8FN_RC	IAC9
I8FN_RC	I1CD_RC
I8FN_RC	I49Q
I8FN_RC	I3HQ_RC
I8GJ_RC	I8GJ_RC
I8GJ_RC	I6TG
I8GJ_RC	I4AF_RC
I8GJ_RC	IAD4_RC
I8GJ_RC	I1BH
I8GJ_RC	I3GT
I8GJ_RC	I8GJ
I8GJ_RC	I6TG_RC
I8GJ_RC	I4AF
I8GJ_RC	IAD4
I8GJ_RC	I1BH_RC
I8GJ_RC	I3GT_RC
I8IR_RC	I8IR_RC
I8IR_RC	I5PE_RC
I8IR_RC	I8IR
I8IR_RC	I5PE
I8JN_RC	I8JN_RC
I8JN_RC	I6R9
I8JN_RC	I3EM
I8JN_RC	I4CU_RC
I8JN_RC	I19B
I8JN_RC	IAF3_RC
I8JN_RC	I8JN
I8JN_RC	I6R9_RC
I8JN_RC	I4CU
I8JN_RC	I3EM_RC
I8JN_RC	IAF3
I8JN_RC	I19B_RC
I8MR_RC	I8MR_RC
I8MR_RC	I6NO
I8MR_RC	I3B1
I8MR_RC	I4GD_RC
I8MR_RC	I15S
I8MR_RC	IAIO_RC
I8MR_RC	I8MR
I8MR_RC	I6NO_RC
I8MR_RC	I4GD
I8MR_RC	I3B1_RC
I8MR_RC	IAIO
I8MR_RC	I15S_RC
I8NN_RC	I8NN_RC
I8NN_RC	I8NN
I8OJ_RC	I8OJ_RC
I8OJ_RC	I4ID_RC
I8OJ_RC	I392
I8OJ_RC	IAKC_RC
I8OJ_RC	I6LP
I8OJ_RC	I13Z
I8OJ_RC	I8OJ
I8OJ_RC	I4ID
I8OJ_RC	I392_RC
I8OJ_RC	IAKC
I8OJ_RC	I6LP_RC
I8OJ_RC	I13Z_RC
I8OZ_RC	I8OZ_RC
I8OZ_RC	I4IS_RC
I8OZ_RC	I38N
I8OZ_RC	IAKS_RC
I8OZ_RC	I6LA
I8OZ_RC	I13J
I8OZ_RC	I8OZ
I8OZ_RC	I4IS
I8OZ_RC	I38N_RC
I8OZ_RC	IAKS
I8OZ_RC	I6LA_RC
I8OZ_RC	I13J_RC
I8S3_RC	I8S3_RC
I8S3_RC	I104
I8S3_RC	I35J
I8S3_RC	I4MF_RC
I8S3_RC	I6I6
I8S3_RC	IAO0_RC
I8S3_RC	I8S3
I8S3_RC	I104_RC
I8S3_RC	I4MF
I8S3_RC	I35J_RC
I8S3_RC	I6I6_RC
I8S3_RC	IAO0
I8V7_RC	I8V7_RC
I8V7_RC	I4PF_RC
I8V7_RC	I6E9
I8V7_RC	IAR5_RC
I8V7_RC	IWY
I8V7_RC	I31L
I8V7_RC	I8V7
I8V7_RC	I4PF
I8V7_RC	IAR5
I8V7_RC	I6E9_RC
I8V7_RC	IWY_RC
I8V7_RC	I31L_RC
I8VN_RC	I8VN_RC
I8VN_RC	IARN_RC
I8VN_RC	I4PW_RC
I8VN_RC	I314
I8VN_RC	IWG
I8VN_RC	I6DS
I8VN_RC	I8VN
I8VN_RC	IARN
I8VN_RC	I4PW
I8VN_RC	I314_RC
I8VN_RC	IWG_RC
I8VN_RC	I6DS_RC
I8W3_RC	I8W3_RC
I8W3_RC	I8W3
I8WJ_RC	I8WJ_RC
I8WJ_RC	I8WJ
I8YR_RC	I8YR_RC
I8YR_RC	I8YR
I92R_RC	I92R_RC
I92R_RC	I66D
I92R_RC	IQ5
I92R_RC	I2TR
I92R_RC	I4WV_RC
I92R_RC	IAY7_RC
I92R_RC	I92R
I92R_RC	I66D_RC
I92R_RC	IQ5_RC
I92R_RC	I4WV
I92R_RC	IAY7
I92R_RC	I2TR_RC
I937_RC	I937_RC
I937_RC	I65X
I937_RC	IPP
I937_RC	I4XA_RC
I937_RC	I2TB
I937_RC	IAYN_RC
I937_RC	I937
I937_RC	I65X_RC
I937_RC	IPP_RC
I937_RC	I4XA
I937_RC	IAYN
I937_RC	I2TB_RC
I93N_RC	I93N_RC
I93N_RC	IAZ5_RC
I93N_RC	I65G
I93N_RC	IP7
I93N_RC	I4XP_RC
I93N_RC	I2SU
I93N_RC	I93N
I93N_RC	IAZ5
I93N_RC	I65G_RC
I93N_RC	IP7_RC
I93N_RC	I4XP
I93N_RC	I2SU_RC
I95F_RC	I95F_RC
I95F_RC	I95F
I96R_RC	I96R_RC
I96R_RC	I645_RC
I96R_RC	I50U_RC
I96R_RC	IB32_RC
I96R_RC	I2NZ
I96R_RC	ILC
I96R_RC	I96R
I96R_RC	I645
I96R_RC	I50U
I96R_RC	IB32
I96R_RC	I2NZ_RC
I96R_RC	ILC_RC
I977_RC	I977_RC
I977_RC	I977
I983_RC	I983_RC
I983_RC	I2MH
I983_RC	I85L
I98J_RC	I98J_RC
I98J_RC	I51W_RC
I98J_RC	IJR
I98J_RC	I2M0
I98J_RC	I854
I98J_RC	IB4F_RC
I98J_RC	I98J
I98J_RC	I51W
I98J_RC	IJR_RC
I98J_RC	I2M0_RC
I98J_RC	I854_RC
I98J_RC	IB4F
I98Z_RC	I98Z_RC
I98Z_RC	I83Q
I98Z_RC	I2KN
I98Z_RC	IJD
I98Z_RC	I530_RC
I98Z_RC	IB4T_RC
I98Z_RC	I98Z
I98Z_RC	I83Q_RC
I98Z_RC	I2KN_RC
I98Z_RC	IJD_RC
I98Z_RC	I530
I98Z_RC	IB4T
I99V_RC	I99V_RC
I99V_RC	I99V
I9AB_RC	I9AB_RC
I9AB_RC	I9AB
I9DV_RC	I9DV_RC
I9DV_RC	I595_RC
I9DV_RC	I9DV
I9DV_RC	I595
I9ER_RC	I9ER_RC
I9ER_RC	I9ER
I9G3_RC	I9G3_RC
I9G3_RC	ID0
I9G3_RC	IBBW_RC
I9G3_RC	I5BH_RC
I9G3_RC	I7SF
I9G3_RC	I29C
I9G3_RC	I9G3
I9G3_RC	ID0_RC
I9G3_RC	IBBW
I9G3_RC	I5BH
I9G3_RC	I7SF_RC
I9G3_RC	I29C_RC
I9GJ_RC	I9GJ_RC
I9GJ_RC	ICN
I9GJ_RC	I5BT_RC
I9GJ_RC	IBC9_RC
I9GJ_RC	I7RZ
I9GJ_RC	I28W
I9GJ_RC	I9GJ
I9GJ_RC	ICN_RC
I9GJ_RC	I5BT
I9GJ_RC	IBC9
I9GJ_RC	I7RZ_RC
I9GJ_RC	I28W_RC
I9GZ_RC	I9GZ_RC
I9GZ_RC	IC8
I9GZ_RC	IBCO_RC
I9GZ_RC	I5C9_RC
I9GZ_RC	I7RJ
I9GZ_RC	I28G
I9GZ_RC	I9GZ
I9GZ_RC	IBCO
I9GZ_RC	IC8_RC
I9GZ_RC	I5C9
I9GZ_RC	I7RJ_RC
I9GZ_RC	I28G_RC
I9HV_RC	I9HV_RC
I9HV_RC	I9HV
I9IB_RC	I9IB_RC
I9IB_RC	I4I3_RC
I9IB_RC	I9T7_RC
I9IB_RC	I8A4_RC
I9IB_RC	I9IB
I9IB_RC	I4I3
I9IB_RC	I9T7
I9IB_RC	I8A4
I9IR_RC	I9IR_RC
I9IR_RC	I9IR
I9K3_RC	I9K3_RC
I9K3_RC	I2P3_RC
I9K3_RC	I631
I9K3_RC	I95Q
I9K3_RC	IB1S
I9K3_RC	IMO_RC
I9K3_RC	I24O
I9K3_RC	I7NR
I9K3_RC	I2P3
I9K3_RC	I631_RC
I9K3_RC	I95Q_RC
I9K3_RC	IMO
I9K3_RC	IB1S_RC
I9K3_RC	I9K3
I9K3_RC	I24O_RC
I9K3_RC	I7NR_RC
I9KZ_RC	I9KZ_RC
I9KZ_RC	I5F8_RC
I9KZ_RC	I8C
I9KZ_RC	I7NH
I9KZ_RC	IBGE_RC
I9KZ_RC	I24F
I9KZ_RC	I9KZ
I9KZ_RC	I5F8
I9KZ_RC	I8C_RC
I9KZ_RC	I7NH_RC
I9KZ_RC	IBGE
I9KZ_RC	I24F_RC
I9MR_RC	I9MR_RC
I9MR_RC	I5H0_RC
I9MR_RC	IBI4_RC
I9MR_RC	I7LP
I9MR_RC	I6M
I9MR_RC	I22N
I9MR_RC	I9MR
I9MR_RC	I5H0
I9MR_RC	IBI4
I9MR_RC	I7LP_RC
I9MR_RC	I6M_RC
I9MR_RC	I22N_RC
I9O3_RC	I9O3_RC
I9O3_RC	I9O3
I9OJ_RC	I9OJ_RC
I9OJ_RC	I5IO_RC
I9OJ_RC	I7JL
I9OJ_RC	I20J
I9OJ_RC	I4R
I9OJ_RC	IBJX_RC
I9OJ_RC	I9OJ
I9OJ_RC	I5IO
I9OJ_RC	I7JL_RC
I9OJ_RC	I20J_RC
I9OJ_RC	I4R_RC
I9OJ_RC	IBJX
I9PV_RC	I9PV_RC
I9PV_RC	IBKZ_RC
I9PV_RC	I7HJ
I9PV_RC	I5K7_RC
I9PV_RC	I1YH
I9PV_RC	I2Z
I9PV_RC	I9PV
I9PV_RC	IBKZ
I9PV_RC	I5K7
I9PV_RC	I7HJ_RC
I9PV_RC	I1YH_RC
I9PV_RC	I2Z_RC
I9QB_RC	I9QB_RC
I9QB_RC	IBLF_RC
I9QB_RC	I7H1
I9QB_RC	I1XZ
I9QB_RC	I5KN_RC
I9QB_RC	I2J
I9QB_RC	I9QB
I9QB_RC	IBLF
I9QB_RC	I7H1_RC
I9QB_RC	I5KN
I9QB_RC	I1XZ_RC
I9QB_RC	I2J_RC
I9RN_RC	I9RN_RC
I9RN_RC	I5LW_RC
I9RN_RC	I7FU
I9RN_RC	I1WS
I9RN_RC	I1A
I9RN_RC	IBMO_RC
I9RN_RC	I9RN
I9RN_RC	I5LW
I9RN_RC	I7FU_RC
I9RN_RC	I1WS_RC
I9RN_RC	I1A_RC
I9RN_RC	IBMO
I9TF_RC	I9TF_RC
I9TF_RC	I5NP_RC
I9TF_RC	IBOE_RC
I9TF_RC	I9TF
I9TF_RC	I5NP
I9TF_RC	IBOE
I9TV_RC	I9TV_RC
I9TV_RC	I9TV
I9VN_RC	I9VN_RC
I9VN_RC	I5RN_RC
I9VN_RC	I1SM
I9VN_RC	I3ZA
I9VN_RC	I7BV
I9VN_RC	IBR1_RC
I9VN_RC	I9VN
I9VN_RC	I5RN
I9VN_RC	I1SM_RC
I9VN_RC	I3ZA_RC
I9VN_RC	I7BV_RC
I9VN_RC	IBR1
I9WZ_RC	I9WZ_RC
I9WZ_RC	I3XU
I9WZ_RC	I5SZ_RC
I9WZ_RC	I1R8
I9WZ_RC	I7AF
I9WZ_RC	IBSE_RC
I9WZ_RC	I3XU_RC
I9WZ_RC	I5SZ
I9WZ_RC	I9WZ
I9WZ_RC	I1R8_RC
I9WZ_RC	I7AF_RC
I9WZ_RC	IBSE
IA03_RC	IA03_RC
IA03_RC	I5W2_RC
IA03_RC	IA03
IA03_RC	I5W2
IA2B_RC	IA2B_RC
IA2B_RC	I5YI_RC
IA2B_RC	IA2B
IA2B_RC	I5YI
IA37_RC	IA37_RC
IA37_RC	I3R8
IA37_RC	I1L2
IA37_RC	I748
IA37_RC	I5ZD_RC
IA37_RC	IBYH_RC
IA37_RC	IA37
IA37_RC	I3R8_RC
IA37_RC	I1L2_RC
IA37_RC	I748_RC
IA37_RC	I5ZD
IA37_RC	IBYH
IA6B_RC	IA6B_RC
IA6B_RC	I89T_RC
IA6B_RC	I70I
IA6B_RC	I3NI
IA6B_RC	I43Y_RC
IA6B_RC	I1I7
IA6B_RC	IA6B
IA6B_RC	I89T
IA6B_RC	I70I_RC
IA6B_RC	I43Y
IA6B_RC	I3NI_RC
IA6B_RC	I1I7_RC
IA77_RC	IA77_RC
IA77_RC	I6ZO
IA77_RC	I8AS_RC
IA77_RC	I44R_RC
IA77_RC	I3MM
IA77_RC	I1HB
IA77_RC	IA77
IA77_RC	I8AS
IA77_RC	I6ZO_RC
IA77_RC	I44R
IA77_RC	I3MM_RC
IA77_RC	I1HB_RC
IA7N_RC	IA7N_RC
IA7N_RC	IA7N
IAF7_RC	IAF7_RC
IAF7_RC	I4CZ_RC
IAF7_RC	I8JS_RC
IAF7_RC	I3EH
IAF7_RC	I197
IAF7_RC	I6R4
IAF7_RC	IAF7
IAF7_RC	I4CZ
IAF7_RC	I8JS
IAF7_RC	I3EH_RC
IAF7_RC	I197_RC
IAF7_RC	I6R4_RC
IA04_RC	IA04_RC
IA04_RC	I5W3_RC
IA04_RC	IA04
IA04_RC	I5W3
IA2S_RC	IA2S_RC
IA2S_RC	I3RQ
IA2S_RC	IBXZ_RC
IA2S_RC	I1LL
IA2S_RC	I5YX_RC
IA2S_RC	I74Q
IA2S_RC	IA2S
IA2S_RC	I3RQ_RC
IA2S_RC	IBXZ
IA2S_RC	I5YX
IA2S_RC	I1LL_RC
IA2S_RC	I74Q_RC
IA38_RC	IA38_RC
IA38_RC	IA38
IA44_RC	IA44_RC
IA44_RC	IA44
IA50_RC	IA50_RC
IA50_RC	I42T_RC
IA50_RC	I3OP
IA50_RC	I1JG
IA50_RC	I71P
IA50_RC	I88G_RC
IA50_RC	IA50
IA50_RC	I42T
IA50_RC	I3OP_RC
IA50_RC	I1JG_RC
IA50_RC	I71P_RC
IA50_RC	I88G
IA6C_RC	IA6C_RC
IA6C_RC	I89U_RC
IA6C_RC	I1I5
IA6C_RC	IA6C
IA6C_RC	I89U
IA6C_RC	I1I5_RC
IA7O_RC	IA7O_RC
IA7O_RC	IA7O
IAF8_RC	IAF8_RC
IAF8_RC	I3EG
IAF8_RC	I196
IAF8_RC	I6R3
IAF8_RC	IAF8
IAF8_RC	I3EG_RC
IAF8_RC	I196_RC
IAF8_RC	I6R3_RC
IAHW_RC	IAHW_RC
IAHW_RC	I3BT
IAHW_RC	I8M2_RC
IAHW_RC	I16K
IAHW_RC	I6OG
IAHW_RC	I4FK_RC
IAHW_RC	IAHW
IAHW_RC	I3BT_RC
IAHW_RC	I8M2
IAHW_RC	I16K_RC
IAHW_RC	I4FK
IAHW_RC	I6OG_RC
IAKK_RC	IAKK_RC
IAKK_RC	I6LI
IAKK_RC	I13R
IAKK_RC	I8OR_RC
IAKK_RC	I4IK_RC
IAKK_RC	I38V
IAKK_RC	IAKK
IAKK_RC	I6LI_RC
IAKK_RC	I13R_RC
IAKK_RC	I8OR
IAKK_RC	I4IK
IAKK_RC	I38V_RC
IAL0_RC	IAL0_RC
IAL0_RC	I6L2
IAL0_RC	I13B
IAL0_RC	I4IZ_RC
IAL0_RC	I8P7_RC
IAL0_RC	I38F
IAL0_RC	IAL0
IAL0_RC	I6L2_RC
IAL0_RC	I13B_RC
IAL0_RC	I4IZ
IAL0_RC	I8P7
IAL0_RC	I38F_RC
IALG_RC	IALG_RC
IALG_RC	I6KL
IALG_RC	I12V
IALG_RC	I37Y
IALG_RC	I8PR_RC
IALG_RC	I4JJ_RC
IALG_RC	IALG
IALG_RC	I6KL_RC
IALG_RC	I12V_RC
IALG_RC	I37Y_RC
IALG_RC	I8PR
IALG_RC	I4JJ
IALW_RC	IALW_RC
IALW_RC	I6K5
IALW_RC	I12F
IALW_RC	I37I
IALW_RC	I4JZ_RC
IALW_RC	I8Q7_RC
IALW_RC	IALW
IALW_RC	I6K5_RC
IALW_RC	I12F_RC
IALW_RC	I37I_RC
IALW_RC	I4JZ
IALW_RC	I8Q7
IANO_RC	IANO_RC
IANO_RC	I10G
IANO_RC	IANO
IANO_RC	I10G_RC
IAOK_RC	IAOK_RC
IAOK_RC	I4MZ_RC
IAOK_RC	IZK
IAOK_RC	I8SN_RC
IAOK_RC	IAOK
IAOK_RC	I4MZ
IAOK_RC	IZK_RC
IAOK_RC	I8SN
IAP0_RC	IAP0_RC
IAP0_RC	I8T1_RC
IAP0_RC	I34N
IAP0_RC	I4NC_RC
IAP0_RC	I6HA
IAP0_RC	IZ3
IAP0_RC	IAP0
IAP0_RC	I8T1
IAP0_RC	I34N_RC
IAP0_RC	I4NC
IAP0_RC	I6HA_RC
IAP0_RC	IZ3_RC
IAS4_RC	IAS4_RC
IAS4_RC	IAS4
IAWK_RC	IAWK_RC
IAWK_RC	I4VB_RC
IAWK_RC	IRS
IAWK_RC	I2VD
IAWK_RC	I916_RC
IAWK_RC	I67Z
IAWK_RC	IAWK
IAWK_RC	I4VB
IAWK_RC	IRS_RC
IAWK_RC	I2VD_RC
IAWK_RC	I916
IAWK_RC	I67Z_RC
IAX0_RC	IAX0_RC
IAX0_RC	I4VP_RC
IAX0_RC	IRC
IAX0_RC	I2UX
IAX0_RC	I91L_RC
IAX0_RC	I67J
IAX0_RC	IAX0
IAX0_RC	I4VP
IAX0_RC	IRC_RC
IAX0_RC	I91L
IAX0_RC	I2UX_RC
IAX0_RC	I67J_RC
IB0K_RC	IB0K_RC
IB0K_RC	I94H_RC
IB0K_RC	I2QD
IB0K_RC	INU
IB0K_RC	I4YL_RC
IB0K_RC	I61R_RC
IB0K_RC	IB0K
IB0K_RC	I94H
IB0K_RC	I2QD_RC
IB0K_RC	INU_RC
IB0K_RC	I4YL
IB0K_RC	I61R
IB1G_RC	IB1G_RC
IB1G_RC	I2PH
IB1G_RC	I4ZQ_RC
IB1G_RC	IMZ
IB1G_RC	I62N_RC
IB1G_RC	I95C_RC
IB1G_RC	IB1G
IB1G_RC	I2PH_RC
IB1G_RC	I4ZQ
IB1G_RC	IMZ_RC
IB1G_RC	I62N
IB1G_RC	I95C
IB2C_RC	IB2C_RC
IB2C_RC	I2OL
IB2C_RC	IM4
IB2C_RC	I50D_RC
IB2C_RC	I63J_RC
IB2C_RC	I968_RC
IB2C_RC	IB2C
IB2C_RC	I2OL_RC
IB2C_RC	IM4_RC
IB2C_RC	I50D
IB2C_RC	I63J
IB2C_RC	I968
IBV9_RC	IBV9_RC
IBV9_RC	I5VU_RC
IBV9_RC	I1OB
IBV9_RC	I9ZV_RC
IBV9_RC	I3UK
IBV9_RC	I77K
IBV9_RC	IBV9
IBV9_RC	I5VU
IBV9_RC	I9ZV
IBV9_RC	I1OB_RC
IBV9_RC	I3UK_RC
IBV9_RC	I77K_RC
IBW5_RC	IBW5_RC
IBW5_RC	I3TL
IBW5_RC	I1NF
IBW5_RC	I76L
IBW5_RC	IA0U_RC
IBW5_RC	I5WV_RC
IBW5_RC	IBW5
IBW5_RC	I3TL_RC
IBW5_RC	I1NF_RC
IBW5_RC	I76L_RC
IBW5_RC	IA0U
IBW5_RC	I5WV
IBX1_RC	IBX1_RC
IBX1_RC	I3SO
IBX1_RC	I1MJ
IBX1_RC	I75O
IBX1_RC	IA1O_RC
IBX1_RC	I5XR_RC
IBX1_RC	IBX1
IBX1_RC	I3SO_RC
IBX1_RC	I1MJ_RC
IBX1_RC	IA1O
IBX1_RC	I75O_RC
IBX1_RC	I5XR
IBXH_RC	IBXH_RC
IBXH_RC	I3S8
IBXH_RC	I1M3
IBXH_RC	I758
IBXH_RC	IA24_RC
IBXH_RC	I5Y7_RC
IBXH_RC	IBXH
IBXH_RC	I3S8_RC
IBXH_RC	I1M3_RC
IBXH_RC	IA24
IBXH_RC	I758_RC
IBXH_RC	I5Y7
IBXX_RC	IBXX_RC
IBXX_RC	IA2Q_RC
IBXX_RC	I5YV_RC
IBXX_RC	I3RS
IBXX_RC	I1LN
IBXX_RC	I74S
IBXX_RC	IBXX
IBXX_RC	IA2Q
IBXX_RC	I5YV
IBXX_RC	I3RS_RC
IBXX_RC	I1LN_RC
IBXX_RC	I74S_RC
IBYD_RC	IBYD_RC
IBYD_RC	I5Z9_RC
IBYD_RC	I3RC
IBYD_RC	I3RD
IBYD_RC	I1L6
IBYD_RC	I74C
IBYD_RC	I74D
IBYD_RC	IA33_RC
IBYD_RC	I5Z9
IBYD_RC	IBYD
IBYD_RC	I3RC_RC
IBYD_RC	I3RD_RC
IBYD_RC	I1L6_RC
IBYD_RC	I74C_RC
IBYD_RC	I74D_RC
IBYD_RC	IA33
ICM	ICM
ICM	I9GK_RC
ICM	I5BU_RC
ICM	IBCA_RC
ICM	I7RY
ICM	I28V
ICM	I9GK
ICM	ICM_RC
ICM	I5BU
ICM	IBCA
ICM	I7RY_RC
ICM	I28V_RC
I86T_RC	I86T_RC
I86T_RC	I86T
I87P_RC	I87P_RC
I87P_RC	I87P
I8ED_RC	I8ED_RC
I8ED_RC	I48H_RC
I8ED_RC	I6W2
I8ED_RC	IAAW_RC
I8ED_RC	I3J0
I8ED_RC	I1DQ
I8ED_RC	I8ED
I8ED_RC	I48H
I8ED_RC	I6W2_RC
I8ED_RC	IAAW
I8ED_RC	I3J0_RC
I8ED_RC	I1DQ_RC
I8H1_RC	I8H1_RC
I8H1_RC	I8H1
I8ID_RC	I8ID_RC
I8ID_RC	I8ID
I8IT_RC	I8IT_RC
I8IT_RC	I8IT
I8J9_RC	I8J9_RC
I8J9_RC	I8J9
I8NP_RC	I8NP_RC
I8NP_RC	I8NP
I8Z9_RC	I8Z9_RC
I8Z9_RC	I4TI_RC
I8Z9_RC	IAUE_RC
I8Z9_RC	I69Z
I8Z9_RC	ITQ
I8Z9_RC	I2XC
I8Z9_RC	I8Z9
I8Z9_RC	I4TI
I8Z9_RC	IAUE
I8Z9_RC	I69Z_RC
I8Z9_RC	ITQ_RC
I8Z9_RC	I2XC_RC
I8ZP_RC	I8ZP_RC
I8ZP_RC	I4TY_RC
I8ZP_RC	I69J
I8ZP_RC	IT9
I8ZP_RC	IAV3_RC
I8ZP_RC	I2WW
I8ZP_RC	I8ZP
I8ZP_RC	I4TY
I8ZP_RC	I69J_RC
I8ZP_RC	IT9_RC
I8ZP_RC	IAV3
I8ZP_RC	I2WW_RC
I979_RC	I979_RC
I979_RC	I979
I97P_RC	I97P_RC
I97P_RC	I513_RC
I97P_RC	IKP
I97P_RC	I2MX
I97P_RC	I861
I97P_RC	IB3I_RC
I97P_RC	I97P
I97P_RC	I513
I97P_RC	IKP_RC
I97P_RC	I2MX_RC
I97P_RC	I861_RC
I97P_RC	IB3I
I98L_RC	I98L_RC
I98L_RC	IB4H_RC
I98L_RC	IB4I_RC
I98L_RC	IJO
I98L_RC	IJP
I98L_RC	I2LY
I98L_RC	I852
I98L_RC	I51Y_RC
I98L_RC	I98L
I98L_RC	IB4H
I98L_RC	IB4I
I98L_RC	IJO_RC
I98L_RC	IJP_RC
I98L_RC	I51Y
I98L_RC	I2LY_RC
I98L_RC	I852_RC
I99X_RC	I99X_RC
I99X_RC	I99X
I9AD_RC	I9AD_RC
I9AD_RC	I9AD
I9C5_RC	I9C5_RC
I9C5_RC	IB7P_RC
I9C5_RC	IGM
I9C5_RC	I56G_RC
I9C5_RC	I7ZY
I9C5_RC	I2GV
I9C5_RC	I9C5
I9C5_RC	IB7P
I9C5_RC	IGM_RC
I9C5_RC	I56G
I9C5_RC	I7ZY_RC
I9C5_RC	I2GV_RC
I9DH_RC	I9DH_RC
I9DH_RC	IB90_RC
I9DH_RC	I7VP
I9DH_RC	I2CM
I9DH_RC	IFB
I9DH_RC	I58R_RC
I9DH_RC	I9DH
I9DH_RC	IB90
I9DH_RC	I7VP_RC
I9DH_RC	I2CM_RC
I9DH_RC	IFB_RC
I9DH_RC	I58R
I57Q_RC	I57Q_RC
I57Q_RC	I57Q
I59Y_RC	I59Y_RC
I59Y_RC	I59Y
I59Y_RC	I9F5_RC
I59Y_RC	I7TF
I59Y_RC	I2AC
I59Y_RC	IDX
I59Y_RC	IBAF_RC
I59Y_RC	I9F5
I59Y_RC	I7TF_RC
I59Y_RC	I2AC_RC
I59Y_RC	IDX_RC
I59Y_RC	IBAF
I5BA_RC	I5BA_RC
I5BA_RC	I5BA
I5DI_RC	I5DI_RC
I5DI_RC	I5DI
I5HI_RC	I5HI_RC
I5HI_RC	I9NA_RC
I5HI_RC	I7L3
I5HI_RC	I221
I5HI_RC	I63
I5HI_RC	IBIN_RC
I5HI_RC	I5HI
I5HI_RC	I9NA
I5HI_RC	I7L3_RC
I5HI_RC	I221_RC
I5HI_RC	I63_RC
I5HI_RC	IBIN
I5JQ_RC	I5JQ_RC
I5JQ_RC	I5JQ
I5L2_RC	I5L2_RC
I5L2_RC	I5L2
I5MU_RC	I5MU_RC
I5MU_RC	I5MU
I5O6_RC	I5O6_RC
I5O6_RC	I5O6
I5OM_RC	I5OM_RC
I5OM_RC	I5OM
I5PY_RC	I5PY_RC
I5PY_RC	I5PY
I5QE_RC	I5QE_RC
I5QE_RC	I5QE
I5RA_RC	I5RA_RC
I5RA_RC	I5RA
I5TY_RC	I5TY_RC
I5TY_RC	I5TY
I5UE_RC	I5UE_RC
I5UE_RC	I5UE
I5UE_RC	I78Z_RC
I5UE_RC	I9YC
I5UE_RC	I3WE_RC
I5YE_RC	I5YE_RC
I5YE_RC	I5YE
I5ZA_RC	I5ZA_RC
I5ZA_RC	IBYE_RC
I5ZA_RC	I3RB
I5ZA_RC	I1L5
I5ZA_RC	I74B
I5ZA_RC	IA34_RC
I5ZA_RC	I5ZA
I5ZA_RC	IBYE
I5ZA_RC	I3RB_RC
I5ZA_RC	I1L5_RC
I5ZA_RC	I74B_RC
I5ZA_RC	IA34
I606_RC	I606_RC
I606_RC	I606
I60M_RC	I60M_RC
I60M_RC	IOO
I60M_RC	I52W
I60M_RC	I2SA
I60M_RC	I2RJ
I60M_RC	I64W
I60M_RC	I2KR_RC
I60M_RC	I83U_RC
I60M_RC	I6CC
I60M_RC	I2ZP
I60M_RC	I2KR
I60M_RC	I83U
I60M_RC	I60M
I60M_RC	IOO_RC
I60M_RC	I52W_RC
I60M_RC	I2SA_RC
I60M_RC	I2RJ_RC
I60M_RC	I64W_RC
I62E_RC	I62E_RC
I62E_RC	IN8
I62E_RC	I953_RC
I62E_RC	IB17_RC
I62E_RC	I2PQ
I62E_RC	I4ZI_RC
I62E_RC	I62E
I62E_RC	IN8_RC
I62E_RC	I953
I62E_RC	IB17
I62E_RC	I4ZI
I62E_RC	I2PQ_RC
I63A_RC	I63A_RC
I63A_RC	I506_RC
I63A_RC	IMF
I63A_RC	I95Z_RC
I63A_RC	IB21_RC
I63A_RC	I2OU
I63A_RC	I63A
I63A_RC	I506
I63A_RC	I95Z
I63A_RC	IMF_RC
I63A_RC	IB21
I63A_RC	I2OU_RC
I646_RC	I646_RC
I646_RC	I2QT_RC
I646_RC	I2NY
I646_RC	I61B
I646_RC	I646
I646_RC	I2QT
I646_RC	I2NY_RC
I646_RC	I61B_RC
I67Q_RC	I67Q_RC
I67Q_RC	I91F
I67Q_RC	IAWT
I67Q_RC	IRJ_RC
I67Q_RC	I4VK
I67Q_RC	I2V4_RC
I67Q_RC	I67Q
I67Q_RC	I91F_RC
I67Q_RC	IAWT_RC
I67Q_RC	IRJ
I67Q_RC	I2V4
I67Q_RC	I4VK_RC
I68M_RC	I68M_RC
I68M_RC	I4UR
I68M_RC	I90M
I68M_RC	ISC_RC
I68M_RC	IAW0
I68M_RC	I2W0_RC
I68M_RC	I68M
I68M_RC	I4UR_RC
I68M_RC	I90M_RC
I68M_RC	ISC
I68M_RC	I2W0
I68M_RC	IAW0_RC
I6AE_RC	I6AE_RC
I6AE_RC	I4T3
I6AE_RC	I8YV
I6AE_RC	IATZ
I6AE_RC	IU6_RC
I6AE_RC	I2XR_RC
I6AE_RC	I6AE
I6AE_RC	I4T3_RC
I6AE_RC	I8YV_RC
I6AE_RC	IATZ_RC
I6AE_RC	IU6
I6AE_RC	I2XR
I6DY_RC	I6DY_RC
I6DY_RC	IWO_RC
I6DY_RC	I4PO
I6DY_RC	I8VG
I6DY_RC	I31A_RC
I6EE_RC	I6EE_RC
I6EE_RC	IX3_RC
I6EE_RC	IAR0
I6EE_RC	I4PA
I6EE_RC	I8V2
I6EE_RC	I31Q_RC
I6EE_RC	I6EE
I6EE_RC	IX3
I6EE_RC	IAR0_RC
I6EE_RC	I31Q
I6EE_RC	I4PA_RC
I6EE_RC	I8V2_RC
I1IU_RC	I1IU_RC
I1IU_RC	I1IU
I1KM_RC	I1KM_RC
I1KM_RC	I5ZT
I1KM_RC	IBYX
I1KM_RC	I1KM
I1KM_RC	I5ZT_RC
I1KM_RC	IBYX_RC
I1P2_RC	I1P2_RC
I1P2_RC	I62V_RC
I1P2_RC	IBTL
I1P2_RC	I1Q1_RC
I1P2_RC	IB1M_RC
I1P2_RC	I9YZ
I1P2_RC	IBUJ
I1P2_RC	I2P9
I1P2_RC	I5V3
I1P2_RC	I78C_RC
I1P2_RC	I3VR_RC
I1TY_RC	I1TY_RC
I1TY_RC	I1TY
I1ZQ_RC	I1ZQ_RC
I1ZQ_RC	I7IS_RC
I1ZQ_RC	I1ZQ
I1ZQ_RC	I7IS
I20M_RC	I20M_RC
I20M_RC	I7JO_RC
I20M_RC	I20M
I20M_RC	I7JO
I21I_RC	I21I_RC
I21I_RC	I7KK_RC
I21I_RC	I21I
I21I_RC	I7KK
I26U_RC	I26U_RC
I26U_RC	I7PX_RC
I26U_RC	I26U
I26U_RC	I7PX
I27Q_RC	I27Q_RC
I27Q_RC	I7QT_RC
I27Q_RC	I27Q
I27Q_RC	I7QT
I286_RC	I286_RC
I286_RC	I7R9_RC
I286_RC	I286
I286_RC	I7R9
I292_RC	I292_RC
I292_RC	I7S5_RC
I292_RC	I292
I292_RC	I7S5
I2AU_RC	I2AU_RC
I2AU_RC	I7TX_RC
I2AU_RC	I2AU
I2AU_RC	I7TX
I2AU_RC	IEG
I2BQ_RC	I2BQ_RC
I2BQ_RC	I7UT_RC
I2BQ_RC	I2BQ
I2BQ_RC	I7UT
I2C6_RC	I2C6_RC
I2C6_RC	I7V9_RC
I2C6_RC	I2C6
I2C6_RC	I7V9
I2D2_RC	I2D2_RC
I2D2_RC	I7W5_RC
I2D2_RC	I8WF_RC
I2D2_RC	I2D2
I2D2_RC	I7W5
I2D2_RC	I8WF
I2DI_RC	I2DI_RC
I2DI_RC	I7WL_RC
I2DI_RC	I2DI
I2DI_RC	I7WL
I2EE_RC	I2EE_RC
I2EE_RC	I7XH_RC
I2EE_RC	I2EE
I2EE_RC	I7XH
I2EU_RC	I2EU_RC
I2EU_RC	I7XX_RC
I2EU_RC	I2EU
I2EU_RC	I7XX
I2FA_RC	I2FA_RC
I2FA_RC	I7YD_RC
I2FA_RC	I2FA
I2FA_RC	I7YD
I2FQ_RC	I2FQ_RC
I2FQ_RC	I7YT_RC
I2FQ_RC	I2FQ
I2FQ_RC	I7YT
I2HI_RC	I2HI_RC
I2HI_RC	I80L_RC
I2HI_RC	I2HI
I2HI_RC	I80L
I2IE_RC	I2IE_RC
I2IE_RC	I81H_RC
I2IE_RC	I2IE
I2IE_RC	I81H
I2JQ_RC	I2JQ_RC
I2JQ_RC	I82T_RC
I2JQ_RC	I53X
I2JQ_RC	I9AL
I2JQ_RC	I53X_RC
I2JQ_RC	I82T
I2JQ_RC	I2JQ
I2JQ_RC	I9AL_RC
I2KM_RC	I2KM_RC
I2KM_RC	I990
I2KM_RC	I83P_RC
I2KM_RC	IJC_RC
I2KM_RC	I531
I2KM_RC	IB4U
I2KM_RC	I2KM
I2KM_RC	I990_RC
I2KM_RC	I83P
I2KM_RC	IJC
I2KM_RC	I531_RC
I2KM_RC	IB4U_RC
I9MV_RC	I9MV_RC
I9MV_RC	I7LK
I9MV_RC	I5H4_RC
I9MV_RC	I6I
I9MV_RC	I22I
I9MV_RC	IBI8_RC
I9MV_RC	I9MV
I9MV_RC	I5H4
I9MV_RC	I7LK_RC
I9MV_RC	I6I_RC
I9MV_RC	I22I_RC
I9MV_RC	IBI8
I9ON_RC	I9ON_RC
I9ON_RC	I5IS_RC
I9ON_RC	I4O
I9ON_RC	I5IR_RC
I9ON_RC	I9OM_RC
I9ON_RC	I7JH
I9ON_RC	I7JI
I9ON_RC	I20F
I9ON_RC	I20G
I9ON_RC	I9ON
I9ON_RC	I5IS
I9ON_RC	I4O_RC
I9ON_RC	I5IR
I9ON_RC	I9OM
I9ON_RC	I7JH_RC
I9ON_RC	I7JI_RC
I9ON_RC	I20F_RC
I9ON_RC	I20G_RC
I9QV_RC	I9QV_RC
I9QV_RC	I9QV
I9UV_RC	I9UV_RC
I9UV_RC	I9UV
IA2F_RC	IA2F_RC
IA2F_RC	IA2F
IA5J_RC	IA5J_RC
IA5J_RC	I3OA
IA5J_RC	I1J0
IA5J_RC	I71A
IA5J_RC	IA5J
IA5J_RC	I3OA_RC
IA5J_RC	I1J0_RC
IA5J_RC	I71A_RC
IA6V_RC	IA6V_RC
IA6V_RC	I44H_RC
IA6V_RC	I3MX
IA6V_RC	I8AH_RC
IA6V_RC	I1HM
IA6V_RC	I6ZX
IA6V_RC	IA6V
IA6V_RC	I44H
IA6V_RC	I8AH
IA6V_RC	I3MX_RC
IA6V_RC	I1HM_RC
IA6V_RC	I6ZX_RC
IA87_RC	IA87_RC
IA87_RC	I3LL
IA87_RC	I8BT_RC
IA87_RC	I45O_RC
IA87_RC	I1GD
IA87_RC	I6YN
IA87_RC	IA87
IA87_RC	I8BT
IA87_RC	I3LL_RC
IA87_RC	I45O
IA87_RC	I1GD_RC
IA87_RC	I6YN_RC
IA8N_RC	IA8N_RC
IA8N_RC	I8C6_RC
IA8N_RC	I3L5
IA8N_RC	I464_RC
IA8N_RC	I1FY
IA8N_RC	I6Y7
IA8N_RC	IA8N
IA8N_RC	I8C6
IA8N_RC	I3L5_RC
IA8N_RC	I464
IA8N_RC	I1FY_RC
IA8N_RC	I6Y7_RC
IA93_RC	IA93_RC
IA93_RC	I8CM_RC
IA93_RC	I3KP
IA93_RC	I1FH
IA93_RC	I6XR
IA93_RC	I46N_RC
IA93_RC	IA93
IA93_RC	I8CM
IA93_RC	I3KP_RC
IA93_RC	I1FH_RC
IA93_RC	I46N
IA93_RC	I6XR_RC
IA9J_RC	IA9J_RC
IA9J_RC	I8D0_RC
IA9J_RC	I3KA
IA9J_RC	I1F1
IA9J_RC	I471_RC
IA9J_RC	I6XC
IA9J_RC	IA9J
IA9J_RC	I8D0
IA9J_RC	I3KA_RC
IA9J_RC	I471
IA9J_RC	I1F1_RC
IA9J_RC	I6XC_RC
IANB_RC	IANB_RC
IANB_RC	I8WT_RC
IANB_RC	IANB
IANB_RC	I8WT
IAS7_RC	IAS7_RC
IAS7_RC	IAS7
IASN_RC	IASN_RC
IASN_RC	I8XH_RC
IASN_RC	I4RA_RC
IASN_RC	IASN
IASN_RC	I8XH
IASN_RC	I4RA
IAUF_RC	IAUF_RC
IAUF_RC	IAUF
I3JB_RC	I3JB_RC
I3JB_RC	I483
I3JB_RC	I8DZ
I3JB_RC	I1E1_RC
I3JB_RC	IAAL
I3JB_RC	I6WD_RC
I3JB_RC	I3JB
I3JB_RC	I483_RC
I3JB_RC	I8DZ_RC
I3JB_RC	I1E1
I3JB_RC	I6WD
I3JB_RC	IAAL_RC
I3K7_RC	I3K7_RC
I3K7_RC	I8D3
I3K7_RC	IA9M
I3K7_RC	I1EY_RC
I3K7_RC	I6X9_RC
I3K7_RC	I474
I3K7_RC	I3K7
I3K7_RC	I8D3_RC
I3K7_RC	I1EY
I3K7_RC	IA9M_RC
I3K7_RC	I6X9
I3K7_RC	I474_RC
I3KN_RC	I3KN_RC
I3KN_RC	I46P
I3KN_RC	I8CO
I3KN_RC	IA95
I3KN_RC	I1FF_RC
I3KN_RC	I6XP_RC
I3KN_RC	I3KN
I3KN_RC	I46P_RC
I3KN_RC	I8CO_RC
I3KN_RC	IA95_RC
I3KN_RC	I1FF
I3KN_RC	I6XP
I3LZ_RC	I3LZ_RC
I3LZ_RC	IA7T
I3LZ_RC	I1GR_RC
I3LZ_RC	I8BH
I3LZ_RC	I6Z1_RC
I3LZ_RC	I45B
I3LZ_RC	I3LZ
I3LZ_RC	IA7T_RC
I3LZ_RC	I1GR
I3LZ_RC	I6Z1
I3LZ_RC	I8BH_RC
I3LZ_RC	I45B_RC
I3NR_RC	I3NR_RC
I3NR_RC	I43P
I3NR_RC	I89K
I3NR_RC	I1IG_RC
I3NR_RC	IA62
I3NR_RC	I70R_RC
I3NR_RC	I3NR
I3NR_RC	I43P_RC
I3NR_RC	I1IG
I3NR_RC	I89K_RC
I3NR_RC	IA62_RC
I3NR_RC	I70R
I3O7_RC	I3O7_RC
I3O7_RC	I88X
I3O7_RC	I43C
I3O7_RC	IA5L
I3O7_RC	I1IY_RC
I3O7_RC	I717_RC
I3O7_RC	I3O7
I3O7_RC	I88X_RC
I3O7_RC	I43C_RC
I3O7_RC	IA5L_RC
I3O7_RC	I1IY
I3O7_RC	I717
I3PZ_RC	I3PZ_RC
I3PZ_RC	I87D
I3PZ_RC	I72Z_RC
I3PZ_RC	I1JX_RC
I3PZ_RC	IA4F
I3PZ_RC	IA4G
I3PZ_RC	I3PZ
I3PZ_RC	I87D_RC
I3PZ_RC	I72Z
I3PZ_RC	I1JX
I3PZ_RC	IA4F_RC
I3PZ_RC	IA4G_RC
I3QF_RC	I3QF_RC
I3QF_RC	I602
I3QF_RC	IBZ6
I3QF_RC	I73F_RC
I3QF_RC	I1KD_RC
I3QF_RC	IA3Y
I3QF_RC	I3QF
I3QF_RC	I602_RC
I3QF_RC	IBZ6_RC
I3QF_RC	I73F
I3QF_RC	I1KD
I3QF_RC	IA3Y_RC
I3UV_RC	I3UV_RC
I3UV_RC	I9ZL
I3UV_RC	I1OM_RC
I3UV_RC	IBUY
I3UV_RC	I77V_RC
I3UV_RC	I5VK
I3UV_RC	I3UV
I3UV_RC	I9ZL_RC
I3UV_RC	I1OM
I3UV_RC	IBUY_RC
I3UV_RC	I77V
I3UV_RC	I5VK_RC
I3X3_RC	I3X3_RC
I3X3_RC	IBT5
I3X3_RC	I1QH_RC
I3X3_RC	I5TO
I3X3_RC	I9XO
I3X3_RC	I79O_RC
I3X3_RC	I3X3
I3X3_RC	I1QH
I3X3_RC	IBT5_RC
I3X3_RC	I79O
I3X3_RC	I5TO_RC
I3X3_RC	I9XO_RC
I3XZ_RC	I3XZ_RC
I3XZ_RC	IBS9
I3XZ_RC	I1RD_RC
I3XZ_RC	I7AK_RC
I3XZ_RC	I5SV
I3XZ_RC	I9WV
I3XZ_RC	I3XZ
I3XZ_RC	I1RD
I3XZ_RC	IBS9_RC
I3XZ_RC	I7AK
I3XZ_RC	I5SV_RC
I3XZ_RC	I9WV_RC
I3YF_RC	I3YF_RC
I3YF_RC	I1RT_RC
I3YF_RC	IBRU
I3YF_RC	I7B0_RC
I3YF_RC	I5SF
I3YF_RC	I9WF
I3YF_RC	I3YF
I3YF_RC	I1RT
I3YF_RC	IBRU_RC
I3YF_RC	I7B0
I3YF_RC	I5SF_RC
I3YF_RC	I9WF_RC
I3ZR_RC	I3ZR_RC
I3ZR_RC	I9V6
I3ZR_RC	I1T4_RC
I3ZR_RC	IBQJ
I3ZR_RC	I7CC_RC
I3ZR_RC	I3ZR
I3ZR_RC	I9V6_RC
I3ZR_RC	I1T4
I3ZR_RC	IBQJ_RC
I3ZR_RC	I7CC
I407_RC	I407_RC
I407_RC	I4RM
I407_RC	I9UY
I407_RC	I9UZ
I407_RC	I7CS_RC
I407_RC	I407
I407_RC	I4RM_RC
I407_RC	I9UY_RC
I407_RC	I9UZ_RC
I407_RC	I7CS
I4FR_RC	I4FR_RC
I4FR_RC	I4FR
I4JR_RC	I4JR_RC
I4JR_RC	I37Q
I4JR_RC	I8PZ_RC
I4JR_RC	IALO_RC
I4JR_RC	I6KD
I4JR_RC	I12N
I4JR_RC	I4JR
I4JR_RC	I37Q_RC
I4JR_RC	I8PZ
I4JR_RC	IALO
I4JR_RC	I6KD_RC
I4JR_RC	I12N_RC
I4LJ_RC	I4LJ_RC
I4LJ_RC	I8WK_RC
I4LJ_RC	I4LJ
I4LJ_RC	I8WK
IA4P_RC	IA4P_RC
IA4P_RC	IA4P
IAA1_RC	IAA1_RC
IAA1_RC	I1EK
IAA1_RC	I47J_RC
IAA1_RC	IAA1
IAA1_RC	I1EK_RC
IAA1_RC	I47J
IAG9_RC	IAG9_RC
IAG9_RC	IAG9
IAJD_RC	IAJD_RC
IAJD_RC	IAJD
IAND_RC	IAND_RC
IAND_RC	I10Q
IAND_RC	IAND
IAND_RC	I10Q_RC
IAP5_RC	IAP5_RC
IAP5_RC	IYY
IAP5_RC	I8T7_RC
IAP5_RC	I4NH_RC
IAP5_RC	I4FJ_RC
IAQ1_RC	IAQ1_RC
IAQ1_RC	I6G6
IAQ1_RC	IY2
IAQ1_RC	I8U3_RC
IAQ1_RC	I4OC_RC
IAQ1_RC	I33J
IAQ1_RC	IAQ1
IAQ1_RC	I6G6_RC
IAQ1_RC	IY2_RC
IAQ1_RC	I8U3
IAQ1_RC	I4OC
IAQ1_RC	I33J_RC
IARD_RC	IARD_RC
IARD_RC	IARD
IASP_RC	IASP_RC
IASP_RC	I4RC_RC
IASP_RC	IASP
IASP_RC	I4RC
IAT5_RC	IAT5_RC
IAT5_RC	I6BL
IAT5_RC	I8XW_RC
IAT5_RC	I4S8_RC
IAT5_RC	I2YY
IAT5_RC	IV1
IAT5_RC	IAT5
IAT5_RC	I6BL_RC
IAT5_RC	I8XW
IAT5_RC	I4S8
IAT5_RC	I2YY_RC
IAT5_RC	IV1_RC
IAU1_RC	IAU1_RC
IAU1_RC	I4T5_RC
IAU1_RC	I8YX_RC
IAU1_RC	IU4
IAU1_RC	IAU1
IAU1_RC	I4T5
IAU1_RC	I8YX
IAU1_RC	IU4_RC
IAUH_RC	IAUH_RC
IAUH_RC	IAUH
IAZT_RC	IAZT_RC
IAZT_RC	IOJ
IAZT_RC	IAZT
IAZT_RC	IOJ_RC
IB0P_RC	IB0P_RC
IB0P_RC	IB0P
IB2X_RC	IB2X_RC
IB2X_RC	ILH
IB2X_RC	I96M_RC
IB2X_RC	IB2X
IB2X_RC	ILH_RC
IB2X_RC	I96M
IB3T_RC	IB3T_RC
IB3T_RC	IKD
IB3T_RC	I2MN
IB3T_RC	I85R
IB3T_RC	IB3T
IB3T_RC	I97X
IB3T_RC	IKD_RC
IB3T_RC	I2MN_RC
IB3T_RC	I85R_RC
IB49_RC	IB49_RC
IB49_RC	IJX
IB49_RC	I98D_RC
IB49_RC	I2M6
IB49_RC	I85A
IB49_RC	I51Q_RC
IB49_RC	IB49
IB49_RC	I98D
IB49_RC	IJX_RC
IB49_RC	I51Q
IB49_RC	I2M6_RC
IB49_RC	I85A_RC
IB4P_RC	IB4P_RC
IB4P_RC	IJH
IB4P_RC	I525_RC
IB4P_RC	I98U_RC
IB4P_RC	I2LR
IB4P_RC	I84V
IB4P_RC	IB4P
IB4P_RC	I525
IB4P_RC	IJH_RC
IB4P_RC	I98U
IB4P_RC	I2LR_RC
IB4P_RC	I84V_RC
IB55_RC	IB55_RC
IB55_RC	I53B_RC
IB55_RC	IJ0
IB55_RC	I83G
IB55_RC	I2KD
IB55_RC	I99A_RC
IB55_RC	I99A
IB55_RC	I53B
IB55_RC	IB55
IB55_RC	IJ0_RC
IB55_RC	I83G_RC
IB55_RC	I2KD_RC
IBBD_RC	IBBD_RC
IBBD_RC	IBBN_RC
IBBD_RC	IBBD
IBBD_RC	IBBN
IBDL_RC	IBDL_RC
IBDL_RC	IBB
IBDL_RC	IBDL
IBDL_RC	IBB_RC
IBIX_RC	IBIX_RC
IBIX_RC	I5HT_RC
IBIX_RC	I9NM_RC
IBIX_RC	I7KS
IBIX_RC	I21Q
IBIX_RC	I5S
IBIX_RC	IBIX
IBIX_RC	I5HT
IBIX_RC	I9NM
IBIX_RC	I7KS_RC
IBIX_RC	I21Q_RC
IBIX_RC	I5S_RC
IBO9_RC	IBO9_RC
IBO9_RC	I7EA
IBO9_RC	I1V8
IBO9_RC	I41P
IBO9_RC	I9TA_RC
IBO9_RC	I5NK_RC
IBO9_RC	IBO9
IBO9_RC	I7EA_RC
IBO9_RC	I1V8_RC
IBO9_RC	I41P_RC
IBO9_RC	I9TA
IBO9_RC	I5NK
IBP5_RC	IBP5_RC
IBP5_RC	IBP5
IBQ1_RC	IBQ1_RC
IBQ1_RC	IBQ1
IBQX_RC	IBQX_RC
IBQX_RC	IBQX
IBRD_RC	IBRD_RC
IBRD_RC	I1SA
IBRD_RC	I3YY
IBRD_RC	I5RW_RC
IBRD_RC	I9VX_RC
IBRD_RC	I7BJ
IBRD_RC	IBRD
IBRD_RC	I1SA_RC
IBRD_RC	I3YY_RC
IBRD_RC	I5RW
IBRD_RC	I9VX
IBRD_RC	I7BJ_RC
IBRD_RC	IBCX_RC
IBRD_RC	I7QP
IBRD_RC	I5CH_RC
IBRD_RC	I27M
IBRD_RC	IBZ
IBYY_RC	IBYY_RC
IBYY_RC	I1KL
IBYY_RC	I5ZU_RC
IBYY_RC	IBYY
IBYY_RC	I1KL_RC
IBYY_RC	I5ZU
IFV	IFV
IFV	I9CY_RC
IFV	I7Z7
IFV	I577_RC
IFV	I2G4
IFV	IB8G_RC
IFV	I9CY
IFV	I577
IFV	I7Z7_RC
IFV	I2G4_RC
IFV	IFV_RC
IFV	IB8G
I6OD	I6OD
I6OD	I3BQ
I88F_RC	I88F_RC
I88F_RC	I88F
I8B3_RC	I8B3_RC
I8B3_RC	I8B3
I8BJ_RC	I8BJ_RC
I8BJ_RC	I8BJ
I8I7_RC	I8I7_RC
I8I7_RC	I19V
I8I7_RC	I4C6_RC
I8I7_RC	I8I7
I8I7_RC	I19V_RC
I8I7_RC	I4C6
I8J3_RC	I8J3_RC
I8J3_RC	I8J3
I8JJ_RC	I8JJ_RC
I8JJ_RC	I4CP_RC
I8JJ_RC	I8JJ
I8JJ_RC	I4CP
I8JJ_RC	I5LE
I8JJ_RC	I1RA_RC
I8JJ_RC	I5SY
I8JJ_RC	I9WY
I8JJ_RC	I3XW_RC
I8JJ_RC	I7AH_RC
I8JJ_RC	IBSC
I8NJ_RC	I8NJ_RC
I8NJ_RC	I8NJ
I8PB_RC	I8PB_RC
I8PB_RC	I4J3_RC
I8PB_RC	I8PB
I8PB_RC	I4J3
I8TB_RC	I8TB_RC
I8TB_RC	I8TB
I8VJ_RC	I8VJ_RC
I8VJ_RC	I6DV
I8VJ_RC	I317
I8VJ_RC	I4PR_RC
I8VJ_RC	IWK
I8VJ_RC	IARK_RC
I8VJ_RC	I8VJ
I8VJ_RC	I6DV_RC
I8VJ_RC	I317_RC
I8VJ_RC	I4PR
I8VJ_RC	IWK_RC
I8VJ_RC	IARK
I8WV_RC	I8WV_RC
I8WV_RC	I8WV
I973_RC	I973_RC
I973_RC	IL4
I973_RC	I973
I973_RC	IL4_RC
I9A7_RC	I9A7_RC
I9A7_RC	I9A7
I8XB	I8XB
I8XB	I4R3
I8XB	I4R3_RC
I8XB	I8XB_RC
I2YW_RC	I2YW_RC
I2YW_RC	I8XY
I2YW_RC	I4SA
I2YW_RC	IAT7
I2YW_RC	IUZ_RC
I2YW_RC	I6BJ_RC
I2YW_RC	I2YW
I2YW_RC	I8XY_RC
I2YW_RC	I4SA_RC
I2YW_RC	IUZ
I2YW_RC	IAT7_RC
I2YW_RC	I6BJ
I308_RC	I308_RC
I308_RC	I8X5
I308_RC	I6CW_RC
I308_RC	I308
I308_RC	I8X5_RC
I308_RC	I6CW
I32G_RC	I32G_RC
I32G_RC	I4LD
I32G_RC	I7W4
I32G_RC	I2D1
I32G_RC	IBG7_RC
I32G_RC	I55N_RC
I32G_RC	I8WE
I32G_RC	I6F3_RC
I32G_RC	I32G
I32G_RC	I4LD_RC
I32G_RC	I7W4_RC
I32G_RC	I2D1_RC
I32G_RC	IBG7
I32G_RC	I55N
I32G_RC	I8WE_RC
I32G_RC	I6F3
I39K_RC	I39K_RC
I39K_RC	I14I_RC
I39K_RC	IAJT
I39K_RC	I4HQ
I39K_RC	I6M7_RC
I39K_RC	I8O0
I39K_RC	I39K
I39K_RC	I14I
I39K_RC	IAJT_RC
I39K_RC	I4HQ_RC
I39K_RC	I6M7
I39K_RC	I8O0_RC
I3BC_RC	I3BC_RC
I3BC_RC	I4G4
I3BC_RC	IAIF
I3BC_RC	I161_RC
I3BC_RC	I8MI
I3BC_RC	I6NZ_RC
I3BC_RC	I3BC
I3BC_RC	I4G4_RC
I3BC_RC	IAIF_RC
I3BC_RC	I161
I3BC_RC	I8MI_RC
I3BC_RC	I6NZ
I3IW_RC	I3IW_RC
I3IW_RC	I48L
I3IW_RC	I8EH
I3IW_RC	I1DM_RC
I3IW_RC	IAB0
I3IW_RC	I6VY_RC
I3IW_RC	I3IW
I3IW_RC	I48L_RC
I3IW_RC	I8EH_RC
I3IW_RC	I1DM
I3IW_RC	IAB0_RC
I3IW_RC	I6VY
I3NS_RC	I3NS_RC
I3NS_RC	I43O
I3NS_RC	I89J
I3NS_RC	IA61
I3NS_RC	I1IH_RC
I3NS_RC	I70S_RC
I3NS_RC	I3NS
I3NS_RC	I43O_RC
I3NS_RC	I89J_RC
I3NS_RC	I1IH
I3NS_RC	IA61_RC
I3NS_RC	I70S
I3Q0_RC	I3Q0_RC
I3Q0_RC	I42A
I3Q0_RC	I87C
I3Q0_RC	I730_RC
I3Q0_RC	IA4E
I3Q0_RC	I1JY_RC
I3Q0_RC	I3Q0
I3Q0_RC	I42A_RC
I3Q0_RC	I87C_RC
I3Q0_RC	I730
I3Q0_RC	I1JY
I3Q0_RC	IA4E_RC
I3T4_RC	I3T4_RC
I3T4_RC	I764_RC
I3T4_RC	IA1A
I3T4_RC	I5XB
I3T4_RC	I3T4
I3T4_RC	I764
I3T4_RC	IA1A_RC
I3T4_RC	I5XB_RC
I3UW_RC	I3UW_RC
I3UW_RC	I9PT
I3UW_RC	IBKX
I3UW_RC	IBXD
I3UW_RC	I1EA
I3UW_RC	IA36
I3UW_RC	IAAB_RC
I3UW_RC	IAK3_RC
I3UW_RC	I5K5
I3UW_RC	I6LX
I3UW_RC	I3R9_RC
I3UW_RC	I6WM
I3UW_RC	I1O6_RC
I3UW_RC	I1L3_RC
I3UW_RC	I1ON_RC
I3UW_RC	I148
I3UW_RC	I5ZC
I3UW_RC	IBYG
I3UW_RC	I3UG_RC
I3UW_RC	I4I0_RC
I3UW_RC	IBUX
I3UW_RC	I749_RC
I3UW_RC	I7HL_RC
I3UW_RC	IBVE
I3UW_RC	I47U_RC
I3UW_RC	I5Y3
I3UW_RC	I1YJ_RC
I3UW_RC	I3SC_RC
I3UW_RC	I77G_RC
I3UW_RC	I77W_RC
I3UW_RC	I31_RC
I3UW_RC	I39A
I3UW_RC	I5VY
I3UW_RC	I8DQ_RC
I3UW_RC	I5VJ
I3UW_RC	I9ZZ
I3UW_RC	I1M7_RC
I3UW_RC	I3JK
I3UW_RC	I75C_RC
I3UW_RC	IA20
I3UW_RC	I9ZK
I3UW_RC	I8OB_RC
I3UW_RC	I3UW
I3UW_RC	I9PT_RC
I3UW_RC	IBKX_RC
I3UW_RC	IBXD_RC
I3UW_RC	I1EA_RC
I3UW_RC	IA36_RC
I3UW_RC	IAAB
I3UW_RC	IAK3
I3UW_RC	I3R9
I3UW_RC	I5K5_RC
I3UW_RC	I6LX_RC
I3UW_RC	I1O6
I3UW_RC	I6WM_RC
I3UW_RC	I1L3
I3UW_RC	I1ON
I3UW_RC	I3UG
I3UW_RC	I4I0
I3UW_RC	I148_RC
I3UW_RC	I5ZC_RC
I3UW_RC	IBYG_RC
I3UW_RC	I749
I3UW_RC	I7HL
I3UW_RC	IBUX_RC
I3UW_RC	I47U
I3UW_RC	IBVE_RC
I3UW_RC	I1YJ
I3UW_RC	I5Y3_RC
I3UW_RC	I3SC
I3UW_RC	I77G
I3UW_RC	I77W
I3UW_RC	I31
I3UW_RC	I8DQ
I3UW_RC	I39A_RC
I3UW_RC	I5VY_RC
I3UW_RC	I1M7
I3UW_RC	I5VJ_RC
I3UW_RC	I9ZZ_RC
I3UW_RC	I75C
I3UW_RC	I3JK_RC
I3UW_RC	IA20_RC
I3UW_RC	I9ZK_RC
I3UW_RC	I8OB
I3W8_RC	I3W8_RC
I3W8_RC	IBU1
I3W8_RC	I1PL_RC
I3W8_RC	I9YI
I3W8_RC	I78T_RC
I3W8_RC	I5UO
I3W8_RC	I3W8
I3W8_RC	I1PL
I3W8_RC	IBU1_RC
I3W8_RC	I9YI_RC
I3W8_RC	I78T
I3W8_RC	I5UO_RC
I3YG_RC	I3YG_RC
I3YG_RC	IBRT
I3YG_RC	I1RU_RC
I3YG_RC	I7B1_RC
I3YG_RC	I3YG
I3YG_RC	IBRT_RC
I3YG_RC	I1RU
I3YG_RC	I7B1
I46G_RC	I46G_RC
I46G_RC	I46G
I2F8	I2F8
I2F8	I7YB
I2F8	I2F8_RC
I2F8	I7YB_RC
I2W4	I2W4
I2W4	I90I_RC
I2W4	I68Q
I2W4	IAVW_RC
I2W4	I4UN_RC
I2W4	ISG
I2W4	I4UN
I2W4	I90I
I2W4	ISK_RC
I2W4	I2W4_RC
I2W4	IAVS
I2W4	I2W8_RC
I2W4	I68Q_RC
I2W4	IAVW
I2W4	I90E
I2W4	I68U_RC
I2W4	ISG_RC
I3TG	I3TG
I3TG	IA0Z_RC
I3TG	I5X0_RC
I3TG	I1NA
I3TG	I76G
I3TG	IBWA_RC
I3TG	IA0Z
I3TG	I5X0
I3TG	I3TG_RC
I3TG	I1NA_RC
I3TG	I76G_RC
I3TG	IBWA
I42S	I42S
I42S	IA4Z
I42S	I885
I42S	I3OQ_RC
I42S	I1JH_RC
I42S	I71Q_RC
I42S	IA4Z_RC
I42S	I42S_RC
I42S	I885_RC
I42S	I3OQ
I42S	I1JH
I42S	I71Q
I4ES	I4ES
I4ES	I3CM_RC
I4ES	IAH4
I4ES	I17D_RC
I4ES	I8L9
I4ES	I6P9_RC
I4IC	I4IC
I4IC	I8OI
I4IC	I8OI_RC
I4IC	I4IC_RC
I4IC	I393
I4IC	I393_RC
I4IC	IAKB
I4IC	IAKB_RC
I4IC	I6LQ
I4IC	I6LQ_RC
I4IC	I140
I4IC	I140_RC
I604	I604
I604	IBZ8
I604	I3QC_RC
I604	I73C_RC
I604	I1KB_RC
I604	IA40
I604	I3QC
I604	I604_RC
I604	IBZ8_RC
I604	I73C
I604	I1KB
I604	IA40_RC
I7EC	I7EC
I7EC	I1VA
I7EC	I41R
I7EC	I5C7_RC
I7EC	I9GX_RC
I7EC	IBCM_RC
I7EC	ICA
I7EC	IBO7_RC
I7EC	IBO4
I7EC	I41U_RC
I7EC	I7EF_RC
I7EC	I1VD_RC
I7EC	I5NE
I7EC	I1OT
I8JO	I8JO
I8JO	I6R8_RC
I8JO	I3EL_RC
I8JO	I19A_RC
I8JO	I4CV
I8JO	IAF4
I8JO	I6R8
I8JO	I8JO_RC
I8JO	I3EL
I8JO	I19A
I8JO	I4CV_RC
I8JO	IAF4_RC
I92C	I92C
I92C	I66S_RC
I92C	IQK_RC
I92C	I2U6_RC
I92C	I4WG
I92C	IAXS
I92C	I66S
I92C	I92C_RC
I92C	IQK
I92C	I2U6
I92C	I4WG_RC
I92C	IAXS_RC
I92S	I92S
I92S	I66C_RC
I92S	IQ4_RC
I92S	I2TQ_RC
I92S	I4WW
I92S	IAY8
I92S	I66C
I92S	I92S_RC
I92S	IQ4
I92S	I2TQ
I92S	I4WW_RC
I92S	IAY8_RC
I938	I938
I938	I65W_RC
I938	IPO_RC
I938	I2TA_RC
I938	I4XB
I938	IAYO
I938	I65W
I938	I938_RC
I938	IPO
I938	I2TA
I938	I4XB_RC
I938	IAYO_RC
I9IS	I9IS
I9IS	I5DV
I9QC	I9QC
I9QC	IBLG
I9QC	I2I_RC
I9QC	I2I
I9QC	I9QC_RC
I9QC	IBLG_RC
I9US	I9US
I9US	IBPD
I9US	I5P2
I9US	IBPD_RC
I9US	I9US_RC
I9US	I5P2_RC
IA4K	IA4K
IA4K	I72S_RC
IA4K	I42E
IA4K	I1JT_RC
IA4K	I87J
IA4K	I3PS_RC
IA4K	I72S
IA4K	IA4K_RC
IA4K	I42E_RC
IA4K	I1JT
IA4K	I87J_RC
IA4K	I3PS
IAJO	IAJO
IAJO	I6MC_RC
IAJO	I14N_RC
IAJO	I4HL
IAJO	I8NV
IAJO	I39P_RC
IAJO	I6MC
IAJO	IAJO_RC
IAJO	I14N
IAJO	I4HL_RC
IAJO	I8NV_RC
IAJO	I39P
IAPW	IAPW
IAPW	I33O_RC
IAPW	I8TY
IAPW	I4O7
IAPW	I6GB_RC
IAPW	IY7_RC
IAPW	I33O
IAPW	IAPW_RC
IAPW	I8TY_RC
IAPW	I4O7_RC
IAPW	I6GB
IAPW	IY7
IAQC	IAQC
IAQC	I338_RC
IAQC	I4OM
IAQC	I8UE
IAQC	I6FV_RC
IAQC	IXR_RC
IAQC	I338
IAQC	IAQC_RC
IAQC	I4OM_RC
IAQC	I8UE_RC
IAQC	I6FV
IAQC	IXR
IB9W	IB9W
IB9W	I9EA
IB9W	I7TW_RC
IB9W	I2AT_RC
IB9W	I59I
IB9W	IEF_RC
IB9W	I7TW
IB9W	I9EA_RC
IB9W	IB9W_RC
IB9W	I2AT
IB9W	I59I_RC
IB9W	IEF
IBC4	IBC4
IBC4	I7S4_RC
IBC4	I5BP
IBC4	I291_RC
IBC4	ICS_RC
IBC4	I9GD
IBC4	I7S4
IBC4	IBC4_RC
IBC4	I291
IBC4	I5BP_RC
IBC4	ICS
IBC4	I9GD_RC
I2S_RC	I2S_RC
I2S_RC	I9Q2
I2S_RC	IBL6
I2S_RC	I5KE
I2S_RC	I7HA_RC
I2S_RC	I1Y8_RC
I2S_RC	I2S
I2S_RC	I9Q2_RC
I2S_RC	IBL6_RC
I2S_RC	I7HA
I2S_RC	I5KE_RC
I2S_RC	I1Y8
I44_RC	I44_RC
I44_RC	I44
I7O_RC	I7O_RC
I7O_RC	IBH2
I7O_RC	I9LP
I7O_RC	I5FY
I7O_RC	I7O
I7O_RC	IBH2_RC
I7O_RC	I9LP_RC
I7O_RC	I5FY_RC
I9W_RC	I9W_RC
I9W_RC	I7OM_RC
I9W_RC	I9JB
I9W_RC	I25J_RC
I9W_RC	IBEZ
I9W_RC	I5E8
I9W_RC	I9W
I9W_RC	I7OM
I9W_RC	I25J
I9W_RC	I9JB_RC
I9W_RC	IBEZ_RC
I9W_RC	I5E8_RC
IAC_RC	IAC_RC
IAC_RC	I9IV
IAC_RC	I7P4_RC
IAC_RC	I261_RC
IAC_RC	IBEI
IAC_RC	IAC
IAC_RC	I9IV_RC
IAC_RC	I7P4
IAC_RC	I261
IAC_RC	IBEI_RC
IBO_RC	IBO_RC
IBO_RC	I9HI
IBO_RC	I7QE_RC
IBO_RC	I27B_RC
IBO_RC	I5CS
IBO_RC	IBD8
IBO_RC	IBO
IBO_RC	I7QE
IBO_RC	I9HI_RC
IBO_RC	I27B
IBO_RC	I5CS_RC
IBO_RC	IBD8_RC
IFO_RC	IFO_RC
IFO_RC	IB8N
IFO_RC	I7X7_RC
IFO_RC	I2E4_RC
IFO_RC	I5JM
IFO_RC	I4PY
IFO_RC	I312_RC
IFO_RC	I8VR
IFO_RC	IWC_RC
IFO_RC	I6DQ_RC
IFO_RC	IARR
IFO_RC	I58G
IFO_RC	I9D4
IFO_RC	IFO
IFO_RC	IB8N_RC
IFO_RC	I7X7
IFO_RC	I2E4
IFO_RC	I3B
IFO_RC	IBKN_RC
IFO_RC	I7I6
IFO_RC	I1Z4
IFO_RC	I58G_RC
IFO_RC	I9D4_RC
IG4_RC	IG4_RC
IG4_RC	IB87
IG4_RC	I9CP
IG4_RC	I56Y
IG4_RC	I7ZG_RC
IG4_RC	I2GD_RC
IG4_RC	IG4
IG4_RC	IB87_RC
IG4_RC	I9CP_RC
IG4_RC	I56Y_RC
IG4_RC	I7ZG
IG4_RC	I2GD
IH0_RC	IH0_RC
IH0_RC	I9BR
IH0_RC	IB7B
IH0_RC	I562
IH0_RC	I80C_RC
IH0_RC	I2H9_RC
IH0_RC	IH0
IH0_RC	I9BR_RC
IH0_RC	IB7B_RC
IH0_RC	I562_RC
IH0_RC	I80C
IH0_RC	I2H9
IHG_RC	IHG_RC
IHG_RC	IB6Q
IHG_RC	IHG
IHG_RC	IB6Q_RC
ILW_RC	ILW_RC
ILW_RC	I50J
ILW_RC	I63Q
ILW_RC	I96F
ILW_RC	IB2K
ILW_RC	I2OE_RC
ILW_RC	ILW
ILW_RC	I50J_RC
ILW_RC	I63Q_RC
ILW_RC	I96F_RC
ILW_RC	IB2K_RC
ILW_RC	I2OE
IMC_RC	IMC_RC
IMC_RC	I508
IMC_RC	I63D
IMC_RC	I962
IMC_RC	I2OR_RC
IMC_RC	IB24
IMC_RC	IMC
IMC_RC	I508_RC
IMC_RC	I63D_RC
IMC_RC	I962_RC
IMC_RC	I2OR
IMC_RC	IB24_RC
IMS_RC	IMS_RC
IMS_RC	I62W
IMS_RC	I95K
IMS_RC	I4ZV
IMS_RC	IB1N
IMS_RC	I2P8_RC
IMS_RC	IMS
IMS_RC	I62W_RC
IMS_RC	I95K_RC
IMS_RC	I4ZV_RC
IMS_RC	IB1N_RC
IMS_RC	I2P8
INO_RC	INO_RC
INO_RC	I61X
INO_RC	I94N
INO_RC	IB0R
INO_RC	I2Q7_RC
INO_RC	INO
INO_RC	I61X_RC
INO_RC	I94N_RC
INO_RC	IB0R_RC
INO_RC	I2Q7
IP0_RC	IP0_RC
IP0_RC	I4XW
IP0_RC	I2SN_RC
IP0_RC	IAZC
IP0_RC	I93U
IP0_RC	I659_RC
IP0_RC	IP0
IP0_RC	I4XW_RC
IP0_RC	I2SN
IP0_RC	IAZC_RC
IP0_RC	I93U_RC
IP0_RC	I659
IPG_RC	IPG_RC
IPG_RC	I2T1_RC
IPG_RC	I4XI
IPG_RC	IAYW
IPG_RC	I65N_RC
IPG_RC	I93G
IPG_RC	IPG
IPG_RC	I2T1
IPG_RC	I4XI_RC
IPG_RC	IAYW_RC
IPG_RC	I65N
IPG_RC	I93G_RC
IPW_RC	IPW_RC
IPW_RC	I2TI_RC
IPW_RC	I4X3
IPW_RC	IAYG
IPW_RC	I930
IPW_RC	I664_RC
IPW_RC	IPW
IPW_RC	I2TI
IPW_RC	I4X3_RC
IPW_RC	IAYG_RC
IPW_RC	I664
IPW_RC	I930_RC
IQC_RC	IQC_RC
IQC_RC	I2TY_RC
IQC_RC	I4WO
IQC_RC	IAY0
IQC_RC	I92K
IQC_RC	I66K_RC
IQC_RC	IQC
IQC_RC	I2TY
IQC_RC	I4WO_RC
IQC_RC	IAY0_RC
IQC_RC	I66K
IQC_RC	I92K_RC
IQS_RC	IQS_RC
IQS_RC	I2UE_RC
IQS_RC	I4W8
IQS_RC	IAXK
IQS_RC	I924
IQS_RC	I670_RC
IQS_RC	IQS
IQS_RC	I2UE
IQS_RC	I4W8_RC
IQS_RC	IAXK_RC
IQS_RC	I670
IQS_RC	I924_RC
IR8_RC	IR8_RC
IR8_RC	I2UT_RC
IR8_RC	IAX4
IR8_RC	I4VT
IR8_RC	I67F_RC
IR8_RC	I91P
IR8_RC	IR8
IR8_RC	I2UT
IR8_RC	IAX4_RC
IR8_RC	I4VT_RC
IR8_RC	I67F
IR8_RC	I91P_RC
IRO_RC	IRO_RC
IRO_RC	I2V9_RC
IRO_RC	IAWO
IRO_RC	I4VF
IRO_RC	I67V_RC
IRO_RC	I91A
IRO_RC	IRO
IRO_RC	I2V9
IRO_RC	IAWO_RC
IRO_RC	I67V
IRO_RC	I4VF_RC
IRO_RC	I91A_RC
IS4_RC	IS4_RC
IS4_RC	IAW8
IS4_RC	I2VS_RC
IS4_RC	I4UZ
IS4_RC	I90U
IS4_RC	I68E_RC
IS4_RC	IS4
IS4_RC	I2VS
IS4_RC	IAW8_RC
IS4_RC	I4UZ_RC
IS4_RC	I68E
IS4_RC	I90U_RC
ITG_RC	ITG_RC
ITG_RC	I2X2_RC
ITG_RC	IAUW
ITG_RC	I69P_RC
ITG_RC	I8ZI
ITG_RC	I4TR
ITG_RC	ITG
ITG_RC	I2X2
ITG_RC	IAUW_RC
ITG_RC	I69P
ITG_RC	I8ZI_RC
ITG_RC	I4TR_RC
ITW_RC	ITW_RC
ITW_RC	I2XI_RC
ITW_RC	I6A5_RC
ITW_RC	IAU8
ITW_RC	I4TD
ITW_RC	I8Z5
ITW_RC	I8Z5_RC
ITW_RC	ITW
ITW_RC	I2XI
ITW_RC	I6A5
ITW_RC	IAU8_RC
ITW_RC	I4TD_RC
IXG_RC	IXG_RC
IXG_RC	I8UP_RC
IXG_RC	IDJ
IXG_RC	I32V
IXG_RC	I6FI
IXG_RC	IAQN
IXG_RC	I29Y_RC
IXG_RC	I7T1_RC
IXG_RC	I9FJ
IXG_RC	I4OX_RC
IXG_RC	I5AF
IXG_RC	IXG
IXG_RC	I8UP
IXG_RC	IDJ_RC
IXG_RC	I32V_RC
IXG_RC	I6FI_RC
IXG_RC	IAQN_RC
IXG_RC	I29Y
IXG_RC	I7T1
IXG_RC	I9FJ_RC
IXG_RC	I4OX
IXG_RC	I5AF_RC
IYC_RC	IYC_RC
IYC_RC	I8TT
IYC_RC	I4O2
IYC_RC	I33T_RC
IYC_RC	IAPR
IYC_RC	I6GG_RC
IYC_RC	IYC
IYC_RC	I8TT_RC
IYC_RC	I4O2_RC
IYC_RC	I33T
IYC_RC	IAPR_RC
IYC_RC	I6GG
IYS_RC	IYS_RC
IYS_RC	I4NN
IYS_RC	I8TF
IYS_RC	I346_RC
IYS_RC	I6GT_RC
IYS_RC	IAPB
IYS_RC	IYS
IYS_RC	I4NN_RC
IYS_RC	I8TF_RC
IYS_RC	I346
IYS_RC	I6GT
IYS_RC	IAPB_RC
I10K_RC	I10K_RC
I10K_RC	I8RN
I10K_RC	I4LZ
I10K_RC	I35Z_RC
I10K_RC	I6IM_RC
I10K_RC	IANJ
I10K_RC	I10K
I10K_RC	I8RN_RC
I10K_RC	I35Z
I10K_RC	I4LZ_RC
I10K_RC	I6IM
I10K_RC	IANJ_RC
I110_RC	I110_RC
I110_RC	I36F_RC
I110_RC	I4L4
I110_RC	I8RE
I110_RC	I6J2_RC
I110_RC	IAN3
I110_RC	I110
I110_RC	I36F
I110_RC	I4L4_RC
I110_RC	I8RE_RC
I110_RC	I6J2
I110_RC	IAN3_RC
I11G_RC	I11G_RC
I11G_RC	I36U_RC
I11G_RC	I4KP
I11G_RC	I8QY
I11G_RC	I6JH_RC
I11G_RC	IAMO
I11G_RC	I11G
I11G_RC	I36U
I11G_RC	I4KP_RC
I11G_RC	I8QY_RC
I11G_RC	I6JH
I11G_RC	IAMO_RC
I150_RC	I150_RC
I150_RC	I150
I16C_RC	I16C_RC
I16C_RC	I4FT
I16C_RC	IAI5
I16C_RC	I16C
I16C_RC	I4FT_RC
I16C_RC	IAI5_RC
I18K_RC	I18K_RC
I18K_RC	I3DW_RC
I18K_RC	IAFU
I18K_RC	I4DN
I18K_RC	I6QJ_RC
I18K_RC	I8KG
I18K_RC	I18K
I18K_RC	I3DW
I18K_RC	IAFU_RC
I18K_RC	I6QJ
I18K_RC	I4DN_RC
I18K_RC	I8KG_RC
I1AS_RC	I1AS_RC
I1AS_RC	IADT
I1AS_RC	I1AS
I1AS_RC	IADT_RC
I1FO_RC	I1FO_RC
I1FO_RC	I6XY_RC
I1FO_RC	I46F
I1FO_RC	I8CE
I1FO_RC	IA8W
I1FO_RC	I3KW_RC
I1FO_RC	I1FO
I1FO_RC	I6XY
I1FO_RC	I46F_RC
I1FO_RC	I8CE_RC
I1FO_RC	I3KW
I1FO_RC	IA8W_RC
I1H0_RC	I1H0_RC
I1H0_RC	I8B8
I1H0_RC	I6ZA_RC
I1H0_RC	I454
I1H0_RC	IA7H
I1H0_RC	I3M8_RC
I1H0_RC	I1H0
I1H0_RC	I8B8_RC
I1H0_RC	I6ZA
I1H0_RC	I454_RC
I1H0_RC	IA7H_RC
I1H0_RC	I3M8
I1JO_RC	I1JO_RC
I1JO_RC	I71W_RC
I1JO_RC	IA4S
I1JO_RC	I3OW_RC
I1JO_RC	I1JO
I1JO_RC	I71W
I1JO_RC	IA4S_RC
I1JO_RC	I3OW
I1SK_RC	I1SK_RC
I1SK_RC	I3Z8_RC
I1SK_RC	I5RP
I1SK_RC	I9VP
I1SK_RC	I7BT_RC
I1SK_RC	IBR3
I1SK_RC	I1SK
I1SK_RC	I3Z8
I1SK_RC	I5RP_RC
I1SK_RC	I9VP_RC
I1SK_RC	I7BT
I1SK_RC	IBR3_RC
I1TG_RC	I1TG_RC
I1TG_RC	I1TG
I1TW_RC	I1TW_RC
I1TW_RC	I1TW
I1YS_RC	I1YS_RC
I1YS_RC	I7HU_RC
I1YS_RC	I1YS
I1YS_RC	I7HU
I1ZO_RC	I1ZO_RC
I1ZO_RC	I7IQ_RC
I1ZO_RC	I528
I1ZO_RC	I1ZO
I1ZO_RC	I7IQ
I22C_RC	I22C_RC
I22C_RC	I7LE_RC
I22C_RC	I22C
I22C_RC	I7LE
I25W_RC	I25W_RC
I25W_RC	I7OZ_RC
I25W_RC	I25W
I25W_RC	I7OZ
I26S_RC	I26S_RC
I26S_RC	I7PV_RC
I26S_RC	IB9_RC
I26S_RC	I5D5
I26S_RC	IBDN
I26S_RC	I9I4
I26S_RC	I26S
I26S_RC	I7PV
I26S_RC	IB9
I26S_RC	I5D5_RC
I26S_RC	IBDN_RC
I26S_RC	I9I4_RC
I27O_RC	I27O_RC
I27O_RC	I7QR_RC
I27O_RC	I27O
I27O_RC	I7QR
I2BO_RC	I2BO_RC
I2BO_RC	I7UR_RC
I2BO_RC	I2BO
I2BO_RC	I7UR
I2EC_RC	I2EC_RC
I2EC_RC	I7XF_RC
I2EC_RC	I2EC
I2EC_RC	I7XF
I2ES_RC	I2ES_RC
I2ES_RC	I7XV_RC
I2ES_RC	I2ES
I2ES_RC	I7XV
I2FO_RC	I2FO_RC
I2FO_RC	I7YR_RC
I2FO_RC	I2FO
I2FO_RC	I7YR
I2HG_RC	I2HG_RC
I2HG_RC	I80J_RC
I2HG_RC	I2HG
I2HG_RC	I80J
I2IC_RC	I2IC_RC
I2IC_RC	I81F_RC
I2IC_RC	I2IC
I2IC_RC	I81F
I2QC_RC	I2QC_RC
I2QC_RC	I94I
I2QC_RC	IB0L
I2QC_RC	INT_RC
I2QC_RC	I4YM
I2QC_RC	I61S
I2QC_RC	I2QC
I2QC_RC	I94I_RC
I2QC_RC	IB0L_RC
I2QC_RC	INT
I2QC_RC	I4YM_RC
I2QC_RC	I61S_RC
I2RO_RC	I2RO_RC
I2RO_RC	I60H
I2RO_RC	I2RO
I2RO_RC	I60H_RC
I2S4_RC	I2S4_RC
I2S4_RC	I80N
I2S4_RC	I6C7_RC
I2S4_RC	I2HK
I2S4_RC	I64Q_RC
I2S4_RC	I2ZK_RC
I2S4_RC	I2S4
I2S4_RC	I6C7
I2S4_RC	I80N_RC
I2S4_RC	I2HK_RC
I2S4_RC	I64Q
I2S4_RC	I2ZK
I2V8_RC	I2V8_RC
I2V8_RC	IRN_RC
I2V8_RC	IAWP
I2V8_RC	I67U_RC
I2V8_RC	I4VG
I2V8_RC	I91B
I2V8_RC	I2V8
I2V8_RC	IRN
I2V8_RC	IAWP_RC
I2V8_RC	I67U
I2V8_RC	I4VG_RC
I2V8_RC	I91B_RC
I2YS_RC	I2YS_RC
I2YS_RC	IUU_RC
I2YS_RC	I8Y2
I2YS_RC	I6BF_RC
I2YS_RC	I4SF
I2YS_RC	IATB
I2YS_RC	I2YS
I2YS_RC	IUU
I2YS_RC	I8Y2_RC
I2YS_RC	I6BF
I2YS_RC	I4SF_RC
I2YS_RC	IATB_RC
I2Z8_RC	I2Z8_RC
I2Z8_RC	I7VB
I2Z8_RC	I2C8
I2Z8_RC	I6BV_RC
I2Z8_RC	I2Z8
I2Z8_RC	I7VB_RC
I2Z8_RC	I2C8_RC
I2Z8_RC	I6BV
I310_RC	I310_RC
I310_RC	I4Q0
I310_RC	I8VT
I310_RC	IART
I310_RC	IWA_RC
I310_RC	I6DO_RC
I310_RC	I310
I310_RC	I4Q0_RC
I310_RC	I8VT_RC
I310_RC	IART_RC
I310_RC	IWA
I310_RC	I6DO
I31W_RC	I31W_RC
I31W_RC	IAQV
I31W_RC	I4P5
I31W_RC	I8UX
I31W_RC	IX8_RC
I31W_RC	I6EK_RC
I31W_RC	I31W
I31W_RC	IAQV_RC
I31W_RC	I4P5_RC
I31W_RC	I8UX_RC
I31W_RC	IX8
I31W_RC	I6EK
I378_RC	I378_RC
I378_RC	I11Y_RC
I378_RC	I4K9
I378_RC	I8QH
I378_RC	I6JV_RC
I378_RC	IAM6
I378_RC	I378
I378_RC	I11Y
I378_RC	I4K9_RC
I378_RC	I8QH_RC
I378_RC	I6JV
I378_RC	IAM6_RC
I37O_RC	I37O_RC
I37O_RC	I4JT
I37O_RC	I8Q1
I37O_RC	I6KB_RC
I37O_RC	I12L_RC
I37O_RC	IALQ
I37O_RC	I37O
I37O_RC	I4JT_RC
I37O_RC	I8Q1_RC
I37O_RC	I6KB
I37O_RC	I12L
I37O_RC	IALQ_RC
I384_RC	I384_RC
I384_RC	I4J9
I384_RC	I8PH
I384_RC	I6KR_RC
I384_RC	I131_RC
I384_RC	IALA
I384_RC	I384
I384_RC	I4J9_RC
I384_RC	I8PH_RC
I384_RC	I6KR
I384_RC	I131
I384_RC	IALA_RC
I390_RC	I390_RC
I390_RC	I8OL
I390_RC	I4IF
I390_RC	I6LN_RC
I390_RC	I13W_RC
I390_RC	IAKF
I390_RC	I390
I390_RC	I8OL_RC
I390_RC	I4IF_RC
I390_RC	I6LN
I390_RC	I13W
I390_RC	IAKF_RC
I39G_RC	I39G_RC
I39G_RC	I4HU
I39G_RC	I8O4
I39G_RC	I6M3_RC
I39G_RC	IAJX
I39G_RC	I14E_RC
I39G_RC	I39G
I39G_RC	I4HU_RC
I39G_RC	I8O4_RC
I39G_RC	I6M3
I39G_RC	IAJX_RC
I39G_RC	I14E
I3AS_RC	I3AS_RC
I3AS_RC	I4GM
I3AS_RC	I15J_RC
I3AS_RC	IAIW
I3AS_RC	I8MZ
I3AS_RC	I6NF_RC
I3AS_RC	I3AS
I3AS_RC	I4GM_RC
I3AS_RC	I15J
I3AS_RC	IAIW_RC
I3AS_RC	I6NF
I3AS_RC	I8MZ_RC
I3B8_RC	I3B8_RC
I3B8_RC	I15X_RC
I3B8_RC	I4G8
I3B8_RC	IAIJ
I3B8_RC	I6NV_RC
I3B8_RC	I8MM
I3B8_RC	I3B8
I3B8_RC	I15X
I3B8_RC	I4G8_RC
I3B8_RC	I6NV
I3B8_RC	IAIJ_RC
I3B8_RC	I8MM_RC
I3BO_RC	I3BO_RC
I3BO_RC	I4FN
I3BO_RC	I16G_RC
I3BO_RC	IAI1
I3BO_RC	I6OB_RC
I3BO_RC	I8M6
I3BO_RC	I3BO
I3BO_RC	I4FN_RC
I3BO_RC	I16G
I3BO_RC	IAI1_RC
I3BO_RC	I6OB
I3BO_RC	I8M6_RC
I3C4_RC	I3C4_RC
I3C4_RC	I4FA
I3C4_RC	I16U_RC
I3C4_RC	IAHM
I3C4_RC	I6OR_RC
I3C4_RC	I8LR
I3C4_RC	I3C4
I3C4_RC	I16U
I3C4_RC	I4FA_RC
I3C4_RC	IAHM_RC
I3C4_RC	I6OR
I3C4_RC	I8LR_RC
I3CK_RC	I3CK_RC
I3CK_RC	I4EU
I3CK_RC	I17B_RC
I3CK_RC	IAH6
I3CK_RC	I6P7_RC
I3CK_RC	I8LB
I3CK_RC	I3CK
I3CK_RC	I4EU_RC
I3CK_RC	I17B
I3CK_RC	IAH6_RC
I3CK_RC	I6P7
I3CK_RC	I8LB_RC
I3D0_RC	I3D0_RC
I3D0_RC	I17R_RC
I3D0_RC	IAGQ
I3D0_RC	I6PN_RC
I3D0_RC	I4E4
I3D0_RC	I8KT
I3D0_RC	I3D0
I3D0_RC	I17R
I3D0_RC	IAGQ_RC
I3D0_RC	I6PN
I3D0_RC	I4E4_RC
I3D0_RC	I8KT_RC
I3EC_RC	I3EC_RC
I3EC_RC	I192_RC
I3EC_RC	IAFC
I3EC_RC	I4D6
I3EC_RC	I6QZ_RC
I3EC_RC	I8JZ
I3EC_RC	I3EC
I3EC_RC	I192
I3EC_RC	IAFC_RC
I3EC_RC	I4D6_RC
I3EC_RC	I6QZ
I3EC_RC	I8JZ_RC
I3IS_RC	I3IS_RC
I3IS_RC	I1DI_RC
I3IS_RC	I48P
I3IS_RC	I6VU_RC
I3IS_RC	I8EL
I3IS_RC	IAB4
I3IS_RC	I3IS
I3IS_RC	I1DI
I3IS_RC	I48P_RC
I3IS_RC	I6VU
I3IS_RC	I8EL_RC
I3IS_RC	IAB4_RC
I3J8_RC	I3J8_RC
I3J8_RC	I1DY_RC
I3J8_RC	I489
I3J8_RC	I6WA_RC
I3J8_RC	I8E5
I3J8_RC	IAAO
I3J8_RC	I3J8
I3J8_RC	I1DY
I3J8_RC	I489_RC
I3J8_RC	I6WA
I3J8_RC	I8E5_RC
I3J8_RC	IAAO_RC
I3JO_RC	I3JO_RC
I3JO_RC	I47P
I3JO_RC	I1EE_RC
I3JO_RC	I8DM
I3JO_RC	I6WQ_RC
I3JO_RC	IAA7
I3JO_RC	I3JO
I3JO_RC	I47P_RC
I3JO_RC	I1EE
I3JO_RC	I6WQ
I3JO_RC	I8DM_RC
I3JO_RC	IAA7_RC
I3K4_RC	I3K4_RC
I3K4_RC	I477
I3K4_RC	I1EV_RC
I3K4_RC	I8D6
I3K4_RC	I6X6_RC
I3K4_RC	IA9P
I3K4_RC	I3K4
I3K4_RC	I477_RC
I3K4_RC	I1EV
I3K4_RC	I6X6
I3K4_RC	I8D6_RC
I3K4_RC	IA9P_RC
I3L0_RC	I3L0_RC
I3L0_RC	I6Y2_RC
I3L0_RC	I8CB
I3L0_RC	I3L0
I3L0_RC	I6Y2
I3L0_RC	I8CB_RC
I3L0_RC	IA8S
I3L0_RC	I46C
I3L0_RC	I1FS_RC
I3L0_RC	IA8S_RC
I3L0_RC	I46C_RC
I3L0_RC	I1FS
I3LW_RC	I3LW_RC
I3LW_RC	I45E
I3LW_RC	I6YY_RC
I3LW_RC	I3LW
I3LW_RC	I45E_RC
I3LW_RC	I6YY
I3MS_RC	I3MS_RC
I3MS_RC	I44L
I3MS_RC	I1HH_RC
I3MS_RC	I6ZS_RC
I3MS_RC	IA71
I3MS_RC	I8AM
I3MS_RC	I3MS
I3MS_RC	I1HH
I3MS_RC	I44L_RC
I3MS_RC	I6ZS
I3MS_RC	IA71_RC
I3MS_RC	I8AM_RC
I3NO_RC	I3NO_RC
I3NO_RC	I1ID_RC
I3NO_RC	I43S
I3NO_RC	I70O_RC
I3NO_RC	I89N
I3NO_RC	IA65
I3NO_RC	I3NO
I3NO_RC	I1ID
I3NO_RC	I70O
I3NO_RC	I43S_RC
I3NO_RC	I89N_RC
I3NO_RC	IA65_RC
I3OK_RC	I3OK_RC
I3OK_RC	I88M
I3OK_RC	I1JB_RC
I3OK_RC	I71K_RC
I3OK_RC	IA55
I3OK_RC	I42Y
I3OK_RC	I3OK
I3OK_RC	I88M_RC
I3OK_RC	I1JB
I3OK_RC	I71K
I3OK_RC	IA55_RC
I3OK_RC	I42Y_RC
I3SK_RC	I3SK_RC
I3SK_RC	I5XV
I3SK_RC	I1MF_RC
I3SK_RC	I75K_RC
I3SK_RC	IBX5
I3SK_RC	IA1S
I3SK_RC	I3SK
I3SK_RC	I5XV_RC
I3SK_RC	I1MF
I3SK_RC	I75K
I3SK_RC	IBX5_RC
I3SK_RC	IA1S_RC
I3TW_RC	I3TW_RC
I3TW_RC	I5WL
I3TW_RC	IA0L
I3TW_RC	I1NP_RC
I3TW_RC	I76W_RC
I3TW_RC	IBVV
I3TW_RC	I3TW
I3TW_RC	I1NP
I3TW_RC	I5WL_RC
I3TW_RC	IA0L_RC
I3TW_RC	I76W
I3TW_RC	IBVV_RC
I3WK_RC	I3WK_RC
I3WK_RC	I1PX_RC
I3WK_RC	I795_RC
I3WK_RC	IBTP
I3WK_RC	I9Y6
I3WK_RC	I5U8
I3WK_RC	I5U8_RC
I3WK_RC	I3WK
I3WK_RC	I1PX
I3WK_RC	I795
I3WK_RC	IBTP_RC
I3WK_RC	I9Y6_RC
I3ZO_RC	I3ZO_RC
I3ZO_RC	I1T0_RC
I3ZO_RC	I9V9
I3ZO_RC	I7C9_RC
I3ZO_RC	IBQM
I3ZO_RC	I3ZO
I3ZO_RC	I1T0
I3ZO_RC	I9V9_RC
I3ZO_RC	I7C9
I3ZO_RC	IBQM_RC
I40K_RC	I40K_RC
I40K_RC	I9UD
I40K_RC	IBP3
I40K_RC	I7D5_RC
I40K_RC	I5OU
I40K_RC	I1U6_RC
I40K_RC	I40K
I40K_RC	I9UD_RC
I40K_RC	IBP3_RC
I40K_RC	I7D5
I40K_RC	I1U6
I40K_RC	I5OU_RC
I41G_RC	I41G_RC
I41G_RC	IBOJ
I41G_RC	I9TK
I41G_RC	I7E1_RC
I41G_RC	I5NU
I41G_RC	I1UZ_RC
I41G_RC	I41G
I41G_RC	IBOJ_RC
I41G_RC	I9TK_RC
I41G_RC	I7E1
I41G_RC	I5NU_RC
I41G_RC	I1UZ
I444_RC	I444_RC
I444_RC	I1HZ
I444_RC	I3NC
I444_RC	I8A0_RC
I444_RC	IA6I_RC
I444_RC	I70C
I444_RC	I444
I444_RC	I1HZ_RC
I444_RC	I8A0
I444_RC	I3NC_RC
I444_RC	IA6I
I444_RC	I70C_RC
I44K_RC	I44K_RC
I44K_RC	I3MT
I44K_RC	I1HI
I44K_RC	I6ZT
I44K_RC	IA70_RC
I44K_RC	I8AL_RC
I44K_RC	I44K
I44K_RC	I3MT_RC
I44K_RC	I1HI_RC
I44K_RC	I6ZT_RC
I44K_RC	IA70
I44K_RC	I8AL
I45W_RC	I45W_RC
I45W_RC	I1G6
I45W_RC	IA8E_RC
I45W_RC	I45W
I45W_RC	I1G6_RC
I45W_RC	IA8E
I46S_RC	I46S_RC
I46S_RC	I3KK
I46S_RC	I1FC
I46S_RC	I6XM
I46S_RC	I8CR_RC
I46S_RC	IA98_RC
I46S_RC	I46S
I46S_RC	I3KK_RC
I46S_RC	I1FC_RC
I46S_RC	I6XM_RC
I46S_RC	I8CR
I46S_RC	IA98
I47O_RC	I47O_RC
I47O_RC	I3JP
I47O_RC	I1EF
I47O_RC	I8DL_RC
I47O_RC	I6WR
I47O_RC	IAA6_RC
I47O_RC	I47O
I47O_RC	I3JP_RC
I47O_RC	I1EF_RC
I47O_RC	I8DL
I47O_RC	I6WR_RC
I47O_RC	IAA6
I490_RC	I490_RC
I490_RC	I1D4
I490_RC	I3IG
I490_RC	I8EX_RC
I490_RC	I6VI
I490_RC	IABI_RC
I490_RC	I490
I490_RC	I1D4_RC
I490_RC	I3IG_RC
I490_RC	I8EX
I490_RC	IABI
I490_RC	I6VI_RC
I49G_RC	I49G_RC
I49G_RC	I1CN
I49G_RC	I3I0
I49G_RC	I8FD_RC
I49G_RC	I6V2
I49G_RC	IABZ_RC
I49G_RC	I49G
I49G_RC	I1CN_RC
I49G_RC	I3I0_RC
I49G_RC	I8FD
I49G_RC	I6V2_RC
I49G_RC	IABZ
I4AS_RC	I4AS_RC
I4AS_RC	IADH_RC
I4AS_RC	I6T3
I4AS_RC	I8GV_RC
I4AS_RC	I1B4
I4AS_RC	I3GG
I4AS_RC	I4AS
I4AS_RC	IADH
I4AS_RC	I6T3_RC
I4AS_RC	I8GV
I4AS_RC	I1B4_RC
I4AS_RC	I3GG_RC
I4CK_RC	I4CK_RC
I4CK_RC	IAET_RC
I4CK_RC	I3EW
I4CK_RC	I19L
I4CK_RC	I8JE_RC
I4CK_RC	I6RJ
I4CK_RC	I4CK
I4CK_RC	IAET
I4CK_RC	I3EW_RC
I4CK_RC	I19L_RC
I4CK_RC	I8JE
I4CK_RC	I6RJ_RC
I4GK_RC	I4GK_RC
I4GK_RC	I4GK
I4HG_RC	I4HG_RC
I4HG_RC	I4HG
I4J8_RC	I4J8_RC
I4J8_RC	I8PG_RC
I4J8_RC	I385
I4J8_RC	I6KS
I4J8_RC	IAL9_RC
I4J8_RC	I132
I4J8_RC	I4J8
I4J8_RC	I8PG
I4J8_RC	I385_RC
I4J8_RC	I6KS_RC
I4J8_RC	IAL9
I4J8_RC	I132_RC
I4KK_RC	I4KK_RC
I4KK_RC	I8QT_RC
I4KK_RC	I11L
I4KK_RC	IAMJ_RC
I4KK_RC	I4KK
I4KK_RC	I8QT
I4KK_RC	I11L_RC
I4KK_RC	IAMJ
I4QC_RC	I4QC_RC
I4QC_RC	I4QC
I4R8_RC	I4R8_RC
I4R8_RC	I8XF_RC
I4R8_RC	I4R8
I4R8_RC	I8XF
I4RO_RC	I4RO_RC
I4RO_RC	I4RO
I4S4_RC	I4S4_RC
I4S4_RC	I4S4
I4T0_RC	I4T0_RC
I4T0_RC	I6AT
I4T0_RC	I2Y6
I4T0_RC	IU9
I4T0_RC	I2XU
I4T0_RC	IATW_RC
I4T0_RC	I6AH
I4T0_RC	I8YL_RC
I4T0_RC	I4T0
I4T0_RC	IU9_RC
I4T0_RC	IATW
I4T0_RC	I6AT_RC
I4T0_RC	I8YL
I4T0_RC	I2Y6_RC
I4W4_RC	I4W4_RC
I4W4_RC	IAXG_RC
I4W4_RC	IQW
I4W4_RC	I920_RC
I4W4_RC	I2UI
I4W4_RC	I674
I4W4_RC	I4W4
I4W4_RC	IAXG
I4W4_RC	I920
I4W4_RC	IQW_RC
I4W4_RC	I2UI_RC
I4W4_RC	I674_RC
I4X0_RC	I4X0_RC
I4X0_RC	IAYC_RC
I4X0_RC	IQ0
I4X0_RC	I92W_RC
I4X0_RC	I2TM
I4X0_RC	I668
I4X0_RC	I4X0
I4X0_RC	IAYC
I4X0_RC	I92W
I4X0_RC	IQ0_RC
I4X0_RC	I2TM_RC
I4X0_RC	I668_RC
I4YC_RC	I4YC_RC
I4YC_RC	I61J_RC
I4YC_RC	I94B_RC
I4YC_RC	I2QL
I4YC_RC	IB0D_RC
I4YC_RC	IO0
I4YC_RC	I4YC
I4YC_RC	I61J
I4YC_RC	I94B
I4YC_RC	IB0D
I4YC_RC	I2QL_RC
I4YC_RC	IO0_RC
I4ZO_RC	I4ZO_RC
I4ZO_RC	I4ZO
I510_RC	I510_RC
I510_RC	I510
I52S_RC	I52S_RC
I52S_RC	I52S
I550_RC	I550_RC
I550_RC	I550
I55G_RC	I55G_RC
I55G_RC	I55G
I56C_RC	I56C_RC
I56C_RC	I9C1_RC
I56C_RC	IB7L_RC
I56C_RC	I802
I56C_RC	I2GZ
I56C_RC	IGQ
I56C_RC	I9C1
I56C_RC	IB7L
I56C_RC	I802_RC
I56C_RC	I2GZ_RC
I56C_RC	I56C
I56C_RC	IGQ_RC
I57O_RC	I57O_RC
I57O_RC	I57O
I584_RC	I584_RC
I584_RC	I584
I58K_RC	I58K_RC
I58K_RC	I7X1
I58K_RC	I2DY
I58K_RC	IB8R_RC
I58K_RC	I9D9_RC
I58K_RC	IFJ
I58K_RC	I58K
I58K_RC	I7X1_RC
I58K_RC	I2DY_RC
I58K_RC	IB8R
I58K_RC	I9D9
I58K_RC	IFJ_RC
I5D0_RC	I5D0_RC
I5D0_RC	I9HZ_RC
I5D0_RC	I7Q2
I5D0_RC	I26Z
I5D0_RC	IBF
I5D0_RC	IBDH_RC
I5DW_RC	I5DW_RC
I5DW_RC	I9IT_RC
I5DW_RC	IAE
I5DW_RC	IBEG_RC
I5DW_RC	I7P6
I5DW_RC	I263
I5DW_RC	I5DW
I5DW_RC	I9IT
I5DW_RC	IAE_RC
I5DW_RC	IBEG
I5DW_RC	I7P6_RC
I5DW_RC	I263_RC
I5G4_RC	I5G4_RC
I5G4_RC	I9LV_RC
I5G4_RC	I7MK
I5G4_RC	IBH8_RC
I5G4_RC	I7I
I5G4_RC	I23I
I5G4_RC	I5G4
I5G4_RC	I9LV
I5G4_RC	IBH8
I5G4_RC	I7MK_RC
I5G4_RC	I7I_RC
I5G4_RC	I23I_RC
I5GK_RC	I5GK_RC
I5GK_RC	I9MB_RC
I5GK_RC	IBHO_RC
I5GK_RC	I7M5
I5GK_RC	I72
I5GK_RC	I233
I5GK_RC	I5GK
I5GK_RC	I9MB
I5GK_RC	IBHO
I5GK_RC	I7M5_RC
I5GK_RC	I72_RC
I5GK_RC	I233_RC
I5HG_RC	I5HG_RC
I5HG_RC	I9N8_RC
I5HG_RC	I7L5
I5HG_RC	I223
I5HG_RC	I65
I5HG_RC	IBIL_RC
I5HG_RC	I5HG
I5HG_RC	I9N8
I5HG_RC	I7L5_RC
I5HG_RC	I223_RC
I5HG_RC	IBIL
I5HG_RC	I65_RC
I5KK_RC	I5KK_RC
I5KK_RC	I7H4
I5KK_RC	I1Y2
I5KK_RC	I2M
I5KK_RC	I9Q8_RC
I5KK_RC	IBLC_RC
I5KK_RC	I5KK
I5KK_RC	I7H4_RC
I5KK_RC	I1Y2_RC
I5KK_RC	I2M_RC
I5KK_RC	I9Q8
I5KK_RC	IBLC
I5MC_RC	I5MC_RC
I5MC_RC	I5MC
I5O4_RC	I5O4_RC
I5O4_RC	I5O4
I5OK_RC	I5OK_RC
I5OK_RC	I5OK
I5PG_RC	I5PG_RC
I5PG_RC	I5PG
I5PW_RC	I5PW_RC
I5PW_RC	I5PW
I5QC_RC	I5QC_RC
I5QC_RC	I5QC
I5QS_RC	I5QS_RC
I5QS_RC	I57V
I5QS_RC	I8J0_RC
I5QS_RC	I5QS
I5QS_RC	I57V_RC
I5QS_RC	I8J0
I5S4_RC	I5S4_RC
I5S4_RC	I5S4
I5XG_RC	I5XG_RC
I5XG_RC	I5XG
I5YC_RC	I5YC_RC
I5YC_RC	IA29_RC
I5YC_RC	I5YC
I5YC_RC	IA29
I5Z8_RC	I5Z8_RC
I5Z8_RC	IBYC_RC
I5Z8_RC	I3RE
I5Z8_RC	I1L8
I5Z8_RC	I74E
I5Z8_RC	IA32_RC
I5Z8_RC	I5Z8
I5Z8_RC	IBYC
I5Z8_RC	I3RE_RC
I5Z8_RC	I1L8_RC
I5Z8_RC	IA32
I5Z8_RC	I74E_RC
I62C_RC	I62C_RC
I62C_RC	I951_RC
I62C_RC	INA
I62C_RC	IB15_RC
I62C_RC	I4ZG_RC
I62C_RC	I2PS
I62C_RC	I62C
I62C_RC	I951
I62C_RC	INA_RC
I62C_RC	IB15
I62C_RC	I4ZG
I62C_RC	I2PS_RC
I638_RC	I638_RC
I638_RC	I504_RC
I638_RC	I95X_RC
I638_RC	IB1Z_RC
I638_RC	IMH
I638_RC	I2OW
I638_RC	I638
I638_RC	I504
I638_RC	I95X
I638_RC	IB1Z
I638_RC	IMH_RC
I638_RC	I2OW_RC
I63O_RC	I63O_RC
I63O_RC	I50H_RC
I63O_RC	I96D_RC
I63O_RC	ILZ
I63O_RC	IB2H_RC
I63O_RC	I2OG
I63O_RC	I63O
I63O_RC	I50H
I63O_RC	I96D
I63O_RC	ILZ_RC
I63O_RC	IB2H
I63O_RC	I2OG_RC
I678_RC	I678_RC
I678_RC	I91W
I678_RC	IR0_RC
I678_RC	I2UM_RC
I678_RC	I4W0
I678_RC	IAXC
I678_RC	I678
I678_RC	I91W_RC
I678_RC	IR0
I678_RC	I2UM
I678_RC	I4W0_RC
I678_RC	IAXC_RC
I67O_RC	I67O_RC
I67O_RC	I4VM
I67O_RC	I91H
I67O_RC	IRH_RC
I67O_RC	I2V2_RC
I67O_RC	IAWV
I67O_RC	I67O
I67O_RC	I4VM_RC
I67O_RC	I91H_RC
I67O_RC	IRH
I67O_RC	I2V2
I67O_RC	IAWV_RC
I6B8_RC	I6B8_RC
I6B8_RC	I4SL
I6B8_RC	IATH
I6B8_RC	I2YL_RC
I6B8_RC	I8Y8
I6B8_RC	IUO_RC
I6B8_RC	I6B8
I6B8_RC	I4SL_RC
I6B8_RC	IATH_RC
I6B8_RC	I2YL
I6B8_RC	IUO
I6B8_RC	I8Y8_RC
I6DG_RC	I6DG_RC
I6DG_RC	I30S_RC
I6DG_RC	IAS0
I6DG_RC	I6DG
I6DG_RC	I30S
I6DG_RC	IAS0_RC
I6DW_RC	I6DW_RC
I6DW_RC	I318_RC
I6DW_RC	I4PQ
I6DW_RC	IARJ
I6DW_RC	I8VI
I6DW_RC	IWL_RC
I6DW_RC	I6DW
I6DW_RC	I318
I6DW_RC	I4PQ_RC
I6DW_RC	IARJ_RC
I6DW_RC	I8VI_RC
I6DW_RC	IWL
I6FO_RC	I6FO_RC
I6FO_RC	IXK_RC
I6FO_RC	IAQJ
I6FO_RC	I4OT
I6FO_RC	I8UL
I6FO_RC	I331_RC
I6FO_RC	I6FO
I6FO_RC	IXK
I6FO_RC	IAQJ_RC
I6FO_RC	I331
I6FO_RC	I4OT_RC
I6FO_RC	I8UL_RC
I6G4_RC	I6G4_RC
I6G4_RC	IY0_RC
I6G4_RC	IAQ3
I6G4_RC	I8U5
I6G4_RC	I33H_RC
I6G4_RC	I4OE
I6G4_RC	I6G4
I6G4_RC	IY0
I6G4_RC	IAQ3_RC
I6G4_RC	I33H
I6G4_RC	I8U5_RC
I6G4_RC	I4OE_RC
I6H0_RC	I6H0_RC
I6H0_RC	I8T6
I6H0_RC	I4NG
I6H0_RC	I34D_RC
I6H0_RC	I6H0
I6H0_RC	I8T6_RC
I6H0_RC	I4NG_RC
I6H0_RC	I34D
I6H0_RC	IYZ
I6H0_RC	IAP4_RC
I6H0_RC	IYZ_RC
I6H0_RC	IAP4
I6JO_RC	I6JO_RC
I6JO_RC	IAME
I6JO_RC	I371_RC
I6JO_RC	I11Q_RC
I6JO_RC	I4KF
I6JO_RC	I8QO
I6JO_RC	I6JO
I6JO_RC	IAME_RC
I6JO_RC	I371
I6JO_RC	I11Q
I6JO_RC	I4KF_RC
I6JO_RC	I8QO_RC
I6K4_RC	I6K4_RC
I6K4_RC	IALX
I6K4_RC	I12E_RC
I6K4_RC	I37H_RC
I6K4_RC	I4K0
I6K4_RC	I8Q8
I6K4_RC	I6K4
I6K4_RC	IALX_RC
I6K4_RC	I12E
I6K4_RC	I37H
I6K4_RC	I4K0_RC
I6K4_RC	I8Q8_RC
I6KK_RC	I6KK_RC
I6KK_RC	IALH
I6KK_RC	I12U_RC
I6KK_RC	I37X_RC
I6KK_RC	I4JK
I6KK_RC	I8PS
I6KK_RC	I6KK
I6KK_RC	IALH_RC
I6KK_RC	I12U
I6KK_RC	I37X
I6KK_RC	I4JK_RC
I6KK_RC	I8PS_RC
I6L0_RC	I6L0_RC
I6L0_RC	I139_RC
I6L0_RC	IAL2
I6L0_RC	I4J1
I6L0_RC	I8P9
I6L0_RC	I38D_RC
I6L0_RC	I6L0
I6L0_RC	I139
I6L0_RC	IAL2_RC
I6L0_RC	I38D
I6L0_RC	I4J1_RC
I6L0_RC	I8P9_RC
I6OK_RC	I6OK_RC
I6OK_RC	I8LY
I6OK_RC	I4FG
I6OK_RC	I3BX_RC
I6OK_RC	IAHS
I6OK_RC	I16O_RC
I6OK_RC	I6OK
I6OK_RC	I8LY_RC
I6OK_RC	I4FG_RC
I6OK_RC	I3BX
I6OK_RC	I16O
I6OK_RC	IAHS_RC
I6QS_RC	I6QS_RC
I6QS_RC	I4DE
I6QS_RC	I8K7
I6QS_RC	I3E5_RC
I6QS_RC	I18U_RC
I6QS_RC	IAFK
I6QS_RC	I6QS
I6QS_RC	I4DE_RC
I6QS_RC	I8K7_RC
I6QS_RC	I3E5
I6QS_RC	I18U
I6QS_RC	IAFK_RC
I6T0_RC	I6T0_RC
I6T0_RC	I8GY
I6T0_RC	I4AV
I6T0_RC	IADK
I6T0_RC	I1B1_RC
I6T0_RC	I3GD_RC
I6T0_RC	I6T0
I6T0_RC	I8GY_RC
I6T0_RC	I4AV_RC
I6T0_RC	IADK_RC
I6T0_RC	I1B1
I6T0_RC	I3GD
I6V8_RC	I6V8_RC
I6V8_RC	I8F7
I6V8_RC	IABT
I6V8_RC	I1CT_RC
I6V8_RC	I49A
I6V8_RC	I3I6_RC
I6V8_RC	I6V8
I6V8_RC	I8F7_RC
I6V8_RC	IABT_RC
I6V8_RC	I1CT
I6V8_RC	I3I6
I6V8_RC	I49A_RC
I710_RC	I710_RC
I710_RC	I43I
I710_RC	I89A
I710_RC	I3O0_RC
I710_RC	I710
I710_RC	I43I_RC
I710_RC	I89A_RC
I710_RC	I3O0
I73O_RC	I73O_RC
I73O_RC	IA3P
I73O_RC	IA3Q
I73O_RC	I3QO_RC
I73O_RC	I73O
I73O_RC	IA3P_RC
I73O_RC	IA3Q_RC
I73O_RC	I3QO
I75W_RC	I75W_RC
I75W_RC	I1MR_RC
I75W_RC	IA1H
I75W_RC	IBWT
I75W_RC	I3SW_RC
I75W_RC	I75W
I75W_RC	I1MR
I75W_RC	IA1H_RC
I75W_RC	IBWT_RC
I75W_RC	I3SW
I78K_RC	I78K_RC
I78K_RC	IBUA
I78K_RC	I9YR
I78K_RC	I1PB_RC
I78K_RC	I3VZ_RC
I78K_RC	I78K
I78K_RC	IBUA_RC
I78K_RC	I9YR_RC
I78K_RC	I1PB
I78K_RC	I3VZ
I7B8_RC	I7B8_RC
I7B8_RC	I5S8
I7B8_RC	I9W8
I7B8_RC	I3YN_RC
I7B8_RC	IBRM
I7B8_RC	I1S1_RC
I7B8_RC	IBRM_RC
I7B8_RC	I1S1
I7B8_RC	I7B8
I7B8_RC	I5S8_RC
I7B8_RC	I9W8_RC
I7B8_RC	I3YN
I7BO_RC	I7BO_RC
I7BO_RC	IBR8
I7BO_RC	I5RT
I7BO_RC	I9VU
I7BO_RC	I1SF_RC
I7BO_RC	I3Z3_RC
I7BO_RC	I7BO
I7BO_RC	IBR8_RC
I7BO_RC	I5RT_RC
I7BO_RC	I9VU_RC
I7BO_RC	I1SF
I7BO_RC	I3Z3
I7DG_RC	I7DG_RC
I7DG_RC	I9U2
I7DG_RC	I40V_RC
I7DG_RC	I7DG
I7DG_RC	I9U2_RC
I7DG_RC	I40V
I7DW_RC	I7DW_RC
I7DW_RC	I1UU_RC
I7DW_RC	IBOO
I7DW_RC	I9TP
I7DW_RC	I5NZ
I7DW_RC	I41B_RC
I7DW_RC	IBOO_RC
I7DW_RC	I7DW
I7DW_RC	I1UU
I7DW_RC	I9TP_RC
I7DW_RC	I41B
I7DW_RC	I5NZ_RC
I7ES_RC	I7ES_RC
I7ES_RC	I1VQ_RC
I7ES_RC	IBNR
I7ES_RC	I8_RC
I7ES_RC	I9SS
I7ES_RC	I5N1
I7ES_RC	I7ES
I7ES_RC	I1VQ
I7ES_RC	IBNR_RC
I7ES_RC	I8
I7ES_RC	I9SS_RC
I7ES_RC	I5N1_RC
I7G4_RC	I7G4_RC
I7G4_RC	IBME
I7G4_RC	I1X2_RC
I7G4_RC	I1K_RC
I7G4_RC	I9RD
I7G4_RC	I5LM
I7G4_RC	I5LM_RC
I7G4_RC	I7G4
I7G4_RC	I1X2
I7G4_RC	IBME_RC
I7G4_RC	I1K
I7G4_RC	I9RD_RC
I7GK_RC	I7GK_RC
I7GK_RC	IBLY
I7GK_RC	I1XI_RC
I7GK_RC	I20_RC
I7H0_RC	I7H0_RC
I7H0_RC	I9QD
I7H0_RC	IBLH
I7H0_RC	I1XY_RC
I7H0_RC	I5KO
I7H0_RC	I2H_RC
I7H0_RC	I7H0
I7H0_RC	I9QD_RC
I7H0_RC	IBLH_RC
I7H0_RC	I1XY
I7H0_RC	I5KO_RC
I7H0_RC	I2H
I7HW_RC	I7HW_RC
I7HW_RC	I1YU_RC
I7HW_RC	I9PK
I7HW_RC	I7HW
I7HW_RC	I1YU
I7HW_RC	I9PK_RC
I7K4_RC	I7K4_RC
I7K4_RC	I9O6
I7K4_RC	I212_RC
I7K4_RC	I54_RC
I7K4_RC	IBJJ
I7K4_RC	I5I8
I7K4_RC	I7K4
I7K4_RC	I212
I7K4_RC	I9O6_RC
I7K4_RC	I54
I7K4_RC	IBJJ_RC
I7K4_RC	I5I8_RC
I7MC_RC	I7MC_RC
I7MC_RC	IBHH
I7MC_RC	I79_RC
I7MC_RC	I23A_RC
I7MC_RC	I9M4
I7MC_RC	I5GD
I7MC_RC	I7MC
I7MC_RC	I79
I7MC_RC	IBHH_RC
I7MC_RC	I23A
I7MC_RC	I9M4_RC
I7MC_RC	I5GD_RC
I7OK_RC	I7OK_RC
I7OK_RC	I5EA
I7OK_RC	I9U_RC
I7OK_RC	I25H_RC
I7OK_RC	I9JD
I7OK_RC	IBF1
I7OK_RC	I7OK
I7OK_RC	I9U
I7OK_RC	I5EA_RC
I7OK_RC	I25H
I7OK_RC	I9JD_RC
I7OK_RC	IBF1_RC
I7P0_RC	I7P0_RC
I7P0_RC	IA9_RC
I7P0_RC	I25X_RC
I7P0_RC	I9IY
I7P0_RC	IBEM
I7P0_RC	I7P0
I7P0_RC	IA9
I7P0_RC	I25X
I7P0_RC	I9IY_RC
I7P0_RC	IBEM_RC
I7PG_RC	I7PG_RC
I7PG_RC	I43N
I7PG_RC	I26D_RC
I7PG_RC	I3NT_RC
I7PG_RC	I70T_RC
I7PG_RC	I1VL_RC
I7PG_RC	I3_RC
I7PG_RC	IBNW
I7PG_RC	I7EN_RC
I7PG_RC	I1U_RC
I7PG_RC	I7O2_RC
I7PG_RC	I24Z_RC
I7PG_RC	I5ES
I7PG_RC	I9JT
I7PG_RC	IBM4
I7PG_RC	I7GE_RC
I7PG_RC	IBFK
I7PG_RC	I9C_RC
I7PG_RC	I1XC_RC
I7PG_RC	I543
I7PG_RC	I7C3
I7PG_RC	IBQS_RC
I7PG_RC	I5RF_RC
I7PG_RC	I1SU
I7PG_RC	I3ZI
I7PG_RC	I5DG
I7PG_RC	I9II
I7PG_RC	I1R9_RC
I7PG_RC	I3XV_RC
I7PG_RC	I7AG_RC
I7PG_RC	IBSD
I7PG_RC	IAUD_RC
I7PG_RC	I2XD
I7PG_RC	I9LE
I7PG_RC	IBIC
I7PG_RC	I4TH_RC
I7PG_RC	I6E_RC
I7PG_RC	I6A0
I7PG_RC	ITR
I7PG_RC	I5JA
I7PG_RC	I3L2_RC
I7PG_RC	IA60
I7PG_RC	IA8Q
I7PG_RC	I1II_RC
I7PG_RC	I1FV_RC
I7PG_RC	I6Y4_RC
I7PG_RC	IA6W
I7PG_RC	I3MW_RC
I7PG_RC	I1HL_RC
I7PG_RC	I6ZW_RC
I7PG_RC	IBE0
I7PG_RC	IAV_RC
I7PG_RC	I7ZC_RC
I7PG_RC	I2G9_RC
I7PG_RC	IB8B
I7PG_RC	I9CT
I7PG_RC	I572
I7PG_RC	IG0_RC
I7PG_RC	I162
I7PG_RC	IAIE_RC
I7PG_RC	I5YY_RC
I7PG_RC	IA2T_RC
I7PG_RC	IBVU_RC
I7PG_RC	I1NQ
I7PG_RC	IAKR
I7PG_RC	I8OY
I7PG_RC	I4IR
I7PG_RC	I38O_RC
I7PG_RC	I6LB_RC
I7PG_RC	I13K_RC
I7PG_RC	I28C_RC
I7PG_RC	I7RF_RC
I7PG_RC	IBE6
I7PG_RC	IAP_RC
I7PG_RC	I7PG
I7PG_RC	I43N_RC
I7PG_RC	I26D
I7PG_RC	IA60_RC
I7PG_RC	I3NT
I7PG_RC	I1II
I7PG_RC	I70T
I7PG_RC	I7C3_RC
I7PG_RC	IBQS
I7PG_RC	I5RF
I7PG_RC	I1SU_RC
I7PG_RC	I3ZI_RC
I7PG_RC	I5DG_RC
I7PG_RC	I9II_RC
I7PG_RC	I3L2
I7PG_RC	IA8Q_RC
I7PG_RC	I1FV
I7PG_RC	I6Y4
I7PG_RC	IBE0_RC
I7PG_RC	IAV
I7PG_RC	IBVU
I7PG_RC	I1NQ_RC
I7PG_RC	I28C
I7PG_RC	I7RF
I7PG_RC	IB7W_RC
I7PG_RC	IGF
I7PG_RC	I56N_RC
I7PG_RC	IBE6_RC
I7PG_RC	IAP
I7QC_RC	I7QC_RC
I7QC_RC	I279_RC
I7QC_RC	I279
I7QC_RC	I7QC
I7T0_RC	I7T0_RC
I7T0_RC	I9FL
I7T0_RC	I29X_RC
I7T0_RC	IBAU
I7T0_RC	IDI_RC
I7T0_RC	I5AG
I7T0_RC	I7T0
I7T0_RC	I9FL_RC
I7T0_RC	I29X
I7T0_RC	IDI
I7T0_RC	IBAU_RC
I7T0_RC	I5AG_RC
I7TG_RC	I7TG_RC
I7TG_RC	IBAD
I7TG_RC	I2AD_RC
I7TG_RC	IDZ_RC
I7TG_RC	I9F3
I7TG_RC	I7TG
I7TG_RC	I2AD
I7TG_RC	IBAD_RC
I7TG_RC	IDZ
I7TG_RC	I9F3_RC
I7UC_RC	I7UC_RC
I7UC_RC	IB9H
I7UC_RC	I2B9_RC
I7UC_RC	IEU_RC
I7UC_RC	I7UC
I7UC_RC	I2B9
I7UC_RC	IB9H_RC
I7UC_RC	IEU
I7VO_RC	I7VO_RC
I7VO_RC	IB91
I7VO_RC	I2CL_RC
I7VO_RC	I9DI
I7VO_RC	IFA_RC
I7VO_RC	I58S
I7VO_RC	I7VO
I7VO_RC	I2CL
I7VO_RC	IB91_RC
I7VO_RC	IFA
I7VO_RC	I9DI_RC
I7VO_RC	I58S_RC
I7YC_RC	I7YC_RC
I7YC_RC	I2F9_RC
I7YC_RC	I7YC
I7YC_RC	I2F9
I7Z8_RC	I7Z8_RC
I7Z8_RC	I9CX
I7Z8_RC	I576
I7Z8_RC	I2G5_RC
I7Z8_RC	IFW_RC
I7Z8_RC	IB8F
I7Z8_RC	I7Z8
I7Z8_RC	I9CX_RC
I7Z8_RC	I576_RC
I7Z8_RC	I2G5
I7Z8_RC	IFW
I7Z8_RC	IB8F_RC
I804_RC	I804_RC
I804_RC	I56A
I804_RC	I2H1_RC
I804_RC	IGS_RC
I804_RC	I9BZ
I804_RC	IB7J
I804_RC	I804
I804_RC	I56A_RC
I804_RC	I2H1
I804_RC	IGS
I804_RC	I9BZ_RC
I804_RC	IB7J_RC
I810_RC	I810_RC
I810_RC	I2HX_RC
I810_RC	I84C_RC
I810_RC	I810
I810_RC	I2HX
I810_RC	I84C
I81W_RC	I81W_RC
I81W_RC	I2IT_RC
I81W_RC	I614_RC
I81W_RC	I2R1
I81W_RC	I9KF
I81W_RC	I81W
I81W_RC	I2IT
I81W_RC	I614
I81W_RC	I2R1_RC
I81W_RC	I9KF_RC
I844_RC	I844_RC
I844_RC	I2L1_RC
I844_RC	I52O
I844_RC	I844
I844_RC	I2L1
I844_RC	I52O_RC
I84K_RC	I84K_RC
I84K_RC	I2LG_RC
I84K_RC	I84K
I84K_RC	I2LG
I85G_RC	I85G_RC
I85G_RC	I2MC_RC
I85G_RC	I85G
I85G_RC	I2MC
I87O_RC	I87O_RC
I87O_RC	I87O
I89W_RC	I89W_RC
I89W_RC	IA6E_RC
I89W_RC	I1I3
I89W_RC	I3NG
I89W_RC	I70G
I89W_RC	I440_RC
I89W_RC	I89W
I89W_RC	IA6E
I89W_RC	I1I3_RC
I89W_RC	I3NG_RC
I89W_RC	I440
I89W_RC	I70G_RC
I8CK_RC	I8CK_RC
I8CK_RC	I8CK
I8DG_RC	I8DG_RC
I8DG_RC	IA9Z_RC
I8DG_RC	I3JU
I8DG_RC	I47H_RC
I8DG_RC	I1EM
I8DG_RC	I6WW
I8DG_RC	I8DG
I8DG_RC	IA9Z
I8DG_RC	I3JU_RC
I8DG_RC	I47H
I8DG_RC	I1EM_RC
I8DG_RC	I6WW_RC
I8IS_RC	I8IS_RC
I8IS_RC	I8IS
I8J8_RC	I8J8_RC
I8J8_RC	I8J8
I8MC_RC	I8MC_RC
I8MC_RC	I99Q
I8MC_RC	I8MC
I8MC_RC	I99Q_RC
I8NO_RC	I8NO_RC
I8NO_RC	I8NO
I8OK_RC	I8OK_RC
I8OK_RC	I391
I8OK_RC	I4IE_RC
I8OK_RC	I6LO
I8OK_RC	I13X
I8OK_RC	IAKE_RC
I8OK_RC	I8OK
I8OK_RC	I391_RC
I8OK_RC	I4IE
I8OK_RC	I6LO_RC
I8OK_RC	I13X_RC
I8OK_RC	IAKE
I8QC_RC	I8QC_RC
I8QC_RC	I8QC
I8QS_RC	I8QS_RC
I8QS_RC	I4KJ_RC
I8QS_RC	I36X
I8QS_RC	I11M
I8QS_RC	IAMI_RC
I8QS_RC	I6JK
I8QS_RC	I8QS
I8QS_RC	I4KJ
I8QS_RC	I36X_RC
I8QS_RC	IAMI
I8QS_RC	I11M_RC
I8QS_RC	I6JK_RC
I8US_RC	I8US_RC
I8US_RC	IXD
I8US_RC	IAQQ_RC
I8US_RC	I32S
I8US_RC	I4P0_RC
I8US_RC	I6FF
I8US_RC	I8US
I8US_RC	IXD_RC
I8US_RC	IAQQ
I8US_RC	I4P0
I8US_RC	I32S_RC
I8US_RC	I6FF_RC
I8YS_RC	I8YS_RC
I8YS_RC	I8YS
I8YS_RC	I2XU_RC
I8YS_RC	I6AH_RC
I91G_RC	I91G_RC
I91G_RC	I4VL_RC
I91G_RC	I67P
I91G_RC	IRI
I91G_RC	IAWU_RC
I91G_RC	I2V3
I91G_RC	I91G
I91G_RC	I4VL
I91G_RC	I67P_RC
I91G_RC	IAWU
I91G_RC	IRI_RC
I91G_RC	I2V3_RC
I94K_RC	I94K_RC
I94K_RC	I2QA
I94K_RC	I61U_RC
I94K_RC	INR
I94K_RC	IB0N_RC
I94K_RC	I4YO_RC
I94K_RC	I94K
I94K_RC	I61U
I94K_RC	I2QA_RC
I94K_RC	IB0N
I94K_RC	INR_RC
I94K_RC	I4YO
I95G_RC	I95G_RC
I95G_RC	I4ZR_RC
I95G_RC	IB1J_RC
I95G_RC	I62S_RC
I95G_RC	IMW
I95G_RC	I2PC
I95G_RC	I95G
I95G_RC	I4ZR
I95G_RC	IB1J
I95G_RC	I62S
I95G_RC	IMW_RC
I95G_RC	I2PC_RC
I978_RC	I978_RC
I978_RC	I978
I97O_RC	I97O_RC
I97O_RC	IKQ
I97O_RC	I2MZ
I97O_RC	I863
I97O_RC	IB3H_RC
I97O_RC	I97O
I97O_RC	IKQ_RC
I97O_RC	I2MZ_RC
I97O_RC	I863_RC
I97O_RC	IB3H
I98K_RC	I98K_RC
I98K_RC	I51X_RC
I98K_RC	IJQ
I98K_RC	I2LZ
I98K_RC	I853
I98K_RC	IB4G_RC
I98K_RC	I98K
I98K_RC	I51X
I98K_RC	IJQ_RC
I98K_RC	I2LZ_RC
I98K_RC	I853_RC
I98K_RC	IB4G
I99G_RC	I99G_RC
I99G_RC	IIT
I99G_RC	I839
I99G_RC	I2K6
I99G_RC	I53I_RC
I99G_RC	IB5C_RC
I99G_RC	I99G
I99G_RC	IIT_RC
I99G_RC	I839_RC
I99G_RC	I2K6_RC
I99G_RC	I53I
I99G_RC	IB5C
I99W_RC	I99W_RC
I99W_RC	I99W
I9AC_RC	I9AC_RC
I9AC_RC	I9AC
I9C4_RC	I9C4_RC
I9C4_RC	IB7O_RC
I9C4_RC	IGN
I9C4_RC	I56F_RC
I9C4_RC	I7ZZ
I9C4_RC	I2GW
I9C4_RC	I9C4
I9C4_RC	IB7O
I9C4_RC	I56F
I9C4_RC	IGN_RC
I9C4_RC	I7ZZ_RC
I9C4_RC	I2GW_RC
I9ES_RC	I9ES_RC
I9ES_RC	I9ES
I9HG_RC	I9HG_RC
I9HG_RC	IBQ
I9HG_RC	I7QG
I9HG_RC	I27D
I9HG_RC	I5CQ_RC
I9HG_RC	IBD6_RC
I9HG_RC	I9HG
I9HG_RC	IBQ_RC
I9HG_RC	I7QG_RC
I9HG_RC	I27D_RC
I9HG_RC	I5CQ
I9HG_RC	IBD6
I9HW_RC	I9HW_RC
I9HW_RC	I9HW
I9J8_RC	I9J8_RC
I9J8_RC	I9Z
I9J8_RC	IBEW_RC
I9J8_RC	I7OP
I9J8_RC	I25M
I9J8_RC	I5E5_RC
I9J8_RC	I9J8
I9J8_RC	I9Z_RC
I9J8_RC	IBEW
I9J8_RC	I7OP_RC
I9J8_RC	I25M_RC
I9J8_RC	I5E5
I9K4_RC	I9K4_RC
I9K4_RC	I9K4
I9LG_RC	I9LG_RC
I9LG_RC	I5FQ_RC
I9LG_RC	IALZ
I9LW_RC	I9LW_RC
I9LW_RC	I5G5_RC
I9LW_RC	I7MJ
I9LW_RC	I7H
I9LW_RC	I23H
I9LW_RC	IBH9_RC
I9LW_RC	I9LW
I9LW_RC	I5G5
I9LW_RC	I7MJ_RC
I9LW_RC	IBH9
I9LW_RC	I7H_RC
I9LW_RC	I23H_RC
I9O4_RC	I9O4_RC
I9O4_RC	I7K8
I9O4_RC	I216
I9O4_RC	I57
I9O4_RC	IBJG_RC
I9O4_RC	I9O4
I9O4_RC	I7K8_RC
I9O4_RC	I216_RC
I9O4_RC	I57_RC
I9O4_RC	IBJG
I9PW_RC	I9PW_RC
I9PW_RC	I7HI
I9PW_RC	I1YG
I9PW_RC	I5K8_RC
I9PW_RC	I9PW
I9PW_RC	I7HI_RC
I9PW_RC	I5K8
I9PW_RC	I1YG_RC
I9PW_RC	I2Y
I9PW_RC	IBL0_RC
I9PW_RC	I2Y_RC
I9PW_RC	IBL0
I9T0_RC	I9T0_RC
I9T0_RC	I41Y
I9T0_RC	I5NA_RC
I9T0_RC	I7EJ
I9T0_RC	I1VH
I9T0_RC	IBO0_RC
I9T0_RC	I9T0
I9T0_RC	I5NA
I9T0_RC	I41Y_RC
I9T0_RC	I7EJ_RC
I9T0_RC	I1VH_RC
I9T0_RC	IBO0
I9TW_RC	I9TW_RC
I9TW_RC	I9TW
I9UC_RC	I9UC_RC
I9UC_RC	I40L
I9UC_RC	IBP2_RC
I9UC_RC	I7D6
I9UC_RC	I5OT_RC
I9UC_RC	I1U7
I9UC_RC	I9UC
I9UC_RC	I40L_RC
I9UC_RC	IBP2
I9UC_RC	I7D6_RC
I9UC_RC	I5OT
I9UC_RC	I1U7_RC
I9VO_RC	I9VO_RC
I9VO_RC	I8UR_RC
I9VO_RC	I4OZ_RC
I9W4_RC	I9W4_RC
I9W4_RC	I5S3_RC
I9W4_RC	I9W4
I9W4_RC	I5S3
I9ET_RC	I9ET_RC
I9ET_RC	I9ET
I9HX_RC	I9HX_RC
I9HX_RC	I9HX
I9ID_RC	I9ID_RC
I9ID_RC	IAU
I9ID_RC	I7PL
I9ID_RC	IBE1_RC
I9ID_RC	I26I
I9ID_RC	I5DB_RC
I9ID_RC	I9ID
I9ID_RC	IAU_RC
I9ID_RC	IBE1
I9ID_RC	I7PL_RC
I9ID_RC	I26I_RC
I9ID_RC	I5DB
I9J9_RC	I9J9_RC
I9J9_RC	I9Y
I9J9_RC	I7OO
I9J9_RC	I25L
I9J9_RC	IBEX_RC
I9J9_RC	I5E6_RC
I9J9_RC	I9J9
I9J9_RC	I9Y_RC
I9J9_RC	I7OO_RC
I9J9_RC	IBEX
I9J9_RC	I25L_RC
I9J9_RC	I5E6
I9LX_RC	I9LX_RC
I9LX_RC	I5G6_RC
I9LX_RC	I7MI
I9LX_RC	I7G
I9LX_RC	I23G
I9LX_RC	IBHA_RC
I9LX_RC	I9LX
I9LX_RC	I5G6
I9LX_RC	I7MI_RC
I9LX_RC	I7G_RC
I9LX_RC	I23G_RC
I9LX_RC	IBHA
I9MD_RC	I9MD_RC
I9MD_RC	I5GM_RC
I9MD_RC	I7M3
I9MD_RC	I70
I9MD_RC	I231
I9MD_RC	IBHQ_RC
I9MD_RC	I9MD
I9MD_RC	I5GM
I9MD_RC	I7M3_RC
I9MD_RC	I70_RC
I9MD_RC	I231_RC
I9MD_RC	IBHQ
I9O5_RC	I9O5_RC
I9O5_RC	I55
I9O5_RC	IBJI_RC
I9O5_RC	I5I7_RC
I9P1_RC	I9P1_RC
I9P1_RC	I3O
I9P1_RC	I5JB_RC
I9P1_RC	I7IJ
I9P1_RC	IBKB_RC
I9P1_RC	I1ZH
I9P1_RC	I9P1
I9P1_RC	I3O_RC
I9P1_RC	I5JB
I9P1_RC	IBKB
I9P1_RC	I7IJ_RC
I9P1_RC	I1ZH_RC
I9QT_RC	I9QT_RC
I9QT_RC	I9QT
I9TH_RC	I9TH_RC
I9TH_RC	I41J
I9TH_RC	I5NR_RC
I9TH_RC	I7E4
I9TH_RC	I1V2
I9TH_RC	IBOG_RC
I9TH_RC	I9TH
I9TH_RC	I5NR
I9TH_RC	I41J_RC
I9TH_RC	I7E4_RC
I9TH_RC	I1V2_RC
I9TH_RC	IBOG
I9UT_RC	I9UT_RC
I9UT_RC	I9UT
IA11_RC	IA11_RC
IA11_RC	I3TE
IA11_RC	I1N8
IA11_RC	I76E
IA11_RC	I5X2_RC
IA11_RC	IBWC_RC
IA11_RC	IA11
IA11_RC	I3TE_RC
IA11_RC	I1N8_RC
IA11_RC	I5X2
IA11_RC	I76E_RC
IA11_RC	IBWC
IA4L_RC	IA4L_RC
IA4L_RC	I72R
IA4L_RC	I42F_RC
IA4L_RC	I1JS
IA4L_RC	I3PR
IA4L_RC	I87K_RC
IA4L_RC	IA4L
IA4L_RC	I72R_RC
IA4L_RC	I42F
IA4L_RC	I1JS_RC
IA4L_RC	I3PR_RC
IA4L_RC	I87K
IA5H_RC	IA5H_RC
IA5H_RC	I437_RC
IA5H_RC	I3OC
IA5H_RC	I88T_RC
IA5H_RC	I1J2
IA5H_RC	I71C
IA5H_RC	IA5H
IA5H_RC	I437
IA5H_RC	I3OC_RC
IA5H_RC	I88T
IA5H_RC	I1J2_RC
IA5H_RC	I71C_RC
IA6T_RC	IA6T_RC
IA6T_RC	I8AF_RC
IA6T_RC	I3MZ
IA6T_RC	I1HO
IA6T_RC	I6ZZ
IA6T_RC	I44F_RC
IA6T_RC	IA6T
IA6T_RC	I8AF
IA6T_RC	I3MZ_RC
IA6T_RC	I1HO_RC
IA6T_RC	I44F
IA6T_RC	I6ZZ_RC
IAB9_RC	IAB9_RC
IAB9_RC	I1DD
IAB9_RC	IAB9
IAB9_RC	I1DD_RC
IAD1_RC	IAD1_RC
IAD1_RC	I4AC_RC
IAD1_RC	I6TJ
IAD1_RC	I1BK
IAD1_RC	I3GW
IAD1_RC	I8GG_RC
IAD1_RC	I8FM_RC
IAD1_RC	I8QE_RC
IAD1_RC	I9RU_RC
IAD1_RC	I9V2
IAD1_RC	I18Q
IAD1_RC	IAFO_RC
IAD1_RC	IAD1
IAD1_RC	I4AC
IAD1_RC	I6TJ_RC
IAD1_RC	I8GG
IAD1_RC	I1BK_RC
IAD1_RC	I3GW_RC
IAD1_RC	I8QA
IAD1_RC	I9RU
IAD1_RC	I8QE
IAD1_RC	I18Q_RC
IAD1_RC	IAFO
IAGL_RC	IAGL_RC
IAGL_RC	I3D5
IAGL_RC	I17W
IAGL_RC	I6PS
IAGL_RC	IAGL
IAGL_RC	I3D5_RC
IAGL_RC	I17W_RC
IAGL_RC	I6PS_RC
IAH1_RC	IAH1_RC
IAH1_RC	I4EF_RC
IAH1_RC	I8L4_RC
IAH1_RC	I3CP
IAH1_RC	I17G
IAH1_RC	I6PC
IAH1_RC	IAH1
IAH1_RC	I4EF
IAH1_RC	I8L4
IAH1_RC	I3CP_RC
IAH1_RC	I17G_RC
IAH1_RC	I6PC_RC
I7NQ_RC	I7NQ_RC
I7NQ_RC	I7NQ
I7RQ_RC	I7RQ_RC
I7RQ_RC	IBCI
I7RQ_RC	I5C3
I7RQ_RC	I28N_RC
I7RQ_RC	I9GT
I7RQ_RC	ICE_RC
I7RQ_RC	I7RQ
I7RQ_RC	IBCI_RC
I7RQ_RC	I5C3_RC
I7RQ_RC	I28N
I7RQ_RC	I9GT_RC
I7RQ_RC	ICE
I7W6_RC	I7W6_RC
I7W6_RC	I2D3_RC
I7W6_RC	I55L
I7W6_RC	I7W6
I7W6_RC	I2D3
I7W6_RC	I55L_RC
I7YU_RC	I7YU_RC
I7YU_RC	I2FR_RC
I7YU_RC	I9UW
I7YU_RC	I9AW_RC
I7YU_RC	I88A_RC
I7YU_RC	I7YU
I7YU_RC	I2FR
I7YU_RC	I9AW
I7YU_RC	I9UW_RC
I7YU_RC	I88A
I7ZA_RC	I7ZA_RC
I7ZA_RC	I2G7_RC
I7ZA_RC	IB8D
I7ZA_RC	IFY_RC
I7ZA_RC	I9CV
I7ZA_RC	I574
I7ZA_RC	I7ZA
I7ZA_RC	I2G7
I7ZA_RC	IB8D_RC
I7ZA_RC	IFY
I7ZA_RC	I9CV_RC
I7ZA_RC	I574_RC
I7ZQ_RC	I7ZQ_RC
I7ZQ_RC	I2GN_RC
I7ZQ_RC	IB7X
I7ZQ_RC	IGE_RC
I7ZQ_RC	I9CF
I7ZQ_RC	I56O
I7ZQ_RC	I7ZQ
I7ZQ_RC	I2GN
I7ZQ_RC	IB7X_RC
I7ZQ_RC	IGE
I7ZQ_RC	I9CF_RC
I7ZQ_RC	I56O_RC
I806_RC	I806_RC
I806_RC	I2H3_RC
I806_RC	I9BX
I806_RC	IB7H
I806_RC	IGU_RC
I806_RC	I568
I806_RC	I806
I806_RC	I2H3
I806_RC	I9BX_RC
I806_RC	IB7H_RC
I806_RC	IGU
I806_RC	I568_RC
I812_RC	I812_RC
I812_RC	I2HZ_RC
I812_RC	I86W_RC
I812_RC	I60B_RC
I812_RC	I2LA_RC
I812_RC	I84E_RC
I812_RC	I64F
I812_RC	I812
I812_RC	I2HZ
I812_RC	I86W
I812_RC	I60B
I812_RC	I2LA
I812_RC	I84E
I812_RC	I64F_RC
I5M4_RC	I5M4_RC
I5M4_RC	I5M4
I5NG_RC	I5NG_RC
I5NG_RC	I7ED
I5NG_RC	IBO6_RC
I5NG_RC	I1VB
I5NG_RC	I9T5_RC
I5NG_RC	I41S
I5NG_RC	I5NG
I5NG_RC	I7ED_RC
I5NG_RC	IBO6
I5NG_RC	I1VB_RC
I5NG_RC	I9T5
I5NG_RC	I41S_RC
I5OS_RC	I5OS_RC
I5OS_RC	I9UB_RC
I5OS_RC	I5OS
I5OS_RC	I9UB
I5PO_RC	I5PO_RC
I5PO_RC	IB52_RC
I5PO_RC	IJ4
I5PO_RC	I5PO
I5PO_RC	IB52
I5PO_RC	IJ4_RC
I5Q4_RC	I5Q4_RC
I5Q4_RC	I5Q4
I5QK_RC	I5QK_RC
I5QK_RC	I5QK
I5UK_RC	I5UK_RC
I5UK_RC	I5UK
I5XO_RC	I5XO_RC
I5XO_RC	I5XO
I60C_RC	I60C_RC
I60C_RC	I2RT
I60C_RC	I60C
I60C_RC	I2RT_RC
I6AK_RC	I6AK_RC
I6AK_RC	I2XX_RC
I6AK_RC	I6AK
I6AK_RC	I2XX
I6F0_RC	I6F0_RC
I6F0_RC	I32D_RC
I6F0_RC	I6F0
I6F0_RC	I32D
I6GS_RC	I6GS_RC
I6GS_RC	I345_RC
I6GS_RC	I6GS
I6GS_RC	I345
I6IK_RC	I6IK_RC
I6IK_RC	I35X_RC
I6IK_RC	I6IK
I6IK_RC	I35X
I6Q4_RC	I6Q4_RC
I6Q4_RC	I3DH_RC
I6Q4_RC	I6Q4
I6Q4_RC	I3DH
I6UK_RC	I6UK_RC
I6UK_RC	I3V8
I6UK_RC	I6UK
I6UK_RC	I3V8_RC
I6Z0_RC	I6Z0_RC
I6Z0_RC	I3LY_RC
I6Z0_RC	I8BI
I6Z0_RC	I6Z0
I6Z0_RC	I3LY
I6Z0_RC	I8BI_RC
I718_RC	I718_RC
I718_RC	I3O8_RC
I718_RC	I718
I718_RC	I3O8
I724_RC	I724_RC
I724_RC	I3P4_RC
I724_RC	I724
I724_RC	I3P4
I72K_RC	I72K_RC
I72K_RC	I3PK_RC
I72K_RC	I72K
I72K_RC	I3PK
I73W_RC	I73W_RC
I73W_RC	I3QW_RC
I73W_RC	I73W
I73W_RC	I3QW
I770_RC	I770_RC
I770_RC	IA0I
I770_RC	I5WK
I770_RC	I3U0_RC
I770_RC	I770
I770_RC	IA0I_RC
I770_RC	I5WK_RC
I770_RC	I3U0
I78S_RC	I78S_RC
I78S_RC	I3W7_RC
I78S_RC	I1PK_RC
I78S_RC	IBU2
I78S_RC	I9YJ
I78S_RC	I78S
I78S_RC	I3W7
I78S_RC	I1PK
I78S_RC	IBU2_RC
I78S_RC	I9YJ_RC
I7DO_RC	I7DO_RC
I7DO_RC	I413_RC
I7DO_RC	I7DO
I7DO_RC	I413
I7F0_RC	I7F0_RC
I7F0_RC	I9SJ
I7F0_RC	I5MT
I7F0_RC	IBNI
I7F0_RC	I1VY_RC
I7F0_RC	IF_RC
I7F0_RC	I7F0
I7F0_RC	I9SJ_RC
I7F0_RC	I5MT_RC
I7F0_RC	I1VY
I7F0_RC	IBNI_RC
I7F0_RC	IF
I7GS_RC	I7GS_RC
I7GS_RC	IBLQ
I7GS_RC	I1XQ_RC
I7GS_RC	I9QN
I7GS_RC	I5KW
I7GS_RC	I28_RC
I7GS_RC	I7GS
I7GS_RC	I1XQ
I7GS_RC	IBLQ_RC
I7GS_RC	I9QN_RC
I7GS_RC	I28
I7GS_RC	I5KW_RC
I7M4_RC	I7M4_RC
I7M4_RC	I9MC
I7M4_RC	I5GL
I7M4_RC	IBHP
I7M4_RC	I71_RC
I7M4_RC	I232_RC
I7M4_RC	I7M4
I7M4_RC	I9MC_RC
I7M4_RC	I5GL_RC
I7M4_RC	I71
I7M4_RC	IBHP_RC
I7M4_RC	I232
I7Q4_RC	I7Q4_RC
I7Q4_RC	I271_RC
I7Q4_RC	I9HS
I7Q4_RC	I7Q4
I7Q4_RC	I271
I7Q4_RC	I9HS_RC
I7T8_RC	I7T8_RC
I7T8_RC	I9FC
I7T8_RC	I5A5
I7T8_RC	I2A5_RC
I7T8_RC	IBAM
I7T8_RC	IDQ_RC
I7T8_RC	I7T8
I7T8_RC	I9FC_RC
I7T8_RC	I2A5
I7T8_RC	I5A5_RC
I7T8_RC	IDQ
I7T8_RC	IBAM_RC
I7UK_RC	I7UK_RC
I7UK_RC	I58X
I7UK_RC	I9DN
I7UK_RC	IB99
I7UK_RC	I2BH_RC
I7UK_RC	IF2_RC
I7UK_RC	I9DN_RC
I7UK_RC	I58X_RC
I7UK_RC	I7UK
I7UK_RC	I2BH
I7UK_RC	IB99_RC
I7UK_RC	IF2
I7WC_RC	I7WC_RC
I7WC_RC	I329
I7WC_RC	I55H
I7WC_RC	I6EW
I7WC_RC	I4LL_RC
I7WC_RC	I2D9_RC
I7WC_RC	I7WC
I7WC_RC	I329_RC
I7WC_RC	I55H_RC
I7WC_RC	I6EW_RC
I7WC_RC	I2D9
I7Z0_RC	I7Z0_RC
I7Z0_RC	I2FX_RC
I7Z0_RC	I5PA
I7Z0_RC	I7Z0
I7Z0_RC	I2FX
I7Z0_RC	I5PA_RC
I84S_RC	I84S_RC
I84S_RC	I2LO_RC
I84S_RC	I2LO
I84S_RC	I84S
I86K_RC	I86K_RC
I86K_RC	I2NG_RC
I86K_RC	I86K
I86K_RC	I2NG
I87W_RC	I87W_RC
I87W_RC	I42K_RC
I87W_RC	I87W
I87W_RC	I42K
I88C_RC	I88C_RC
I88C_RC	I88C
I8B0_RC	I8B0_RC
I8B0_RC	I44Z_RC
I8B0_RC	I3ME
I8B0_RC	IA7B_RC
I8B0_RC	I1H7
I8B0_RC	I6ZG
I8B0_RC	I8B0
I8B0_RC	I44Z
I8B0_RC	I3ME_RC
I8B0_RC	IA7B
I8B0_RC	I1H7_RC
I8B0_RC	I6ZG_RC
I8GC_RC	I8GC_RC
I8GC_RC	I8GC
I8HO_RC	I8HO_RC
I8HO_RC	I4BN_RC
I8HO_RC	I8HO
I8HO_RC	I4BN
I8KS_RC	I8KS_RC
I8KS_RC	I8KS
I8L8_RC	I8L8_RC
I8L8_RC	I4ER_RC
I8L8_RC	I3CN
I8L8_RC	IAH3_RC
I8L8_RC	I17E
I8L8_RC	I6PA
I8L8_RC	I8L8
I8L8_RC	I4ER
I8L8_RC	IAH3
I8L8_RC	I3CN_RC
I8L8_RC	I17E_RC
I8L8_RC	I6PA_RC
I8M4_RC	I8M4_RC
I8M4_RC	I8M4
I8PO_RC	I8PO_RC
I8PO_RC	I8PO
I8UK_RC	I8UK_RC
I8UK_RC	I8UK
I8VG_RC	I8VG_RC
I8WS_RC	I8WS_RC
I8WS_RC	I8WS
I95O_RC	I95O_RC
I95O_RC	I95O
I970_RC	I970_RC
I970_RC	I970
I9A4_RC	I9A4_RC
I9A4_RC	I9A4
I9F0_RC	I9F0_RC
I9F0_RC	I9F0
I9JG_RC	I9JG_RC
I9JG_RC	I5EE_RC
I9JG_RC	I5EF_RC
I9JG_RC	I9JG
I9JG_RC	I5EE
I9JG_RC	I5EF
I9OC_RC	I9OC_RC
I9OC_RC	I9OC
I9OS_RC	I9OS_RC
I9OS_RC	I209
I9OS_RC	I7JB
I9OS_RC	I5IX_RC
I9OS_RC	I9OS
I9OS_RC	I5IX
I9OS_RC	I209_RC
I9OS_RC	I7JB_RC
I9T8_RC	I9T8_RC
I9T8_RC	IA7U
I9T8_RC	I1GQ_RC
I9T8_RC	I45C
I9T8_RC	I5NH_RC
I9Y4_RC	I9Y4_RC
I9Y4_RC	I9Y4
I9ZG_RC	I9ZG_RC
IA0C_RC	IA0C_RC
IA0C_RC	IA0C
IA30_RC	IA30_RC
IA30_RC	I5Z6_RC
IA30_RC	IA30
IA30_RC	I5Z6
IA58_RC	IA58_RC
IA58_RC	IA58
IAI4_RC	IAI4_RC
IAI4_RC	I16D
IAI4_RC	I4FQ_RC
IAI4_RC	I4FQ
IAI4_RC	IAI4
IAI4_RC	I16D_RC
IAJG_RC	IAJG_RC
IAJG_RC	IAJG
IAL8_RC	IAL8_RC
IAL8_RC	I4J7_RC
IAL8_RC	I8PF_RC
IAL8_RC	I386
IAL8_RC	I6KT
IAL8_RC	I133
IAL8_RC	I4J7
IAL8_RC	I8PF
IAL8_RC	I386_RC
IAL8_RC	IAL8
IAL8_RC	I6KT_RC
IAL8_RC	I133_RC
IARG_RC	IARG_RC
IARG_RC	IARG
IAUK_RC	IAUK_RC
IAUK_RC	IAUK
IB6K_RC	IB6K_RC
IB6K_RC	I54L_RC
IB6K_RC	I9BC_RC
IB6K_RC	IHM
IB6K_RC	IB6K
IB6K_RC	I54L
IB6K_RC	I9BC
IB6K_RC	IHM_RC
IB70_RC	IB70_RC
IB70_RC	IB70
IB8C_RC	IB8C_RC
IB8C_RC	I7ZB
IB8C_RC	I2G8
IB8C_RC	I9CU_RC
IB8C_RC	IFZ
IB8C_RC	I573_RC
IB8C_RC	IB8C
IB8C_RC	I7ZB_RC
IB8C_RC	I2G8_RC
IB8C_RC	I9CU
IB8C_RC	I573
IB8C_RC	IFZ_RC
IB8S_RC	IB8S_RC
IB8S_RC	I7LG
IB8S_RC	I7X0
IB8S_RC	IBIC_RC
IB8S_RC	I2DX
IB8S_RC	I58L_RC
IB8S_RC	I6E
IB8S_RC	I22E
IB8S_RC	IFI
IB8S_RC	I9DA_RC
IB8S_RC	I3V5
IB8S_RC	I785
IB8S_RC	I5VA_RC
IB8S_RC	I6KX
IB8S_RC	IAL5_RC
IB8S_RC	I38A
IB8S_RC	I8PC_RC
IB8S_RC	IBDE
IB8S_RC	IBI_RC
IB8S_RC	I4CL
IB8S_RC	IAEU
IB8S_RC	I3EV_RC
IB8S_RC	I19K_RC
IB8S_RC	I8JF
IB8S_RC	I6RI_RC
IBBG_RC	IBBG_RC
IBBG_RC	IBBQ_RC
IBBG_RC	IBBG
IBBG_RC	IBBQ
IBP8_RC	IBP8_RC
IBP8_RC	I5OY_RC
IBP8_RC	I7D1
IBP8_RC	I9UH_RC
IBP8_RC	I1U2
IBP8_RC	I40G
IBP8_RC	IBP8
IBP8_RC	I5OY
IBP8_RC	I7D1_RC
IBP8_RC	I9UH
IBP8_RC	I1U2_RC
IBP8_RC	I40G_RC
IBQ4_RC	IBQ4_RC
IBQ4_RC	IBQ4
IBVG_RC	IBVG_RC
IBVG_RC	I1O4
IBVG_RC	IA01_RC
IBVG_RC	IBVG
IBVG_RC	I1O4_RC
IBVG_RC	IA01
IML	IML
IML	I501_RC
IML	I95T_RC
IML	IB1V_RC
IML	IML_RC
IML	I501
IML	I95T
IML	IB1V
IML	I634
IML	I2P0_RC
IML	I634_RC
IML	I2P0
I1LP	I1LP
I1LP	IBXV_RC
I24D	I24D
I24D	I7NF
I24D	I9L1_RC
I24D	I59D
I24D	I7EC_RC
I24D	I1VA_RC
I24D	IBO7
I24D	I41R_RC
I24D	I59D_RC
I24D	I3ER
I24D	I19G
I24D	I6RE
I24D	IAEY_RC
I24D	IBUB
I24D	I78J_RC
I24D	I3ES
I24D	I9YS
I24D	I19H
I24D	IAEX_RC
I24D	I6RF
I24D	I1PA_RC
I24D	I3VY_RC
I24D	I7BZ_RC
I24D	I5U5
I24D	I3WO_RC
I24D	I9Y3
I24D	I799_RC
I24D	I3ER_RC
I24D	I19G_RC
I24D	I19H_RC
I24D	IAEX
I24D	IAEY
I24D	I6RE_RC
I24D	IBUB_RC
I24D	I78J
I24D	I9YS_RC
I24D	I1PA
I24D	I3VY
I24D	I3ZE
I24D	I5UW_RC
I24D	IBQW_RC
I24D	I1SQ
I24D	I7BZ
I24D	I5RJ_RC
I24D	I9VJ_RC
I24D	I3ZT_RC
I24D	I5R6
I24D	I1T6_RC
I24D	I7CE_RC
I24D	I6S2_RC
I24D	I1A1_RC
I24D	I3FF_RC
I24D	IAEK
I24D	I4C0
I24D	I6DJ_RC
I24D	IW6_RC
I24D	I8VX
I24D	IARX
I24D	I4Q6
I24D	I30V_RC
I24D	I56_RC
I24D	I7K7_RC
I24D	I215_RC
I24D	IBJH
I24D	I5I6
I27X	I27X
I27X	I7R0
I27X	I7R0_RC
I27X	I27X_RC
I965_RC	I965_RC
I965_RC	IB29_RC
I965_RC	I50A_RC
I965_RC	IM7
I965_RC	I63F
I965_RC	I2OP_RC
I965_RC	I63F_RC
I965_RC	I2OP
I965_RC	I965
I965_RC	IB29
I965_RC	I50A
I965_RC	IM7_RC
I971_RC	I971_RC
I971_RC	I971
I9F1_RC	I9F1_RC
I9F1_RC	I9F1
I9KT_RC	I9KT_RC
I9KT_RC	I6F7_RC
I9KT_RC	I7QU
I9KT_RC	I27R
I9KT_RC	I32K_RC
I9KT_RC	I7W0
I9KT_RC	I9KT
I9KT_RC	I6F7
I9KT_RC	I7QU_RC
I9KT_RC	I27R_RC
I9KT_RC	I32K
I9KT_RC	I7W0_RC
I9NX_RC	I9NX_RC
I9NX_RC	I9NX
I9NX_RC	I5E_RC
I9NX_RC	I21D_RC
I9NX_RC	IBJ9
I9NX_RC	I7KF_RC
I9XP_RC	I9XP_RC
I9XP_RC	I9PA
I9XP_RC	I9XP
I9XP_RC	I9PA_RC
I9Z1_RC	I9Z1_RC
I9Z1_RC	I9Z1
IA59_RC	IA59_RC
IA59_RC	IA59
IA7X_RC	IA7X_RC
IA7X_RC	I1GN
IA7X_RC	IA7X
IA7X_RC	I1GN_RC
IAJ1_RC	IAJ1_RC
IAJ1_RC	I15E
IAJ1_RC	I6NA
IAJ1_RC	I4GR_RC
IAJ1_RC	I3AN
IAJ1_RC	I8N4_RC
IAJ1_RC	IAJ1
IAJ1_RC	I15E_RC
IAJ1_RC	I6NA_RC
IAJ1_RC	I4GR
IAJ1_RC	I3AN_RC
IAJ1_RC	I8N4
IARH_RC	IARH_RC
IARH_RC	IARH
IATP_RC	IATP_RC
IATP_RC	IATP
IAUL_RC	IAUL_RC
IAUL_RC	IAUL
IAX9_RC	IAX9_RC
IAX9_RC	I2UP
IAX9_RC	I91T_RC
IAX9_RC	I67B
IAX9_RC	I4VX_RC
IAX9_RC	IR3
IAX9_RC	IAX9
IAX9_RC	I91T
IAX9_RC	I2UP_RC
IAX9_RC	I67B_RC
IAX9_RC	I4VX
IAX9_RC	IR3_RC
IB71_RC	IB71_RC
IB71_RC	IB71
IBBH_RC	IBBH_RC
IBBH_RC	IBBR_RC
IBBH_RC	IBBH
IBBH_RC	IBBR
IBEL_RC	IBEL_RC
IBEL_RC	IBEL
IBJ1_RC	IBJ1_RC
IBJ1_RC	I5N
IBJ1_RC	I5HX_RC
IBJ1_RC	I9NQ_RC
IBJ1_RC	I7KO
IBJ1_RC	I21M
IBJ1_RC	IBJ1
IBJ1_RC	I5N_RC
IBJ1_RC	I5HX
IBJ1_RC	I9NQ
IBJ1_RC	I7KO_RC
IBJ1_RC	I21M_RC
IBP9_RC	IBP9_RC
IBP9_RC	I7D0
IBP9_RC	I5OZ_RC
IBP9_RC	I1U1
IBP9_RC	I9UI_RC
IBP9_RC	I40F
IBP9_RC	IBP9
IBP9_RC	I7D0_RC
IBP9_RC	I5OZ
IBP9_RC	I1U1_RC
IBP9_RC	I9UI
IBP9_RC	I40F_RC
IBPP_RC	IBPP_RC
IBPP_RC	IBPP
IBQ5_RC	IBQ5_RC
IBQ5_RC	IBQ5
I5J1_RC	I5J1_RC
I5J1_RC	I7J5
I5J1_RC	I9OX_RC
I5J1_RC	I4J
I5J1_RC	I203
I5J1_RC	IBK4_RC
I5J1_RC	I5J1
I5J1_RC	I9OX
I5J1_RC	I7J5_RC
I5J1_RC	I4J_RC
I5J1_RC	I203_RC
I5J1_RC	IBK4
I5JX_RC	I5JX_RC
I5JX_RC	I5JX
I5P9_RC	I5P9_RC
I5P9_RC	I5P9
I5Q5_RC	I5Q5_RC
I5Q5_RC	I5Q5
I5QL_RC	I5QL_RC
I5QL_RC	I5QL
I5UL_RC	I5UL_RC
I5UL_RC	I5UL
I5XP_RC	I5XP_RC
I5XP_RC	I5XP
I5XP_RC	IBWZ
I5XP_RC	IA1M
I5XP_RC	I3SQ_RC
I5XP_RC	I1ML_RC
I5XP_RC	I75Q_RC
I60T_RC	I60T_RC
I60T_RC	I2RC
I60T_RC	I60T
I60T_RC	I2RC_RC
I61P_RC	I61P_RC
I61P_RC	I2QF
I61P_RC	I61P
I61P_RC	I2QF_RC
I63H_RC	I63H_RC
I63H_RC	I2ON
I63H_RC	I63H
I63H_RC	I2ON_RC
I64T_RC	I64T_RC
I64T_RC	I2S7_RC
I64T_RC	I64T
I64T_RC	I2S7
I6AL_RC	I6AL_RC
I6AL_RC	I2XY_RC
I6AL_RC	I6AL
I6AL_RC	I2XY
I6E5_RC	I6E5_RC
I6E5_RC	I31H_RC
I6E5_RC	I31H
I6E5_RC	I6E5
I6EL_RC	I6EL_RC
I6EL_RC	I31X_RC
I6EL_RC	I9OY_RC
I6EL_RC	I4I
I6EL_RC	I202
I6EL_RC	IBK5_RC
I6EL_RC	I5J2_RC
I6EL_RC	I7J4
I6EL_RC	I202_RC
I6EL_RC	I9OY
I6EL_RC	I4I_RC
I6EL_RC	IBK5
I6EL_RC	I5J2
I6EL_RC	I7J4_RC
I6EL_RC	I6EL
I6EL_RC	I31X
I6F1_RC	I6F1_RC
I6F1_RC	I32E_RC
I6F1_RC	I6F1
I6F1_RC	I32E
I6Q5_RC	I6Q5_RC
I6Q5_RC	I3DI_RC
I6Q5_RC	I6Q5
I6Q5_RC	I3DI
I6RX_RC	I6RX_RC
I6RX_RC	I3FA_RC
I6RX_RC	I6RX
I6RX_RC	I3FA
I6YL_RC	I6YL_RC
I6YL_RC	I3LJ_RC
I6YL_RC	I6YL
I6YL_RC	I3LJ
I725_RC	I725_RC
I725_RC	I3P5_RC
I725_RC	I725
I725_RC	I3P5
I72L_RC	I72L_RC
I72L_RC	I3PL_RC
I72L_RC	I72L
I72L_RC	I3PL
I7CT_RC	I7CT_RC
I7CT_RC	I408_RC
I7CT_RC	I9UR
I7CT_RC	I9UR_RC
I7CT_RC	I7CT
I7CT_RC	I408
I7DP_RC	I7DP_RC
I7DP_RC	I414_RC
I7DP_RC	I7DP
I7DP_RC	I414
I7JX_RC	I7JX_RC
I7JX_RC	I5IE
I7JX_RC	I20V_RC
I7JX_RC	I7JX
I7JX_RC	I5IE_RC
I7JX_RC	I9OB_RC
I7JX_RC	I20V
I7OD_RC	I7OD_RC
I7OD_RC	IBF9
I7OD_RC	I5EH
I7OD_RC	I9N_RC
I7OD_RC	I9JI
I7OD_RC	I25A_RC
I7OD_RC	I7OD
I7OD_RC	IBF9_RC
I7OD_RC	I5EH_RC
I7OD_RC	I9N
I7OD_RC	I25A
I7OD_RC	I9JI_RC
I7Q5_RC	I7Q5_RC
I7Q5_RC	I272_RC
I7Q5_RC	I9HR
I7Q5_RC	I7Q5
I7Q5_RC	I272
I7Q5_RC	I9HR_RC
I7R1_RC	I7R1_RC
I7R1_RC	I9KH
I7R1_RC	I27Y_RC
I7U5_RC	I7U5_RC
I7U5_RC	I9E2
I7U5_RC	IB9O
I7U5_RC	I2B2_RC
I7U5_RC	IEN_RC
I7U5_RC	I7U5
I7U5_RC	I9E2_RC
I7U5_RC	IB9O_RC
I7U5_RC	I2B2
I7U5_RC	IEN
I82L_RC	I82L_RC
I82L_RC	I542
I82L_RC	I9AS
I82L_RC	IB62
I82L_RC	II4_RC
I82L_RC	I2JI_RC
I82L_RC	I82L
I82L_RC	I542_RC
I82L_RC	I9AS_RC
I82L_RC	IB62_RC
I82L_RC	II4
I82L_RC	I2JI
I87X_RC	I87X_RC
I87X_RC	I42L_RC
I87X_RC	I87X
I87X_RC	I42L
I88D_RC	I88D_RC
I88D_RC	I88D
I8GD_RC	I8GD_RC
I8GD_RC	I8GD
I8HP_RC	I8HP_RC
I8HP_RC	I4BO_RC
I8HP_RC	I8HP
I8HP_RC	I4BO
I8I5_RC	I8I5_RC
I8I5_RC	IAEO_RC
I8I5_RC	I4C4_RC
I8I5_RC	I8I5
I8I5_RC	IAEO
I8I5_RC	I4C4
I8J1_RC	I8J1_RC
I8J1_RC	I8J1
I8LP_RC	I8LP_RC
I8LP_RC	I4F8_RC
I8LP_RC	I3C6
I8LP_RC	I16W
I8LP_RC	IAHK_RC
I8LP_RC	I6OT
I8LP_RC	I8LP
I8LP_RC	I4F8
I8LP_RC	I3C6_RC
I8LP_RC	IAHK
I8LP_RC	I16W_RC
I8LP_RC	I6OT_RC
I8ML_RC	I8ML_RC
I8ML_RC	I8ML
I8X9_RC	I8X9_RC
I8X9_RC	I8X9
I94T_RC	I94T_RC
I94T_RC	IB0X_RC
I94T_RC	I2Q0
I94T_RC	I624_RC
I94T_RC	INI
I94T_RC	I4Z8_RC
I94T_RC	I94T
I94T_RC	IB0X
I94T_RC	I2Q0_RC
I94T_RC	I624
I94T_RC	INI_RC
I94T_RC	I4Z8
I3U5	I3U5
I3U5	I775
I3U5	I1NV
I3U5	IBVP_RC
I3U5	I5WB_RC
I3U5	I1NV_RC
I3U5	IBVP
I3U5	I5WB
I3U5	I3U5_RC
I3U5	I775_RC
I4HB_RC	I4HB_RC
I4HB_RC	I4HB
I4LB_RC	I4LB_RC
I4LB_RC	I4LB
I4LR_RC	I4LR_RC
I4LR_RC	I4LR
I4N3_RC	I4N3_RC
I4N3_RC	I4N3
I4RJ_RC	I4RJ_RC
I4RJ_RC	I4RJ
I4RZ_RC	I4RZ_RC
I4RZ_RC	I4RZ
I50V_RC	I50V_RC
I50V_RC	I50V
I54F_RC	I54F_RC
I54F_RC	I54F
I54V_RC	I54V_RC
I54V_RC	I54V
I55B_RC	I55B_RC
I55B_RC	I55B
I57Z_RC	I57Z_RC
I57Z_RC	I57Z
I5A7_RC	I5A7_RC
I5A7_RC	I5A7
I5AN_RC	I5AN_RC
I5AN_RC	I5AN
I5J3_RC	I5J3_RC
I5J3_RC	I5J3
I5MN_RC	I5MN_RC
I5MN_RC	IK
I5MN_RC	I9SE_RC
I5MN_RC	I5MN
I5MN_RC	IK_RC
I5MN_RC	I9SE
I2I1	I2I1
I2I1	I814
I2I1	I814_RC
I2I1	I2I1_RC
I35L	I35L
I35L	I8S1_RC
I35L	I4MD_RC
I35L	I106
I35L	IANY_RC
I35L	I6I8
I35L	I7K6_RC
I35L	I9O5
I35L	I214_RC
I35L	I55_RC
I35L	IBJI
I2NH	I2NH
I2NH	I60X
I2NH	I2R8_RC
I2NH	I86L
I2NH	I64O
I2NH	I2S2
I2NH	I64O_RC
I2NH	I2S2_RC
I2NH	I7V0_RC
I2NH	I2BX_RC
I2NH	I2NH_RC
I2NH	I60X_RC
I2NH	I2R8
I2NH	I86L_RC
I2NH	I327
I2NH	I6EU
I2NH	I2BX
I2NH	I7V0
I2NH	I2ZH
I2NH	I6C4
I2NH	I52N
I2NH	I2ZH_RC
I2NH	I6C4_RC
I2NH	I52N_RC
I2NH	I2DB
I2NH	I7WE
I2NH	I2DB_RC
I2NH	I7WE_RC
I2Y5	I2Y5
I2Y5	I6AS
I2Y5	I6AS_RC
I2Y5	I2Y5_RC
I5PR_RC	I5PR_RC
I5PR_RC	I8IX_RC
I5PR_RC	I5PR
I5PR_RC	I8IX
I5QN_RC	I5QN_RC
I5QN_RC	I5QN
I5R3_RC	I5R3_RC
I5R3_RC	I1T9
I5R3_RC	I7CH
I5R3_RC	IBQE_RC
I5R3_RC	I3ZW
I5R3_RC	I9V1_RC
I5R3_RC	I5R3
I5R3_RC	I1T9_RC
I5R3_RC	I7CH_RC
I5R3_RC	IBQE
I5R3_RC	I3ZW_RC
I5R3_RC	I9V1
I63Z_RC	I63Z_RC
I63Z_RC	I2O5
I63Z_RC	I63Z
I63Z_RC	I2O5_RC
I6BZ_RC	I6BZ_RC
I6BZ_RC	I2ZC_RC
I6BZ_RC	I2NL
I6BZ_RC	I86P
I6BZ_RC	I7WJ
I6BZ_RC	I6ER_RC
I6BZ_RC	I2DG
I6BZ_RC	I64K_RC
I6BZ_RC	I611
I6BZ_RC	I848
I6BZ_RC	I2L5
I6BZ_RC	I870
I6BZ_RC	I324_RC
I6BZ_RC	I2RY_RC
I6BZ_RC	I80V
I6BZ_RC	I2HS
I6BZ_RC	I2R4_RC
I6BZ_RC	I6BZ
I6BZ_RC	I2ZC
I6BZ_RC	I2NL_RC
I6BZ_RC	I86P_RC
I6BZ_RC	I6ER
I6BZ_RC	I7WJ_RC
I6BZ_RC	I64K
I6BZ_RC	I2DG_RC
I6BZ_RC	I611_RC
I6BZ_RC	I848_RC
I6BZ_RC	I2L5_RC
I6BZ_RC	I324
I6BZ_RC	I870_RC
I6BZ_RC	I2RY
I6BZ_RC	I80V_RC
I6BZ_RC	I2R4
I6BZ_RC	I2HS_RC
I6FJ_RC	I6FJ_RC
I6FJ_RC	I32W_RC
I6FJ_RC	I6FJ
I6FJ_RC	I32W
I6HR_RC	I6HR_RC
I6HR_RC	I8SI
I6HR_RC	IZP_RC
I6HR_RC	I4MU
I6HR_RC	I354_RC
I6HR_RC	IAOF
I6HR_RC	I8SI_RC
I6HR_RC	IZP
I6HR_RC	I4MU_RC
I6HR_RC	I354
I6HR_RC	I6HR
I6HR_RC	IAOF_RC
I6OF_RC	I6OF_RC
I6OF_RC	I3BS_RC
I6OF_RC	I6OF
I6OF_RC	I3BS
I6U7_RC	I6U7_RC
I6U7_RC	I3VL
I6U7_RC	I6U7
I6U7_RC	I3VL_RC
I6WV_RC	I6WV_RC
I6WV_RC	I8DH
I6WV_RC	I3JT_RC
I6WV_RC	I6WV
I6WV_RC	I8DH_RC
I6WV_RC	I3JT
I2NI	I2NI
I2NI	I3A1_RC
I2NI	I86M
I2NI	I6MO_RC
I2NI	I845_RC
I2NI	I2L2_RC
I2NI	I2NI_RC
I2NI	I3A1
I2NI	I86M_RC
I2NI	I6MO
I2NI	I2DC_RC
I2NI	I7WF_RC
I2NI	I2L2
I2NI	I845
I2RI	I2RI
I2RI	I52V
I2RI	I60N_RC
I2RI	I60N
I2RI	I52V_RC
I2RI	I2RI_RC
I38E	I38E
I38E	I6L1
I38E	IAL1_RC
I38E	I7HD
I38E	I1YB
I38E	I13A
I38E	I4J0_RC
I38E	I8P8_RC
I3DA	I3DA
I3DA	I181
I3DA	I6PX
I3DA	IAGG_RC
I3DA	IAGG
I3DA	I181_RC
I3DA	I6PX_RC
I3DA	I3DA_RC
I5CU	I5CU
I5CU	I9HK
I5CU	I9HK_RC
I5CU	I5CU_RC
I9CE	I9CE
I9CE	I2GO
I9CE	I7ZR
I9CE	I2GO_RC
I9CE	I7ZR_RC
I9CE	I9CE_RC
IA8U	IA8U
IA8U	I1FQ_RC
IA8U	I6TD_RC
IA8U	I8GM
IA8U	I4AI
IA8U	I1BE_RC
IA8U	I3GQ_RC
IA8U	IAD7
IAVY	IAVY
IAVY	I4UP
IAVY	I2W2_RC
IAVY	I90K
IAVY	I68O_RC
IAVY	ISE_RC
IAVY	ISE
IAVY	I4UP_RC
IAVY	I2W2
IAVY	I90K_RC
IAVY	I68O
IAVY	IAVY_RC
IB0E	IB0E
IB0E	I4YD
IB0E	I61K
IB0E	I94C
IB0E	I2QK_RC
IB0E	INZ_RC
IB0E	I4YD_RC
IB0E	I61K_RC
IB0E	I2QK
IB0E	I94C_RC
IB0E	IB0E_RC
IB0E	INZ
IB0U	IB0U
IB0U	INL_RC
IB0U	I4YQ
IB0U	I61W
IB0U	I94M
IB0U	I2Q8_RC
IB0U	I2Q4
IB0U	I620_RC
IB0U	I2Q4_RC
IB0U	I620
IB0U	IB0U_RC
IB0U	INL
IBDA	IBDA
IBDA	IBM_RC
IBDA	IBM
IBDA	IBDA_RC
IBWU	IBWU
IBWU	I1MQ_RC
I4E_RC	I4E_RC
I4E_RC	I4E
IB2_RC	IB2_RC
IB2_RC	IBDU
IB2_RC	IB2
IB2_RC	IBDU_RC
IHA_RC	IHA_RC
IHA_RC	IHA
ILQ_RC	ILQ_RC
ILQ_RC	IB2Q
ILQ_RC	I96L
ILQ_RC	I2O6_RC
ILQ_RC	I50O
ILQ_RC	I63Y
ILQ_RC	ILQ
ILQ_RC	IB2Q_RC
ILQ_RC	I96L_RC
ILQ_RC	I2O6
ILQ_RC	I50O_RC
ILQ_RC	I63Y_RC
IUM_RC	IUM_RC
IUM_RC	IUM
IVI_RC	IVI_RC
IVI_RC	IVI
IWE_RC	IWE_RC
IWE_RC	I8VP
IWE_RC	IARP
IWE_RC	IWE
IWE_RC	I8VP_RC
IWE_RC	IARP_RC
IZI_RC	IZI_RC
IZI_RC	IAOM
IZI_RC	IZI
IZI_RC	IAOM_RC
I10U_RC	I10U_RC
I10U_RC	I4H2
I10U_RC	IB6X_RC
I10U_RC	I10U
I10U_RC	I4H2_RC
I10U_RC	IB6X
I126_RC	I126_RC
I126_RC	I126
I14U_RC	I14U_RC
I14U_RC	I14U
I19Q_RC	I19Q_RC
I19Q_RC	I19Q
I1I6_RC	I1I6_RC
I1I6_RC	I1I6
I1IM_RC	I1IM_RC
I1IM_RC	IA5W
I1IM_RC	I1IM
I1IM_RC	IA5W_RC
I1RI_RC	I1RI_RC
I1RI_RC	IBS5
I1RI_RC	I1RI
I1RI_RC	IBS5_RC
I1TQ_RC	I1TQ_RC
I1TQ_RC	I1TQ
I1UM_RC	I1UM_RC
I1UM_RC	I5OB
I1UM_RC	I9TX
I1UM_RC	I7DM_RC
I1UM_RC	I411_RC
I1UM_RC	I1UM
I1UM_RC	I5OB_RC
I1UM_RC	I9TX_RC
I1UM_RC	I7DM
I1UM_RC	I411
I1Y6_RC	I1Y6_RC
I1Y6_RC	I7H8_RC
I1Y6_RC	I2Q_RC
I1Y6_RC	I9Q4
I1Y6_RC	IBL8
I1Y6_RC	I5KG
I1Y6_RC	I1Y6
I1Y6_RC	I7H8
I1Y6_RC	I2Q
I1Y6_RC	I9Q4_RC
I1Y6_RC	IBL8_RC
I1Y6_RC	I5KG_RC
I1ZY_RC	I1ZY_RC
I1ZY_RC	I7J0_RC
I1ZY_RC	I1ZY
I1ZY_RC	I7J0
I20E_RC	I20E_RC
I20E_RC	I9OO
I20E_RC	I7JG_RC
I20E_RC	I20E
I20E_RC	I9OO_RC
I20E_RC	I7JG
I29Q_RC	I29Q_RC
I29Q_RC	I9FR
I29Q_RC	I7ST_RC
I29Q_RC	IBAZ
I29Q_RC	IDD_RC
I29Q_RC	IBAZ_RC
I29Q_RC	IDD
I29Q_RC	I5AL
I29Q_RC	I5AL_RC
I29Q_RC	I29Q
I29Q_RC	I9FR_RC
I29Q_RC	I7ST
I2CE_RC	I2CE_RC
I2CE_RC	I7VH_RC
I2CE_RC	I2CE
I2CE_RC	I7VH
I2CU_RC	I2CU_RC
I2CU_RC	I7VX_RC
I2CU_RC	I2CU
I2CU_RC	I7VX
I2DA_RC	I2DA_RC
I2DA_RC	I7WD_RC
I2DA_RC	I2DA
I2DA_RC	I7WD
I2DQ_RC	I2DQ_RC
I2DQ_RC	I7WT_RC
I2DQ_RC	I2DQ
I2DQ_RC	I7WT
I2E6_RC	I2E6_RC
I2E6_RC	I7X9_RC
I2E6_RC	I2E6
I2E6_RC	I7X9
I2EM_RC	I2EM_RC
I2EM_RC	I7XP_RC
I2EM_RC	I2EM
I2EM_RC	I7XP
I2F2_RC	I2F2_RC
I2F2_RC	I7Y5_RC
I2F2_RC	I2F2
I2F2_RC	I7Y5
I2FI_RC	I2FI_RC
I2FI_RC	I582
I2FI_RC	I7YL_RC
I2FI_RC	I2FI
I2FI_RC	I5PU
I2FI_RC	I582_RC
I2FI_RC	I7YL
I2HQ_RC	I2HQ_RC
I2HQ_RC	I80T_RC
I2HQ_RC	I2HQ
I2HQ_RC	I80T
I2I6_RC	I2I6_RC
I2I6_RC	I819_RC
I2I6_RC	I2I6
I2I6_RC	I819
I2IM_RC	I2IM_RC
I2IM_RC	I8K_RC
I2IM_RC	I4SM_RC
I2IM_RC	I9KO
I2IM_RC	I81P_RC
I2IM_RC	IATI_RC
I2IM_RC	I2IM
I2IM_RC	I8K
I2IM_RC	I4SM
I2IM_RC	IATI
I2IM_RC	I9KO_RC
I2IM_RC	I81P
I2J2_RC	I2J2_RC
I2J2_RC	I825_RC
I2J2_RC	I2J2
I2J2_RC	I825
I2KU_RC	I2KU_RC
I2KU_RC	I83X_RC
I2KU_RC	I2KU
I2KU_RC	I83X
I2VI_RC	I2VI_RC
I2VI_RC	I684_RC
I2VI_RC	I2VI
I2VI_RC	I684
I2YM_RC	I2YM_RC
I2YM_RC	I6B9_RC
I2YM_RC	I2YM
I2YM_RC	I6B9
I2Z2_RC	I2Z2_RC
I2Z2_RC	I6BP_RC
I2Z2_RC	I2Z2
I2Z2_RC	I6BP
I2ZY_RC	I2ZY_RC
I2ZY_RC	I6CL_RC
I2ZY_RC	I6CM_RC
I2ZY_RC	I4RQ_RC
I2ZY_RC	I4S5_RC
I2ZY_RC	IASW
I2ZY_RC	IVA_RC
I2ZY_RC	I2ZY
I2ZY_RC	I6CL
I2ZY_RC	I6CM
I2ZY_RC	I4RQ
I2ZY_RC	I4S5
I2ZY_RC	IASW_RC
I2ZY_RC	IVA
I32M_RC	I32M_RC
I32M_RC	I6F9_RC
I366_RC	I366_RC
I366_RC	I6IT_RC
I366_RC	I366
I366_RC	I6IT
I3A6_RC	I3A6_RC
I3A6_RC	I6MT_RC
I3A6_RC	I3A6
I3A6_RC	I6MT
I3F2_RC	I3F2_RC
I3F2_RC	I6RP_RC
I3F2_RC	I3F2
I3F2_RC	I6RP
I3KE_RC	I3KE_RC
I3KE_RC	I6XG_RC
I3KE_RC	I3KE
I3KE_RC	I6XG
I3NY_RC	I3NY_RC
I3NY_RC	I70Y_RC
I3NY_RC	I1IP_RC
I3NY_RC	IA5T
I3NY_RC	I70Y
I3NY_RC	I1IP
I3NY_RC	IA5T_RC
I3NY_RC	IA5U_RC
I3NY_RC	I3NY
I3NY_RC	I1IO
I3NY_RC	I1IO_RC
I3NY_RC	IA5U
I3PA_RC	I3PA_RC
I3PA_RC	I72A_RC
I3PA_RC	I3PA
I3PA_RC	I72A
I3PQ_RC	I3PQ_RC
I3PQ_RC	I87L
I3PQ_RC	I72Q_RC
I3PQ_RC	I3PQ
I3PQ_RC	I87L_RC
I3PQ_RC	I72Q
I3SU_RC	I3SU_RC
I3SU_RC	I75U_RC
I3SU_RC	I3SU
I3SU_RC	I75U
I3VI_RC	I3VI_RC
I3VI_RC	I6UA
I3VI_RC	I3VI
I3VI_RC	I6UA_RC
I45A_RC	I45A_RC
I45A_RC	I45A
I45Q_RC	I45Q_RC
I45Q_RC	I3LK
I45Q_RC	IA88_RC
I45Q_RC	I8BU_RC
I45Q_RC	I1GC
I45Q_RC	I6YM
I45Q_RC	I45Q
I45Q_RC	IA88
I45Q_RC	I3LK_RC
I45Q_RC	I8BU
I45Q_RC	I1GC_RC
I45Q_RC	I6YM_RC
I466_RC	I466_RC
I466_RC	I466
I472_RC	I472_RC
I472_RC	IA9K_RC
I472_RC	I8D1_RC
I472_RC	I3K9
I472_RC	I1F0
I472_RC	I6XB
I472_RC	I472
I472_RC	IA9K
I472_RC	I8D1
I472_RC	I3K9_RC
I472_RC	I1F0_RC
I472_RC	I6XB_RC
I48E_RC	I48E_RC
I48E_RC	I8EA_RC
I48E_RC	I1DT
I48E_RC	I6W5
I48E_RC	IAAT_RC
I48E_RC	I3J3
I48E_RC	I48E
I48E_RC	I8EA
I48E_RC	I1DT_RC
I48E_RC	IAAT
I48E_RC	I6W5_RC
I48E_RC	I3J3_RC
I4BI_RC	I4BI_RC
I4BI_RC	I4BI
I4CE_RC	I4CE_RC
I4CE_RC	I8IH_RC
I4CE_RC	I4CE
I4CE_RC	I8IH
I4EM_RC	I4EM_RC
I4EM_RC	I4EM
I4FY_RC	I4FY_RC
I4FY_RC	IAI9_RC
I4FY_RC	IAIA_RC
I4FY_RC	I6O4
I4FY_RC	I6O5
I4FY_RC	I8MD_RC
I4FY_RC	I3BH
I4FY_RC	I166
I4FY_RC	I3BI
I4FY_RC	I167
I4FY_RC	I4FY
I4FY_RC	IAI9
I4FY_RC	IAIA
I4FY_RC	I6O4_RC
I4FY_RC	I8MD
I4FY_RC	I6O5_RC
I4FY_RC	I3BH_RC
I4FY_RC	I166_RC
I4FY_RC	I3BI_RC
I4FY_RC	I167_RC
I4HA_RC	I4HA_RC
I4HA_RC	I4HA
I4I6_RC	I4I6_RC
I4I6_RC	I4I6
I4LQ_RC	I4LQ_RC
I4LQ_RC	I4LQ
I4RY_RC	I4RY_RC
I4RY_RC	I4RY
I4Z2_RC	I4Z2_RC
I4Z2_RC	I4YW_RC
I4Z2_RC	I4Z2
I4Z2_RC	I4YW
I4ZY_RC	I4ZY_RC
I4ZY_RC	I4ZY
I55A_RC	I55A_RC
I55A_RC	I55A
I55Q_RC	I55Q_RC
I55Q_RC	I2CX
I55Q_RC	I7W1
I55Q_RC	I2CY
I55Q_RC	I6F6_RC
I55Q_RC	I7QV
I55Q_RC	I27S
I55Q_RC	I32J_RC
I55Q_RC	I55Q
I55Q_RC	I2CX_RC
I55Q_RC	I7W1_RC
I55Q_RC	I6F6
I55Q_RC	I2CY_RC
I55Q_RC	I7QV_RC
I55Q_RC	I27S_RC
I55Q_RC	I32J
I57I_RC	I57I_RC
I57I_RC	I57I
I57Y_RC	I57Y_RC
I57Y_RC	I57Y
I5EM_RC	I5EM_RC
I5EM_RC	I5EM
I5JY_RC	I5JY_RC
I5JY_RC	I5JY
I5MM_RC	I5MM_RC
I5MM_RC	I7F5
I5MM_RC	IBND_RC
I5MM_RC	I9SD_RC
I5NI_RC	I5NI_RC
I5NI_RC	I5NI
I5PQ_RC	I5PQ_RC
I5PQ_RC	I8IW_RC
I5PQ_RC	I8IV_RC
I5PQ_RC	I5PQ
I5PQ_RC	I8IW
I5PQ_RC	I8IV
I5Q6_RC	I5Q6_RC
I5Q6_RC	I5Q6
I5QM_RC	I5QM_RC
I5QM_RC	I581
I5QM_RC	I5QM
I5QM_RC	I581_RC
I5R2_RC	I5R2_RC
I5R2_RC	I1TA
I5R2_RC	I1TA_RC
I5R2_RC	I5R2
I5TA_RC	I5TA_RC
I5TA_RC	I3XJ
I5TA_RC	I1QX
I5TA_RC	IBSP_RC
I5TA_RC	I7A4
I5TA_RC	I9XA_RC
I5TA_RC	I5TA
I5TA_RC	I3XJ_RC
I5TA_RC	IBSP
I5TA_RC	I1QX_RC
I5TA_RC	I7A4_RC
I5TA_RC	I9XA
I5U6_RC	I5U6_RC
I5U6_RC	I5U6
I5UM_RC	I5UM_RC
I5UM_RC	I5UM
I5Z2_RC	I5Z2_RC
I5Z2_RC	I5Z2
I60U_RC	I60U_RC
I60U_RC	I2RB
I60U_RC	I60U
I60U_RC	I2RB_RC
I6AM_RC	I6AM_RC
I6AM_RC	I2XZ_RC
I6AM_RC	I6AM
I6AM_RC	I2XZ
I6CE_RC	I6CE_RC
I6CE_RC	I2ZR_RC
I6CE_RC	I6CE
I6CE_RC	I2ZR
I6E6_RC	I6E6_RC
I6E6_RC	I31I_RC
I6E6_RC	I6E6
I6E6_RC	I31I
I6F2_RC	I6F2_RC
I6F2_RC	I32F_RC
I6F2_RC	I6F2
I6F2_RC	I32F
I6JY_RC	I6JY_RC
I6JY_RC	I37B_RC
I6JY_RC	I4K6
I6JY_RC	IAM3
I6JY_RC	I128_RC
I6JY_RC	I6JY
I6JY_RC	I37B
I6KU_RC	I6KU_RC
I6KU_RC	I387_RC
I6KU_RC	I6KU
I6KU_RC	I387
I6OE_RC	I6OE_RC
I6OE_RC	I3BR_RC
I6OE_RC	I6OE
I6OE_RC	I3BR
I6Q6_RC	I6Q6_RC
I6Q6_RC	I3DJ_RC
I6Q6_RC	I6Q6
I6Q6_RC	I3DJ
I6RY_RC	I6RY_RC
I6RY_RC	I3FB_RC
I6RY_RC	I6RY
I6RY_RC	I3FB
I726_RC	I726_RC
I726_RC	I3P6_RC
I726_RC	I726
I726_RC	I3P6
I72M_RC	I72M_RC
I72M_RC	I3PM_RC
I72M_RC	I72M
I72M_RC	I3PM
I7CU_RC	I7CU_RC
I7CU_RC	I9UQ
I7CU_RC	I409_RC
I7CU_RC	I7CU
I7CU_RC	I9UQ_RC
I7CU_RC	I409
I7LA_RC	I7LA_RC
I7LA_RC	I9N3
I7LA_RC	I228_RC
I7LA_RC	I7LA
I7LA_RC	I9N3_RC
I7LA_RC	I228
I7NY_RC	I7NY_RC
I7NY_RC	IBFO
I7NY_RC	I9JW
I7NY_RC	I98_RC
I7NY_RC	I24V_RC
I7NY_RC	I7NY
I7NY_RC	IBFO_RC
I7NY_RC	I98
I7NY_RC	I9JW_RC
I7NY_RC	I24V
I7Q6_RC	I7Q6_RC
I7Q6_RC	I9HQ
I7Q6_RC	I273_RC
I7Q6_RC	I7Q6
I7Q6_RC	I9HQ_RC
I7Q6_RC	I273
I7RI_RC	I7RI_RC
I7RI_RC	I9H0
I7RI_RC	IC7_RC
I7RI_RC	IBCP
I7RI_RC	I5CA
I7RI_RC	I28F_RC
I7RI_RC	I7RI
I7RI_RC	I9H0_RC
I7RI_RC	IC7
I7RI_RC	IBCP_RC
I7RI_RC	I5CA_RC
I7RI_RC	I28F
I83I_RC	I83I_RC
I83I_RC	I997
I83I_RC	I2KF_RC
I83I_RC	I83I
I83I_RC	I997_RC
I83I_RC	I2KF
I83I_RC	I998_RC
I83I_RC	I538
I83I_RC	I539_RC
I83I_RC	IB53_RC
I83I_RC	I8O8_RC
I83I_RC	I8KQ
I83I_RC	IA6Z
I83I_RC	I9GS
I83I_RC	IJ2
I87Y_RC	I87Y_RC
I87Y_RC	I87Y
I88E_RC	I88E_RC
I88E_RC	I88E
I8HA_RC	I8HA_RC
I8HA_RC	I4B9_RC
I8HA_RC	I8HA
I8HA_RC	I4B9
I8HQ_RC	I8HQ_RC
I8HQ_RC	I4BP_RC
I8HQ_RC	I8HQ
I8HQ_RC	I4BP
I8I6_RC	I8I6_RC
I8I6_RC	I19W
I8I6_RC	I4C5_RC
I8I6_RC	I8I6
I8I6_RC	I19W_RC
I8I6_RC	I4C5
I8J2_RC	I8J2_RC
I8J2_RC	I8J2
I8JI_RC	I8JI_RC
I8JI_RC	I4CO_RC
I8JI_RC	I8JI
I8JI_RC	I4CO
I8NI_RC	I8NI_RC
I8NI_RC	I8NI
I8WU_RC	I8WU_RC
I8WU_RC	I8WU
I8XA_RC	I8XA_RC
I8XA_RC	I4R1_RC
I8XA_RC	I4R2_RC
I8XA_RC	I8XA
I8XA_RC	I4R1
I8XA_RC	I4R2
I972_RC	I972_RC
I972_RC	I972
I97Y_RC	I97Y_RC
I97Y_RC	I51F_RC
I97Y_RC	IKB
I97Y_RC	IB3V_RC
I97Y_RC	I2MM
I97Y_RC	I85Q
I97Y_RC	I97Y
I97Y_RC	I51F
I97Y_RC	IB3V
I97Y_RC	IKB_RC
I97Y_RC	I2MM_RC
I97Y_RC	I85Q_RC
I9A6_RC	I9A6_RC
I9A6_RC	I9A6
I9B2_RC	I9B2_RC
I9B2_RC	IB6A_RC
I9B2_RC	IHW
I9B2_RC	I82D
I9B2_RC	I2JA
I9B2_RC	I549_RC
I9B2_RC	I9B2
I9B2_RC	IB6A
I9B2_RC	IHW_RC
I9B2_RC	I82D_RC
I9B2_RC	I2JA_RC
I9B2_RC	I549
I9BI_RC	I9BI_RC
I9BI_RC	I9BI
I9F2_RC	I9F2_RC
I9F2_RC	I9F2
I9I6_RC	I9I6_RC
I9I6_RC	I5D7_RC
I9I6_RC	I9I6
I9I6_RC	I5D7
I9QM_RC	I9QM_RC
I9QM_RC	I9QM
I3A7_RC	I3A7_RC
I3A7_RC	I6MU_RC
I3A7_RC	I3A7
I3A7_RC	I6MU
I3IN_RC	I3IN_RC
I3IN_RC	I8EQ
I3IN_RC	I6VP_RC
I3IN_RC	I3IN
I3IN_RC	I8EQ_RC
I3IN_RC	I6VP
I3PB_RC	I3PB_RC
I3PB_RC	I72B_RC
I3PB_RC	I3PB
I3PB_RC	I72B
I3QN_RC	I3QN_RC
I3QN_RC	I73N_RC
I3QN_RC	I3QN
I3QN_RC	I73N
I3SV_RC	I3SV_RC
I3SV_RC	I75V_RC
I3SV_RC	IA1I
I3SV_RC	I3SV
I3SV_RC	I75V
I3SV_RC	IA1I_RC
I3VJ_RC	I3VJ_RC
I3VJ_RC	I6U9
I3VJ_RC	I3VJ
I3VJ_RC	I6U9_RC
I467_RC	I467_RC
I467_RC	I467
I49B_RC	I49B_RC
I49B_RC	I8F8_RC
I49B_RC	I6V7
I49B_RC	IABU_RC
I49B_RC	I1CS
I49B_RC	I3I5
I49B_RC	I49B
I49B_RC	I8F8
I49B_RC	I6V7_RC
I49B_RC	IABU
I49B_RC	I1CS_RC
I49B_RC	I3I5_RC
I4DR_RC	I4DR_RC
I4DR_RC	I4DR
I4EN_RC	I4EN_RC
I4EN_RC	I4EN
I6O8_RC	I6O8_RC
I6O8_RC	I3BL_RC
I6O8_RC	I8M9
I6O8_RC	I6O8
I6O8_RC	I3BL
I6O8_RC	I8M9_RC
I6QG_RC	I6QG_RC
I6QG_RC	I3DT_RC
I6QG_RC	I6QG
I6QG_RC	I3DT
I6UG_RC	I6UG_RC
I6UG_RC	I3VC
I6UG_RC	I3VC_RC
I6UG_RC	I6UG
I6YW_RC	I6YW_RC
I6YW_RC	I3LU_RC
I6YW_RC	I6YW
I6YW_RC	I3LU
I720_RC	I720_RC
I720_RC	I3P0_RC
I720_RC	I720
I720_RC	I3P0
I72G_RC	I72G_RC
I72G_RC	I3PG_RC
I72G_RC	I72G
I72G_RC	I3PG
I72W_RC	I72W_RC
I72W_RC	I3PW_RC
I72W_RC	I87F
I72W_RC	I72W
I72W_RC	I3PW
I72W_RC	I87F_RC
I74O_RC	I74O_RC
I74O_RC	I3RO_RC
I74O_RC	I3RO
I74O_RC	IA2U_RC
I74O_RC	I1LJ
I74O_RC	I74O
I74O_RC	IBY1_RC
I74O_RC	I5YZ_RC
I74O_RC	IA2U
I74O_RC	I1LJ_RC
I74O_RC	IBY1
I74O_RC	I5YZ
I79K_RC	I79K_RC
I79K_RC	I3WZ_RC
I79K_RC	I79K
I79K_RC	I3WZ
I7CO_RC	I7CO_RC
I7CO_RC	I403_RC
I7CO_RC	I7CO
I7CO_RC	I403
I7JC_RC	I7JC_RC
I7JC_RC	I5IW
I7JC_RC	I20A_RC
I7JC_RC	I9OR
I7JC_RC	I7JC
I7JC_RC	I5IW_RC
I7JC_RC	I20A
I7JC_RC	I9OR_RC
I7O8_RC	I7O8_RC
I7O8_RC	I9JN
I7O8_RC	I255_RC
I7O8_RC	I7O8
I7O8_RC	I9JN_RC
I7O8_RC	I255
I7O8_RC	IBFE
I7O8_RC	I9I_RC
I7O8_RC	IBFE_RC
I7O8_RC	I9I
I7QW_RC	I7QW_RC
I7QW_RC	I8WL_RC
I7QW_RC	I27T_RC
I7QW_RC	I7QW
I7QW_RC	I8WL
I7QW_RC	I27T
I7QW_RC	I4LL
I7RS_RC	I7RS_RC
I7RS_RC	I28P_RC
I7RS_RC	I9GQ
I7RS_RC	I5C0
I7RS_RC	IBCG
I7RS_RC	ICG_RC
I7RS_RC	I7RS
I7RS_RC	I28P
I7RS_RC	I9GQ_RC
I7RS_RC	ICG
I7RS_RC	I5C0_RC
I7RS_RC	IBCG_RC
I7SO_RC	I7SO_RC
I7SO_RC	I5AP
I7SO_RC	I29L_RC
I7SO_RC	I9FU
I7SO_RC	ID9_RC
I7SO_RC	IBB3
I7SO_RC	I7SO
I7SO_RC	I5AP_RC
I7SO_RC	I29L
I7SO_RC	I9FU_RC
I7SO_RC	ID9
I7SO_RC	IBB3_RC
I1V3	I1V3
I1V3	I9TG_RC
I1V3	I5NQ_RC
I1V3	I41K
I1V3	I7E5
I1V3	IBOF_RC
I1V3	I7I9
I1V3	I9LE_RC
I1V3	I1Z7
I1V3	I3E
I1V3	I5JK_RC
I1V3	I35T_RC
I1V3	I1N5_RC
I1V3	I76B_RC
I1V3	IANQ
I1V3	IA14
I1V3	I6IG_RC
I1V3	I5X5
I1V3	I4M5
I1V3	I10E_RC
I1V3	IBWF
I1V3	I3TB_RC
I1V3	I7S7
I1V3	IBC2_RC
I1V3	I5BN_RC
I1V3	I294
I1V3	I9GB_RC
I1V3	ICU
I1V3	I780
I1V3	IBUS_RC
I1V3	I3V0
I1V3	I7I9_RC
I1V3	I1Z7_RC
I1V3	I3E_RC
I1V3	I5JK
I1V3	I9VO
I1V3	IBKN
I1V3	I3B_RC
I1V3	I7I6_RC
I1V3	I1Z4_RC
I1V3	I1V3_RC
I1V3	I9TG
I1V3	I41K_RC
I1V3	I58O_RC
I1V3	I7E5_RC
I1V3	I343
I1V3	IAPG_RC
I1V3	I4NR_RC
I1V3	I8TJ_RC
I1V3	I6GQ
I1V3	IYO
I1V3	I9N9
I1V3	I5HH
I1V3	I64_RC
I1V3	I7L4_RC
I1V3	I222_RC
I1V3	IBIM
I1V3	IBTH_RC
I1V3	I9XZ_RC
I1V3	I1Q5
I1V3	I4IV
I1V3	I3SA_RC
I1V3	IA22
I1V3	I5Y5
I1V3	I75A_RC
I1V3	I1M5_RC
I1V3	IBXF
I2CV	I2CV
I2CV	IAN9
I2CV	I8WC
I2CV	I4LA
I2CV	I7VY
I2CV	I27P
I2CV	I7QS
I2CV	I27P_RC
I2CV	I7QS_RC
I2CV	I4LA_RC
I2CV	IAN9_RC
I2CV	I8WC_RC
I2CV	I7VY_RC
I2CV	I2CV_RC
I2VJ	I2VJ
I2VJ	I685
I2VJ	IAWF
I2VJ	I4V7
I2VJ	I912
I2VJ	IRX_RC
I2VJ	I2VJ_RC
I2VJ	I685_RC
I2VJ	IAWF_RC
I2VJ	I4V7_RC
I2VJ	I912_RC
I2VJ	IRX
I3F3	I3F3
I3F3	I6RQ
I3F3	I6RQ_RC
I3F3	I3F3_RC
I4OF	I4OF
I527	I527
I527	I2LP_RC
I527	I98X
I527	IB4R
I527	IJF_RC
I527	I84T_RC
I527	I527_RC
I527	I2LP
I527	I98X_RC
I527	IJF
I527	IB4R_RC
I527	I84T
I527	I4RK_RC
I64V	I64V
I64V	I2S9
I64V	I2KS
I64V	I83V
I64V	I2KS_RC
I64V	I83V_RC
I64V	I64V_RC
I64V	I2S9_RC
IBMG_RC	IBMG_RC
IBMG_RC	I7IA
IBMG_RC	I1Z8
IBMG_RC	I9LG
IBMG_RC	I5FQ
IBMG_RC	I5JJ_RC
IBMG_RC	I2A
IBMG_RC	I9QK_RC
IBMG_RC	IBLO_RC
IBMG_RC	IAFR_RC
IBMG_RC	I18N
IBMG_RC	I1X0
IBMG_RC	I7G2
IBMG_RC	I1I
IBMG_RC	I9RF_RC
IBMG_RC	I3VR
IBMG_RC	I3X1
IBMG_RC	I1P2
IBMG_RC	I1QF
IBMG_RC	I79M
IBMG_RC	I9YZ_RC
IBMG_RC	IBT7_RC
IBMG_RC	IBUJ_RC
IBMG_RC	I78C
IBMG_RC	I5TQ_RC
IBMG_RC	I9XQ_RC
IBMG_RC	I5V3_RC
IBMG_RC	I1Z8_RC
IBMG_RC	I7IA_RC
IBP4_RC	IBP4_RC
IBP4_RC	I5OV_RC
IBP4_RC	IBP4
IBP4_RC	I5OV
IBP4_RC	I7D4_RC
IBP4_RC	I40J_RC
IBP4_RC	I1U5_RC
IBP4_RC	I9UE
IBQ0_RC	IBQ0_RC
IBQ0_RC	IBQ0
IBRC_RC	IBRC_RC
IBRC_RC	I1SB
IBRC_RC	I3YZ
IBRC_RC	I5RV_RC
IBRC_RC	I9VW_RC
IBRC_RC	I7BK
IBRC_RC	IBRC
IBRC_RC	I5RV
IBRC_RC	I1SB_RC
IBRC_RC	I3YZ_RC
IBRC_RC	I9VW
IBRC_RC	I7BK_RC
IBRS_RC	IBRS_RC
IBRS_RC	I3YH
IBRS_RC	I1RV
IBRS_RC	I7B2
IBRS_RC	I5SE_RC
IBRS_RC	I9WE_RC
IBRS_RC	IBRS
IBRS_RC	I3YH_RC
IBRS_RC	I1RV_RC
IBRS_RC	I5SE
IBRS_RC	I9WE
IBRS_RC	I7B2_RC
IBTK_RC	IBTK_RC
IBTK_RC	I3WP
IBTK_RC	I1Q2
IBTK_RC	I9Y2_RC
IBTK_RC	I5U4_RC
IBTK_RC	I79A
IBTK_RC	IBTK
IBTK_RC	I3WP_RC
IBTK_RC	I9Y2
IBTK_RC	I1Q2_RC
IBTK_RC	I5U4
IBTK_RC	I79A_RC
IBU0_RC	IBU0_RC
IBU0_RC	I3W9
IBU0_RC	I9YH_RC
IBU0_RC	I1PM
IBU0_RC	I78U
IBU0_RC	I5UN_RC
IBU0_RC	IBU0
IBU0_RC	I9YH
IBU0_RC	I3W9_RC
IBU0_RC	I1PM_RC
IBU0_RC	I78U_RC
IBU0_RC	I5UN
IBUG_RC	IBUG_RC
IBUG_RC	I9YW_RC
IBUG_RC	I1P5
IBUG_RC	I3VU
IBUG_RC	I5V0_RC
IBUG_RC	I78F
IBUG_RC	IBUG
IBUG_RC	I9YW
IBUG_RC	I1P5_RC
IBUG_RC	I3VU_RC
IBUG_RC	I5V0
IBUG_RC	I78F_RC
I3T	I3T
I3T	I152_RC
I2DC	I2DC
I2DC	I7WF
I4RK	I4RK
I6K0	I6K0
I6K0	I4K4_RC
I6K0	I37D
I6K0	I4K4
I6K0	I37D_RC
I6K0	I6K0_RC
I6K0	IAM1
I6K0	I12A_RC
I6K0	IAM1_RC
I6K0	I12A
I6O0	I6O0
I6O0	I3BD
I8A8	I8A8
I8A8	I8A9
I8A8	I3N5_RC
I8A8	I1HU_RC
I8A8	I705_RC
I8A8	I448
I8A8	I8A6
I8A8	IA6N
I8A8	I44A
I8A8	I1HT_RC
I8A8	I8AA
I8A8	I704_RC
I8A8	I449
I8A8	I99M
I8A8	I8A7
I8A8	IA6O
I8A8	I3N4_RC
I8A8	I1HU
I8A8	I448_RC
I8A8	I8A6_RC
I8A8	IA6N_RC
I8A8	I705
I8A8	I3N5
I8A8	I44A_RC
I8A8	I8AA_RC
I8A8	I449_RC
I8A8	I99M_RC
I8A8	I8A7_RC
I8A8	I8A9_RC
I8A8	I1HT
I8A8	I704
I8A8	I3N4
I8A8	I8A8_RC
I8A8	IA6O_RC
IBK0	IBK0
IBK0	I4N_RC
IBK0	I20D
IBK0	I5IU_RC
IBK0	I9OP_RC
IBK0	I7JF
IBK0	I20D_RC
IBK0	I5IU
IBK0	I9OP
IBK0	I7JF_RC
IBK0	IBK0_RC
IBK0	I4N
IBKW	IBKW
IBKW	IA35
IBKW	I5K4
IBKW	I4I1_RC
IBKW	I5Y2
IBKW	I47V_RC
IBKW	I5VX
IBKW	I5VI
IBKW	I9ZY
IBKW	I1M8_RC
IBKW	I7HM_RC
IBKW	I75D_RC
IBKW	I6LW
IBKW	IAK4_RC
IBKW	I6WL
IBKW	IAAD_RC
IBKW	IAK5_RC
IBKW	I146
IBKW	I3RA_RC
IBKW	IBVC
IBKW	I1O8_RC
IBKW	IBVD
IBKW	I3UH_RC
IBKW	I3UX_RC
IBKW	I74A_RC
IBKW	I1YK_RC
IBKW	I399
IBKW	I3SD_RC
IBKW	I77H_RC
IBKW	I77X_RC
IBKW	I3JJ
IBKW	I32_RC
IBKW	I1E9
IBKW	I1L4_RC
IBKW	I1OP_RC
IBKW	I9ZJ
IBKW	I5ZB
IBKW	IA1Z
IBKW	I8DR_RC
IBKW	I8OC_RC
IBKW	I9PS
IBKW	I47W_RC
IBKW	I8DS_RC
IBKW	IBXC
IBKW	I6WK
IBKW	IAAC_RC
IBKW	IAAE_RC
IBKW	I147
IBKW	IBYF
IBKW	I1O7_RC
IBKW	IBUW
IBKW	I1OO_RC
IBKW	I3JI
IBKW	I1E8
IBKW	I7HM
IBKW	I75D
IBKW	IAK4
IBKW	I6LW_RC
IBKW	IAAD
IBKW	IAK5
IBKW	I6WL_RC
IBKW	I3RA
IBKW	I146_RC
IBKW	I1O8
IBKW	IBVC_RC
IBKW	I3UH
IBKW	I3UX
IBKW	IBVD_RC
IBKW	I74A
IBKW	I1YK
IBKW	I3SD
IBKW	I77H
IBKW	I77X
IBKW	I399_RC
IBKW	I3JJ_RC
IBKW	I32
IBKW	I1E9_RC
IBKW	I1L4
IBKW	I1OP
IBKW	I8DR
IBKW	I8OC
IBKW	I9ZJ_RC
IBKW	I5ZB_RC
IBKW	IA1Z_RC
IBKW	I9PS_RC
IBKW	I47W
IBKW	I8DS
IBKW	IBKW_RC
IBKW	IA35_RC
IBKW	I5K4_RC
IBKW	I4I1
IBKW	I5Y2_RC
IBKW	I47V
IBKW	I5VX_RC
IBKW	I5VI_RC
IBKW	I9ZY_RC
IBKW	I1M8
IBKW	IBXC_RC
IBKW	IAAC
IBKW	I6WK_RC
IBKW	IAAE
IBKW	I1O7
IBKW	I147_RC
IBKW	IBYF_RC
IBKW	I1OO
IBKW	IBUW_RC
IBKW	I3JI_RC
IBKW	I1E8_RC
IBVK	IBVK
IBVK	I3UA_RC
IBVK	I5W6
IBVK	I77A_RC
IBVK	IA07
IBVK	I1O0_RC
IBY8	IBY8
IBY8	I74H_RC
IBY8	I3RH_RC
IBY8	I1LC_RC
IBY8	I1LC
IBY8	I74H
IBY8	I3RH
IBY8	IBY8_RC
I40_RC	I40_RC
I40_RC	I40
I4G_RC	I4G_RC
I4G_RC	I4G
I4W_RC	I4W_RC
I4W_RC	IBJR
I4W_RC	IBJR_RC
I4W_RC	I5IH_RC
I4W_RC	I7JU
I4W_RC	I20S
I4W_RC	I9OE_RC
I4W_RC	I4W
IHC_RC	IHC_RC
IHC_RC	IHC
INK_RC	INK_RC
INK_RC	IB0V
INK_RC	I621
INK_RC	I4Z5
INK_RC	I94Q
INK_RC	I2Q3_RC
IOG_RC	IOG_RC
IOG_RC	IAZW
IOG_RC	IOG
IOG_RC	IAZW_RC
IR4_RC	IR4_RC
IR4_RC	IAX8
IR4_RC	I4VW
IR4_RC	IR5_RC
IR4_RC	I2UQ_RC
IR4_RC	I67C_RC
IR4_RC	IAX7
IR4_RC	I91S
IR4_RC	IR4
IR4_RC	IAX8_RC
IR4_RC	I4VW_RC
IR4_RC	IR5
IR4_RC	I2UQ
IR4_RC	I67C
IR4_RC	IAX7_RC
IR4_RC	I91S_RC
I10W_RC	I10W_RC
I10W_RC	IAN7
I10W_RC	I4L8
I10W_RC	I10W
I10W_RC	IAN7_RC
I10W_RC	I4L8_RC
I14W_RC	I14W_RC
I14W_RC	I14W
I180_RC	I180_RC
I180_RC	IAGH
I180_RC	I180
I180_RC	IAGH_RC
I18G_RC	I18G_RC
I18G_RC	IAFY
I18G_RC	I18G
I18G_RC	IAFY_RC
I19S_RC	I19S_RC
I19S_RC	I8IA
I19S_RC	I4C9
I19S_RC	I19S
I19S_RC	I8IA_RC
I19S_RC	I4C9_RC
I1DC_RC	I1DC_RC
I1DC_RC	IABA
I1DC_RC	I1DC
I1DC_RC	IABA_RC
I1PC_RC	I1PC_RC
I1PC_RC	I1PC
I1TC_RC	I1TC_RC
I1TC_RC	I5R0
I1TC_RC	I1TC
I1TC_RC	I5R0_RC
I1TS_RC	I1TS_RC
I1TS_RC	I1TS
I1UO_RC	I1UO_RC
I1UO_RC	I5O9
I1UO_RC	I1UO
I1UO_RC	I5O9_RC
I1ZK_RC	I1ZK_RC
I1ZK_RC	I7IM_RC
I1ZK_RC	I1ZK
I1ZK_RC	I7IM
I200_RC	I200_RC
I200_RC	I7J2_RC
I200_RC	I200
I200_RC	I7J2
I20W_RC	I20W_RC
I20W_RC	I5ID
I20W_RC	I7JY_RC
I20W_RC	I20W
I20W_RC	I5ID_RC
I20W_RC	I7JY
I21C_RC	I21C_RC
I21C_RC	I5D_RC
I21C_RC	IBJA
I21C_RC	I9NY
I21C_RC	I7KE_RC
I21C_RC	I21C
I21C_RC	I5D
I21C_RC	IBJA_RC
I21C_RC	I7KE
I21C_RC	I9NY_RC
I280_RC	I280_RC
I280_RC	I7R3_RC
I280_RC	I280
I280_RC	I7R3
I29S_RC	I29S_RC
I29S_RC	I9FP
I29S_RC	I7SV_RC
I29S_RC	I29S
I29S_RC	I9FP_RC
I29S_RC	I7SV
I2CW_RC	I2CW_RC
I2CW_RC	I7VZ_RC
I2CW_RC	I2CW
I2CW_RC	I7VZ
I2DS_RC	I2DS_RC
I2DS_RC	I7WV_RC
I2DS_RC	I2DS
I2DS_RC	I7WV
I2E8_RC	I2E8_RC
I2E8_RC	I7XB_RC
I2E8_RC	I2E8
I2E8_RC	I7XB
I2EO_RC	I2EO_RC
I2EO_RC	I7XR_RC
I2EO_RC	I2EO
I2EO_RC	I7XR
I2F4_RC	I2F4_RC
I2F4_RC	I7Y7_RC
I2F4_RC	I2F4
I2F4_RC	I7Y7
I2FK_RC	I2FK_RC
I2FK_RC	I7YN_RC
I2FK_RC	I2FK
I2FK_RC	I7YN
I2I8_RC	I2I8_RC
I2I8_RC	I81B_RC
I2I8_RC	I2I8
I2I8_RC	I81B
I2IO_RC	I2IO_RC
I2IO_RC	I81R_RC
I2IO_RC	I2IO
I2IO_RC	I81R
I2J4_RC	I2J4_RC
I2J4_RC	I827_RC
I2J4_RC	I2J4
I2J4_RC	I827
I2KW_RC	I2KW_RC
I2KW_RC	I83Z_RC
I2KW_RC	I2KW
I2KW_RC	I83Z
I2TC_RC	I2TC_RC
I2TC_RC	I65Y_RC
I2TC_RC	I936
I2TC_RC	I4X9
I2TC_RC	IAYM
I2TC_RC	IPQ_RC
I2TC_RC	I2TC
I2TC_RC	I65Y
I2TC_RC	I936_RC
I2TC_RC	I4X9_RC
I2TC_RC	IPQ
I2TC_RC	IAYM_RC
I328_RC	I328_RC
I328_RC	I6EV_RC
I328_RC	I328
I328_RC	I6EV
I334_RC	I334_RC
I334_RC	I6FR_RC
I334_RC	IAQG
I334_RC	I4OQ
I334_RC	I8UI
I334_RC	IXN_RC
I334_RC	I334
I334_RC	I6FR
I334_RC	IAQG_RC
I334_RC	I4OQ_RC
I334_RC	I8UI_RC
I334_RC	IXN
I34G_RC	I34G_RC
I34G_RC	I6H3_RC
I34G_RC	I34G
I34G_RC	I6H3
I368_RC	I368_RC
I368_RC	I6IV_RC
I368_RC	I368
I368_RC	I6IV
I39S_RC	I39S_RC
I39S_RC	I6MF_RC
I39S_RC	I39S
I39S_RC	I6MF
I3A8_RC	I3A8_RC
I3A8_RC	I6MV_RC
I3A8_RC	I3A8
I3A8_RC	I6MV
I3B4_RC	I3B4_RC
I3B4_RC	I6NR_RC
I3B4_RC	I3B4
I3B4_RC	I6NR
I3BK_RC	I3BK_RC
I3BK_RC	I8MA
I3BK_RC	I6O7_RC
I3BK_RC	I3BK
I3BK_RC	I8MA_RC
I3BK_RC	I6O7
I3CG_RC	I3CG_RC
I3CG_RC	I6P3_RC
I3CG_RC	I3CG
I3CG_RC	I6P3
I3LC_RC	I3LC_RC
I3LC_RC	I6YE_RC
I3LC_RC	I3LC
I3LC_RC	I6YE
I3PC_RC	I3PC_RC
I3PC_RC	I72C_RC
I3PC_RC	I3PC
I3PC_RC	I72C
I3Q8_RC	I3Q8_RC
I3Q8_RC	I738_RC
I3Q8_RC	IA45
I3Q8_RC	I1K7_RC
I3Q8_RC	I422
I3Q8_RC	I873
I3Q8_RC	I3Q8
I3Q8_RC	I738
I3Q8_RC	IA45_RC
I3Q8_RC	I1K7
I3Q8_RC	I422_RC
I3Q8_RC	I873_RC
I400_RC	I400_RC
I400_RC	I7CL_RC
I400_RC	I400
I400_RC	I7CL
I43K_RC	I43K_RC
I43K_RC	I43K
I468_RC	I468_RC
I468_RC	I468
I4B4_RC	I4B4_RC
I4B4_RC	I4B4
I4EO_RC	I4EO_RC
I4EO_RC	I4EO
I4HC_RC	I4HC_RC
I4HC_RC	IAJH_RC
I4HC_RC	I4HC
I4HC_RC	IAJH
I4LC_RC	I4LC_RC
I4LC_RC	I8WD_RC
I4LC_RC	I4LC
I4LC_RC	I8WD
I4LS_RC	I4LS_RC
I4LS_RC	I4LS
I4PS_RC	I4PS_RC
I4PS_RC	I4PS
I4S0_RC	I4S0_RC
I4S0_RC	I4S0
I4TC_RC	I4TC_RC
I4TC_RC	I4TC
I4Z4_RC	I4Z4_RC
I4Z4_RC	I4Z4
I50W_RC	I50W_RC
I50W_RC	IB3C_RC
I50W_RC	IKV
I50W_RC	I97J_RC
I50W_RC	I2N4
I50W_RC	I868
I50W_RC	I50W
I50W_RC	IB3C
I50W_RC	I97J
I50W_RC	IKV_RC
I50W_RC	I2N4_RC
I50W_RC	I868_RC
I528_RC	I528_RC
I54G_RC	I54G_RC
I54G_RC	I54G
I54W_RC	I54W_RC
I54W_RC	I54W
I55C_RC	I55C_RC
I57K_RC	I57K_RC
I57K_RC	I57K
I580_RC	I580_RC
I580_RC	I580
I59C_RC	I59C_RC
I59C_RC	I59C
I5A8_RC	I5A8_RC
I5A8_RC	I5A8
I5B4_RC	I5B4_RC
I5B4_RC	I5B4
I5J4_RC	I5J4_RC
I5J4_RC	I5J4
I5MO_RC	I5MO_RC
I5MO_RC	I5MO
I5O0_RC	I5O0_RC
I5O0_RC	I5O0
I5OG_RC	I5OG_RC
I5OG_RC	IBOY_RC
I5OG_RC	I1UC
I5OG_RC	I40Q
I5OG_RC	I7DB
I5OG_RC	I9U7_RC
I5OG_RC	I1UC_RC
I5OG_RC	IBOY
I5OG_RC	I40Q_RC
I5OG_RC	I9U7
I5OG_RC	I7DB_RC
I5OG_RC	I5OG
I5PC_RC	I5PC_RC
I5PC_RC	I8IP_RC
I5PC_RC	I5PC
I5PC_RC	I8IP
I5PS_RC	I5PS_RC
I5PS_RC	I5PS
I5Q8_RC	I5Q8_RC
I5Q8_RC	I5Q8
I5QO_RC	I5QO_RC
I5QO_RC	I5QO
I5SG_RC	I5SG_RC
I5SG_RC	I5SG
I5TS_RC	I5TS_RC
I5TS_RC	I1QC
I5TS_RC	IBTA_RC
I5TS_RC	I9XS_RC
I5TS_RC	I5TS
I5TS_RC	I1QC_RC
I5TS_RC	IBTA
I5TS_RC	I9XS
I5WG_RC	I5WG_RC
I5WG_RC	I5WG
I5XC_RC	I5XC_RC
I5XC_RC	I5XC
I60G_RC	I60G_RC
I60G_RC	I2RP
I60G_RC	I60G
I60G_RC	I2RP_RC
I640_RC	I640_RC
I640_RC	I2O4
I640_RC	I640
I640_RC	I2O4_RC
I67K_RC	I67K_RC
I67K_RC	I2UY_RC
I67K_RC	I67K
I67K_RC	I2UY
I6AO_RC	I6AO_RC
I6AO_RC	I2Y1_RC
I6AO_RC	I6AO
I6AO_RC	I2Y1
I6DC_RC	I6DC_RC
I6DC_RC	I30O_RC
I6DC_RC	I6DC
I6DC_RC	I30O
I6FK_RC	I6FK_RC
I6FK_RC	I32X_RC
I6FK_RC	I6FK
I6FK_RC	I32X
I6I8_RC	I6I8_RC
I6I8_RC	I35L_RC
I6I8_RC	I11D
I6I8_RC	I6S2
I6I8_RC	IAMQ_RC
I6I8_RC	I36S
I6I8_RC	I1A1
I6I8_RC	I3FF
I6I8_RC	I6JF
I6I8_RC	I4KR_RC
I6I8_RC	IAEK_RC
I6I8_RC	I8R1_RC
I6I8_RC	I4C0_RC
I6I8_RC	IBCK
I6I8_RC	I7RO_RC
I6I8_RC	I5C5
I6I8_RC	I28L_RC
I6I8_RC	ICC_RC
I6I8_RC	I9GV
I6I8_RC	I6GK_RC
I6I8_RC	IAPM
I6I8_RC	IYI_RC
I6I8_RC	I4NX
I6I8_RC	I8TP
I6I8_RC	I33X_RC
I6I8_RC	IAL1
I6I8_RC	I13A_RC
I6I8_RC	I4J0
I6I8_RC	I8P8
I6I8_RC	I6L1_RC
I6I8_RC	I38E_RC
I6I8_RC	IBUF_RC
I6I8_RC	I9YV_RC
I6I8_RC	I1P6
I6I8_RC	I3VV
I6I8_RC	I5UZ_RC
I6I8_RC	I78G
I6I8_RC	I3WS
I6I8_RC	I79D
I6I8_RC	I8T8_RC
I6I8_RC	I4NI_RC
I6I8_RC	I30T
I6I8_RC	IW4
I6I8_RC	I6DH
I6I8_RC	I8VZ_RC
I6I8_RC	IARZ_RC
I6I8_RC	I4Q8_RC
I6N4_RC	I6N4_RC
I6N4_RC	I3AH_RC
I6N4_RC	I6N4
I6N4_RC	I3AH
I6QO_RC	I6QO_RC
I6QO_RC	I4DI
I6QO_RC	I3E1_RC
I6QO_RC	I8KB
I6QO_RC	I6QO
I6QO_RC	I4DI_RC
I6QO_RC	I3E1
I6QO_RC	I8KB_RC
I6TS_RC	I6TS_RC
I6TS_RC	I3H5_RC
I6TS_RC	IACS
I6TS_RC	I8G5
I6TS_RC	I1BT_RC
I6TS_RC	IACS_RC
I6TS_RC	I8G5_RC
I6TS_RC	I1BT
I6TS_RC	I6TS
I6TS_RC	I3H5
I6U8_RC	I6U8_RC
I6U8_RC	I3VK
I6U8_RC	I3VK_RC
I6U8_RC	I6U8
I6UO_RC	I6UO_RC
I6UO_RC	I3HM_RC
I6UO_RC	I6UO
I6UO_RC	I3HM
I6Y8_RC	I6Y8_RC
I6Y8_RC	I3L6_RC
I6Y8_RC	I6Y8
I6Y8_RC	I3L6
I728_RC	I728_RC
I728_RC	I3P8_RC
I728_RC	I728
I728_RC	I3P8
I76O_RC	I76O_RC
I76O_RC	I3TO_RC
I76O_RC	I76O
I76O_RC	I3TO
I7HS_RC	I7HS_RC
I7HS_RC	I1YQ_RC
I7HS_RC	I7HS
I7HS_RC	I1YQ
I7IO_RC	I7IO_RC
I7IO_RC	I1ZM_RC
I7IO_RC	I7IO
I7IO_RC	I1ZM
I7PS_RC	I7PS_RC
I7PS_RC	I26P_RC
I7PS_RC	I7PS
I7PS_RC	I26P
I7R4_RC	I7R4_RC
I7R4_RC	I281_RC
I7R4_RC	I7R4
I7R4_RC	I281
I7SW_RC	I7SW_RC
I7SW_RC	I29T_RC
I7SW_RC	I7SW
I7SW_RC	I29T
I7UO_RC	I7UO_RC
I7UO_RC	I2BL_RC
I7UO_RC	I6CC_RC
I7UO_RC	I2ZP_RC
I7UO_RC	I7UO
I7UO_RC	I2BL
I7V4_RC	I7V4_RC
I7V4_RC	I2C1_RC
I7V4_RC	I52K_RC
I7V4_RC	I7V4
I7V4_RC	I2C1
I7V4_RC	I52K
I7WW_RC	I7WW_RC
I7WW_RC	I2DT_RC
I7WW_RC	I7WW
I7WW_RC	I2DT
I7XC_RC	I7XC_RC
I7XC_RC	I2E9_RC
I7XC_RC	I7XC
I7XC_RC	I2E9
I7XS_RC	I7XS_RC
I7XS_RC	I2EP_RC
I7XS_RC	I7XS
I7XS_RC	I2EP
I7Y8_RC	I7Y8_RC
I7Y8_RC	I2F5_RC
I7Y8_RC	I7Y8
I7Y8_RC	I2F5
I7YO_RC	I7YO_RC
I7YO_RC	I2FL_RC
I7YO_RC	I7YO
I7YO_RC	I2FL
I80G_RC	I80G_RC
I80G_RC	I2HD_RC
I80G_RC	I80G
I80G_RC	I2HD
I81S_RC	I81S_RC
I81S_RC	I2IP_RC
I81S_RC	I81S
I81S_RC	I2IP
I84G_RC	I84G_RC
I84G_RC	I2LC_RC
I84G_RC	I2Z7
I84G_RC	I320
I84G_RC	I615_RC
I84G_RC	I6BU
I84G_RC	I2R0
I84G_RC	I6EO
I84G_RC	I84G
I84G_RC	I2LC
I88W_RC	I88W_RC
I88W_RC	I43B_RC
I88W_RC	I88W
I88W_RC	I43B
I89C_RC	I89C_RC
I89C_RC	I89C
I8B4_RC	I8B4_RC
I8B4_RC	I8B4
I8C0_RC	I8C0_RC
I8C0_RC	I8C0
I8I8_RC	I8I8_RC
I8I8_RC	I4C7_RC
I8I8_RC	I19U
I8I8_RC	I8I8
I8I8_RC	I4C7
I8I8_RC	I19U_RC
I8IO_RC	I8IO_RC
I8IO_RC	I57F_RC
I8IO_RC	I307
I8IO_RC	I4QV_RC
I8IO_RC	I8X6_RC
I8IO_RC	I6CV
I8IO_RC	I7YZ
I8IO_RC	I306
I8IO_RC	I4QW_RC
I8IO_RC	I8X7_RC
I8IO_RC	I2FW
I8IO_RC	I6CU
I8IO_RC	I5PB_RC
I8J4_RC	I8J4_RC
I8J4_RC	I5QT_RC
I8J4_RC	I8J4
I8J4_RC	I5QT
I8NK_RC	I8NK_RC
I8NK_RC	I8NK
I8TC_RC	I8TC_RC
I8TC_RC	I8TC
I8U8_RC	I8U8_RC
I8VK_RC	I8VK_RC
I8VK_RC	I8VK
I8WG_RC	I8WG_RC
I8WG_RC	I4LG_RC
I8WG_RC	I8WG
I8WG_RC	I4LG
I8XC_RC	I8XC_RC
I8XC_RC	I4R4_RC
I8XC_RC	I8XC
I8XC_RC	I4R4
I8YO_RC	I8YO_RC
I8YO_RC	I8YO
I8Z4_RC	I8Z4_RC
I8Z4_RC	I8Z4
I98W_RC	I98W_RC
I98W_RC	I98W
I9FK_RC	I9FK_RC
I9FK_RC	IBAT_RC
I9FK_RC	I9FK
I9FK_RC	IBAT
I9GG_RC	I9GG_RC
I9GG_RC	IBLD
I9GG_RC	I9Q9
I9GG_RC	I5KL
I9GG_RC	I7H3_RC
I9GG_RC	I1Y1_RC
I9GG_RC	I2L_RC
I9GG_RC	I9GG
I9LC_RC	I9LC_RC
I9LC_RC	I5DU
I9LC_RC	I5FM_RC
I9LC_RC	I343_RC
I9LC_RC	IAPG
I9LC_RC	I4NR
I9LC_RC	I8TJ
I9LC_RC	I6GQ_RC
I9LC_RC	IYO_RC
I9LC_RC	I543_RC
I9LC_RC	I7ZC
I9LC_RC	IAUD
I9LC_RC	I2G9
I9LC_RC	IB8B_RC
I9LC_RC	I9CT_RC
I9LC_RC	I572_RC
I9LC_RC	IG0
I9V4_RC	I9V4_RC
I9V4_RC	IBQH_RC
I9V4_RC	I7GR_RC
I9V4_RC	I5KX
I9V4_RC	IBY9_RC
I9V4_RC	IBOA_RC
I9V4_RC	I1XP_RC
I9V4_RC	I1LB
I9V4_RC	IBLR
I9V4_RC	I27_RC
I9V4_RC	I9QO
I9V4_RC	I9V4
I9V4_RC	IBQH
I9Z4_RC	I9Z4_RC
I9Z4_RC	I9Z4
IA0G_RC	IA0G_RC
IA0G_RC	I5WF_RC
IA0G_RC	IA0G
IA0G_RC	I5WF
IA28_RC	IA28_RC
IA28_RC	I5YB_RC
IA28_RC	IA28
IA28_RC	I5YB
IA2O_RC	IA2O_RC
IA2O_RC	IA2O
IA3K_RC	IA3K_RC
IA3K_RC	IA3K
IA8G_RC	IA8G_RC
IA8G_RC	IA8G
IADS_RC	IADS_RC
IADS_RC	IADS
IAJK_RC	IAJK_RC
IAJK_RC	IAJK
IAOG_RC	IAOG_RC
IAOG_RC	IZO
IAOG_RC	IZO_RC
IAOG_RC	I8SJ
IAOG_RC	I4MV
IAOG_RC	I353_RC
IAOG_RC	I6HQ_RC
IAOG_RC	IAOG
IAOG_RC	I353
IAOG_RC	I8SJ_RC
IAOG_RC	I4MV_RC
IAOG_RC	I6HQ
IAPC_RC	IAPC_RC
IAPC_RC	IAPC
IB0G_RC	IB0G_RC
IB0G_RC	IB0G
IB28_RC	IB28_RC
IB28_RC	IM8
IB28_RC	IM8_RC
IB28_RC	IB28
IB40_RC	IB40_RC
IB40_RC	IK6
IB40_RC	IK6_RC
IB40_RC	I983
IB40_RC	I2MH_RC
IB40_RC	I85L_RC
IB40_RC	I1UN_RC
IB40_RC	IB40
IB5S_RC	IB5S_RC
IB5S_RC	IID
IB5S_RC	IB5S
IB5S_RC	IID_RC
IB74_RC	IB74_RC
IB74_RC	I55V_RC
IB74_RC	IH7
IB74_RC	I81K
IB74_RC	I2IH
IB74_RC	I9BK_RC
IB74_RC	IB74
IB74_RC	I55V
IB74_RC	IH7_RC
IB74_RC	I81K_RC
IB74_RC	I2IH_RC
IB74_RC	I9BK
IBIO_RC	IBIO_RC
IBIO_RC	I7L1
IBIO_RC	I7L2
IBIO_RC	I21Z
IBIO_RC	I5HJ_RC
IBIO_RC	I9NB_RC
IBIO_RC	I220
IBIO_RC	I5HK_RC
IBIO_RC	I9NC_RC
IBIO_RC	I61
IBIO_RC	I62
IBIO_RC	IBIO
IBIO_RC	I7L1_RC
IBIO_RC	I7L2_RC
IBIO_RC	I5HJ
IBIO_RC	I9NB
IBIO_RC	I21Z_RC
IBIO_RC	I5HK
IBIO_RC	I9NC
IBIO_RC	I220_RC
IBIO_RC	I61_RC
IBIO_RC	I62_RC
IBN4_RC	IBN4_RC
IBN4_RC	IU
IBN4_RC	IBN4
IBN4_RC	IU_RC
IBNK_RC	IBNK_RC
IBNK_RC	IBNK
IBPS_RC	IBPS_RC
IBPS_RC	IBPS
IBQ8_RC	IBQ8_RC
IBQ8_RC	IBQ8
IBWW_RC	IBWW_RC
IBWW_RC	I1MO
IBWW_RC	I1MO_RC
IBWW_RC	IBWW
IBD2_RC	IBD2_RC
IBD2_RC	I5CM_RC
IBD2_RC	IBU
IBD2_RC	I7QK
IBD2_RC	I27H
IBD2_RC	I9HC_RC
IBD2_RC	IBD2
IBD2_RC	I5CM
IBD2_RC	IBU_RC
IBD2_RC	I7QK_RC
IBD2_RC	I27H_RC
IBD2_RC	I9HC
IBFA_RC	IBFA_RC
IBFA_RC	I9M
IBFA_RC	I5EI_RC
IBFA_RC	I7OC
IBFA_RC	I259
IBFA_RC	I9JJ_RC
IBFA_RC	IBFA
IBFA_RC	I5EI
IBFA_RC	I9M_RC
IBFA_RC	I7OC_RC
IBFA_RC	I259_RC
IBFA_RC	I9JJ
IBFQ_RC	IBFQ_RC
IBFQ_RC	I5EX_RC
IBFQ_RC	I96
IBFQ_RC	I7NW
IBFQ_RC	I24T
IBFQ_RC	I9JY_RC
IBFQ_RC	IBFQ
IBFQ_RC	I5EX
IBFQ_RC	I96_RC
IBFQ_RC	I7NW_RC
IBFQ_RC	I24T_RC
IBFQ_RC	I9JY
IBMU_RC	IBMU_RC
IBMU_RC	I14
IBMU_RC	I5M2_RC
IBMU_RC	I1WM
IBMU_RC	I7FO
IBMU_RC	I6DJ
IBMU_RC	IW6
IBMU_RC	I8VX_RC
IBMU_RC	IARX_RC
IBMU_RC	I4Q6_RC
IBMU_RC	I30V
IBMU_RC	I5R6_RC
IBMU_RC	I3CM
IBMU_RC	I4ES_RC
IBMU_RC	IAH4_RC
IBMU_RC	I17D
IBMU_RC	I6P9
IBMU_RC	I8L9_RC
IBMU_RC	I3ZT
IBMU_RC	I1T6
IBMU_RC	I7CE
IBMU_RC	I6UT
IBMU_RC	IAC8_RC
IBMU_RC	I49P_RC
IBMU_RC	I1CE
IBMU_RC	I3HR
IBMU_RC	I9N9_RC
IBMU_RC	I5HH_RC
IBMU_RC	I64
IBMU_RC	I7L4
IBMU_RC	I222
IBMU_RC	IBIM_RC
IBMU_RC	I1WM_RC
IBMU_RC	I7FO_RC
IBMU_RC	IBMU
IBMU_RC	I14_RC
IBMU_RC	I5M2
IBMU_RC	I9XZ
IBMU_RC	IBTH
IBMU_RC	I1Q5_RC
IBMU_RC	I5U1
IBMU_RC	I3WS_RC
IBMU_RC	I79D_RC
IBMU_RC	I349_RC
IBMU_RC	IYV_RC
IBMU_RC	IAP8
IBMU_RC	I8TA
IBMU_RC	I4NK
IBMU_RC	I6GW_RC
IBMU_RC	I6GW
IBMU_RC	I349
IBRQ_RC	IBRQ_RC
IBRQ_RC	I3YJ
IBRQ_RC	I5SC_RC
IBRQ_RC	I9WC_RC
IBRQ_RC	I1RX
IBRQ_RC	I7B4
IBRQ_RC	IBRQ
IBRQ_RC	I3YJ_RC
IBRQ_RC	I5SC
IBRQ_RC	I9WC
IBRQ_RC	I1RX_RC
IBRQ_RC	I7B4_RC
IBS6_RC	IBS6_RC
IBS6_RC	I3Y3
IBS6_RC	I5SR_RC
IBS6_RC	I9WR_RC
IBS6_RC	I1RH
IBS6_RC	I7AO
IBS6_RC	IBS6
IBS6_RC	I5SR
IBS6_RC	I9WR
IBS6_RC	I3Y3_RC
IBS6_RC	I1RH_RC
IBS6_RC	I7AO_RC
IBSM_RC	IBSM_RC
IBSM_RC	I3XM
IBSM_RC	I5T7_RC
IBSM_RC	I9X7_RC
IBSM_RC	I1R0
IBSM_RC	I7A7
IBSM_RC	IBSM
IBSM_RC	I3XM_RC
IBSM_RC	I5T7
IBSM_RC	I9X7
IBSM_RC	I1R0_RC
IBSM_RC	I7A7_RC
IBT2_RC	IBT2_RC
IBT2_RC	I5TL_RC
IBT2_RC	I9XL_RC
IBT2_RC	I3X6
IBT2_RC	I1QK
IBT2_RC	I79R
IBT2_RC	IBT2
IBT2_RC	I5TL
IBT2_RC	I9XL
IBT2_RC	I3X6_RC
IBT2_RC	I1QK_RC
IBT2_RC	I79R_RC
IBTI_RC	IBTI_RC
IBTI_RC	I9Y0_RC
IBTI_RC	I5U2_RC
IBTI_RC	I3WR
IBTI_RC	I1Q4
IBTI_RC	I79C
IBTI_RC	IBTI
IBTI_RC	I9Y0
IBTI_RC	I5U2
IBTI_RC	I3WR_RC
IBTI_RC	I1Q4_RC
IBTI_RC	I79C_RC
IBTY_RC	IBTY_RC
IBTY_RC	I9YF_RC
IBTY_RC	I5UI_RC
IBTY_RC	I3WB
IBTY_RC	I1PO
IBTY_RC	I78W
IBTY_RC	IBTY
IBTY_RC	I9YF
IBTY_RC	I5UI
IBTY_RC	I3WB_RC
IBTY_RC	I1PO_RC
IBTY_RC	I78W_RC
IBVA_RC	IBVA_RC
IBVA_RC	I1OA
IBVA_RC	I3UJ
IBVA_RC	I5VV_RC
IBVA_RC	I9ZW_RC
IBVA_RC	I77J
IBVA_RC	IBVA
IBVA_RC	I1OA_RC
IBVA_RC	I5VV
IBVA_RC	I3UJ_RC
IBVA_RC	I9ZW
IBVA_RC	I77J_RC
IBW6_RC	IBW6_RC
IBW6_RC	I3TK
IBW6_RC	I1NE
IBW6_RC	I76K
IBW6_RC	IA0V_RC
IBW6_RC	I5WW_RC
IBW6_RC	IBW6
IBW6_RC	I3TK_RC
IBW6_RC	I1NE_RC
IBW6_RC	I76K_RC
IBW6_RC	IA0V
IBW6_RC	I5WW
IBWM_RC	IBWM_RC
IBWM_RC	I5XD_RC
IBWM_RC	I3T3
IBWM_RC	I1MY
IBWM_RC	I763
IBWM_RC	IA1B_RC
IBWM_RC	IBWM
IBWM_RC	I5XD
IBWM_RC	I3T3_RC
IBWM_RC	I1MY_RC
IBWM_RC	I763_RC
IBWM_RC	IA1B
IBX2_RC	IBX2_RC
IBX2_RC	I3SN
IBX2_RC	I1MI
IBX2_RC	I75N
IBX2_RC	IA1P_RC
IBX2_RC	I5XS_RC
IBX2_RC	IBX2
IBX2_RC	I3SN_RC
IBX2_RC	I1MI_RC
IBX2_RC	I75N_RC
IBX2_RC	IA1P
IBX2_RC	I5XS
IBXI_RC	IBXI_RC
IBXI_RC	I3S7
IBXI_RC	I1M2
IBXI_RC	I757
IBXI_RC	IA25_RC
IBXI_RC	I5Y8_RC
IBXI_RC	IBXI
IBXI_RC	I3S7_RC
IBXI_RC	I1M2_RC
IBXI_RC	I757_RC
IBXI_RC	IA25
IBXI_RC	I5Y8
IFR	IFR
IFR	IB8K_RC
IFR	I9D2_RC
IFR	I57B_RC
IFR	I7Z3
IFR	I2G0
IFR	I7XJ
IFR	I2EG
IFR	I58E_RC
I3ZB	I3ZB
I3ZB	I5RM_RC
I3ZB	I1SN
I3ZB	I7BW
I3ZB	IBR0_RC
I3ZB	I6TD
I3ZB	I4K6_RC
I3ZB	I8GM_RC
I3ZB	I1BE
I3ZB	I3GQ
I3ZB	I4AI_RC
I3ZB	IAD7_RC
I3ZB	IAM3_RC
I3ZB	I128
I3ZB	IBGZ
I3ZB	IBKK
I3ZB	I7MS_RC
I3ZB	I23Q_RC
I3ZB	I7R_RC
I3ZB	I3F_RC
I3ZB	I5D1
I3ZB	I6HT_RC
I3ZB	I4MS
I3ZB	IZR_RC
I3ZB	I356_RC
I3ZB	IAOD
I3ZB	I8SG
I3ZB	I5G
I3ZB	IBJ7_RC
I3ZB	I5D1_RC
I3ZB	I6HT
I3ZB	I4MS_RC
I3ZB	IZR
I3ZB	I356
I3ZB	IAOD_RC
I3ZB	I8SG_RC
I3ZB	I8I1
I3ZB	IBT4
I3ZB	I51E
I3ZB	I1QI_RC
I3ZB	I8G2
I3ZB	I1DU_RC
I3ZB	I8E9
I3ZB	IAAS
I3ZB	I6W6_RC
I3ZB	I48D
I3ZB	I3J4_RC
I3ZB	I5JM_RC
I3ZB	IBGZ_RC
I3ZB	I7MS
I3ZB	IBKK_RC
I3ZB	I23Q
I3ZB	I7R
I3ZB	I9LM_RC
I3ZB	I3F
I3ZB	I5FV_RC
I3ZB	I7HG
I3ZB	I1YE
I3ZB	IBL2_RC
I3ZB	I2W
I3ZB	I7F8_RC
I3ZB	IBNA
I3ZB	I1W6_RC
I3ZB	IO_RC
I3ZB	I9SA
I3ZB	I1SL
I3ZB	I5RO_RC
I3ZB	I3Z9
I3ZB	I7BU
I3ZB	IBR2_RC
I3ZB	I3B9
I3ZB	I15Y
I3ZB	I4G7_RC
I3ZB	IAII_RC
I3ZB	I6NW
I3ZB	I3X4_RC
I3ZB	IALT_RC
I3ZB	I12I
I3ZB	I79P_RC
I3ZB	IYX_RC
I3ZB	IAP6
I3ZB	I8T8
I3ZB	I4NI
I3ZB	I2CP_RC
I3ZB	I7VS_RC
I3ZB	I6II_RC
I3ZB	I35V_RC
I3ZB	I5MJ
I3ZB	I9XN
I3ZB	I5TN
I3ZB	I34B_RC
I3ZB	I6GY_RC
I3ZB	I6RF_RC
I3ZB	I3ES_RC
I3ZB	I23X_RC
I3ZB	I7MZ_RC
I3ZB	I8TA_RC
I3ZB	IYV
I3ZB	IAP8_RC
I3ZB	I4NK_RC
I3ZB	IBGG_RC
I3ZB	I8A
I3ZB	IBT4_RC
I3ZB	IALT
I3ZB	I3X4
I3ZB	I1QI
I3ZB	I12I_RC
I3ZB	I79P
I3ZB	IBCX
I3ZB	I5CH
I3ZB	I7QP_RC
I3ZB	I27M_RC
I3ZB	IBZ_RC
I3ZB	I11D_RC
I3ZB	IAMQ
I3ZB	I36S_RC
I3ZB	I4KR
I3ZB	I6JF_RC
I3ZB	I8R1
I3ZB	I5M9_RC
I3ZB	IB8X_RC
I3ZB	I9DE_RC
I3ZB	IFE
I3ZB	I5E
I3ZB	I21D
I3ZB	IBJ9_RC
I3ZB	I7KF
I3ZB	I1DU
I3ZB	I8E9_RC
I3ZB	IAAS_RC
I3ZB	I6W6
I3ZB	I48D_RC
I3ZB	I3J4
I3ZB	I8G2_RC
I3ZB	IBJ7
I3ZB	I5G_RC
I3ZB	I1FQ
I3ZB	I5I1
I3ZB	IA8U_RC
I3ZB	I6GZ_RC
I3ZB	I34C_RC
I3ZB	I7RO
I3ZB	IBCK_RC
I3ZB	I28L
I3ZB	I5C5_RC
I3ZB	ICC
I3ZB	I9GV_RC
I3ZB	IGK_RC
I3ZB	I9C7
I3ZB	IB7R
I3ZB	I56I
I3ZB	I7ZW_RC
I3ZB	I2GT_RC
I3ZB	I7HG_RC
I3ZB	IBL2
I3ZB	I1YE_RC
I3ZB	I2W_RC
I3ZB	IBUF
I3ZB	I9YV
I3ZB	I1P6_RC
I3ZB	I5UZ
I3ZB	I3VV_RC
I3ZB	I78G_RC
I3ZB	I1SN_RC
I3ZB	I5RM
I3ZB	I3ZB_RC
I3ZB	IBR0
I3ZB	I7BW_RC
I3ZB	I4IV_RC
I3ZB	I95J_RC
I3ZB	IMT
I3ZB	I4ZU_RC
I3ZB	IAP5
I3ZB	IYY_RC
I3ZB	I8T7
I3ZB	I4NH
I3ZB	I6II
I3ZB	I35V
I3ZB	I1SQ_RC
I3ZB	IBQW
I3ZB	I3ZE_RC
I3ZB	I5RJ
I3ZB	I9VJ
I3ZB	IAP6_RC
I3ZB	IYX
I3ZB	I34B
I3ZB	I6GY
I3ZB	I9XN_RC
I3ZB	I5TN_RC
I3ZB	I7JW
I3ZB	I4Y
I3ZB	IBJP_RC
I3ZB	I5IF_RC
I3ZB	I20U
I3ZB	I3V0_RC
I3ZB	IBUS
I3ZB	I9ZG
I3ZB	I1OT_RC
I3ZB	I780_RC
I3ZB	I23X
I3ZB	I7MZ
I3ZB	I24D_RC
I3ZB	I7NF_RC
I3ZB	I5TQ
I3ZB	I3X1_RC
I3ZB	I5JJ
I3ZB	I9LC
I3ZB	IBOF
I3ZB	I5NQ
I3ZB	I30W
I3ZB	IW7
I3ZB	I6DK
I3ZB	IBGG
I3ZB	I8A_RC
I3ZB	I4AY_RC
I3ZB	I6SX
I3ZB	I1AY
I3ZB	I3GA
I3ZB	IADN_RC
I41Z	I41Z
I41Z	I9SZ_RC
I41Z	I5N9_RC
I41Z	I7EK
I41Z	I1VI
I41Z	IBNZ_RC
I41Z	I5N9
I41Z	I9SZ
I41Z	I41Z_RC
I41Z	I7EK_RC
I41Z	I1VI_RC
I41Z	IBNZ
IBAE	IBAE
IBAE	IDY_RC
IBAE	I9F4
IBAE	IDY
IBAE	IBAE_RC
IBAE	I9F4_RC
IBXY	IBXY
IBXY	IA2R
IBXY	I3RR_RC
IBXY	I5YW
IBXY	I1LM_RC
IBXY	I74R_RC
IBXY	IA2R_RC
IBXY	IBXY_RC
IBXY	I3RR
IBXY	I5YW_RC
IBXY	I1LM
IBXY	I74R
I3A_RC	I3A_RC
I3A_RC	I9PE
I3A_RC	I5JN
I3A_RC	IBKO
I3A_RC	I7I5_RC
I3A_RC	I1Z3_RC
I3A_RC	I3A
I3A_RC	I9PE_RC
I3A_RC	I5JN_RC
I3A_RC	IBKO_RC
I3A_RC	I7I5
I3A_RC	I1Z3
I3Q_RC	I3Q_RC
I3Q_RC	I9P0
I3Q_RC	I5J9
I3Q_RC	IBKA
I3Q_RC	I7IK_RC
I3Q_RC	I1ZI_RC
I3Q_RC	I3Q
I3Q_RC	I9P0_RC
I3Q_RC	I5J9_RC
I3Q_RC	IBKA_RC
I3Q_RC	I7IK
I3Q_RC	I1ZI
I46_RC	I46_RC
I46_RC	I46
I4YF_RC	I4YF_RC
I4YF_RC	I4YF
I507_RC	I507_RC
I507_RC	IMD
I507_RC	IME
I507_RC	I63B_RC
I507_RC	I63C_RC
I507_RC	I960_RC
I507_RC	I961_RC
I507_RC	IB22_RC
I507_RC	IB23_RC
I507_RC	I2OS
I507_RC	I2OT
I507_RC	I507
I507_RC	IMD_RC
I507_RC	IME_RC
I507_RC	I63B
I507_RC	I63C
I507_RC	I960
I507_RC	I961
I507_RC	IB22
I507_RC	IB23
I507_RC	I2OS_RC
I507_RC	I2OT_RC
I51J_RC	I51J_RC
I51J_RC	I982_RC
I51J_RC	IK3
I51J_RC	IB43_RC
I51J_RC	I2ME
I51J_RC	I85I
I51J_RC	I986_RC
I51J_RC	IK7
I51J_RC	I2MI
I51J_RC	I85M
I51J_RC	IB3Z_RC
I51J_RC	I51J
I51J_RC	I982
I51J_RC	IB43
I51J_RC	IK3_RC
I51J_RC	I986
I51J_RC	I2ME_RC
I51J_RC	I85I_RC
I51J_RC	IK7_RC
I51J_RC	I2MI_RC
I51J_RC	I85M_RC
I51J_RC	IB3Z
I53R_RC	I53R_RC
I53R_RC	III
I53R_RC	I82Z
I53R_RC	IB5N_RC
I53R_RC	I2JW
I53R_RC	I99S_RC
I53R_RC	I53R
I53R_RC	III_RC
I53R_RC	IB5N
I53R_RC	I82Z_RC
I53R_RC	I2JW_RC
I53R_RC	I99S
I553_RC	I553_RC
I553_RC	I553
I57R_RC	I57R_RC
I57R_RC	I57R
I587_RC	I587_RC
I587_RC	I587
I5BB_RC	I5BB_RC
I5BB_RC	I5BB
I5DJ_RC	I5DJ_RC
I5DJ_RC	I5DJ
I5EV_RC	I5EV_RC
I5EV_RC	I9JV_RC
I5EV_RC	I5EV
I5EV_RC	I9JV
I5FB_RC	I5FB_RC
I5FB_RC	I5FB
I5HZ_RC	I5HZ_RC
I5HZ_RC	IBJ5_RC
I5HZ_RC	I7KJ
I5HZ_RC	I21H
I5HZ_RC	I5I
I5HZ_RC	I9NT_RC
I5HZ_RC	I5HZ
I5HZ_RC	IBJ5
I5HZ_RC	I7KJ_RC
I5HZ_RC	I21H_RC
I5HZ_RC	I5I_RC
I5HZ_RC	I9NT
I5JR_RC	I5JR_RC
I5JR_RC	I5JR
I5LJ_RC	I5LJ_RC
I5LJ_RC	I5LI_RC
I5LJ_RC	I5LJ
I5LJ_RC	I5LI
I5ON_RC	I5ON_RC
I5ON_RC	I5ON
I5P3_RC	I5P3_RC
I5P3_RC	I5P3
I5PZ_RC	I5PZ_RC
I5PZ_RC	I5PZ
I5QF_RC	I5QF_RC
I5QF_RC	I5QF
I5QV_RC	I5QV_RC
I5QV_RC	I8J6_RC
I5QV_RC	I5QV
I5QV_RC	I8J6
I5RB_RC	I5RB_RC
I5RB_RC	I5RB
I5TZ_RC	I5TZ_RC
I5TZ_RC	I5TZ
I5UF_RC	I5UF_RC
I5UF_RC	I5UF
I5UV_RC	I5UV_RC
I5UV_RC	I1PD
I5UV_RC	IBU9_RC
I5UV_RC	I9YQ_RC
I5UV_RC	I78L
I5UV_RC	I3W0
I5UV_RC	I5UV
I5UV_RC	IBU9
I5UV_RC	I1PD_RC
I5UV_RC	I9YQ
I5UV_RC	I78L_RC
I5UV_RC	I3W0_RC
I3TM	I3TM
I3TM	IBW4_RC
I3TM	I1NG
I3TM	I76M
I3TM	I5WU_RC
I4YH_RC	I4YH_RC
I4YH_RC	I4YH
I4YX_RC	I4YX_RC
I4YX_RC	I4YR_RC
I4YX_RC	I4Z3_RC
I4YX_RC	I4YX
I4YX_RC	I4YR
I4YX_RC	I4Z3
I53D_RC	I53D_RC
I53D_RC	IIY
I53D_RC	I83E
I53D_RC	I2KB
I53D_RC	IB57_RC
I53D_RC	I99C_RC
I53D_RC	I53D
I53D_RC	IIY_RC
I53D_RC	I83E_RC
I53D_RC	IB57
I53D_RC	I2KB_RC
I53D_RC	I99C
I555_RC	I555_RC
I555_RC	I555
I57T_RC	I57T_RC
I57T_RC	I57T
I589_RC	I589_RC
I589_RC	I589
I5AX_RC	I5AX_RC
I5AX_RC	I5AX
I5BD_RC	I5BD_RC
I5BD_RC	IBBS_RC
I5BD_RC	IBBI_RC
I5BD_RC	I5BD
I5BD_RC	IBBS
I5BD_RC	IBBI
I5DL_RC	I5DL_RC
I5DL_RC	I5DL
I5FD_RC	I5FD_RC
I5FD_RC	I9L3_RC
I5FD_RC	IBGI_RC
I5FD_RC	I88
I5FD_RC	I7ND
I5FD_RC	I24B
I5FD_RC	I5FD
I5FD_RC	I9L3
I5FD_RC	IBGI
I5FD_RC	I88_RC
I5FD_RC	I7ND_RC
I5FD_RC	I24B_RC
I5KP_RC	I5KP_RC
I5KP_RC	I9QE_RC
I5KP_RC	I5KP
I5KP_RC	I9QE
I5MX_RC	I5MX_RC
I5MX_RC	I9SO_RC
I5MX_RC	I5MX
I5MX_RC	I9SO
I5OP_RC	I5OP_RC
I5OP_RC	I5OP
I5P5_RC	I5P5_RC
I5P5_RC	IBPE_RC
I5P5_RC	I5P5
I5P5_RC	IBPE
I5PL_RC	I5PL_RC
I5PL_RC	I5PL
I5Q1_RC	I5Q1_RC
I5Q1_RC	I5Q1
I5QH_RC	I5QH_RC
I5QH_RC	I5QH
I5QX_RC	I5QX_RC
I5QX_RC	I5QX
I5U1_RC	I5U1_RC
I5VD_RC	I5VD_RC
I5VD_RC	I5VD
I5YH_RC	I5YH_RC
I5YH_RC	I5YH
I621_RC	I621_RC
I621_RC	I4Z5_RC
I621_RC	I94Q_RC
I621_RC	I2Q3
I621_RC	INK
I621_RC	IB0V_RC
I49_RC	I49_RC
I49_RC	I49
IAX_RC	IAX_RC
IAX_RC	IBDZ
IAX_RC	I9IA
IAX_RC	IAX
IAX_RC	IBDZ_RC
IAX_RC	I9IA_RC
IIH_RC	IIH_RC
IIH_RC	I99T
IIH_RC	I53S
IIH_RC	I82Y_RC
IIH_RC	I2JV_RC
IIH_RC	IB5O
IIH_RC	IIH
IIH_RC	I99T_RC
IIH_RC	I53S_RC
IIH_RC	I82Y
IIH_RC	I2JV
IIH_RC	IB5O_RC
ILL_RC	ILL_RC
ILL_RC	IB2T
ILL_RC	ILL
ILL_RC	IB2T_RC
IYH_RC	IYH_RC
IYH_RC	I6GJ_RC
IYH_RC	IAPN
IYH_RC	I33W_RC
IYH_RC	I4NY
IYH_RC	I8TQ
IYH_RC	IYH
IYH_RC	I6GJ
IYH_RC	IAPN_RC
IYH_RC	I33W
IYH_RC	I4NY_RC
IYH_RC	I8TQ_RC
I121_RC	I121_RC
I121_RC	I121
I155_RC	I155_RC
I155_RC	I155
I2M4	I2M4
I2M4	IJV
I2M4	IB4B_RC
I2M4	I858
I2M4	I98F_RC
I2M4	I51S_RC
I2M4	IB4B
I2M4	IJV_RC
I2M4	I2M4_RC
I2M4	I858_RC
I2M4	I98F
I2M4	I51S
I8B1	I8B1
I8B1	I450
I8B1	IA7C
I8B1	I1H6_RC
I8B1	I6ZF
I8B1	I3MD
I8B1	I6ZF_RC
I8B1	I3MD_RC
I8B1	I8B1_RC
I8B1	I450_RC
I8B1	IA7C_RC
I8B1	I1H6
I9Z2_RC	I9Z2_RC
I9Z2_RC	I9Z2
IA5A_RC	IA5A_RC
IA5A_RC	IA5A
IAFI_RC	IAFI_RC
IAFI_RC	I8K5_RC
IAFI_RC	I6QU
IAFI_RC	I3E7
IAFI_RC	I18W
IAFI_RC	I4DC_RC
IAFI_RC	IAFI
IAFI_RC	I8K5
IAFI_RC	I6QU_RC
IAFI_RC	I3E7_RC
IAFI_RC	I4DC
IAFI_RC	I18W_RC
IAHA_RC	IAHA_RC
IAHA_RC	I177
IAHA_RC	IAHA
IAHA_RC	I177_RC
IAI6_RC	IAI6_RC
IAI6_RC	I16A
IAI6_RC	I4FU_RC
IAI6_RC	IAI6
IAI6_RC	I16A_RC
IAI6_RC	I4FU
IAJI_RC	IAJI_RC
IAJI_RC	IAJI
IATQ_RC	IATQ_RC
IATQ_RC	IUF
IATQ_RC	I8YF_RC
IATQ_RC	I4SU_RC
IATQ_RC	I6AZ
IATQ_RC	I2YC
IATQ_RC	I6AZ_RC
IATQ_RC	I2YC_RC
IATQ_RC	IATQ
IATQ_RC	I8YF
IATQ_RC	IUF_RC
IATQ_RC	I4SU
IAUM_RC	IAUM_RC
IAUM_RC	IAUM
IAZ2_RC	IAZ2_RC
IAZ2_RC	IPA
IAZ2_RC	IPA_RC
IAZ2_RC	IAZ2
IAZY_RC	IAZY_RC
IAZY_RC	IOE
IAZY_RC	IOE_RC
IAZY_RC	IAZY
IBKF	IBKF
IBKF	IBCY_RC
IBKF	I9P5
IBKF	I5JF
IBKF	I6K
IBKF	IBY
IBKF	IBI6_RC
IBKF	I3K_RC
IBKF	I7IF_RC
IBKF	I27L
IBKF	I5CI_RC
IBKF	I92
IBKF	I3EE
IBKF	IAFA_RC
IBKF	I194
IBKF	I4D4_RC
IBKF	I1ZD_RC
IBKF	IBFU_RC
IBKF	I9H8_RC
IBKF	I6R1
IBKF	I8JX_RC
IBKF	I7QO
IBKF	I7IF
IBKF	I27L_RC
IBKF	I5CI
IBKF	IBCY
IBKF	IAFA
IBKF	I92_RC
IBKF	I3EE_RC
IBKF	I4D4
IBKF	I194_RC
IBKF	I1ZD
IBKF	I9P5_RC
IBKF	IBFU
IBKF	I5JF_RC
IBKF	I9H8
IBKF	I6K_RC
IBKF	I8JX
IBKF	I6R1_RC
IBKF	IBI6
IBKF	IBY_RC
IBKF	IBKF_RC
IBKF	I3K
IBKF	I7QO_RC
IBLB	IBLB
IBLB	I5KJ
IBLB	I7H5_RC
IBLB	I1Y3_RC
IBLB	I9Q7
IBLB	I2N_RC
IBLB	I2N
IBLB	I5KJ_RC
IBLB	I7H5
IBLB	I1Y3
IBLB	I9Q7_RC
IBLB	IBLB_RC
IBPR	IBPR
IBPR	I7V8
IBPR	I2C5
IBPR	I39Y_RC
IBPR	I7XZ_RC
IBPR	I2EW_RC
IBPR	I824
IBPR	I2J1
IBPR	I6ML_RC
IBPR	I7XQ_RC
IBPR	I2EN_RC
I4F_RC	I4F_RC
I4F_RC	I4F
IB3_RC	IB3_RC
IB3_RC	IBDT
IB3_RC	I7I1_RC
IB3_RC	I1YZ_RC
IB3_RC	IBDS
IB3_RC	IB5_RC
IB3_RC	I7NO
IB3_RC	I24M
IB3_RC	I5JT
IB3_RC	IBDR
IB3_RC	IB4_RC
IHB_RC	IHB_RC
IHB_RC	IHB
IHR_RC	IHR_RC
IHR_RC	IB6F
IHR_RC	IHR
IHR_RC	IB6F_RC
IJ3_RC	IJ3_RC
IJ3_RC	I7CX_RC
IJ3_RC	I40C_RC
IJ3_RC	I9UM
IJ3_RC	IJ3
IJ3_RC	I7CX
IJ3_RC	I40C
IJ3_RC	I9UM_RC
IPB_RC	IPB_RC
IPB_RC	IAZ1
IPB_RC	IPB
IPB_RC	IAZ1_RC
I9A0_RC	I9A0_RC
I9A0_RC	I9A0
I9AG_RC	I9AG_RC
I9AG_RC	I9AG
I9EW_RC	I9EW_RC
I9EW_RC	I9EW
I9FS_RC	I9FS_RC
I9FS_RC	I7SQ
I9FS_RC	I29N
I9FS_RC	IBB1_RC
I9FS_RC	I5AM_RC
I9FS_RC	IDB
I9FS_RC	I9FS
I9FS_RC	I7SQ_RC
I9FS_RC	I29N_RC
I9FS_RC	IBB1
I9FS_RC	I5AM
I9FS_RC	IDB_RC
I9P4_RC	I9P4_RC
I9P4_RC	I9P4
I9QW_RC	I9QW_RC
I9QW_RC	I5L3_RC
I9QW_RC	I9QW
I9QW_RC	I5L3
I9QW_RC	I21
I9QW_RC	IBLX_RC
I9QW_RC	I21_RC
I9QW_RC	IBLX
IA6G_RC	IA6G_RC
IA6G_RC	I442_RC
IA6G_RC	I89Y_RC
IA6G_RC	I1I1
IA6G_RC	I3NE
IA6G_RC	I70E
IA6G_RC	IA6G
IA6G_RC	I442
IA6G_RC	I89Y
IA6G_RC	I1I1_RC
IA6G_RC	I3NE_RC
IA6G_RC	I70E_RC
IAA0_RC	IAA0_RC
IAA0_RC	I1EL
IAA0_RC	I47I_RC
IAA0_RC	IAA0
IAA0_RC	I1EL_RC
IAA0_RC	I47I
