P3OK	P3OK
P3OK	PLUT
P3OK	PE6K
P3OK	PI2D
P3OK	PBC
P3OK	PA73
P3PG	P3PG
P3PG	PLTY
P3PG	PE7G
P3PG	PI1I
P3PG	PC7
P3PG	PA68
P3R8	P3R8
P3R8	PA4M
P3R8	PE98
P3R8	PLSE
P3R8	PDR
P3R8	PHZU
P3S4	P3S4
P3S4	PA3U
P3S4	PFG
P3S4	PEA4
P3S4	PHX9
P3S4	PLR2
P3VO	P3VO
P3VO	PIW
P3VO	PEDP
P3VO	PA0J
P3VO	PHTP
P3VO	PLNK
P3WK	P3WK
P3WK	PEEL
P3WK	PHSR
P3Z8	P3Z8
P3Z8	PHRD
P3Z8	PEH9
P3Z8	P9YQ
P3Z8	PL0
P3Z8	PLLG
P404	P404
P404	PHQE
P404	PEI5
P404	P9XV
P404	PLW
P404	PLKK
P410	P410
P410	PHPH
P410	PEJ1
P410	PMO
P410	P9X4
P410	PLJS
P42S	P42S
P42S	P9TX
P42S	PLGM
P42S	PHNT
P42S	POA
P42S	PEKT
P44K	P44K
P44K	PLES
P44K	PQ3
P44K	PEML
P44K	P9SE
P44K	PHKV
P46C	P46C
P46C	PEOC
P46C	PBF7
P46C	P4TC
P478	P478
P478	PHK3
P478	PEP8
P478	PR4
P478	P9RM
P478	PLDS
P484	P484
P484	P9LU
P484	PGQV
P484	PEQ4
P484	PBZR
P484	P5KV
P49W	P49W
P49W	P9RG
P49W	PERW
P49W	P9RH
P49W	PRA
P49W	PLDK
P49W	PHJX
P4DG	P4DG
P4DG	P9PJ
P4DG	PEVG
P4JO	P4JO
P4JO	PF1O
P4JO	PB9W
P4JO	PHXW
P4JO	P4YN
P4PW	P4PW
P4PW	PF7W
P4PW	PHBH
P4PW	P9DS
P4QS	P4QS
P4QS	PL53
P4QS	P9D5
P4QS	PZV
P4QS	PF8S
P4QS	PHAN
P4RO	P4RO
P4RO	P10N
P4RO	PL4B
P4RO	PF9O
P4RO	P9CF
P4RO	PH9Z
P4UC	P4UC
P4UC	PH7M
P4UC	PBE7
P4UC	PL2O
P4UC	P12S
P4UC	P9BP
P4V8	P4V8
P4V8	PH6Q
P4V8	PL1Q
P4V8	PBDB
P4V8	P13Q
P4V8	P9AX
P4W4	P4W4
P4W4	PH5X
P4W4	PBCF
P4W4	P14H
P4W4	PL0X
P4W4	P9A7
P4X0	P4X0
P4X0	PH53
P4X0	P15B
P4X0	PBBJ
P4X0	PL04
P4XW	P4XW
P4XW	PH4B
P4XW	P164
P4XW	PBAN
P4XW	P981
P4XW	PKZ9
P4ZO	P4ZO
P4ZO	PBTZ
P4ZO	P5EZ
P4ZO	PB8V
P50K	P50K
P50K	P4O6
P50K	PF66
P50K	PB7Z
P50K	P4T0
P50K	P4HH
P50K	PFB0
P50K	PEZH
P50K	PBFJ
P52C	P52C
P52C	P17W
P52C	PH3I
P52C	P978
P52C	PKXJ
P52C	PBHC
P538	P538
P538	P18Q
P538	PH2Q
P538	P96F
P538	PKWO
P538	PBI8
P544	P544
P544	P19M
P544	PH1V
P544	PKVS
P544	P95L
P544	PBJ4
P550	P550
P550	P1AI
P550	PH0Z
P550	PKUW
P550	P94P
P550	PBK0
P55W	P55W
P55W	P1BF
P55W	PH03
P55W	PKTZ
P55W	P93T
P55W	PBKW
P56S	P56S
P56S	P1CB
P56S	PGZ7
P56S	PKT3
P56S	P92Y
P56S	PBLS
P57O	P57O
P57O	P1D3
P57O	PGYG
P57O	PKSB
P57O	P927
P57O	PBMO
P58K	P58K
P58K	P91H
P58K	P1DY
P58K	PGXK
P58K	PKRF
P58K	PBNK
P5B8	P5B8
P5B8	PBQ9
P5C4	P5C4
P5C4	P1GM
P5C4	P8YW
P5C4	PGUL
P5C4	PKOG
P5C4	PBR4
P5D0	P5D0
P5D0	P1HI
P5D0	P8XZ
P5D0	PKNH
P5D0	PGTQ
P5D0	PBS0
P5DW	P5DW
P5DW	PEO6
P5DW	P9F4
P5DW	PBYS
P5DW	P4YF
P5DW	P5JT
P5DW	PBA4
P5DW	P466
P5DW	PBSW
P5LW	P5LW
P5LW	PKIP
P5LW	P8R8
P5LW	PGMW
P5LW	P1MI
P5LW	PC0S
P5MS	P5MS
P5MS	PKHY
P5MS	P1N8
P5MS	P8QJ
P5MS	PC1O
P5MS	PGM6
P5NO	P5NO
P5NO	PKH2
P5NO	P1O5
P5NO	P8PM
P5NO	PC2K
P5NO	PGLA
P5OK	P5OK
P5OK	P8OL
P5OK	PGK6
P5OK	P1P7
P5OK	PC3H
P5OK	PKG0
P5PG	P5PG
P5PG	PKF9
P5PG	P1PY
P5PG	PGJE
P5PG	P8NV
P5PG	PC4D
P5QC	P5QC
P5QC	PGIG
P5QC	P8MY
P5QC	P1QZ
P5QC	PC59
P5QC	PKE8
P5R8	P5R8
P5R8	PGHK
P5R8	P8M2
P5R8	P1RV
P5R8	PC65
P5R8	PKDC
P5S4	P5S4
P5S4	PGGY
P5S4	P8JT
P5S4	PAM1
P5S4	PC71
P5S4	P1SV
P5S4	PKCG
P5T0	P5T0
P5T0	P7AB
P5T0	PKO3
P5T0	PL2C
P5T0	PDP4
P5T0	PC7X
P5T0	P134
P5US	P5US
P5US	P1VU
P5US	P8H8
P5US	PC9P
P5US	PGE8
P5US	PK9S
P5VO	P5VO
P5VO	P1WQ
P5VO	P8GO
P5VO	PCAL
P5VO	PGDC
P5VO	PK8W
P5WK	P5WK
P5WK	PGCH
P5WK	PK84
P5WK	P1XI
P5WK	P8FT
P5WK	PCBH
P5XG	P5XG
P5XG	PGBL
P5XG	PK78
P5XG	P1YD
P5XG	PCCD
P5XG	P8F4
P610	P610
P610	P8AP
P610	PG8D
P610	PK3Y
P610	PCFX
P610	P21R
P61W	P61W
P61W	PG7D
P61W	PCGT
P62S	P62S
P62S	P88Y
P62S	PG6I
P62S	PK24
P62S	PCHP
P62S	P23K
P63O	P63O
P63O	P885
P63O	PG5Q
P63O	PK1D
P63O	P24B
P63O	PCIL
P64K	P64K
P64K	P86H
P64K	PG4P
P64K	PK0H
P64K	P257
P64K	PCJH
P65G	P65G
P65G	PJZL
P65G	PCKD
P66C	P66C
P66C	P26G
P66C	P85Q
P66C	PJYV
P66C	PCL9
P678	P678
P678	P27D
P678	P84U
P678	PJXY
P678	PG3D
P678	PCM5
P6BO	P6BO
P6BO	P7Z6
P6BO	P2BP
P6BO	PFWT
P6BO	PCQL
P6BO	PJTR
P6CK	P6CK
P6CK	P2CL
P6CK	P7YD
P6CK	PFVV
P6CK	PCRH
P6CK	PJSV
P6EC	P6EC
P6EC	PJR8
P6EC	P7WY
P6EC	PFUA
P6EC	PCUS
P6EC	P2E6
P6F8	P6F8
P6F8	PJQC
P6F8	P7W2
P6F8	PFTE
P6F8	PCVO
P6F8	P2F2
P6G4	P6G4
P6G4	P2G5
P6G4	PFSI
P6G4	P7V8
P6G4	PCWK
P6G4	PJPB
P6H0	P6H0
P6H0	P2H1
P6H0	PFRE
P6H0	P7U5
P6H0	PCXG
P6H0	PJOG
P6HW	P6HW
P6HW	P2HX
P6HW	PFQI
P6HW	P7T9
P6HW	PCYC
P6HW	PJNJ
P6IS	P6IS
P6IS	PFPM
P6IS	PJM8
P6IS	P2J7
P6IS	PCZ8
P6IS	P7RZ
P6JO	P6JO
P6JO	PFOO
P6JO	PJL5
P6JO	PD04
P6JO	P2KA
P6JO	P7R1
P6KK	P6KK
P6KK	PFNS
P6KK	PJKB
P6KK	PD10
P6KK	P2L4
P6KK	P7Q6
P6P0	P6P0
P6P0	PFK5
P6P0	PJGQ
P6P0	P7M6
P6P0	PD5B
P6P0	P2OI
P6PW	P6PW
P6PW	PFJA
P6PW	PJFX
P6PW	P2PA
P6PW	PD67
P6PW	P7LF
P6QS	P6QS
P6QS	PJEU
P6QS	PD73
P6QS	P7KG
P6QS	P2QD
P6QS	PFHY
P6RO	P6RO
P6RO	PJDW
P6RO	PD7Z
P6RO	P7JK
P6RO	PFH2
P6RO	P2RC
P6UC	P6UC
P6UC	P7I9
P6UC	P7IA
P6UC	PDAN
P6UC	PJCP
P6UC	PFEJ
P6UC	P2SD
P6V8	P6V8
P6V8	PB4B
P6V8	PB4C
P6V8	PIWD
P6V8	PDBJ
P6V8	P2TE
P6V8	PMO8
P6W4	P6W4
P6W4	PMND
P6W4	PB3I
P6W4	PDCF
P6W4	PIVJ
P6W4	P2U8
P6X0	P6X0
P6X0	PMMI
P6X0	PDDB
P6X0	PB2P
P6X0	PIUP
P6X0	P2V4
P6YS	P6YS
P6YS	PMKS
P6YS	PDF3
P6YS	PB0A
P6YS	P2WU
P6YS	PISE
P6ZO	P6ZO
P6ZO	PMJX
P6ZO	PDFZ
P6ZO	P2XP
P6ZO	PIRJ
P6ZO	PAZK
P71G	P71G
P71G	PIPY
P71G	PAY2
P71G	PDHR
P71G	P2Z8
P71G	PMIF
P72C	P72C
P72C	PAX0
P72C	PIP1
P72C	PDIN
P72C	P302
P72C	PMHL
P75W	P75W
P75W	PIMF
P75W	PMFM
P75W	P321
P75W	PAUX
P75W	PDKP
P76S	P76S
P76S	PILK
P76S	PATL
P76S	PMEP
P76S	PDLL
P76S	P32Y
P77O	P77O
P77O	PASK
P77O	PIKP
P77O	PMDU
P77O	P33T
P77O	PDMH
P78K	P78K
P78K	PARP
P78K	PIJT
P78K	PMCY
P78K	P34P
P78K	PDND
P79G	P79G
P79G	PAQR
P79G	PIIX
P79G	PMC0
P79G	PDO9
P79G	P35N
P7B8	P7B8
P7B8	PIH0
P7B8	PMA8
P7B8	PDQ1
P7B8	P37E
P7B8	PAOT
P7D0	P7D0
P7D0	P39U
P7D0	PDRT
P7DW	P7DW
P7DW	PIEE
P7DW	P3AO
P7DW	PM6O
P7DW	PAJ9
P7DW	PDSP
P7ES	P7ES
P7ES	PIDI
P7ES	P3BK
P7ES	PM5S
P7ES	PAI9
P7ES	PDTL
P7GK	P7GK
P7GK	PFBS
P7GK	PB5N
P7T0	P7T0
P7T0	PFQ9
P7T0	P6I5
P7T0	P2I6
P7T0	PJNA
P7T0	PCYL
P7US	P7US
P7US	PFS1
P83O	P83O
P83O	PCND
P83O	P28F
P83O	PG27
P83O	P68G
P83O	PJWW
P878	P878
P8CK	P8CK
P8DG	P8DG
P8DG	PHMR
P8DG	P9VR
P8DG	PVD
P8DG	PL9P
P8DG	P9JE
P8DG	PE1O
P8DG	P3JO
P8KK	P8KK
P8LG	P8LG
P8PW	P8PW
P8PW	PGLJ
P8PW	P1NV
P8PW	PKHB
P8PW	PC2B
P8PW	P5NF
P8V8	P8V8
P9ES	P9ES
P9ES	PLR6
P9ES	PF2B
P9ES	PFC
P9ES	P4KB
P9K4	P9K4
P9QC	P9QC
P9VO	P9VO
PA10	PA10
PAIS	PAIS
PALG	PALG
PAN8	PAN8
PAPW	PAPW
PATG	PATG
PAUC	PAUC
PAXW	PAXW
PAXW	PIPV
PAZO	PAZO
PB1G	PB1G
PB50	PB50
PB6S	PB6S
PB9G	PB9G
PB9G	P45J
PB9G	P4Z3
PB9G	PENJ
PBB8	PBB8
PBB8	P98M
PBB8	PKZR
PBB8	P4XB
PBB8	P15M
PBB8	PH4S
PBC4	PBC4
PBC4	PL0N
PBC4	P4WF
PBC4	P14R
PBC4	PH5N
PBDW	PBDW
PBDW	PL2D
PBDW	P9BF
PBDW	P4UN
PBDW	PH7B
PBDW	P133
PBES	PBES
PBES	P9C4
PBES	P11P
PBES	P4TR
PBES	PL3N
PBES	PH84
PBHG	PBHG
PBHG	P52G
PBHG	PH3E
PBHG	P180
PBHG	P974
PBHG	PKXF
PBIC	PBIC
PBIC	P53C
PBIC	P18U
PBIC	PH2M
PBIC	P96C
PBIC	PKWK
PBJ8	PBJ8
PBJ8	P548
PBJ8	P19Q
PBJ8	PH1R
PBJ8	PKVO
PBJ8	P95H
PBK4	PBK4
PBK4	P554
PBK4	P1AM
PBK4	PH0V
PBK4	PKUS
PBK4	P94L
PBLW	PBLW
PBLW	P56W
PBLW	P1CF
PBLW	PGZ4
PBLW	PKSZ
PBLW	P92V
PBNO	PBNO
PBNO	P91D
PBNO	P58O
PBNO	P1E2
PBNO	PGXG
PBNO	PKRB
PBOK	PBOK
PBOK	P90J
PBOK	P59J
PBOK	P1EW
PBOK	PGWM
PBOK	PKQH
PBPG	PBPG
PBPG	P8ZO
PBPG	P5AF
PBPG	P1FS
PBPG	PKP8
PBPG	PGVO
PBS4	PBS4
PBS4	P8XV
PBS4	P5D4
PBS4	PKND
PBS4	P1HM
PBS4	PGTM
PBUS	PBUS
PBUS	P8V5
PBUS	P4DI
PBUS	P5FR
PBUS	PEVI
PBUS	PGSF
PBWK	PBWK
PBWK	PGOY
PBWK	P8TF
PBWK	P5HJ
PBWK	P1KB
PBWK	PKKT
PBXG	PBXG
PBXG	PGO3
PBXG	P5IF
PBXG	PKJX
PBXG	P1LB
PBXG	P8SG
PC04	PC04
PC04	P5L8
PC04	P9M8
PC04	P3XY
PC04	P47R
PC04	PHYV
PC04	PEFZ
PC04	PEPR
PC10	PC10
PC10	P5M4
PC10	P8R6
PC10	PGMU
PC10	P1MK
PC10	PKIN
PC1W	PC1W
PC1W	P5N0
PC1W	P8QB
PC1W	PGLY
PC1W	P1NG
PC1W	PKHQ
PC2S	PC2S
PC2S	P5NW
PC2S	P8PE
PC2S	PGL2
PC2S	P1OD
PC2S	PKGU
PC3O	PC3O
PC3O	P5OR
PC3O	PGK1
PC3O	P8OI
PC3O	PKFW
PC3O	P1PB
PC78	PC78
PC78	P8JN
PC78	P1T1
PC78	P5SB
PC78	PKCA
PC78	PGGS
PC84	PC84
PC84	P8IR
PC84	P1TZ
PC84	P5T7
PC84	PKBE
PC84	PGFV
PC90	PC90
PC90	P8HX
PC90	P5U3
PC90	P1V5
PC90	PKAH
PC90	PGEZ
PC9W	PC9W
PC9W	P5UZ
PC9W	P1W1
PC9W	PGE1
PC9W	PK9L
PCAS	PCAS
PCAS	P5VV
PCAS	P8GE
PCAS	P1WX
PCAS	PGD2
PCAS	PK8P
PCBO	PCBO
PCBO	P5WR
PCBO	P1XP
PCBO	PGCA
PCBO	PK7X
PCCK	PCCK
PCCK	P5XN
PCCK	P1YK
PCCK	P8EX
PCCK	PGBE
PCCK	PK71
PCDG	PCDG
PCDG	P5YJ
PCDG	P1ZH
PCDG	P8DV
PCDG	PGAH
PCDG	PK64
PCF8	PCF8
PCF8	PK4L
PCF8	P212
PCF8	PG92
PCF8	P60B
PCF8	P8BF
PCG4	PCG4
PCG4	P21Y
PCG4	PG86
PCG4	PK3R
PCG4	P617
PCG4	P8AI
PCH0	PCH0
PCH0	PG76
PCH0	PK2T
PCH0	P22W
PCH0	P623
PCH0	P89F
PCHW	PCHW
PCHW	P23P
PCHW	PG6D
PCHW	PK1Z
PCHW	P62Z
PCHW	P88T
PCLG	PCLG
PCLG	P85J
PCLG	P66J
PCLG	P26N
PCLG	PJYO
PCN8	PCN8
PCN8	P83T
PCN8	P28A
PCN8	P68B
PCN8	PG2C
PCN8	PJX1
PCP0	PCP0
PCP0	P2A3
PCP0	P6A3
PCP0	P818
PCP0	PFYN
PCP0	PJVB
PCPW	PCPW
PCPW	P2AU
PCPW	PFXI
PCPW	P6AZ
PCPW	P7ZV
PCPW	PJUK
PCQS	PCQS
PCQS	PFWM
PCQS	P6BV
PCQS	P2BW
PCQS	PJTK
PCQS	P7YZ
PCRO	PCRO
PCRO	PFVO
PCRO	P6CR
PCRO	P2CS
PCRO	PJSO
PCRO	P7Y6
PCUC	PCUC
PCUC	P7XE
PCUC	PFUQ
PCUC	P2DQ
PCUC	P6DW
PCUC	PJRO
PCW4	PCW4
PCW4	PFSY
PCW4	P7VN
PCW4	PJPR
PCW4	P6FO
PCW4	P2FP
PCX0	PCX0
PCX0	PJOV
PCX0	P6GK
PCX0	P2GL
PCX0	PFRT
PCX0	P7UK
PCXW	PCXW
PCXW	PJNZ
PCXW	P6HG
PCXW	P2HH
PCXW	PFQY
PCXW	P7TP
PCYS	PCYS
PCYS	P6IC
PCYS	PFQ2
PD0K	PD0K
PD0K	P2KQ
PD0K	P7QL
PD0K	P6K4
PD0K	PFO6
PD0K	PJKP
PD38	PD38
PD38	P2MP
PD38	PFM9
PD38	PJIR
PD38	P6MS
PD38	P7O8
PD44	PD44
PD44	P2NH
PD44	PJHT
PD44	P6NO
PD44	PFLI
PD44	P7NI
PD50	PD50
PD50	P2O8
PD50	PFKI
PD50	PJH0
PD50	P6OP
PD50	P7MI
PD5W	PD5W
PD5W	P2OZ
PD5W	PFJL
PD5W	PJG8
PD5W	P6PL
PD5W	P7LQ
PD6S	PD6S
PD6S	PFI9
PD6S	P2Q4
PD6S	PJF3
PD6S	P6QH
PD6S	P7KS
PD7O	PD7O
PD7O	PFHD
PD7O	P6RD
PD7O	P7JV
PDB8	PDB8
PDB8	PMOH
PDB8	PB4L
PDB8	PIWM
PDB8	P2T5
PDB8	P6UX
PDC4	PDC4
PDC4	PMNO
PDC4	P2TX
PDC4	P6VT
PDC4	PB3T
PDC4	PIVU
PDD0	PDD0
PDD0	P2UT
PDD0	PMMT
PDD0	P6WP
PDD0	PB2Y
PDD0	PIUZ
PDDW	PDDW
PDDW	P2VP
PDDW	PMLX
PDDW	P6XL
PDDW	PB22
PDDW	PIU2
PDES	PDES
PDES	PB0L
PDES	PISP
PDES	P2WJ
PDES	PML3
PDES	P6YH
PDFO	PDFO
PDFO	PIRT
PDFO	P2XF
PDFO	PMK7
PDFO	P6ZD
PDGK	PDGK
PDGK	PAZ1
PDGK	PIR1
PDGK	P2Y8
PDGK	P709
PDGK	PMJE
PDHG	PDHG
PDHG	P2Z1
PDHG	PAY9
PDHG	PIQ9
PDHG	P715
PDHG	PMIM
PDJ8	PDJ8
PDJ8	PMH0
PDJ8	P30N
PDJ8	PAWG
PDJ8	PIOH
PDJ8	P72X
PDL0	PDL0
PDL0	P32D
PDL0	PMFA
PDL0	P767
PDL0	PIM4
PDL0	PAU8
PDOK	PDOK
PDOK	PMBP
PDOK	P35Y
PDOK	P79R
PDOK	PAQG
PDOK	PIIM
PDPG	PDPG
PDPG	P36T
PDPG	PMAU
PDPG	P7AN
PDPG	PAPD
PDPG	PIHM
PDR8	PDR8
PDR8	P7CF
PDR8	PIFP
PDS4	PDS4
PDS4	PAJN
PDS4	P7DB
PDS4	PIES
PDS4	P3A3
PDS4	PM70
PDT0	PDT0
PDT0	PM6D
PDT0	PAIV
PDT0	P7E7
PDT0	P3AZ
PDT0	PIE3
PDTW	PDTW
PDTW	PAHX
PDTW	PM5I
PDTW	P7F3
PDTW	PID5
PDTW	P3BV
PDUS	PDUS
PDUS	PM4L
PDUS	PAH4
PDUS	PIC7
PDUS	PR
PDUS	P3CS
PDVO	PDVO
PDVO	PM3R
PDVO	PAG8
PDVO	PIBC
PDVO	P1L
PDVO	P3DO
PDWK	PDWK
PDWK	PAFB
PDWK	PM2V
PDWK	PIAG
PDWK	P2H
PDWK	P3EK
PDXG	PDXG
PDXG	PAEB
PDXG	PM1Z
PDXG	PI9K
PDXG	P3D
PDXG	P3FG
PDYC	PDYC
PDYC	PADF
PDYC	PM13
PDYC	PI8M
PDYC	P49
PDYC	P3GC
PE10	PE10
PE10	PAAX
PE10	PLYS
PE10	P3J0
PE10	PI66
PE10	P67
PE2S	PE2S
PE2S	PF2C
PE2S	PF6T
PE2S	PETI
PE2S	PB8N
PE2S	PD8P
PE2S	P4ZW
PE2S	P45U
PE2S	PJ4N
PE2S	PCE0
PE2S	PENU
PE2S	P3KS
PE2S	P4KC
PE2S	PBUK
PE2S	P4OT
PE2S	P4BI
PE2S	P6SE
PE2S	P5FJ
PE2S	P5Z3
PE4K	PE4K
PE4K	PLWL
PE4K	P9D
PE4K	PI46
PE4K	PA8O
PE4K	P3MK
PE5G	PE5G
PE5G	PA83
PE5G	PLVS
PE5G	PAC
PE5G	PI3E
PE5G	P3NG
PE78	PE78
PE78	PA6G
PE78	PLU6
PE78	PBZ
PE78	P3P8
PE78	PI1Q
PE84	PE84
PE84	PA5K
PE84	PLTA
PE84	PCV
PE84	P3Q4
PE84	PI0U
PE90	PE90
PE90	PDH
PE90	PA4R
PE90	PLSO
PE90	P3R0
PE90	PHZZ
PE9W	PE9W
PE9W	PHZ7
PE9W	PEE
PE9W	PA3Y
PE9W	PLRR
PE9W	P3RW
PEBO	PEBO
PEBO	PHVT
PEBO	PLPO
PEBO	P3TN
PEBO	PA2J
PEBO	PGT
PEDG	PEDG
PEDG	PHU2
PEDG	PLNW
PEDG	P3VF
PEDG	PA0R
PEDG	PIL
PEF8	PEF8
PEF8	PHS4
PEF8	P9ZH
PEF8	PLM7
PEF8	PK9
PEF8	P3X7
PEHW	PEHW
PEHW	PLN
PEHW	PHQP
PEHW	P3ZV
PEHW	P9Y4
PEHW	PLKT
PEIS	PEIS
PEIS	PMH
PEIS	PHPQ
PEIS	P40R
PEIS	P9XB
PEIS	PLJZ
PEN8	PEN8
PEN8	PBGA
PEN8	P457
PEN8	P51A
PEP0	PEP0
PEP0	PQW
PEP0	PLE0
PEP0	PHKB
PEP0	P9RU
PEP0	P470
PEPW	PEPW
PEPW	P5L3
PEPW	P9M3
PEPW	PLRG
PEPW	P47W
PEPW	PBZZ
PEUC	PEUC
PEUC	PMVF
PEUC	P4CC
PEUC	PIYN
PEW4	PEW4
PEW4	P9OX
PEW4	PLCN
PEW4	PS9
PEW4	P4E4
PEW4	PHJ1
PEX0	PEX0
PEX0	P9O1
PEX0	P4F0
PEX0	PHI5
PEXW	PEXW
PEXW	P9N5
PEXW	PLAV
PEXW	PU1
PEXW	PHH7
PEXW	P4FW
PEYS	PEYS
PEYS	PBG6
PEYS	P516
PEYS	PBTM
PEYS	P4GS
PEYS	P5EM
PEZO	PEZO
PEZO	P4OD
PEZO	PF6D
PEZO	PBFC
PEZO	P4T7
PF1G	PF1G
PF1G	PF6
PF1G	PEQW
PF1G	PJ55
PF1G	P9LG
PF1G	P4JG
PF1G	P48W
PF44	PF44
PF44	PX5
PF44	PL7V
PF44	PHDH
PF44	P4M4
PF44	P9HB
PF50	PF50
PF50	PL6W
PF50	PY3
PF50	PHCL
PF50	P4N0
PF50	P9GE
PF6S	PF6S
PF6S	PE2T
PF6S	PETH
PF6S	PF2D
PF6S	PB8M
PF6S	PCO9
PF6S	PD8Q
PF6S	P4ZX
PF6S	P69C
PF6S	P45V
PF6S	PJ4M
PF6S	PCDZ
PF6S	PENV
PF6S	P4OS
PF6S	P3KT
PF6S	P4BH
PF6S	P4KD
PF6S	PBUL
PF6S	P5Z2
PF6S	P6SF
PF6S	P5FK
PF7O	PF7O
PF7O	P9E0
PF7O	PL61
PF7O	PYY
PF7O	PHBP
PF7O	P4PO
PFC4	PFC4
PFC4	P7GW
PFGK	PFGK
PFIC	PFIC
PFQC	PFQC
PFQC	P7T3
PFQC	P6I2
PFQC	P2I3
PFQC	PJND
PFQC	PCYI
PFS4	PFS4
PG04	PG04
PG04	P82P
PG9W	PG9W
PGDG	PGDG
PGDG	PK90
PGDG	P1WM
PGDG	PCAH
PGDG	P8GS
PGDG	P5VK
PGQS	PGQS
PGTG	PGTG
PGTG	PKN7
PGTG	PBSA
PGTG	P5DA
PGTG	P1HU
PGTG	P8XO
PH5W	PH5W
PH5W	P4W5
PH5W	PBCE
PH5W	PL0W
PH5W	P14I
PH5W	P9A6
PH8K	PH8K
PHC4	PHC4
PHES	PHES
PHMS	PHMS
PHNO	PHNO
PHT0	PHT0
PHXG	PHXG
PHYC	PHYC
PHYC	PLRE
PHYC	P4JA
PHYC	PEX
PHYC	P9LN
PHYC	PF1A
PI5G	PI5G
PI5G	P3KX
PI5G	PE2X
PI5G	PAA4
PI6C	PI6C
PICK	PICK
PICK	PAHC
PIMC	PIMC
PIMC	P75Z
PIMC	PMFI
PIMC	PAUV
PIMC	PDKS
PIMC	P325
PIN8	PIN8
PIX0	PIX0
PIX0	PMWZ
PIXW	PIXW
PIXW	PMW3
PIZO	PIZO
PJ5W	PJ5W
PJ5W	P9J8
PJ8K	PJ8K
PJ9G	PJ9G
PJAC	PJAC
PJC4	PJC4
PJC4	PFDZ
PJC4	P7HR
PJC4	P2SZ
PJC4	P6UR
PJC4	PDB2
PJFO	PJFO
PJFO	P2PJ
PJFO	PFJ1
PJGK	PJGK
PJGK	P7M0
PJGK	P6PB
PJGK	P2ON
PJGK	PD5M
PJGK	PFJX
PJHG	PJHG
PJHG	PFKX
PJHG	P6O9
PJHG	P7MX
PJHG	PD4K
PJHG	P2NT
PJIC	PJIC
PJL0	PJL0
PJL0	PFOJ
PJL0	P6JT
PJL0	P7QW
PJL0	PD09
PJL0	P2KF
PJLW	PJLW
PJLW	P6J4
PJLW	P7RN
PJLW	PFPA
PJLW	P2JJ
PJLW	PCZK
PJMS	PJMS
PJMS	P7SJ
PJMS	P2IN
PJOK	PJOK
PJOK	PFRI
PJOK	PCXC
PJOK	P7U9
PJOK	P2GW
PJOK	P6GW
PJPG	PJPG
PJPG	PCWF
PJPG	PFSN
PJPG	P7VD
PJPG	P6FZ
PJPG	P2G0
PJS4	PJS4
PJS4	P7XQ
PJS4	PFV2
PJS4	PCTS
PJS4	P2DA
PJS4	P6DC
PJT0	PJT0
PJT0	P7YH
PJT0	PFW0
PJT0	PCRC
PJT0	P6CF
PJT0	P2CG
PJTW	PJTW
PJTW	P7ZB
PJTW	PFWY
PJTW	PCQG
PJTW	P6BJ
PJTW	P2BK
PJVO	PJVO
PJVO	P81J
PJVO	PCOP
PJVO	PFYY
PJVO	P29Q
PJVO	P69S
PJWK	PJWK
PJWK	PG1V
PJWK	PCNP
PJWK	P83C
PJWK	P28R
PJWK	P68S
PJXG	PJXG
PJXG	PG2Y
PJXG	PCMN
PJXG	P67Q
PJXG	P27V
PJXG	P84F
PJZ8	PJZ8
PJZ8	PMQ1
PJZ8	PLQL
PJZ8	PF
PJZ8	PMZ3
PJZ8	P1TM
PJZ8	PFW
PJZ8	PKD8
PK04	PK04
PK04	P25K
PK04	PCJU
PK04	P64X
PK04	PG4A
PK04	P864
PK10	PK10
PK10	PG5D
PK10	P24O
PK10	PCIY
PK10	P641
PK10	P87S
PK1W	PK1W
PK1W	PG69
PK1W	PCHZ
PK1W	P23S
PK1W	P632
PK1W	P88Q
PK2S	PK2S
PK2S	PG75
PK2S	PCH1
PK2S	P22X
PK2S	P624
PK2S	P89E
PK3O	PK3O
PK3O	PG83
PK3O	PCG7
PK3O	P221
PK3O	P61A
PK3O	P8AF
PK4K	PK4K
PK4K	PCF9
PK4K	PG91
PK4K	P213
PK4K	P60C
PK4K	P8BE
PK5G	PK5G
PK9W	PK9W
PK9W	PGEC
PK9W	P1VQ
PK9W	P8HC
PK9W	PC9L
PK9W	P5UO
PKAS	PKAS
PKAS	PGFA
PKAS	P8I8
PKAS	PC8P
PKAS	P1UL
PKAS	P5TS
PKDG	PKDG
PKDG	P1RR
PKDG	PC61
PKDG	PGHO
PKDG	P8M6
PKDG	P5R4
PKEC	PKEC
PKEC	P1QV
PKEC	PC55
PKEC	PGIK
PKEC	P8N2
PKEC	P5Q8
PKF8	PKF8
PKF8	P5PH
PKF8	P1PZ
PKF8	PGJD
PKF8	P8NU
PKF8	PC4E
PKG4	PKG4
PKG4	P1P3
PKG4	P8OP
PKG4	PC3D
PKG4	PGKA
PKG4	P5OG
PKH0	PKH0
PKH0	P5NQ
PKH0	P1O7
PKH0	P8PK
PKH0	PGL8
PKH0	PC2M
PKHW	PKHW
PKHW	P5MU
PKHW	P1NA
PKHW	P8QH
PKHW	PGM4
PKHW	PC1Q
PKLG	PKLG
PKMC	PKMC
PKMC	P9PF
PKMC	P4DM
PKMC	PBUY
PKMC	P5FX
PKMC	P1IN
PKMC	PEVM
PKMC	PAL2
PKMC	PGS9
PKMC	P8UY
PKMC	PG0T
PKN8	PKN8
PKN8	P8XP
PKN8	PGTH
PKP0	PKP0
PKP0	PBPO
PKP0	PGVG
PKP0	P5AN
PKP0	P1G2
PKP0	P8ZG
PKPW	PKPW
PKQS	PKQS
PKQS	PGWX
PKQS	P90U
PKQS	PBO8
PKQS	P597
PKQS	P1EL
PKRO	PKRO
PKRO	PGXT
PKRO	P91P
PKRO	PBNB
PKRO	P58B
PKRO	P1DQ
PKSK	PKSK
PKSK	PGYP
PKSK	P92G
PKSK	PBMF
PKSK	P57F
PKSK	P1CU
PKUC	PKUC
PKUC	P945
PKUC	PBKK
PKUC	P55K
PKUC	P1B2
PKUC	PH0F
PKV8	PKV8
PKV8	P951
PKV8	PBJO
PKV8	P54O
PKV8	P1A6
PKV8	PH1B
PKW4	PKW4
PKW4	P95W
PKW4	PBIS
PKW4	P53S
PKW4	P19A
PKW4	PH27
PKX0	PKX0
PKX0	P96R
PKX0	PBHV
PKX0	P52V
PKX0	P18E
PKX0	PH32
PKXW	PKXW
PKXW	P97L
PKXW	PBGZ
PKXW	P51Z
PKXW	PH3V
PKXW	P17J
PL1G	PL1G
PL1G	PBD0
PL1G	PBD1
PL1G	P4VI
PL1G	P4VJ
PL1G	P9AP
PL1G	PH6G
PL1G	P13Y
PL44	PL44
PL44	P4RV
PL44	P10U
PL44	PH9S
PL44	PF9V
PL50	PL50
PL50	P9D2
PL50	P4QV
PL50	PHAK
PL50	PZY
PL50	PF8V
PL8K	PL8K
PL8K	P4LI
PL8K	PF3I
PL8K	PHF3
PL8K	PWG
PL8K	P9HX
PL9G	PL9G
PL9G	PVM
PL9G	PHG7
PL9G	P9IX
PLAC	PLAC
PLAC	PHGO
PLAC	PUK
PLAC	P4I6
PLAC	PF06
PLAC	P9MM
PLB8	PLB8
PLB8	PHHK
PLB8	PTO
PLB8	P4FJ
PLB8	PEXJ
PLB8	P9NI
PLC4	PLC4
PLC4	PHII
PLC4	PSS
PLC4	P4EN
PLC4	PEWN
PLC4	P9OE
PLD0	PLD0
PLD0	P1L1
PLD0	P87
PLD0	PRW
PLD0	PJ58
PLD0	PA5
PLD0	PGST
PLD0	PEO
PLD0	PAMX
PLDW	PLDW
PLDW	PHK7
PLDW	PEP4
PLDW	PR0
PLDW	P9RQ
PLDW	P474
PLGK	PLGK
PLGK	PHNR
PLGK	POC
PLHG	PLHG
PLHG	P41Y
PLHG	PHOO
PLHG	P9UY
PLHG	PNG
PLHG	PEJZ
PLJ8	PLJ8
PLJ8	P9WJ
PLJ8	PLIG
PLNO	PLNO
PLNO	PHTT
PLNO	PIS
PLS4	PLS4
PLS4	P3RJ
PLS4	PHZK
PLS4	PE9J
PLS4	PE1
PLS4	PA4C
PLT0	PLT0
PLT0	P3QF
PLT0	PE8F
PLT0	PI0K
PLT0	PD5
PLT0	PA58
PLUS	PLUS
PLUS	P3OL
PLUS	PE6L
PLUS	PI2C
PLUS	PBD
PLUS	PA72
PLVO	PLVO
PLVO	PE5K
PLVO	PI3A
PLVO	PAG
PLVO	PA7Z
PLVO	P3NK
PLWK	PLWK
PLWK	PE4L
PLWK	P9E
PLWK	PI45
PLWK	PA8N
PLWK	P3ML
PLYC	PLYC
PM10	PM10
PM10	PDYF
PM10	PI8J
PM10	P4C
PM10	P3GF
PM10	PADC
PM1W	PM1W
PM1W	PDXJ
PM1W	PI9H
PM1W	P3G
PM1W	P3FJ
PM1W	PAE8
PM2S	PM2S
PM2S	PAF8
PM2S	PDWN
PM2S	PIAD
PM2S	P2K
PM2S	P3EN
PM3O	PM3O
PM3O	PAG5
PM3O	PDVR
PM3O	PIB9
PM3O	P1O
PM3O	P3DR
PM90	PM90
PMAS	PMAS
PMAS	PDPI
PMAS	P36V
PMAS	PAPB
PMAS	P7AP
PMAS	PIHK
PMCK	PMCK
PMCK	P353
PMCK	PDNR
PMCK	P78Y
PMCK	PARB
PMCK	PIJF
PMDG	PMDG
PMDG	P347
PMDG	PDMV
PMDG	P782
PMDG	PAS7
PMDG	PIKC
PMEC	PMEC
PMEC	P33B
PMEC	PAT2
PMEC	PIL7
PMF8	PMF8
PMF8	PDL2
PMF8	P32F
PMF8	P769
PMF8	PIM2
PMF8	PAU6
PMG4	PMG4
PMG4	P31J
PMG4	PDKA
PMG4	P75H
PMHW	PMHW
PMHW	PDIB
PMHW	P2ZR
PMHW	PIPD
PMHW	PAXE
PMHW	P720
PMIS	PMIS
PMIS	P2YV
PMIS	P70X
PMIS	PAYF
PMIS	PIQF
PMIS	PDH8
PMJO	PMJO
PMJO	P2XY
PMJO	P6ZY
PMJO	PAZ9
PMJO	PIRC
PMJO	PDG9
PMKK	PMKK
PMKK	P2X2
PMKK	P6Z0
PMKK	PB02
PMKK	PIS6
PMKK	PDFB
PMLG	PMLG
PMLG	PITH
PMLG	P2W6
PMLG	PB1K
PMLG	P6Y4
PMLG	PDEF
PMMC	PMMC
PMMC	P2VA
PMMC	P6X6
PMMC	PB2J
PMMC	PIUJ
PMMC	PDDH
PMO4	PMO4
PMO4	P2TI
PMO4	PB48
PMQS	PMQS
PMRO	PMRO
PMTG	PMTG
PMW4	PMW4
PMW4	PIXV
PMX0	PMX0
PMX0	PIWZ
P2T	P2T
P2T	P3EW
P2T	PIA4
P2T	PDWW
P2T	PAEZ
P2T	PM2J
P4L	P4L
P4L	P3GN
P4L	PI8A
P4L	PDYN
P4L	PAD4
P4L	PM0R
P85	P85
P85	PI5J
P85	PAA7
P85	PLXS
PAT	PAT
PAT	PI2X
PAT	P3NY
PAT	PA7M
PAT	PE5Y
PAT	PLVC
PBP	PBP
PBP	PI20
PBP	P3OY
PBP	PA6Q
PBP	PLUG
PBP	PE6Y
PCL	PCL
PCL	PI14
PCL	P3PU
PCL	PA5U
PCL	PLTK
PCL	PE7U
PF9	PF9
PF9	PF1J
PF9	P16D
PF9	PHY2
PF9	P4JJ
PN9	PN9
PN9	PEJP
PN9	PLHN
PN9	PHOW
PN9	P9V5
PN9	P41O
PO5	PO5
PO5	PEKO
PO5	P9U2
PO5	PLGR
PO5	PHNY
PO5	P42N
PPX	PPX
PPX	PHL1
PPX	PEMF
PPX	PLEY
PPX	P9SK
PPX	P44E
PSL	PSL
PSL	P9OL
PSL	P4EG
PSL	PLCB
PSL	PEWG
PSL	PHIP
PTH	PTH
PTH	P9NP
PTH	P4FC
PTH	PLBF
PTH	PHHR
PTH	PEXC
PUD	PUD
PUD	P9MT
PUD	PLAJ
PUD	PHGV
PV9	PV9
PW5	PW5
PW5	PHFL
PW5	P9ID
PW5	PL8W
PW5	P4KZ
PW5	PF2Z
PYT	PYT
PYT	P9E5
PYT	PL66
PYT	P4PJ
PYT	PHBU
PYT	PF7J
PZP	PZP
PZP	PF8K
PZP	PF8L
PZP	PL59
PZP	PL5A
PZP	P9DB
PZP	PHAT
PZP	P4QK
PZP	P4QL
P139	P139
P139	P9BB
P139	P4UR
P139	PH77
P139	PL27
P139	PBDS
P145	P145
P145	P9AI
P145	PH69
P145	P4VR
P145	PBCS
P145	PL19
P151	P151
P151	PH5D
P151	P99U
P151	P4WP
P151	PBBU
P151	PL0D
P15X	P15X
P15X	PH4H
P15X	P986
P15X	PBAW
P15X	P4XN
P15X	PKZG
P17P	P17P
P17P	PH3P
P17P	PBH5
P17P	P97F
P17P	P525
P17P	PKXQ
P18L	P18L
P18L	PH2V
P18L	PBI3
P18L	P96K
P18L	PKWT
P18L	P533
P19H	P19H
P19H	PH20
P19H	PBIZ
P19H	PKVX
P19H	P95Q
P19H	P53Z
P1AD	P1AD
P1AD	PH14
P1AD	PBJV
P1AD	PKV1
P1AD	P94U
P1AD	P54V
P1B9	P1B9
P1B9	PH09
P1B9	PBKQ
P1B9	PKU5
P1B9	P55Q
P1B9	P93Z
P1C5	P1C5
P1C5	PGZD
P1C5	PBLM
P1C5	PKT9
P1C5	P56M
P1C5	P934
P1ID	P1ID
P1ID	P8W6
P1ID	PKMO
P1ID	PGSX
P1ID	PBUH
P1ID	P5FG
P1MT	P1MT
P1MT	P8QX
P1MT	PC19
P1MT	PGML
P1MT	P5MD
P1MT	PKIE
P1NP	P1NP
P1NP	P8Q2
P1NP	PC25
P1NP	PGLP
P1NP	P5N9
P1NP	PKHH
P1Z	P1Z
P1Z	P3E2
P1Z	PIAY
P1Z	PDW2
P1Z	PAFT
P1Z	PM3D
P2V	P2V
P2V	P3EY
P2V	PIA2
P2V	PDWY
P2V	PAEX
P2V	PM2H
P3R	P3R
P3R	PADX
P3R	PM1L
P4N	P4N
P4N	PI88
P4N	P3GP
P4N	PDYP
P4N	PAD2
P4N	PM0P
P5J	P5J
P5J	PI7C
P5J	P3HL
P5J	PDZL
P5J	PAC6
P5J	PLZT
P7B	P7B
P93	P93
P93	PLWV
P93	P3MA
P93	PE4A
P93	PA8U
P93	PI4G
P9Z	P9Z
P9Z	PI3O
P9Z	PA8D
P9Z	P3N7
P9Z	PLW3
P9Z	PE57
PAV	PAV
PAV	PI2V
PAV	P3O0
PAV	PA7K
PAV	PLVA
PAV	PE60
PBR	PBR
PBR	PI1Y
PBR	PA6O
PBR	P3P0
PBR	PLUE
PBR	PE70
PNB	PNB
PNB	PEJS
PNB	PLHL
PNB	PHOU
PNB	P9V3
PNB	P41R
PP3	PP3
PP3	PHLV
PP3	PELK
PP3	PLFS
PP3	P9T7
PP3	P43J
PPZ	PPZ
PPZ	PHKZ
PPZ	PLEW
PPZ	PEMH
PPZ	P9SI
PPZ	P44G
PQV	PQV
PQV	PLE1
PQV	PHKC
PQV	P9RV
PRR	PRR
PRR	PLD5
PRR	PHJF
PRR	P4AE
PRR	P9R0
PRR	PESE
PSN	PSN
PSN	P9OJ
PSN	PLC9
PSN	P4EI
PSN	PHIN
PSN	PEWI
PTJ	PTJ
PTJ	P9NN
PTJ	PLBD
PTJ	P4FE
PTJ	PHHP
PTJ	PEXE
PUF	PUF
PUF	P9MR
PUF	P4G8
PUF	PLAH
PUF	PHGT
PUF	PEY8
PW7	PW7
PW7	P9IB
PW7	PL8U
PW7	P4L1
PW7	PF31
PW7	PHFJ
PXZ	PXZ
PXZ	P9GI
PXZ	PL71
PXZ	P4MW
PXZ	PHCP
PXZ	PF4W
PZR	PZR
PZR	PF8O
PZR	PL57
PZR	P9D9
PZR	PHAR
PZR	P4QO
P11J	P11J
P11J	P4TK
P11J	P9CA
P11J	PBEZ
P11J	PL3T
P11J	PH8A
P12F	P12F
P12F	PH7Y
P12F	P4TX
P12F	PL31
P12F	PBEM
P13B	P13B
P13B	PH75
P13B	P4UT
P13B	PL25
P13B	PBDQ
P15Z	P15Z
P15Z	PH4F
P15Z	P984
P15Z	PBAS
P15Z	PKZE
P15Z	P4XR
P16V	P16V
P17R	P17R
P17R	PH3N
P17R	P97D
P17R	PBH7
P17R	PKXO
P17R	P527
P1BB	P1BB
P1BB	PH07
P1BB	PKU3
P1BB	PBKS
P1BB	P93X
P1BB	P55S
P1IF	P1IF
P1IF	P8W4
P1IF	PKMM
P1IF	PGSV
P1IF	PBUJ
P1IF	P5FI
P1LZ	P1LZ
P1LZ	PBY9
P1LZ	PBYA
P1LZ	P5J8
P1LZ	P5J9
P1LZ	P8RR
P1LZ	PGNF
P1LZ	PKJ9
P1MV	P1MV
P1MV	P8QV
P1MV	PGMJ
P1MV	PC1B
P1MV	PKIC
P1MV	P5MF
P1NR	P1NR
P1NR	P8Q0
P1NR	PGLN
P1NR	PC27
P1NR	PKHF
P1NR	P5NB
P1PJ	P1PJ
P1PJ	PGJT
P1PJ	P8OA
P1PJ	PC3Y
P1PJ	PKFO
P1PJ	P5P1
P1QF	P1QF
P1QF	PC4P
P1QF	PGJ0
P1QF	P8NI
P1QF	P5PS
P1QF	PKES
P1RB	P1RB
P1RB	PC5L
P1RB	PGI4
P1RB	P8MM
P1RB	P5QO
P1RB	PKDW
P1S7	P1S7
P1S7	PC6G
P1S7	PGH7
P1S7	P5RJ
P1S7	P8LR
P1S7	PKCY
P1UV	P1UV
P207	P207
P29Z	P29Z
P29Z	P69Z
P29Z	P81C
P29Z	PFYR
P29Z	PJVF
P29Z	PCOW
P2DJ	P2DJ
P2DJ	P6DM
P2DJ	PCU2
P2DJ	PJRV
P2EF	P2EF
P2EF	P7WP
P2EF	PFU1
P2EF	P6EL
P2EF	PJQZ
P2EF	PCV1
P2FB	P2FB
P2FB	P7VT
P2FB	PFT5
P2FB	P6FH
P2FB	PJQ3
P2FB	PCVX
P2G7	P2G7
P2G7	P6G6
P2G7	PFSG
P2G7	P7V6
P2G7	PCWM
P2G7	PJP9
PKNA	PKNA
PKNA	PBS7
PKNA	PGTJ
PKNA	P5D7
PKNA	P1HP
PKNA	P8XS
PKP2	PKP2
PKP2	PBPM
PKP2	P5AL
PKP2	P1FY
PKP2	PGVI
PKP2	P8ZI
PKPY	PKPY
PKQU	PKQU
PKQU	PGWZ
PKQU	P90W
PKQU	PBO6
PKQU	P595
PKQU	P1EJ
PKRQ	PKRQ
PKRQ	PGXV
PKRQ	P91R
PKRQ	PBN9
PKRQ	P589
PKRQ	P1DO
PKUE	PKUE
PKUE	PH0H
PKUE	P947
PKUE	PBKI
PKUE	P55I
PKUE	P1B0
PKVA	PKVA
PKVA	PH1D
PKVA	P953
PKVA	PBJM
PKVA	P54M
PKVA	P1A4
PKW6	PKW6
PKW6	PH29
PKW6	P95Y
PKW6	PBIQ
PKW6	P53Q
PKW6	P198
PKX2	PKX2
PKX2	P96T
PKX2	PBHT
PKX2	P52T
PKX2	P18C
PKX2	PH34
PL46	PL46
PL46	P4RT
PL46	P10S
PL46	PF9T
PL46	PH9U
PL9I	PL9I
PL9I	PVK
PL9I	PHG9
PL9I	P9IZ
PLAE	PLAE
PLAE	PUI
PLAE	PHGQ
PLAE	P4I4
PLAE	PF04
PLAE	P9MO
PLBA	PLBA
PLBA	PTM
PLBA	PHHM
PLBA	P4FH
PLBA	PEXH
PLBA	P9NK
PLC6	PLC6
PLC6	PSQ
PLC6	PHIK
PLC6	P4EL
PLC6	PEWL
PLC6	P9OG
PLIE	PLIE
PLIE	PLJ6
PLS6	PLS6
PLS6	P3RH
PLS6	PHZM
PLS6	PE9H
PLS6	PDZ
PLS6	PA4E
PLYE	PLYE
PLZA	PLZA
PM06	PM06
PM06	PACJ
PM06	PDZ8
PM06	PI7P
PM06	P56
PM06	P3H8
PM92	PM92
PMO6	PMO6
PMO6	P2TG
PMP2	PMP2
PMPY	PMPY
PMQU	PMQU
PMQU	PMP0
PMQU	PMUF
PMQU	PMPA
PMQU	PMPJ
PMQU	PMXM
PMQU	PAPT
PMQU	PJ5U
PMQU	PMQQ
PMQU	P78
PMQU	PQS
PMQU	PGRQ
PMQU	P6G
PMQU	PMQY
PMQU	P2LN
PMQU	PG3W
PMQU	P7J
PMQU	P1G0
PMQU	PJ68
PMQU	PMSW
PMQU	PG41
PMQU	PMPD
PMQU	PJDE
PMQU	PMQB
PMQU	PL
PMQU	PMPO
PMQU	PMQL
PMRQ	PMRQ
PMTI	PMTI
PMW6	PMW6
PMW6	PIXT
PMX2	PMX2
PMX2	PIWX
PI86	PI86
PI86	P4P
PI86	P3GR
PI86	PDYR
PI86	PAD0
PI86	PM0N
PIG6	PIG6
PIHY	PIHY
PIHY	PAPP
PIME	PIME
PINA	PINA
PIX2	PIX2
PIX2	PMWX
PIXY	PIXY
PIXY	PMW1
PIZQ	PIZQ
PJ5Y	PJ5Y
PJ5Y	P9JA
PJ7Q	PJ7Q
PJ7Q	PB4X
PJ8M	PJ8M
PJ9I	PJ9I
PJAE	PJAE
PJBA	PJBA
PJC6	PJC6
PJC6	PFE1
PJC6	P2SX
PJC6	P6UP
PJC6	P7HT
PJC6	PDB0
PJD2	PJD2
PJD2	PFEW
PJD2	P7IK
PJD2	P2S1
PJD2	P6TW
PJD2	PDA7
PJFQ	PJFQ
PJFQ	P7L8
PJFQ	P2PH
PJFQ	PFJ3
PJGM	PJGM
PJGM	P6P3
PJGM	P7M2
PJGM	PD5E
PJGM	P2OL
PJGM	PFJZ
PJHI	PJHI
PJHI	PFKZ
PJHI	P6O7
PJHI	P7MZ
PJHI	PD4I
PJHI	P2NR
PJIE	PJIE
PJJA	PJJA
PJJA	PFMS
PJJA	P7OR
PJJA	P6LR
PJJA	P2M6
PJJA	PD27
PJK6	PJK6
PJK6	PFNL
PJK6	P6KR
PJK6	P7PR
PJK6	PD17
PJK6	P2L9
PJLY	PJLY
PJLY	P6J2
PJLY	P7RP
PJLY	P2JH
PJLY	PCZI
PJLY	PFPC
PJMU	PJMU
PJMU	P7SL
PJMU	P2IL
PJNQ	PJNQ
PJNQ	PCY5
PJNQ	PFQP
PJNQ	P7TG
PJNQ	P6HP
PJNQ	P2HQ
PJPI	PJPI
PJPI	PCWD
PJPI	PFSP
PJPI	P7VF
PJPI	P6FX
PJPI	P2FY
PJT2	PJT2
PJT2	P7YJ
PJT2	PFW2
PJT2	PCRA
PJT2	P6CD
PJT2	P2CE
PJTY	PJTY
PJTY	P7ZD
PJTY	PFX0
PJTY	PCQE
PJTY	P6BH
PJTY	P2BI
PJVQ	PJVQ
PJVQ	PCON
PJVQ	P81L
PJVQ	P29O
PJVQ	PFZ0
PJVQ	P69Q
PJWM	PJWM
PJWM	PG1X
PJWM	PCNN
PJWM	P28P
PJWM	P68Q
PJWM	P83E
PJXI	PJXI
PJXI	P84H
PJXI	PG30
PJXI	PCML
PJXI	P67O
PJXI	P27T
PJYE	PJYE
PJYE	PG3S
PJYE	PCLQ
PJYE	P66T
PJYE	P26X
PJYE	P859
PK5I	PK5I
PKAU	PKAU
PKAU	PGFC
PKAU	P8IA
PKAU	PC8N
PKAU	P1UJ
PKAU	P5TQ
PKBQ	PKBQ
PKBQ	PGG7
PKBQ	P8J3
PKBQ	PC7S
PKBQ	P1TL
PKBQ	P5SV
PKCM	PKCM
PKCM	PGRX
PKDI	PKDI
PKDI	P1RP
PKDI	PC5Z
PKDI	P5R2
PKDI	PGHQ
PKDI	P8M8
PKEE	PKEE
PKEE	P1QT
PKEE	PC53
PKEE	P5Q6
PKEE	PGIM
PKEE	P8N4
PKG6	PKG6
PKG6	P1P1
PKG6	PC3B
PKG6	P8OR
PKG6	P5OE
PKG6	PGKF
PKIU	PKIU
PKIU	P1MD
PKIU	PC0N
PKIU	P8RD
PKIU	PGN1
PKIU	P5LR
PKLI	PKLI
PB64	PB64
PBIK	PBIK
PBIK	P964
PBIK	PKWC
PBIK	P53K
PBIK	P192
PBKC	PBKC
PBKC	PH0N
PBKC	PKUK
PBKC	P94D
PBKC	P55C
PBKC	P1AU
PBN0	PBN0
PBN0	PGY4
PBN0	PKRZ
PBN0	P580
PBN0	P1DF
PBNW	PBNW
PBNW	PGX9
PBNW	P58V
PBNW	PKR4
PBNW	P1E9
PBNW	P916
PBOS	PBOS
PBOS	PGWE
PBOS	P59R
PBOS	P1F4
PBOS	PKQ9
PBOS	P90B
PBRG	PBRG
PBRG	PGU9
PBRG	P5CG
PBRG	P1GY
PBRG	PGU8
PBU4	PBU4
PBU4	P5F4
PBU4	P8XH
PBU4	P1I2
PBU4	PKMZ
PBU4	PGT9
PC7G	PC7G
PC7G	P1T9
PC7G	PKC2
PC7G	P5SJ
PC7G	PGGK
PC7G	P8JF
PC98	PC98
PC98	PKA9
PC98	P5UB
PC98	PGER
PC98	P1VD
PC98	P8HP
PCA4	PCA4
PCA4	PGDT
PCA4	PK9D
PCA4	P5V7
PCA4	P1W9
PCBW	PCBW
PCBW	P8FL
PCBW	P5WZ
PCBW	PGC3
PCBW	P1XW
PCBW	PK7P
PCCS	PCCS
PCCS	P8EP
PCCS	PGB6
PCCS	P5XV
PCCS	P1YS
PCCS	PK6T
PCEK	PCEK
PCEK	P5ZN
PCEK	PG9P
PCFG	PCFG
PCFG	P21B
PCFG	P60J
PCFG	P8B7
PCFG	PK4D
PCFG	PG8U
PCGC	PCGC
PCGC	P226
PCGC	P8A9
PCGC	P61F
PCGC	PG7X
PCGC	PK3J
PCH8	PCH8
PCH8	P897
PCH8	P234
PCH8	P62B
PCH8	PG6Y
PCH8	PK2L
PCP8	PCP8
PCP8	PFY9
PCP8	PJV4
PCP8	P2AA
PCP8	P6AB
PCP8	P80T
PCP8	P80U
PCQ4	PCQ4
PCQ4	PJU8
PCQ4	P6B7
PCQ4	P7ZN
PCQ4	P2B8
PCQ4	PFXA
PCR0	PCR0
PCR0	PJTC
PCR0	P6C3
PCR0	P2C4
PCR0	P7YT
PCR0	PFWG
PCRW	PCRW
PCRW	PJSH
PCRW	P2CZ
PCRW	P6CZ
PCRW	P7Y1
PCRW	PFVF
PCUK	PCUK
PCUK	PJRG
PCUK	P2DY
PCUK	P7X6
PCUK	PFUI
PCUK	P6E4
PCVG	PCVG
PCVG	PJQK
PCVG	P2EU
PCVG	P7WA
PCVG	PFTM
PCVG	P6F0
PCY4	PCY4
PCY4	PJNR
PCY4	PFQQ
PCY4	P7TH
PCY4	P6HO
PCY4	P2HP
PCZW	PCZW
PCZW	P7R9
PCZW	PFOW
PCZW	PJLD
PCZW	P2K2
PCZW	P6JG
PD0S	PD0S
PD0S	P7QC
PD0S	PFNY
PD0S	PJKH
PD0S	P2KY
PD0S	P6KC
PD3G	PD3G
PD3G	PFM8
PD3G	P6N0
PD4C	PD4C
PD4C	PFLA
PD4C	P7NA
PD4C	P6NW
PD8S	PD8S
PD8S	P6SH
P3FW	P3FW
P3FW	PI93
P3FW	P3T
P3FW	PADV
P3FW	PDXW
P3FW	PM1J
P3JG	P3JG
P3JG	PE1G
P3JG	P8KG
P3M4	P3M4
P3M4	PI4N
P3M4	PE44
P3M4	PLX3
P3M4	P8W
P3OS	P3OS
P3OS	PI26
P3OS	PE6S
P3OS	PA6W
P3OS	PLUM
P3OS	PBJ
P3PO	P3PO
P3PO	PI1A
P3PO	PE7O
P3PO	PA60
P3PO	PLTQ
P3PO	PCF
P3QK	P3QK
P3QK	PI0E
P3QK	PE8K
P3SC	P3SC
P3SC	PEAD
P3SC	PHX1
P3T8	P3T8
P3T8	PA2X
P3T8	PGE
P3T8	PEB9
P3T8	PHW6
P3T8	PLQ3
P3U4	P3U4
P3U4	PA23
P3U4	PHB
P3U4	PEC5
P3U4	PHVC
P3U4	PLP5
P3V0	P3V0
P3V0	PI6
P3V0	PA1F
P3V0	PED1
P3V0	PHUH
P3V0	PLOB
P3VW	P3VW
P3VW	PA0E
P3VW	PJ8
P3VW	PLN8
P3VW	PEDX
P3VW	PHTK
P3WS	P3WS
P3WS	PHSJ
P3WS	PEET
P3ZG	P3ZG
P3ZG	P9YI
P3ZG	PLL8
P3ZG	PEHH
P3ZG	PL8
P3ZG	PHR4
P40C	P40C
P40C	P9XN
P40C	PLKC
P40C	PEID
P40C	PM4
P40C	PHQ6
P418	P418
P418	PEJ9
P418	PMW
P418	PLI0
P418	PHP9
P418	P9VJ
P424	P424
P424	PHOI
P424	P9US
P424	PNM
P424	PEK5
P424	PLHA
P430	P430
P430	POK
P430	PEL1
P430	PHME
P430	PLGC
P430	P9TQ
P46K	P46K
P46K	P9S5
P46K	PQC
P46K	PEOK
P46K	PHKM
P46K	PLEJ
P48C	P48C
P48C	PBZK
P48C	PEQC
P48C	P5KO
P4J0	P4J0
P4J0	PF10
P4J0	P9MD
P4JW	P4JW
P4JW	P9L0
P4JW	PHXO
P4JW	PF1W
P4KS	P4KS
P4KS	P9IJ
P4KS	PHFV
P4KS	PF2S
P4KS	PL93
P4KS	PVY
P4LO	P4LO
P4LO	PHE0
P4LO	P9HQ
P4LO	PF3O
P4LO	PWO
P4LO	PL8C
P4Q4	P4Q4
P4Q4	PHB9
P4Q4	PF84
P4Q4	PZ9
P4Q4	P9DK
P4Q4	PL5Q
P4R0	P4R0
P4R0	P9CX
P4R0	PHAF
P4R0	P103
P4R0	PF90
P4R0	PL4V
P4RW	P4RW
P4RW	PL43
P4RW	P10V
P4RW	PH9R
P4RW	PF9W
P51O	P51O
P51O	PBGO
P51O	PKY8
P51O	P4ZR
P51O	PB8S
P51O	P177
P5BG	P5BG
P5BG	PBQH
P5GS	P5GS
P5GS	PBVT
PBNY	PBNY
PBNY	PGX7
PBNY	PKR2
PBNY	P58X
PBNY	P1EB
PBNY	P914
PBOU	PBOU
PBOU	PGWC
PBOU	PKQ7
PBOU	P59T
PBOU	P1F6
PBOU	P909
PBSE	PBSE
PBSE	P5DE
PBSE	P1HY
PBSE	P8XK
PBSE	PKN3
PBSE	PGTC
PBV2	PBV2
PBV2	P5G1
PBV2	P1IR
PBV2	PGS5
PBV2	P8UU
PBV2	PKM8
PBWU	PBWU
PBWU	PKKM
PBWU	P5HT
PBWU	P1KI
PBWU	P8T6
PBWU	PGOR
PC32	PC32
PC32	P1ON
PC32	P8P4
PC32	PGKS
PC32	PKGK
PC32	P5O6
PC7I	PC7I
PC7I	P1TB
PC7I	PKC0
PC7I	PGGI
PC7I	P5SL
PC7I	P8JD
PC8E	PC8E
PC8E	PKB3
PC8E	PGFL
PC8E	P1UA
PC8E	P5TH
PC8E	P8IH
PC9A	PC9A
PC9A	PGEN
PC9A	PKA7
PC9A	P5UD
PC9A	P1VF
PC9A	P8HN
PCA6	PCA6
PCA6	P8H3
PCA6	PGDR
PCA6	PK9B
PCA6	P5V9
PCA6	P1WB
PCBY	PCBY
PCBY	P8FJ
PCBY	PGC1
PCBY	PK7N
PCBY	P5X1
PCBY	P1XY
PCCU	PCCU
PCCU	P8EN
PCCU	PGB4
PCCU	PK6R
PCCU	P5XX
PCCU	P1YU
PCEM	PCEM
PCEM	P4KK
PCEM	PF2K
PCEM	P20G
PCEM	P9IQ
PCEM	P5ZP
PCEM	PG9N
PCEM	PHG2
PCFI	PCFI
PCFI	P21D
PCFI	P8B5
PCFI	P60L
PCFI	PK4B
PCFI	PG8S
PCGE	PCGE
PCGE	P8A7
PCGE	P228
PCGE	P61H
PCGE	PG7V
PCGE	PK3H
PCQ6	PCQ6
PCQ6	PJU6
PCQ6	P7ZL
PCQ6	P6B9
PCQ6	P2BA
PCQ6	PFX8
PCR2	PCR2
PCR2	PJTA
PCR2	P7YR
PCR2	P6C5
PCR2	P2C6
PCR2	PFWE
PCRY	PCRY
PCRY	PJSF
PCRY	P2D1
PCRY	P6D1
PCRY	P7XZ
PCRY	PFVD
PCTQ	PCTQ
PCZY	PCZY
PCZY	P7R7
PCZY	PFOU
PCZY	PJLB
PCZY	P2K4
PCZY	P6JI
PD1Q	PD1Q
PD1Q	P2LS
PD1Q	PFN6
PD1Q	PJJO
PD1Q	P6LA
PD1Q	P7PB
PD3I	PD3I
PD3I	PJIM
PD3I	P7NZ
PD3I	PFM7
PD3I	P2MU
PD3I	P6N2
PD8U	PD8U
PD8U	P6SJ
PD9Q	PD9Q
PD9Q	P6TF
PDE6	PDE6
PDE6	P6XV
PDLA	PDLA
PDLA	P32N
PDLA	PILV
PDLA	PATW
PDLA	P76H
PDLA	PMF0
PDNY	PDNY
PDNY	PAR2
PDNY	P35C
PDNY	PIJ8
PDNY	P795
PDNY	PMCB
PDOU	PDOU
PDOU	PAQ6
PDOU	P368
PDOU	PIIC
PDOU	P7A1
PDOU	PMBF
PDPQ	PDPQ
PDPQ	PAP5
PDPQ	P373
PDPQ	PIHC
PDPQ	P7AX
PDPQ	PMAK
PDQM	PDQM
PDQM	PAO7
PDQM	PIGE
PDQM	P37Z
PDQM	P7BT
PDQM	PM9M
PDTA	PDTA
PDTA	P3B9
PDTA	PIDT
PDTA	P7EH
PDTA	PM63
PDTA	PAIK
PDXQ	PDXQ
PDXQ	P3FQ
PE26	PE26
PE26	P3K6
PEGE	PEGE
PEGE	P3YD
PENI	PENI
PENI	P45H
PEQ6	PEQ6
PEQ6	P486
PER2	PER2
PER2	P492
PESU	PESU
PESU	P4AU
PETQ	PETQ
PETQ	P4BQ
PF7Y	PF7Y
PF7Y	P4PY
PF7Y	PHBF
PF7Y	P9DQ
PFBI	PFBI
PFBI	PJ6R
PFBI	PJ6S
PFBI	P7GA
PFDA	PFDA
PFDA	P7FP
PFGU	PFGU
PG0E	PG0E
PGA6	PGA6
PGGE	PGGE
PGGE	PKBW
PGGE	PC7M
PGGE	P1TF
PGGE	P8J9
PGGE	P5SP
PGNI	PGNI
PGNI	P5J5
PGNI	P1LX
PGNI	P8RU
PGNI	PKJB
PGNI	PBY6
PGOE	PGOE
PGR2	PGR2
PGRY	PGRY
PH66	PH66
PH66	P148
PH66	PBCO
PH66	PL16
PH66	P4VV
PH8U	PH8U
PHE6	PHE6
PHN2	PHN2
PHU6	PHU6
PHU6	PLO0
PHU6	P3VB
PHU6	PIH
PHU6	PA0V
PHU6	PEDC
PHZI	PHZI
PHZI	PLS2
PHZI	P3RL
PHZI	PE9L
PHZI	PA4A
PHZI	PE3
PI9A	PI9A
PIDQ	PIDQ
PIDQ	P3BC
PIDQ	PDTD
PIDQ	PDTE
PIDQ	PM60
PIDQ	PAIH
PIDQ	P7EK
PIDQ	P7EL
PINI	PINI
P1OL	P1OL
P1OL	P8P6
P1OL	PC30
P1OL	PGKU
P1OL	P5O4
P1OL	PKGM
P1PH	P1PH
P1PH	PC3T
P1PH	PGJV
P1PH	P8OC
P1PH	P5OW
P1PH	PKFQ
P1QD	P1QD
P1QD	PC4N
P1QD	P5PQ
P1QD	PGJ2
P1QD	P8NK
P1QD	PKEU
P1R9	P1R9
P1R9	PC5J
P1R9	P5QM
P1R9	PGI6
P1R9	P8MO
P1R9	PKDY
P1S5	P1S5
P1S5	PC6E
P1S5	P5RH
P1S5	PKD0
P1VP	P1VP
P1VP	PGED
P1VP	PK9X
P1VP	P8HD
P1VP	PC9K
P1VP	P5UN
P1WL	P1WL
P1WL	PGDH
P1WL	PK91
P1WL	PCAG
P1WL	P8GT
P1WL	P5VJ
P21X	P21X
P21X	PG87
P21X	PK3S
P21X	P8AJ
P24L	P24L
P24L	PG5G
P24L	PCIV
P24L	PK13
P24L	P63Y
P24L	P87V
P25H	P25H
P25H	PCJR
P25H	PK07
P25H	P64U
P25H	P867
P25H	PG4F
P279	P279
P279	P84Y
P279	PCM1
P279	PJY2
P279	PG3H
P279	P674
P285	P285
P285	P686
P285	P83Y
P285	PG2H
P285	PJX6
P285	PCN3
P29X	P29X
P29X	P69X
P29X	P81E
P29X	PFYT
P29X	PJVH
P29X	PCOU
P2DH	P2DH
P2DH	P6DK
P2DH	PCU0
P2DH	PJRX
P2ED	P2ED
P2ED	P6EJ
P2ED	P7WR
P2ED	PFU3
P2ED	PCUZ
P2ED	PJR1
P2F9	P2F9
P2F9	P6FF
P2F9	P7VV
P2F9	PFT7
P2F9	PCVV
P2F9	PJQ5
P2IT	P2IT
P2IT	PCYU
P2IT	P7SD
P2IT	P6IE
P2IT	PFQ0
P2IT	PJMM
P2JP	P2JP
P2JP	PCZQ
P2JP	P6JA
P2JP	PJLQ
P2KL	P2KL
P2KL	P6JZ
P2KL	P7QQ
P2KL	PFOB
P2KL	PJKU
P2KL	PD0F
P2LH	P2LH
P2LH	P7PJ
P2LH	PD1J
P2LH	P6L3
P2LH	PFNB
P2LH	PJJY
P2MD	P2MD
P2MD	P7OK
P2MD	PD2E
P2MD	P6LY
P2MD	PFML
P2MD	PJJ3
P2N9	P2N9
P2N9	PFLT
P2N9	P7NN
P2N9	P6NH
P2N9	PJI0
P2N9	PD3X
P2P1	P2P1
P2P1	PD5Y
P2P1	PFJJ
P2P1	PJG6
P2P1	P6PN
P2P1	P7LO
P2PX	P2PX
P2PX	PFIL
P2PX	P6QC
P2PX	PJFA
P2PX	P7KV
P2PX	PD6N
P2QT	P2QT
P2SL	P2SL
P2SL	P6UI
P2SL	PJCI
P2SL	PDAT
P2SL	PFED
P2SL	P7I5
P2TH	P2TH
P2TH	PMO5
P2TH	PB49
P2V9	P2V9
P2V9	PMMD
P2V9	P6X5
P2V9	PB2K
P2V9	PIUK
P2V9	PDDG
P2W5	P2W5
P2W5	PMLH
P2W5	PITI
P2W5	PB1L
P2W5	P6Y3
P2W5	PDEE
P2X1	P2X1
P2X1	PMKL
P2X1	P6YZ
P2X1	PB03
P2X1	PDFA
P2X1	PIS7
P2XX	P2XX
P2XX	PMJP
P2XX	P6ZX
P2XX	PAZA
P2XX	PDG8
P2XX	PIRD
P2YT	P2YT
P2YT	PMIU
P2YT	P70V
P2YT	PAYH
P2YT	PIQH
P2YT	PDH6
P339	P339
P339	PMEE
P339	PAT4
P339	PIL9
P345	P345
P345	PDMT
P345	PMDI
P345	P780
P345	PAS8
P345	PIKD
P351	P351
P351	PDNP
P351	PMCM
P351	P78W
P351	PARD
P351	PIJH
P3AD	P3AD
P3C5	P3C5
P3C5	P6
P3C5	PDU5
P3C5	PICW
P3C5	PAHO
P3C5	PM59
P3D1	P3D1
P3D1	PZ
P3D1	PDV1
P3D1	PIBZ
P3D1	PM4C
P3D1	PAGU
P3ID	P3ID
P3ID	PE0D
P3ID	PI6N
P3J9	P3J9
P3J9	P6I
P3J9	PLYJ
P3J9	PE19
P3J9	PI5V
P3J9	PAAO
P3L1	P3L1
P3L1	PA9Z
P3L1	P89
P3L1	PE31
P3L1	PI5B
P3LX	P3LX
P3LX	PA97
P3LX	PE3X
P3MT	P3MT
P3MT	PE4T
P3MT	PI3Z
P3MT	P9K
P3MT	PLWE
P3NP	P3NP
P3NP	PE5P
P3NP	PI35
P3NP	PA7U
P3NP	PAL
P3NP	PLVJ
P3PH	P3PH
P3PH	PLTX
P3PH	PE7H
P3PH	PI1H
P3PH	PC8
P3PH	PA67
P3QD	P3QD
P3QD	PLT2
P3QD	PE8D
P3QD	PI0M
P3QD	PD3
P3QD	PA5C
P3R9	P3R9
P3R9	PA4L
P3R9	PE99
P3R9	PLSD
P3R9	PDS
P3R9	PHZT
P3S5	P3S5
P3S5	PA3T
P3S5	PFH
P3S5	PEA5
P3S5	PHX8
P3S5	PLR1
P3TX	P3TX
P3TX	PLPD
P3TX	PH3
P3TX	PEBY
P3TX	PA29
P3TX	PHVJ
P3VP	P3VP
P3VP	PIX
P3VP	PEDQ
P3VP	PA0I
P3VP	PHTO
P3VP	PLNJ
P3WL	P3WL
P3WL	PEEM
P3WL	PHSQ
P3Z9	P3Z9
P3Z9	PHRC
P3Z9	PEHA
P3Z9	P9YP
P3Z9	PLLF
P3Z9	PL1
P405	P405
P405	PHQD
P405	PEI6
P405	P9XU
P405	PLKJ
P405	PLX
P411	P411
P411	PHPG
P411	PEJ2
P411	PMP
P411	P9X3
P411	PLJR
P41X	P41X
P41X	PLHH
P41X	PHOP
P41X	PNF
P41X	P9UZ
P41X	PEJY
P42T	P42T
P42T	PLGL
P42T	PHNS
P42T	POB
P42T	PEKU
P46D	P46D
P46D	PBYL
P46D	PEOD
P46D	P5JM
P46D	P506
P46D	P507
P46D	P508
P46D	PB8B
P46D	PB8C
P46D	PB8D
P46D	P4Y9
P46D	PBAA
P46D	PBAB
P46D	PBYM
P46D	P5JN
P46D	PBSO
P46D	PBSP
P46D	P5DO
P46D	P5DP
P49X	P49X
P49X	P9RF
P49X	PERX
P49X	PRB
P49X	PLDJ
P49X	PHJW
P4JP	P4JP
P4JP	PF1P
P4JP	PHXV
P4JP	PB9X
P4JP	P4YM
P4KL	P4KL
P4KL	PF2L
P4KL	P9IP
P4KL	PHG1
P4KL	PVS
P4KL	PL99
P4O5	P4O5
P4O5	PBFL
P4O5	P50L
P4O5	PB7X
P4O5	PF65
P4O5	PB7Y
P4O5	P4SY
P4O5	P4SZ
P4O5	P4HG
P4O5	PFAY
P4O5	PFAZ
P4O5	PEZG
P4O5	PBFK
P4PX	P4PX
P4PX	PHBG
P4PX	PF7X
P4PX	P9DR
P4QT	P4QT
P4QT	PL52
P4QT	P9D4
P4QT	PZW
P4QT	PF8T
P4QT	PHAM
P4TH	P4TH
P4TH	PBAF
P4TH	P4Y4
P4TH	PBF2
P4TH	P4OK
P4TH	PF6K
P4UD	P4UD
P4UD	PBE6
P4UD	PL2N
P4UD	P12T
P4X1	P4X1
P4X1	PH52
P4X1	PBBI
P4X1	P15C
P4X1	PL03
P4XX	P4XX
P4XX	PH4A
P4XX	P165
P4XX	PBAM
P4XX	P980
P4XX	PKZ8
P4YT	P4YT
P4YT	PBT6
P4YT	P45N
P4YT	P5E6
P4YT	PB9Q
P4YT	PENN
P4ZP	P4ZP
P4ZP	PBU0
P4ZP	P5F0
P4ZP	PB8U
P51H	P51H
P51H	PBGH
P51H	PF5B
P51H	P4NB
P5B9	P5B9
P5B9	PBQA
P5L1	P5L1
P5L1	P9M0
P5L1	PBZX
P5LX	P5LX
P5LX	P8R7
P5LX	PGMV
P5LX	P1MJ
P5LX	PC0T
P5LX	PKIO
P5MT	P5MT
P5MT	PKHX
P5MT	P1N9
P5MT	P8QI
P5MT	PC1P
P5MT	PGM5
P5NP	P5NP
P5NP	PKH1
P5NP	P1O6
P5NP	P8PL
P5NP	PC2L
P5NP	PGL9
P5OL	P5OL
P5OL	P8OK
P5OL	PGK5
P5OL	P1P8
P5OL	PC3I
P5OL	PKFZ
P5QD	P5QD
P5QD	PGIF
P5QD	P8MX
P5QD	P1R0
P5QD	PC5A
P5QD	PKE7
P5R9	P5R9
P5R9	PGHJ
P5R9	P8M1
P5R9	P1RW
P5R9	PC66
P5R9	PKDB
P5S5	P5S5
P5S5	PGGX
P5S5	P8JS
P5S5	PC72
P5S5	PKCF
P5S5	P1SW
P5UT	P5UT
P5UT	P1VV
P5UT	P8H7
P5UT	PC9Q
P5UT	PGE7
P5UT	PK9R
P5VP	P5VP
P5VP	P1WR
P5VP	P8GN
P5VP	PCAM
P5VP	PGDB
P5VP	PK8V
P5Z9	P5Z9
P5Z9	PEG6
P5Z9	P3Y5
P5Z9	PCE6
P611	P611
P611	PG8C
P611	PK3X
P611	PCFY
P611	P21S
P611	P8AO
P61X	P61X
P61X	PG7C
P61X	PCGU
P63P	P63P
P63P	P884
P63P	PG5P
P63P	PK1C
P63P	P24C
P63P	PCIM
P64L	P64L
P64L	P86G
P64L	PG4O
P64L	PK0G
P64L	P258
P64L	PCJI
P65H	P65H
P65H	PJZK
P65H	PCKE
P66D	P66D
P66D	P26H
P66D	P85P
P66D	PJYU
P66D	PCLA
P679	P679
P679	P27E
P679	P84T
P679	PJXX
P679	PG3C
P679	PCM6
P685	P685
P685	P83Z
P685	PG2I
P685	PCN2
P6BP	P6BP
P6BP	P7Z5
P6BP	P2BQ
P6BP	PFWS
P6BP	PCQM
P6BP	PJTQ
P6CL	P6CL
P6CL	P7YC
P6CL	P2CM
P6CL	PFVU
P6CL	PCRI
P6CL	PJSU
P6G5	P6G5
P6G5	P2G6
P6G5	PFSH
P6G5	P7V7
P6G5	PCWL
P6G5	PJPA
P6HX	P6HX
P6HX	P2HY
P6HX	PFQH
P6HX	P7T8
P6HX	PCYD
P6HX	PJNI
P6IT	P6IT
P6IT	PFPL
P6IT	PJM7
P6IT	P2J8
P6IT	PCZ9
P6IT	P7RY
P6JP	P6JP
P6JP	PFON
P6JP	PJL4
P6JP	PD05
P6JP	P2KB
P6JP	P7R0
P6KL	P6KL
P6KL	PFNR
P6KL	PJKA
P6KL	PD11
P6KL	P2L5
P6KL	P7Q5
P6LH	P6LH
P6LH	PFN0
P6LH	PJJI
P6LH	PD1X
P6LH	P2LY
P6LH	P7P5
P6N9	P6N9
P6N9	PFM1
P6N9	P7NV
P6N9	PD3P
P6N9	P2N1
P6N9	PJI8
P6P1	P6P1
P6P1	PFK4
P6P1	PJGP
P6P1	P7M5
P6P1	PD5C
P6P1	P2OJ
P6PX	P6PX
P6PX	PFJ9
P6PX	PJFW
P6PX	P2PB
P6PX	PD68
P6PX	P7LE
P6QT	P6QT
P6QT	PJET
P6QT	P7KF
P6QT	PD74
P6QT	PFHX
P6QT	P2QE
P6RP	P6RP
P6RP	PJDV
P6RP	P7JJ
P6RP	PD80
P6RP	PFH0
P6RP	P2RD
P6UD	P6UD
P6UD	PDAO
P6UD	PJCO
P6UD	PFEI
P6UD	P2SE
P6UD	P7I8
P6V9	P6V9
P6V9	PIWC
P6V9	PDBK
P6W5	P6W5
P6W5	P2U9
P6W5	PMNC
P6W5	PB3H
P6W5	PIVI
P6W5	PDCG
P6X1	P6X1
P6X1	P2V5
P6X1	PMMH
P6X1	PB2O
P6X1	PDDC
P6X1	PIUO
P6XX	P6XX
P6XX	PMLN
P6XX	PITP
P6XX	PB1R
P6XX	PDE8
P6XX	P2VZ
P6YT	P6YT
P6YT	PMKR
P6YT	PDF4
P6YT	PB09
P6YT	PISD
P6YT	P2WV
P6ZP	P6ZP
P6ZP	PMJW
P6ZP	PDG0
P6ZP	P2XQ
P6ZP	PIRI
P6ZP	PAZJ
P70L	P70L
P70L	PAYQ
P70L	PIQQ
P70L	PMJ3
P70L	PDGW
P70L	P2YJ
P71H	P71H
P71H	PIPX
P71H	PAY1
P71H	PDHS
P71H	P2Z9
P71H	PMIE
P72D	P72D
P72D	PAWZ
P72D	PIP0
P72D	PDIO
P72D	P303
P72D	PMHK
P739	P739
P739	PAW2
P739	PIO5
P739	PDJK
P739	P310
P739	PMGN
P76T	P76T
P76T	PATF
P76T	PILJ
P76T	PMEO
P76T	PDLM
P76T	P32Z
P77P	P77P
P77P	PASJ
P77P	PIKO
P77P	PMDT
P77P	P33U
P77P	PDMI
P78L	P78L
P78L	PARO
P78L	PIJS
P78L	PMCX
P78L	P34Q
P78L	PDNE
P79H	P79H
P79H	PAQQ
P79H	PIIW
P79H	PMBZ
P79H	PDOA
P79H	P35O
P7AD	P7AD
P7AD	PIHV
P7AD	PMB4
P7AD	PAPM
P7AD	PDP6
P7AD	P36J
P7B9	P7B9
P7B9	PIGZ
P7B9	PMA7
P7B9	PDQ2
P7B9	P37F
P7B9	PAOS
P7D1	P7D1
P7D1	PM78
P7D1	P39V
P7D1	PDRU
P7D1	PIF3
P7DX	P7DX
P7DX	PIED
P7DX	PM6N
P7DX	P3AP
P7DX	PDSQ
P7ET	P7ET
P7ET	PIDH
P7ET	PM5R
P7ET	PAI8
P7ET	P3BL
P7ET	PDTM
P7J9	P7J9
P7J9	P2RL
P7J9	PFFV
P7J9	P6RX
P7J9	PD88
P7J9	PJDN
P7OL	P7OL
P7OL	P2MC
P7OL	PD2D
P7OL	P6LX
P7OL	PFMM
P7OL	PJJ4
P879	P879
P8DH	P8DH
P8ED	P8ED
P8ED	PIDD
P8ED	P8EE
P8ED	PHTY
P8ED	PFK0
P8LH	P8LH
P8V9	P8V9
P9DX	P9DX
P9DX	PL5Y
P9DX	PF7R
P9DX	PZ1
P9DX	PHBM
P9DX	P4PR
P9K5	P9K5
P9LX	P9LX
P9VP	P9VP
PA11	PA11
PABP	PABP
PAMD	PAMD
PAN9	PAN9
PAPX	PAPX
PATH	PATH
PAUD	PAUD
PAXX	PAXX
PAXX	PIPW
PAZP	PAZP
PB1H	PB1H
PB45	PB45
PB45	P2TL
PB45	PMO1
PB51	PB51
PB5X	PB5X
PB6T	PB6T
PBB9	PBB9
PBB9	P98O
PBB9	PKZS
PBB9	P4XA
PBB9	P15L
PBB9	PH4T
PBDX	PBDX
PBDX	PL2E
PBDX	P9BG
PBDX	P4UM
PBDX	PH7C
PBDX	P132
PBET	PBET
PBET	P9C5
PBET	P11O
PBET	P4TQ
PBET	PL3O
PBET	PH85
PBHH	PBHH
PBHH	P52H
PBHH	PH3D
PBHH	P973
PBHH	P181
PBHH	PKXE
PBID	PBID
PBID	P53D
PBID	PH2L
PBID	P18V
PBID	P96B
PBID	PKWJ
PBJ9	PBJ9
PBJ9	P549
PBJ9	PH1Q
PBJ9	P19R
PBJ9	PKVN
PBJ9	P95G
PBK5	PBK5
PBK5	P555
PBK5	PH0U
PBK5	P1AN
PBK5	PKUR
PBK5	P94K
PBL1	PBL1
PBL1	P561
PBL1	PGZY
PBL1	P1BK
PBL1	PKTU
PBL1	P93P
PBLX	PBLX
PBLX	P56X
PBLX	PGZ3
PBLX	P1CG
PBLX	PKSY
PBLX	P92U
PBMT	PBMT
PBMT	P57T
PBMT	P1D8
PBMT	PGYB
PBMT	PKS6
PBMT	P922
PBNP	PBNP
PBNP	P58P
PBNP	P1E3
PBNP	PGXF
PBNP	PKRA
PBNP	P91C
PBOL	PBOL
PBOL	P90I
PBOL	P59K
PBOL	P1EX
PBOL	PGWL
PBOL	PKQG
PBPH	PBPH
PBPH	P8ZN
PBPH	P5AG
PBPH	P1FT
PBPH	PKP7
PBPH	PGVN
PBR9	PBR9
PBR9	P8YR
PBR9	PGUG
PBR9	P5C9
PBR9	P1GR
PBR9	PKOB
PBS5	PBS5
PBS5	P8XU
PBS5	PKNC
PBS5	P5D5
PBS5	PGTL
PBS5	P1HN
PBUT	PBUT
PBUT	P4DJ
PBUT	P5FS
PBUT	PEVJ
PBUT	PGSE
PBUT	P8V4
PBVP	PBVP
PBVP	P5GO
PBVP	PGPB
PBVP	P8TS
PBVP	PBW7
PBVP	P5H6
PBVP	PKL6
PBVP	P1JY
PBWL	PBWL
PBWL	PGOX
PBWL	P8TE
PBWL	P5HK
PBWL	P1KC
PBWL	PKKS
PBXH	PBXH
PBXH	PGO2
PBXH	P5IG
PBXH	PKJW
PBXH	P1LC
PBXH	P8SF
PBYD	PBYD
PBYD	P8RO
PBYD	PGNC
PBYD	P1M2
PBYD	P5JE
PBYD	PKJ5
PC05	PC05
PC05	P5L9
PC05	P3XX
PC05	P47Q
PC05	PHYW
PC05	PEFY
PC05	PEPQ
PC11	PC11
PC11	P5M5
PC11	P8R5
PC11	PGMT
PC11	P1ML
PC11	PKIM
PC1X	PC1X
PC1X	P5N1
PC1X	P8QA
PC1X	PGLX
PC1X	P1NH
PC1X	PKHP
PC2T	PC2T
PC2T	P5NX
PC2T	P8PD
PC2T	PGL1
PC2T	PKGT
PC2T	P1OE
PC3P	PC3P
PC3P	P5OS
PC3P	PGK0
PC3P	P8OH
PC3P	PKFV
PC3P	P1PC
PC79	PC79
PC79	P8JM
PC79	P1T2
PC79	P5SC
PC79	PKC9
PC79	PGGR
PC91	PC91
PC91	P8HW
PC91	P5U4
PC91	P1V6
PC91	PKAG
PC91	PGEY
PC9X	PC9X
PC9X	P5V0
PC9X	P1W2
PC9X	PGE0
PC9X	PK9K
PCAT	PCAT
PCAT	P5VW
PCAT	P8GD
PCAT	P1WY
PCAT	PGD1
PCAT	PK8O
PCBP	PCBP
PCBP	P5WS
PCBP	P1XQ
PCBP	P8FR
PCBP	PGC9
PCBP	PK7W
PCCL	PCCL
PCCL	P5XO
PCCL	P1YL
PCCL	P8EW
PCCL	PGBD
PCCL	PK70
PCDH	PCDH
PCDH	P5YK
PCDH	P1ZI
PCDH	P8DU
PCDH	PGAG
PCDH	PK63
PCG5	PCG5
PCG5	PG85
PCG5	PK3Q
PCG5	P21Z
PCG5	P618
PCG5	P8AH
PCHX	PCHX
PCHX	PG6C
PCHX	P23Q
PCHX	PK1Y
PCHX	P630
PCHX	P88S
PCKL	PCKL
PCKL	PJZC
PCKL	P65O
PCLH	PCLH
PCLH	P85I
PCLH	P66K
PCLH	PJYN
PCLH	P26O
PCMD	PCMD
PCMD	P67G
PCMD	PJXP
PCMD	P27M
PCN9	PCN9
PCN9	P83S
PCN9	P28B
PCN9	P68C
PCN9	PG2B
PCN9	PJX0
PCPX	PCPX
PCPX	PFXH
PCPX	P2AV
PCPX	P6B0
PCPX	P7ZU
PCPX	PJUJ
PCQT	PCQT
PCQT	PFWL
PCQT	P6BW
PCQT	P2BX
PCQT	PJTJ
PCQT	P7YY
PCRP	PCRP
PCRP	PFVN
PCRP	P6CS
PCRP	P2CT
PCRP	PJSN
PCRP	P7Y5
PCUD	PCUD
PCUD	P7XD
PCUD	PFUP
PCUD	P2DR
PCUD	PJRN
PCUD	P6DX
PCW5	PCW5
PCW5	PFSX
PCW5	P7VM
PCW5	PJPQ
PCW5	P6FP
PCW5	P2FQ
PCX1	PCX1
PCX1	PJOU
PCX1	P6GL
PCX1	P2GM
PCX1	PFRS
PCX1	P7UJ
PCXX	PCXX
PCXX	PJNY
PCXX	P6HH
PCXX	P2HI
PCXX	PFQX
PCXX	P7TO
PD0L	PD0L
PD0L	P2KR
PD0L	P7QK
PD0L	P6K5
PD0L	PFO5
PD0L	PJKO
PD1H	PD1H
PD1H	P2LF
PD1H	P7PL
PD1H	P6L1
PD1H	PFND
PD1H	PJK0
PD39	PD39
PD39	P6MT
PD39	P7O6
PD45	PD45
PD45	P6NP
PD45	PFLH
PD45	P7NH
PD5X	PD5X
PD5X	P2P0
PD5X	PFJK
PD5X	PJG7
PD5X	P6PM
PD5X	P7LP
PD6T	PD6T
PD6T	P2Q5
PD6T	PJF2
PD6T	P6QI
PD6T	P7KR
PD6T	PFI8
PD7P	PD7P
PD7P	P6RE
PD7P	P7JU
PD7P	PFHC
PD8L	PD8L
PD8L	P4DR
PD8L	PAKY
PD8L	PEVR
PD8L	PG0O
PD8L	P6SA
PD8L	P9PA
PDB9	PDB9
PDB9	PMOG
PDB9	PB4K
PDB9	PIWL
PDB9	P2T6
PDB9	P6UY
PDC5	PDC5
PDC5	PMNN
PDC5	P2TY
PDC5	PB3S
PDC5	PIVT
PDC5	P6VU
PDD1	PDD1
PDD1	PMMS
PDD1	P2UU
PDD1	PB2X
PDD1	P6WQ
PDD1	PIUY
PDDX	PDDX
PDDX	PMLW
PDDX	P2VQ
PDDX	PB21
PDDX	PIU1
PDDX	P6XM
PDET	PDET
PDET	PB0K
PDET	PISO
PDET	P2WK
PDET	PML2
PDET	P6YI
PDFP	PDFP
PDFP	PIRS
PDFP	P2XG
PDFP	PMK6
PDFP	P6ZE
PDGL	PDGL
PDGL	PAZ0
PDGL	PIR0
PDGL	P2Y9
PDGL	PMJD
PDGL	P70A
PDHH	PDHH
PDHH	P2Z2
PDHH	PAY8
PDHH	PIQ8
PDHH	P716
PDHH	PMIL
PDL1	PDL1
PDL1	PMF9
PDL1	P32E
PDL1	P768
PDL1	PIM3
PDL1	PAU7
PDOL	PDOL
PDOL	PMBO
PDOL	P35Z
PDOL	P79S
PDOL	PAQF
PDOL	PIIL
PDPH	PDPH
PDPH	PMAT
PDPH	P36U
PDPH	P7AO
PDPH	PAPC
PDPH	PIHL
PDQD	PDQD
PDQD	PM9W
PDQD	P37Q
PDQD	P7BK
PDQD	PAOG
PDQD	PIGN
PDR9	PDR9
PDR9	P7CG
PDR9	PIFO
PDS5	PDS5
PDS5	PAJM
PDS5	P7DC
PDS5	PIER
PDS5	PM6Z
PDS5	P3A4
PDT1	PDT1
PDT1	PM6C
PDT1	PAIU
PDT1	P7E8
PDT1	PIE2
PDT1	P3B0
PDTX	PDTX
PDTX	PAHW
PDTX	PM5H
PDTX	P7F4
PDTX	PID4
PDTX	P3BW
PDUT	PDUT
PDUT	PM4K
PDUT	PAH3
PDUT	PIC6
PDUT	PS
PDUT	P3CT
PDVP	PDVP
PDVP	PM3Q
PDVP	PAG7
PDVP	PIBB
PDVP	P1M
PDVP	P3DP
PDWL	PDWL
PDWL	PAFA
PDWL	PM2U
PDWL	PIAF
PDWL	P2I
PDWL	P3EL
PDXH	PDXH
PDXH	PAEA
PDXH	PM1Y
PDXH	PI9J
PDXH	P3E
PDXH	P3FH
PDYD	PDYD
PDYD	PADE
PDYD	PM12
PDYD	PI8L
PDYD	P4A
PDYD	P3GD
PE05	PE05
PE05	PI6V
PE05	P3I5
PE05	PABR
PE11	PE11
PE11	PAAW
PE11	PLYR
PE11	P3J1
PE11	PI65
PE11	P68
PE79	PE79
PE79	PA6F
PE79	PLU5
PE79	PC0
PE79	P3P9
PE79	PI1P
PE85	PE85
PE85	PA5J
PE85	PLT9
PE85	PCW
PE85	P3Q5
PE85	PI0T
PE91	PE91
PE91	PDI
PE91	PA4Q
PE91	PLSN
PE91	P3R1
PE91	PHZY
PE9X	PE9X
PE9X	PHZ6
PE9X	PEF
PE9X	PLRQ
PE9X	P3RX
PEAT	PEAT
PEAT	PHWM
PEAT	PLQJ
PEAT	PA3D
PEAT	P3SS
PEAT	PFY
PEBP	PEBP
PEBP	PHVS
PEBP	PLPN
PEBP	PA2I
PEBP	P3TO
PEBP	PGU
PECL	PECL
PECL	PHUX
PECL	PLOQ
PECL	P3UK
PECL	PHQ
PEDH	PEDH
PEDH	PHU1
PEDH	PLNV
PEDH	PA0Q
PEDH	P3VG
PEDH	PIM
PEF9	PEF9
PEF9	PHS3
PEF9	P9ZG
PEF9	PLM6
PEF9	PKA
PEF9	P3X8
PEG5	PEG5
PEG5	P4JC
PEG5	P3Y4
PEG5	PF1C
PEHX	PEHX
PEHX	PLO
PEHX	PHQO
PEHX	P9Y3
PEHX	P3ZW
PEHX	PLKS
PEIT	PEIT
PEIT	PMI
PEIT	PHPP
PEIT	P40S
PEIT	P9XA
PEIT	PLJY
PEKL	PEKL
PEKL	P42K
PEKL	PO2
PEKL	PLGU
PEKL	P9U5
PEKL	PHO1
PELH	PELH
PELH	PP0
PELH	PHLY
PELH	PLFV
PELH	P9TA
PELH	P43G
PEN9	PEN9
PEN9	PBG9
PEN9	P458
PEN9	P519
PEP1	PEP1
PEP1	PLDZ
PEP1	PQX
PEP1	PHKA
PEP1	P9RT
PEP1	P471
PEPX	PEPX
PEPX	P5L2
PEPX	P9M2
PEPX	PLRF
PEPX	P47X
PEPX	PBZY
PEUD	PEUD
PEUD	PMVE
PEUD	P4CD
PEUD	PIYO
PEW5	PEW5
PEW5	P9OW
PEW5	PLCM
PEW5	PSA
PEW5	PHJ0
PEW5	P4E5
PEX1	PEX1
PEX1	P9O0
PEX1	PLBQ
PEX1	PT6
PEX1	PHI4
PEX1	P4F1
PEXX	PEXX
PEXX	P9N4
PEXX	PLAU
PEXX	PU2
PEXX	PHH6
PEXX	P4FX
PEZP	PEZP
PEZP	PFBE
PEZP	P4OE
PEZP	PF6E
PEZP	PB87
PEZP	PBFB
PEZP	P4T8
PEZP	P50C
PEZP	P4HP
PF39	PF39
PF39	PL8N
PF39	PWD
PF39	PHFB
PF39	P4L9
PF39	P9I5
PF45	PF45
PF45	PX6
PF45	PL7U
PF45	PHDG
PF45	P4M5
PF45	P9HA
PF51	PF51
PF51	PL6V
PF51	PY4
PF51	PHCK
PF51	P4N1
PF51	P9GD
PF7P	PF7P
PF7P	P9DZ
PF7P	PL60
PF7P	PYZ
PF7P	PHBO
PF7P	P4PP
PFGL	PFGL
PFL1	PFL1
PFL1	P6O5
PFL1	PJHK
PFL1	P7N1
PFQD	PFQD
PFQD	P7T4
PFQD	P6I1
PFQD	P2I2
PFQD	PCYH
PFQD	PJNE
PFYD	PFYD
PFYD	P80Y
PG9X	PG9X
PGBP	PGBP
PGV9	PGV9
PGV9	PBPW
PGV9	P8Z9
PGV9	P5AV
PGV9	P1G9
PGV9	PKOT
PHC5	PHC5
PHET	PHET
PHT1	PHT1
PHYD	PHYD
PHYD	P4J9
PHYD	PEW
PHYD	PF19
PI85	PI85
PI85	P4Q
PI85	P3GS
PI85	PACZ
PI85	PDYS
PI85	PM0M
PI9X	PI9X
PI9X	P30
PI9X	P3F3
PI9X	PAEO
PI9X	PM2C
PI9X	PDX3
PIKL	PIKL
PIKL	P77S
PIKL	PMDQ
PIKL	P33X
PIKL	PDML
PIKL	PASG
PIN9	PIN9
PIX1	PIX1
PIX1	PMWY
PIXX	PIXX
PIXX	PMW2
PIZP	PIZP
PJ5X	PJ5X
PJ5X	P9J9
PJ7P	PJ7P
PJ8L	PJ8L
PJ9H	PJ9H
PJAD	PJAD
PJC5	PJC5
PJC5	PFE0
PJC5	P7HS
PJC5	P2SY
PJC5	P6UQ
PJC5	PDB1
PJD1	PJD1
PJD1	PFEV
PJD1	P7IJ
PJD1	P2S2
PJD1	P6TX
PJD1	PDA8
PJFP	PJFP
PJFP	P2PI
PJFP	PFJ2
PJGL	PJGL
PJGL	P7M1
PJGL	P6PA
PJGL	P2OM
PJGL	PD5L
PJGL	PFJY
PJID	PJID
PJK5	PJK5
PJK5	P6KS
PJK5	P7PQ
PJK5	PD18
PJK5	P2LA
PJK5	PFNK
PJL1	PJL1
PJL1	PFOK
PJL1	P6JS
PJL1	PD08
PJL1	P7QX
PJL1	P2KE
PJLX	PJLX
PJLX	P6J3
PJLX	P7RO
PJLX	P2JI
PJLX	PCZJ
PJLX	PFPB
PJMT	PJMT
PJMT	P7SK
PJMT	P2IM
PJNP	PJNP
PJNP	PCY6
PJNP	PFQO
PJNP	P7TF
PJNP	P6HQ
PJNP	P2HR
PJPH	PJPH
PJPH	PCWE
PJPH	PFSO
PJPH	P7VE
PJPH	P6FY
PJPH	P2FZ
PJS5	PJS5
PJS5	P7XR
PJS5	PCTR
PJS5	PFV3
PJS5	PCS8
PJS5	P6DB
PJT1	PJT1
PJT1	P7YI
PJT1	PFW1
PJT1	PCRB
PJT1	P6CE
PJT1	P2CF
PJTX	PJTX
PJTX	P7ZC
PJTX	PFWZ
PJTX	PCQF
PJTX	P6BI
PJTX	P2BJ
PJVP	PJVP
PJVP	P81K
PJVP	PCOO
PJVP	PFYZ
PJVP	P29P
PJVP	P69R
PJWL	PJWL
PJWL	PG1W
PJWL	PCNO
PJWL	P83D
PJWL	P28Q
PJWL	P68R
PJXH	PJXH
PJXH	PG2Z
PJXH	PCMM
PJXH	P67P
PJXH	P27U
PJXH	P84G
PJYD	PJYD
PJYD	PG3R
PJYD	PCLR
PJYD	P66U
PJYD	P26Y
PJYD	P858
PK05	PK05
PK05	P25J
PK05	PCJT
PK05	P64W
PK05	PG4B
PK05	P865
PK11	PK11
PK11	PG5E
PK11	P24N
PK11	PCIX
PK11	P640
PK11	P87T
PK1X	PK1X
PK1X	PG6B
PK1X	PCHY
PK1X	P23R
PK1X	P631
PK1X	P88R
PK3P	PK3P
PK3P	PG84
PK3P	PCG6
PK3P	P220
PK3P	P619
PK3P	P8AG
PKAT	PKAT
PKAT	PGFB
PKAT	P8I9
PKAT	PC8O
PKAT	P1UK
PKAT	P5TR
PKBP	PKBP
PKBP	PGG6
PKBP	P8J2
PKBP	PC7T
PKBP	P1TO
PKBP	P5SW
PKCL	PKCL
PKDH	PKDH
PKDH	P1RQ
PKDH	PC60
PKDH	PGHP
PKDH	P5R3
PKDH	P8M7
PKED	PKED
PKED	P1QU
PKED	PC54
PKED	PGIL
PKED	P5Q7
PKED	P8N3
PKG5	PKG5
PKG5	P1P2
PKG5	PC3C
PKG5	P8OQ
PKG5	PGKE
PKG5	P5OF
PKIT	PKIT
PKIT	P1ME
PKIT	P8RC
PKIT	PC0O
PKIT	PGN0
PKIT	P5LS
PKJP	PKJP
PKJP	PBXR
PKJP	P5IQ
PKJP	P1LJ
PKJP	P8S7
PKJP	PGNV
PKLH	PKLH
PKPX	PKPX
PKQT	PKQT
PKQT	PGWY
PKQT	P90V
PKQT	PBO7
PKQT	P596
PKQT	P1EK
PKRP	PKRP
PKRP	PGXU
PKRP	P91Q
PKRP	PBNA
PKRP	P58A
PKRP	P1DP
PKSL	PKSL
PKSL	PGYQ
PKSL	P92H
PKSL	PBME
PKSL	P57E
PKSL	P1CT
PKTH	PKTH
PKTH	PGZL
PKTH	P93C
PKTH	PBLE
PKTH	P56E
PKTH	P1BX
PKUD	PKUD
PKUD	P946
PKUD	PBKJ
PKUD	P55J
PKUD	P1B1
PKUD	PH0G
PKV9	PKV9
PKV9	P952
PKV9	PBJN
PKV9	P54N
PKV9	P1A5
PKV9	PH1C
PKW5	PKW5
PKW5	P95X
PKW5	PBIR
PKW5	P53R
PKW5	P199
PKW5	PH28
PKX1	PKX1
PKX1	P96S
PKX1	PBHU
PKX1	P52U
PKX1	P18D
PKX1	PH33
PKXX	PKXX
PKXX	P97M
PKXX	PBGY
PKXX	P51Y
PKXX	PH3W
PKXX	P17I
PL1H	PL1H
PL1H	PBD2
PL1H	P4VH
PL1H	PH6H
PL1H	P13X
PL51	PL51
PL51	P4QU
PL51	P9D3
PL51	PZX
PL51	PHAL
PL51	PF8U
PL5X	PL5X
PL5X	P9DW
PL5X	PF7S
PL5X	PZ2
PL5X	PHBL
PL5X	P4PS
PL8L	PL8L
PL8L	P4LH
PL8L	PF3H
PL8L	PWF
PL8L	PHF4
PL8L	P9HY
PL9H	PL9H
PL9H	PVL
PL9H	PHG8
PL9H	P9IY
PLAD	PLAD
PLAD	PHGP
PLAD	PUJ
PLAD	P4I5
PLAD	PF05
PLAD	P9MN
PLB9	PLB9
PLB9	PHHL
PLB9	PTN
PLB9	P4FI
PLB9	PEXI
PLB9	P9NJ
PLC5	PLC5
PLC5	PSR
PLC5	PHIJ
PLC5	P4EM
PLC5	PEWM
PLC5	P9OF
PLD1	PLD1
PLD1	P1L2
PLD1	P88
PLD1	PRV
PLD1	PJ57
PLD1	PA4
PLD1	PGSU
PLD1	PEP
PLD1	PFC2
PLD1	PFC5
PLD1	P7GU
PLD1	P7GX
PLD1	PAMZ
PLID	PLID
PLID	PLJ5
PLS5	PLS5
PLS5	P3RI
PLS5	PHZL
PLS5	PE9I
PLS5	PE0
PLS5	PA4D
PLT1	PLT1
PLT1	P3QE
PLT1	PE8E
PLT1	PI0L
PLT1	PD4
PLT1	PA59
PLVP	PLVP
PLVP	PE5J
PLVP	PAF
PLVP	PI3B
PLVP	P3NJ
PLVP	PA80
PLXH	PLXH
PLXH	P8I
PLXH	PI51
PLXH	P3LI
PLXH	PA9J
PLXH	PE3I
PLYD	PLYD
PLZ9	PLZ9
PM05	PM05
PM05	PACI
PM05	PDZ9
PM05	PI7O
PM05	P57
PM05	P3H9
PM11	PM11
PM11	PADD
PM11	PDYE
PM11	PI8K
PM11	P4B
PM11	P3GE
PM2T	PM2T
PM2T	PAF9
PM2T	PDWM
PM2T	PIAE
PM2T	P2J
PM2T	P3EM
PM3P	PM3P
PM3P	PAG6
PM3P	PDVQ
PM3P	PIBA
PM3P	P1N
PM3P	P3DQ
PM91	PM91
PM9X	PM9X
PM9X	PIGO
PMCL	PMCL
PMCL	P352
PMCL	PDNQ
PMCL	P78X
PMCL	PARC
PMCL	PIJG
PMDH	PMDH
PMDH	P346
PMDH	PDMU
PMDH	P781
PMED	PMED
PMED	P33A
PMED	PAT3
PMED	PIL8
PMG5	PMG5
PMG5	P31I
PMG5	PAVB
PMG5	PDK9
PMG5	P75G
PMG5	PIMU
PMIT	PMIT
PMIT	P2YU
PMIT	P70W
PMIT	PAYG
PMIT	PIQG
PMIT	PDH7
PMPX	PMPX
PMRP	PMRP
PMW5	PMW5
PMW5	PIXU
PMX1	PMX1
PMX1	PIWY
PN0L	PN0L
PN0L	PB61
PN0L	PJ3S
P1Y	P1Y
P1Y	P3E1
P1Y	PIAZ
P1Y	PDW1
P1Y	PAFU
P1Y	PM3E
P2U	P2U
P2U	P3EX
P2U	PIA3
P2U	PDWX
P2U	PAEY
P2U	PM2I
P3Q	P3Q
P3Q	PADY
P3Q	PM1M
P4M	P4M
P4M	P3GO
P4M	PI89
P4M	PDYO
P4M	PAD3
P4M	PM0Q
P5I	P5I
P5I	P3HK
P5I	PI7D
P5I	PDZK
P5I	PAC7
P5I	PLZU
P7A	P7A
P92	P92
P92	PI4H
P92	PLWW
P92	P3M9
P92	PE49
P92	PA8V
P9Y	P9Y
P9Y	PI3P
P9Y	PA8E
P9Y	P3N6
P9Y	PLW4
P9Y	PE56
PAU	PAU
PAU	PI2W
PAU	P3NZ
PAU	PA7L
PAU	PE5Z
PAU	PLVB
PBQ	PBQ
PBQ	PI1Z
PBQ	PA6P
PBQ	P3OZ
PBQ	PLUF
PBQ	PE6Z
PCM	PCM
PCM	PI13
PCM	PA5T
PCM	P3PV
PCM	PLTJ
PCM	PE7V
PFA	PFA
PFA	PBQL
PFA	P5BK
PNA	PNA
PNA	PEJR
PNA	PLHM
PNA	PHOV
PNA	P9V4
PNA	P41Q
PO6	PO6
PO6	P9U1
PO6	PEKP
PO6	PLGQ
PO6	PHNX
PO6	P42O
PP2	PP2
PP2	PHLW
PP2	PELJ
PP2	PLFT
PP2	P9T8
PP2	P43I
PPY	PPY
PPY	PHL0
PPY	PEMG
PPY	PLEX
PPY	P9SJ
PPY	P44F
PRQ	PRQ
PRQ	PLD6
PRQ	PHJG
PRQ	P4AD
PRQ	P9R1
PRQ	PESD
PSM	PSM
PSM	P9OK
PSM	P4EH
PSM	PLCA
PSM	PHIO
PSM	PEWH
PTI	PTI
PTI	P9NO
PTI	P4FD
PTI	PLBE
PTI	PHHQ
PTI	PEXD
PUE	PUE
PUE	P9MS
PUE	PLAI
PUE	PHGU
PVA	PVA
PW6	PW6
PW6	P9IC
PW6	PL8V
PW6	P4L0
PW6	PF30
PW6	PHFK
PXY	PXY
PXY	P9GJ
PXY	PL72
PXY	P4MV
PXY	PHCQ
PXY	PF4V
PYU	PYU
PYU	P9E4
PYU	PL65
PYU	P4PK
PYU	PHBT
PYU	PF7K
P12E	P12E
P12E	PH7Z
P12E	P4TW
P12E	PL32
P12E	PBEN
P12E	P9C0
P13A	P13A
P13A	PH76
P13A	P4US
P13A	PL26
P13A	PBDR
P17Q	P17Q
P17Q	PH3O
P17Q	P97E
P17Q	PBH6
P17Q	PKXP
P17Q	P526
P19I	P19I
P19I	PH1Z
P19I	PBJ0
P19I	PKVW
P19I	P95P
P19I	P540
P1AE	P1AE
P1AE	PH13
P1AE	PBJW
P1AE	PKV0
P1AE	P94T
P1AE	P54W
P1BA	P1BA
P1BA	PH08
P1BA	PBKR
P1BA	PKU4
P1BA	P93Y
P1BA	P55R
P1C6	P1C6
P1C6	PGZC
P1C6	PBLN
P1C6	PKT8
P1C6	P56N
P1C6	P933
P1IE	P1IE
P1IE	P8W5
P1IE	PKMN
P1IE	PGSW
P1IE	PBUI
P1IE	P5FH
P1MU	P1MU
P1MU	P8QW
P1MU	PGMK
P1MU	PC1A
P1MU	PKID
P1MU	P5ME
P1NQ	P1NQ
P1NQ	P8Q1
P1NQ	PGLO
P1NQ	PC26
P1NQ	PKHG
P1NQ	P5NA
P1QE	P1QE
P1QE	PC4O
P1QE	PGJ1
P1QE	P5PR
P1QE	P8NJ
P1QE	PKET
P1RA	P1RA
P1RA	PC5K
P1RA	PGI5
P1RA	P5QN
P1RA	P8MN
P1RA	PKDX
P1S6	P1S6
P1S6	PC6F
P1S6	PGH8
P1S6	P5RI
P1S6	P8LS
P1S6	PKCZ
P1UU	P1UU
P206	P206
P24M	P24M
P24M	PG5F
P24M	PK12
P24M	PCIW
P24M	P63Z
P24M	P87U
P286	P286
P286	P687
P286	P83X
P286	PG2G
P286	PJX5
P286	PCN4
P29Y	P29Y
P29Y	P69Y
P29Y	P81D
P29Y	PFYS
P29Y	PJVG
P29Y	PCOV
P2DI	P2DI
P2DI	P6DL
P2DI	PCU1
P2DI	PJRW
P2EE	P2EE
P2EE	P7WQ
P2EE	PFU2
P2EE	P6EK
P2EE	PCV0
P2EE	PJR0
P2FA	P2FA
P2FA	P7VU
P2FA	PFT6
P2FA	P6FG
P2FA	PCVW
P2FA	PJQ4
P2H2	P2H2
P2H2	P6H1
P2H2	PFRD
P2H2	P7U4
P2H2	PCXH
P2H2	PJOF
P2JQ	P2JQ
P2JQ	PCZR
P2JQ	P6JB
P2JQ	PJLP
P2KM	P2KM
P2KM	P6K0
P2KM	P7QP
P2KM	PFOA
P2KM	PJKT
P2KM	PD0G
P2LI	P2LI
P2LI	P7PI
P2LI	PD1K
P2LI	PFNA
P2LI	P6L4
P2LI	PJJX
P2ME	P2ME
P2ME	P7OJ
P2ME	PD2F
P2ME	P6LZ
P2ME	PFMK
P2ME	PJJ2
P2NA	P2NA
P2NA	P7NM
P2NA	P6NI
P2NA	PJHZ
P2NA	PD3Y
P2NA	PFLS
P2P2	P2P2
P2P2	PD5Z
P2P2	PFJI
P2P2	PJG5
P2P2	P7LN
P2P2	P6PO
P2PY	P2PY
P2PY	PFIK
P2PY	P6QD
P2PY	PJF9
P2PY	P7KU
P2PY	PD6O
P2QU	P2QU
P2SM	P2SM
P2SM	P6UJ
P2SM	PJCH
P2SM	PFEC
P2SM	PDAU
P2SM	P7I4
P3AE	P3AE
P3C6	P3C6
P3C6	P7
P3C6	PDU6
P3C6	PICV
P3C6	PAHN
P3C6	PM58
P3D2	P3D2
P3D2	P10
P3D2	PDV2
P3D2	PIBY
P3D2	PM4B
P3D2	PAGT
PD55	PD55
PD55	P2OC
PD55	PFKE
PD55	PJGW
PD55	P7MD
PD55	P6OU
PD6X	PD6X
PD6X	PJEY
PD6X	P2Q9
PD6X	P7KN
PD6X	PFI4
PD6X	P6QM
PD7T	PD7T
PD7T	PJE2
PD7T	P2R6
PD7T	P7JQ
PD7T	PFH8
PD7T	P6RI
PDAH	PDAH
PDAH	P2S7
PDAH	P6U6
PDAH	PJCV
PDAH	PFEO
PDBD	PDBD
PDBD	PMOE
PDBD	PB4I
PDBD	PIWJ
PDBD	P2T8
PDBD	P6V2
PDC9	PDC9
PDC9	PMNJ
PDC9	PB3O
PDC9	PIVP
PDC9	P2U2
PDC9	P6VY
PDD5	PDD5
PDD5	PMMO
PDD5	PB2U
PDD5	PIUV
PDD5	P2UY
PDD5	P6WU
PDE1	PDE1
PDE1	PB1X
PDE1	PITX
PDE1	P6XQ
PDEX	PDEX
PDEX	PISK
PDEX	PMKY
PDEX	P2WO
PDEX	P6YM
PDEX	PB0G
PDFT	PDFT
PDFT	PIRP
PDFT	PMK3
PDFT	P2XJ
PDFT	P6ZI
PDIH	PDIH
PDIH	PAX6
PDIH	P2ZV
PDIH	PIP7
PDIH	P726
PDIH	PMHS
PDJD	PDJD
PDJD	PAWB
PDJD	P30S
PDJD	PIOC
PDJD	P732
PDJD	PMGV
PDOP	PDOP
PDOP	P363
PDOP	PAQB
PDOP	P79W
PDOP	PIIH
PDOP	PMBK
PDQH	PDQH
PDQH	P37U
PDQH	PAOC
PDQH	PIGJ
PDQH	P7BO
PDQH	PM9R
PDT5	PDT5
PDT5	PAIP
PDT5	P7EC
PDT5	PIDY
PDT5	P3B4
PDT5	PM68
PE21	PE21
PE21	P3K1
PEAX	PEAX
PEAX	PG2
PEAX	PHWI
PEAX	PLQF
PEAX	PA39
PEAX	P3SW
PEFD	PEFD
PEFD	P9ZC
PEFD	PLM2
PEFD	PKE
PEFD	PHRZ
PEFD	P3XC
PEG9	PEG9
PEG9	P9LI
PEG9	PH94
PEG9	PHY7
PEG9	PF4
PEG9	P3Y8
PEH5	PEH5
PEH5	PHRH
PEH5	PKW
PEH5	P9YU
PEH5	PLLK
PEH5	P3Z4
PEI1	PEI1
PEI1	PHQI
PEI1	PLS
PEI1	P9XZ
PEI1	PLKO
PEI1	P400
PEIX	PEIX
PEIX	PHPL
PEIX	PMK
PEIX	P9X8
PEIX	PLJW
PEIX	P40W
PEQ1	PEQ1
PEQ1	P481
PEQX	PEQX
PEQX	P48X
PERT	PERT
PERT	P49T
PESP	PESP
PESP	P4AP
PETL	PETL
PETL	P4BL
PEZT	PEZT
PEZT	P4HT
PF0P	PF0P
PF0P	P4IP
PF2H	PF2H
PF2H	P4KH
PF6X	PF6X
PF6X	P4OX
PFC9	PFC9
PFC9	P7H1
PFC9	PB7B
PFC9	PJ8E
PFGP	PFGP
PFYH	PFYH
PFYH	P812
PG09	PG09
PG15	PG15
PGA1	PGA1
PGIX	PGIX
PGIX	P1QI
PGIX	P8NF
PGIX	PC4S
PGIX	PKEP
PGIX	P5PV
PGQX	PGQX
PGQX	P8KH
PGRT	PGRT
PGUH	PGUH
PGZT	PGZT
PGZT	PBL6
PGZT	PKTP
PGZT	P566
PGZT	P93K
PGZT	P1BP
PH1L	PH1L
PH1L	PBJE
PH1L	P54E
PH1L	PKVI
PH1L	P95B
PH1L	P19W
PH55	PH55
PH6X	PH6X
PH6X	P13J
PH6X	PL1X
PH6X	PBDI
PH6X	P4V1
PH6X	P9B3
PH8P	PH8P
PH9L	PH9L
PH9L	P4S2
PH9L	P111
PH9L	PFA2
PHAH	PHAH
PHAH	PL4X
PHAH	P9CZ
PHAH	P4QY
PHAH	P101
PHAH	PF8Y
PHEX	PHEX
PHMX	PHMX
PHXL	PHXL
PHXL	P9KX
PHXL	PH8J
PHXL	P9F1
PHXL	P4JZ
PHXL	P3YQ
PHXL	PF1Z
PHXL	PEGR
PHYH	PHYH
PHYH	PES
PHYH	P8YI
PHYH	PKO0
PI09	PI09
PI09	P3QQ
PI09	PA51
PI09	PE8Q
PI4P	PI4P
PI95	PI95
PIG9	PIG9
PIND	PIND
PITL	PITL
PJ49	PJ49
PJ49	PMTT
PJ49	PMS9
PJ61	PJ61
PJ6X	PJ6X
PJ8P	PJ8P
PJ9L	PJ9L
PJAH	PJAH
PJBD	PJBD
PJC9	PJC9
PJC9	PFE4
PJC9	P2SU
PJC9	P7HW
PJD5	PJD5
PJD5	PFEZ
PJD5	P2RY
PJD5	P7IN
PJD5	P6TS
PJD5	PDA3
PJE1	PJE1
PJE1	PD7U
PJE1	P2R7
PJE1	P7JP
PJE1	PFH7
PJE1	P6RJ
PJHL	PJHL
PJHL	P6O4
PJHL	PFL2
PJHL	P7N2
PJHL	P2NP
PJJD	PJJD
PJJD	PFMV
PJJD	P6LM
PJJD	P7P0
PJJD	PD22
PJJD	P2M3
PJM1	PJM1
PJM1	PFPF
PJM1	P6IZ
PJM1	P7RS
PJM1	P2JE
PJM1	PCZF
PJMX	PJMX
PJMX	P7SO
PJMX	P2II
PJNT	PJNT
PJNT	PCY2
PJNT	PFQS
PJNT	P7TJ
PJNT	P6HM
PJNT	P2HN
PJOP	PJOP
PJOP	PCX6
PJOP	PFRN
PJOP	P7UE
PJOP	P6GQ
PJOP	P2GR
PJPL	PJPL
PJPL	PCWA
PJPL	P6FU
PJPL	P2FV
PJPL	PFSS
PJPL	P7VI
PJQH	PJQH
PJQH	PCVJ
PJQH	P7W7
PJQH	PFTJ
PJQH	P2EX
PJQH	P6F3
PJRD	PJRD
PJRD	PCUN
PJRD	P7X3
PJRD	PFUF
PJRD	P2E1
PJRD	P6E7
PJT5	PJT5
PJT5	P7YM
PJT5	PCR7
PJT5	PFW5
PJT5	P6CA
PJT5	P2CB
PJU1	PJU1
PJU1	P7ZG
PJU1	PCQB
PJU1	PFX3
PJU1	P6BE
PJU1	P2BF
PJUX	PJUX
PJUX	PCPD
PJUX	P80L
PJUX	P6AG
PJUX	P2AH
PJUX	PFY4
PJVT	PJVT
PJVT	PCOK
PJVT	P29L
PJVT	P69N
PJVT	P81O
PJVT	PFZ3
PJWP	PJWP
PJWP	PG20
PJWP	PCNK
PJWP	P28M
PJWP	P68N
PJWP	P83H
PJXL	PJXL
PJXL	P84K
PJXL	PCMI
PJXL	PG33
PJXL	P67L
PJXL	P27Q
PJYH	PJYH
PJYH	PCLN
PJYH	PG3V
PJYH	P66Q
PJYH	P26U
PJYH	P85C
PJZD	PJZD
PJZD	PCKJ
PJZD	PCKK
PJZD	P65M
PJZD	P65N
PK6H	PK6H
PK6H	PGAV
PK6H	PCD3
PK6H	P5Y6
PK6H	P1Z4
PK6H	P8E8
PK7D	PK7D
PK7D	P8F9
PK7D	PGBR
PK7D	PCC8
PK7D	P5XB
PK7D	P1Y8
PKAX	PKAX
PKAX	PGFF
PKAX	P8IC
PKAX	PC8K
PKAX	P1UG
PKAX	P5TN
PKBT	PKBT
PKBT	PGGB
PKBT	P8J6
PKBT	PC7P
PKBT	P1TI
PKBT	P5SS
PKCP	PKCP
PKCP	P1SF
PKDL	PKDL
PKDL	PGHT
PKDL	P8MB
PKDL	P1RM
PKDL	PC5W
PKDL	P5QZ
PKFD	PKFD
PKFD	P1PU
PKFD	PC49
PKFD	PGJI
PKFD	P8NZ
PKFD	P5PC
PKG9	PKG9
PKG9	PGKI
PKG9	P1OX
PKG9	PC36
PKG9	PC37
PKG9	P5OA
PKG9	P5OB
PKG9	P8OU
PKIX	PKIX
PKIX	P1MA
PKIX	PC0K
PKIX	P5LO
PKIX	P8RG
PKIX	PGN4
PKLL	PKLL
PKMH	PKMH
PKMH	P8VT
PKQ1	PKQ1
PKQX	PKQX
PKQX	PGX2
PKQX	P90Z
PKQX	PBO3
PKQX	P592
PKQX	P1EG
PKRT	PKRT
PKRT	PGXY
PKRT	P91U
PKRT	PBN6
PKRT	P586
PKRT	P1DL
PKSP	PKSP
PKSP	PGYU
PKSP	P92L
PKSP	PBMA
PKSP	P57A
PKSP	P1CP
PKTL	PKTL
PKTL	PGZP
PKTL	P93G
PKTL	PBLA
PKTL	P56A
PKTL	P1BT
PKVD	PKVD
PKVD	PH1G
PKVD	P956
PKVD	PBJJ
PKVD	P54J
PKVD	P1A1
PKW9	PKW9
PKW9	PH2C
PKW9	P961
PKW9	PBIN
PKW9	P53N
PKW9	P195
PKY1	PKY1
PKY1	P97Q
PKY1	PBGU
PKY1	P51U
PKY1	P17E
PKY1	PH40
PL1L	PL1L
PL1L	P3IK
PL1L	PE0K
PL1L	P13T
PL2H	PL2H
PL2H	PBE0
PL2H	P4UJ
PL2H	P9BJ
PL2H	P12Z
PL2H	PH7F
PLIH	PLIH
PLIH	P9WK
PLIH	PLJ9
PLK9	PLK9
PLK9	P9XL
PLK9	P40F
PLK9	PEIG
PLK9	PHQ0
PLK9	PM7
PLL5	PLL5
PLL5	P9YF
PLL5	P3ZJ
PLL5	PEHK
PLL5	PHR1
PLL5	PLB
PLS9	PLS9
PLS9	PA4H
PLS9	P3RD
PLS9	PE9D
PLS9	PDW
PLS9	PHZP
PLWP	PLWP
PLWP	P99
PLWP	P3MG
PLWP	PI4A
PLWP	PE4G
PLXL	PLXL
PLXL	P3L9
PLXL	P8G
PLXL	PE39
PLXL	PI53
PLXL	PA9R
PM95	PM95
PMFD	PMFD
PMFD	P32A
PMP5	PMP5
PMQX	PMQX
PMRT	PMRT
PMTL	PMTL
PN0P	PN0P
PN0P	PMSM
P16	P16
P16	PIBS
P16	P3D8
P16	PDV8
P16	PM45
P16	PAGN
P22	P22
P22	PIAV
P22	P3E5
P22	PDW5
P22	PAFQ
P22	PM3A
P2Y	P2Y
P2Y	PI9Z
P2Y	P3F1
P2Y	PDX1
P2Y	PAEU
P2Y	PM2E
P3U	P3U
P3U	PI92
P3U	P3FX
P3U	PADU
P3U	PDXX
P3U	PM1I
P5M	P5M
P5M	PI79
P5M	P3HO
P5M	PAC3
P5M	PDZO
P5M	PLZQ
P7E	P7E
P96	P96
P96	PLWS
P96	P3MD
P96	PA8R
P96	PE4D
P96	PI4D
PA2	PA2
PA2	PI3L
PA2	PA8A
PA2	PLW0
PA2	P3NA
PA2	PE5A
PAY	PAY
PAY	PI2S
PAY	PA7H
PAY	P3O3
PAY	PLV7
PAY	PE63
PBU	PBU
PBU	PI1V
PBU	PA6L
PBU	PLUB
PBU	P3P3
PBU	PE73
PCQ	PCQ
PCQ	PI0Z
PCQ	PA5P
PCQ	PLTF
PCQ	P3PZ
PCQ	PE7Z
PKQ	PKQ
PKQ	P3XO
PKQ	PHRN
PKQ	PEFP
PKQ	P9Z0
PKQ	PLLQ
PWA	PWA
PWA	PL8Q
PWA	P4L4
PWA	PHFE
PWA	P9I8
PWA	PF34
P12I	P12I
P12I	PH7V
P12I	P4U0
P12I	PL2Y
P12I	PBEJ
P12I	P9BX
P13E	P13E
P13E	P9B8
P13E	PH72
P13E	P4UW
P13E	PL22
P13E	PBDN
P14A	P14A
P14A	P9AG
P14A	PH64
P14A	PBCM
P14A	PL14
P14A	P4VX
P16Y	P16Y
P1MY	P1MY
P1MY	P8QS
P1MY	PGMG
P1MY	PKI9
P1MY	PC1E
P1MY	P5MI
P1NU	P1NU
P1NU	P8PX
P1NU	PGLK
P1NU	PKHC
P1NU	PC2A
P1NU	P5NE
P1PM	P1PM
P1PM	PGJQ
P1PM	P8O7
P1PM	PC41
P1PM	PKFL
P1PM	P5P4
P1RE	P1RE
P1RE	PGI1
P1RE	P8MJ
P1RE	PC5O
P1RE	PKDT
P1RE	P5QR
P1SA	P1SA
P1SA	PGH4
P1SA	PC6J
P1SA	P8LO
P1SA	PKCV
P1SA	P5RM
P1UY	P1UY
P20A	P20A
P2DM	P2DM
P2DM	P7XI
P2DM	PFUU
P2DM	P6DS
P2DM	PJRS
P2DM	PCU8
P2FE	P2FE
P2FE	P7VQ
P2FE	PFT2
P2FE	P6FK
P2FE	PJQ0
P2FE	PCW0
P2IY	P2IY
P2IY	P7S8
P2IY	PCYZ
P2IY	PFPV
P2IY	PJMH
P2IY	P6IJ
P2LM	P2LM
P2LM	P7PE
P2LM	PJJS
P2MI	P2MI
P2MI	PD2J
P2MI	PFMG
P2MI	PJIY
P2MI	P6M3
P2MI	P7OF
P2RU	P2RU
P2RU	P6TM
P2RU	PJD9
P2RU	P7IR
P2RU	PD9X
P2RU	PFFD
P2SQ	P2SQ
P2SQ	PJCD
P2SQ	P6UN
P2SQ	PFE8
P2SQ	P7I0
P2SQ	PDAY
P2TM	P2TM
P2TM	PB44
P2TM	PMNZ
P2TM	PMO0
P2UI	P2UI
P2UI	PB38
P2UI	PIV9
P2UI	P6WE
P2UI	PDCP
P2UI	PMN3
P2VE	P2VE
P2VE	PB2F
P2VE	PIUF
P2VE	P6XA
P2VE	PDDL
P2VE	PMM8
P2X6	P2X6
P2X6	PAZY
P2X6	P6Z4
P2X6	PIS2
P2X6	PDFF
P2X6	PMKG
P2Y2	P2Y2
P2Y2	P702
P2Y2	PIR8
P2Y2	PDGD
P2Y2	PMJK
P38Q	P38Q
P38Q	PM85
P3CA	P3CA
P3CA	PB
P3CA	PICR
P3CA	PDUA
P3CA	PAHJ
P3CA	PM54
P3II	P3II
P3II	PE0I
P3L6	P3L6
P3L6	PA9U
P3L6	PLXO
P3L6	P8D
P3L6	PE36
P3L6	PI56
P3MY	P3MY
P3MY	PI3U
P3MY	PE4Y
P3MY	PA8K
P3MY	PLW9
P3MY	P9P
P3OQ	P3OQ
P3OQ	PI28
P3OQ	PE6Q
P3OQ	PA6Y
P3OQ	PBH
P3OQ	PLUO
P3PM	P3PM
P3PM	PI1C
P3PM	PE7M
P3PM	PA62
P3PM	PCD
P3PM	PLTS
P3SA	P3SA
P3SA	PEAA
P3SA	PEAB
P3T6	P3T6
P3T6	PA2Z
P3T6	PGC
P3T6	PEB7
P3T6	PHW8
P3T6	PLQ5
P3U2	P3U2
P3U2	PA24
P3U2	PH9
P3U2	PEC3
P3U2	PHVE
P3U2	PLP7
P3UY	P3UY
P3UY	PI4
P3UY	PECZ
P3UY	PA1H
P3UY	PHUJ
P3UY	PLOD
P3VU	P3VU
P3VU	PA0G
P3VU	PJ6
P3VU	PEDV
P3VU	PLNA
P3VU	PHTM
P3WQ	P3WQ
P3WQ	PEER
P3WQ	PHSL
P3ZE	P3ZE
P3ZE	PHR7
P3ZE	P9YK
P3ZE	PLLA
P3ZE	PEHF
P3ZE	PL6
P40A	P40A
P40A	P9XP
P40A	PLKE
P40A	PEIB
P40A	PM2
P40A	PHQ8
P416	P416
P416	P9WY
P416	PLJM
P416	PEJ7
P416	PMU
P416	PHPB
P422	P422
P422	PHOK
P422	P9UU
P422	PNK
P422	PEK3
P422	PLHC
P42Y	P42Y
P42Y	POI
P42Y	PEKZ
P42Y	PHMG
P42Y	PLGE
P42Y	P9TS
P43U	P43U
P43U	PPE
P43U	PELV
P43U	PHLK
P43U	PLFH
P44Q	P44Q
P44Q	P9S8
P44Q	PQ9
P44Q	PEMR
P44Q	PHKP
P44Q	PLEM
P45M	P45M
P45M	PENM
P48A	P48A
P48A	PBZM
P48A	PEQA
P48A	P5KQ
P4A2	P4A2
P4A2	P9RA
P4A2	PES2
P4A2	PLDE
P4A2	PHJR
P4A2	PRG
P4IY	P4IY
P4IY	PHGH
P4IY	PF0Y
P4IY	PUR
P4IY	P9MF
P4IY	PLA5
P4JU	P4JU
P4JU	P9L2
P4JU	PHXQ
P4JU	PF1U
P4LM	P4LM
P4LM	PHE2
P4LM	P9HS
P4LM	PF3M
P4LM	PWM
P4LM	PL8E
P4MI	P4MI
P4MI	PHD4
P4MI	P9GX
P4MI	PF4I
P4MI	PXJ
P4MI	PL7H
P4NE	P4NE
P4NE	P16W
P4NE	PF5E
P4P6	P4P6
P4P6	PHC9
P4P6	PF76
P4P6	PYF
P4P6	P9EI
P4P6	PL6K
P4Q2	P4Q2
P4Q2	PHBB
P4Q2	PF82
P4Q2	PZ7
P4Q2	P9DM
P4Q2	PL5S
P4VE	P4VE
P4VE	PBD5
P56Y	P56Y
P56Y	PBLY
P58Q	P58Q
P58Q	PBNQ
P58Q	PBNR
P58Q	P1E4
P58Q	PGXE
P58Q	PKR9
P58Q	P91B
P5BE	P5BE
P5BE	PBQF
P5GQ	P5GQ
P5GQ	PBVR
P5M2	P5M2
P5M2	PC0Y
P5RE	P5RE
P5RE	PC6B
P5ZE	P5ZE
P5ZE	PCEB
P616	P616
P616	PCG3
P696	P696
P696	PCO3
P6GA	P6GA
P6GA	P2GB
P6GA	PFSC
P6GA	P7V2
P6GA	PJP5
P6GA	PCWQ
P6H6	P6H6
P6H6	PFR8
P6H6	P7TZ
P6H6	P2H7
P6H6	PJO9
P6H6	PCXM
P6IY	P6IY
P6IY	PFPG
P6IY	PJM2
P6IY	P2JD
P6IY	P7RT
P6IY	PCZE
P6Q2	P6Q2
P6Q2	PD6D
P6Q2	PFIU
P6QY	P6QY
P6QY	P7KA
P6QY	PFHS
P6QY	PD79
P6QY	P2QJ
P6QY	PJEO
P6RU	P6RU
P6RU	P7JC
P6RU	PFFY
P6RU	PD85
P6RU	P2RI
P6RU	PJDQ
P6VE	P6VE
P6VE	PB43
P6VE	PIW8
P6VE	P2TN
P6VE	PDBP
P6VE	PMNY
P70Q	P70Q
P70Q	PMIZ
P70Q	PDH1
P70Q	PAYM
P70Q	PIQM
P70Q	P2YO
P71M	P71M
P71M	PMI9
P71M	PDHX
P71M	P2ZE
P71M	PIPQ
P71M	PAXR
P72I	P72I
P72I	PMHF
P72I	PDIT
P72I	P308
P72I	PAWU
P72I	PIOV
P73E	P73E
P73E	PMGI
P73E	PDJP
P73E	P315
P756	P756
P756	PAVM
P756	PINQ
P756	PDJZ
P762	P762
P762	PIM9
P762	PMFF
P762	PAUN
P762	PDKV
P762	P328
P76Y	P76Y
P76Y	PILE
P76Y	PMEJ
P76Y	PATA
P76Y	PDLR
P76Y	P334
P77U	P77U
P77U	PIKJ
P77U	PMDO
P77U	PASE
P77U	P33Z
P77U	PDMN
P78Q	P78Q
P78Q	PIJN
P78Q	PMCS
P78Q	P34V
P78Q	PARJ
P78Q	PDNJ
P7AI	P7AI
P7AI	PMAZ
P7AI	PAPH
P7AI	PIHQ
P7AI	PDPB
P7AI	P36O
P7BE	P7BE
P7BE	PMA2
P7BE	PAON
P7BE	PIGT
P7BE	PDQ7
P7BE	P37K
P7CA	P7CA
P7CA	PIFU
P7CA	PDR3
P7E2	P7E2
P7E2	PM6I
P7E2	PAJ0
P7E2	P3AU
P7E2	PDSV
P7E2	PIE8
P7EY	P7EY
P7EY	PAI2
P7EY	PM5N
P7EY	P3BQ
P7EY	PIDA
P7EY	PDTR
P7GQ	P7GQ
P7GQ	PJ75
P7GQ	PB5H
P7GQ	PFBY
P7L6	P7L6
P7QI	P7QI
P82Y	P82Y
P87E	P87E
P88A	P88A
P88A	PG5V
P88A	P246
P88A	PK1I
P88A	PCIG
P88A	P63J
P8A2	P8A2
P8A2	PCGJ
P8A2	P22D
P8A2	PG7Q
P8A2	PK3C
P8A2	P61M
P8CQ	P8CQ
P8CQ	PK5L
P8EI	P8EI
P8TM	P8TM
P8TM	P1K4
P8TM	PGP5
P8TM	PKL0
P8TM	PBWD
P8TM	P5HC
P8VE	P8VE
P8X6	P8X6
P94A	P94A
P94A	PH0K
P94A	PKUH
P94A	PBKF
P94A	P55F
P94A	P1AX
P99M	P99M
P9EY	P9EY
P9KA	P9KA
P9L6	P9L6
P9PM	P9PM
P9VU	P9VU
P9WQ	P9WQ
PA16	PA16
PA22	PA22
PA22	P3U5
PA22	PHC
PA22	PEC6
PA22	PHVB
PA22	PLP4
PAA2	PAA2
PAA2	PI5E
PABU	PABU
PAMI	PAMI
PANE	PANE
PAUI	PAUI
PAWA	PAWA
PAWA	PDJE
PAWA	PIOB
PAWA	PMGU
PAWA	P733
PAZU	PAZU
PB62	PB62
PB62	PN0M
PB62	PJ3R
PB6Y	PB6Y
PBD6	PBD6
PBD6	P4VD
PBGQ	PBGQ
PBGQ	PH44
PBGQ	P97U
PBGQ	PKY5
PBGQ	P51Q
PBGQ	P17A
PBHM	PBHM
PBHM	PH38
PBHM	P96Y
PBHM	PKX9
PBHM	P52M
PBHM	P186
PBKA	PBKA
PBKA	PH0P
PBKA	P55A
PBKA	PKUM
PBKA	P94F
PBKA	P1AS
PBMY	PBMY
PBMY	P57Y
PBMY	PGY6
PBMY	P1DD
PBMY	PKS1
PBNU	PBNU
PBNU	P58T
PBNU	P1E7
PBNU	PGXB
PBNU	PKR6
PBNU	P918
PBOQ	PBOQ
PBOQ	P59P
PBOQ	P1F2
PBOQ	PGWG
PBOQ	PKQB
PBOQ	P90D
PBRE	PBRE
PBRE	PGUB
PBRE	PKO6
PBRE	P5CE
PBRE	P1GW
PBRE	P8YM
PBWQ	PBWQ
PBWQ	PKKP
PBWQ	P5HP
PBWQ	P1KF
PBWQ	P8T9
PBWQ	PGOU
PBXM	PBXM
PBXM	PKJR
PBXM	P5IL
PBXM	P1LH
PBXM	P8SA
PBXM	PGNX
PBZE	PBZE
PBZE	P48I
PBZE	P5KI
PBZE	PEQI
PC7E	PC7E
PC7E	P1T7
PC7E	P5SH
PC7E	PKC4
PC7E	PGGM
PC7E	P8JH
PC8A	PC8A
PC8A	P1U5
PC8A	P5TD
PC8A	PKB8
PC8A	PGFP
PC8A	P8IL
PCA2	PCA2
PCA2	P5V5
PCA2	PGDV
PCA2	PK9F
PCA2	P1W7
PCBU	PCBU
PCBU	P5WX
PCBU	P1XU
PCBU	P8FN
PCBU	PGC5
PCBU	PK7R
PCBU	PK7S
PCCQ	PCCQ
PCCQ	P5XT
PCCQ	P1YQ
PCCQ	P8ER
PCCQ	PGB8
PCCQ	PK6V
PCDM	PCDM
PCDM	P8DP
PCDM	P5YP
PCDM	P1ZN
PCDM	PGAB
PCDM	PK5Y
PCFE	PCFE
PCFE	P219
PCFE	P60H
PCFE	P8B9
PCFE	PK4F
PCFE	PG8W
PCH6	PCH6
PCH6	P899
PCH6	P232
PCH6	P629
PCH6	PG70
PCH6	PK2N
PCI2	PCI2
PCI2	P635
PCI2	P88N
PCP6	PCP6
PCP6	PFYB
PCP6	P2A8
PCP6	P6A9
PCP6	PJV6
PCP6	P80W
PCQ2	PCQ2
PCQ2	P6B5
PCQ2	P2B6
PCQ2	PJUA
PCQ2	P7ZP
PCQ2	PFXC
PCQY	PCQY
PCQY	PFWI
PCQY	P6C1
PCQY	P2C2
PCQY	PJTE
PCQY	P7YV
PCRU	PCRU
PCRU	P2CX
PCRU	P6CX
PCRU	PJSJ
PCRU	PFVI
PCUI	PCUI
PCUI	PJRI
PCUI	P2DW
PCUI	P6E2
PCUI	P7X8
PCUI	PFUK
PCVE	PCVE
PCVE	PJQM
PCVE	P2ES
PCVE	P6EY
PCVE	P7WC
PCVE	PFTO
PD0Q	PD0Q
PD0Q	P7QE
PD0Q	P2KW
PD0Q	PFO0
PD0Q	PJKJ
PD0Q	P6KA
PD3E	PD3E
PD3E	P7O1
PD3E	P6MY
PD4A	PD4A
PD4A	PFLC
PD4A	P7NC
PD4A	P6NU
PD56	PD56
PD56	P2OD
PD56	PFKD
PD56	PJGV
PD56	P7MC
PD56	P6OV
PDAI	PDAI
PDAI	P7IE
PDAI	P2S8
PDAI	PJCU
PDAI	P6U7
PDAI	PFEN
PDBE	PDBE
PDBE	PMOD
PDBE	PB4H
PDBE	PIWI
PDBE	P2T9
PDBE	P6V3
PDCA	PDCA
PDCA	PMNI
PDCA	PB3N
PDCA	PIVO
PDCA	P2U3
PDCA	P6VZ
PDD6	PDD6
PDD6	PMMN
PDD6	PB2T
PDD6	PIUU
PDD6	P2UZ
PDD6	P6WV
PDE2	PDE2
PDE2	PMLS
PDE2	PB1W
PDE2	PITW
PDE2	P2VU
PDE2	P6XR
PDEY	PDEY
PDEY	PISJ
PDEY	PMKX
PDEY	P2WP
PDEY	P6YN
PDEY	PB0F
PDFU	PDFU
PDFU	PIRO
PDFU	PMK2
PDFU	P2XK
PDFU	P6ZJ
PDGQ	PDGQ
PDGQ	PAYW
PDGQ	PIQW
PDGQ	P2YD
PDGQ	PMJ9
PDGQ	P70F
PDII	PDII
PDII	PAX5
PDII	PIP6
PDII	P2ZW
PDII	P727
PDII	PMHR
PDL6	PDL6
PDL6	P32J
PDL6	P76D
PDL6	PILY
PDL6	PAU2
PDL6	PMF4
PDM2	PDM2
PDM2	PME9
PDM2	P33E
PDM2	PASZ
PDM2	P779
PDM2	PIL4
PDOQ	PDOQ
PDOQ	P364
PDOQ	PAQA
PDOQ	P79X
PDOQ	PIIG
PDOQ	PMBJ
PDPM	PDPM
PDPM	P36Z
PDPM	PAP7
PDPM	PIHG
PDPM	P7AT
PDPM	PMAO
PDQI	PDQI
PDQI	P37V
PDQI	PAOB
PDQI	PIGI
PDQI	P7BP
PDQI	PM9Q
PDRE	PDRE
PDRE	P39F
PDRE	PAKP
PDRE	PIFH
PDRE	PM7O
PDRE	P7CL
PE22	PE22
PE22	P3K2
PE2Y	PE2Y
PE2Y	P3KY
PEQY	PEQY
PEQY	P48Y
PERU	PERU
PERU	P49U
PESQ	PESQ
PESQ	P4AQ
PETM	PETM
PETM	P4BM
PEVE	PEVE
PEVE	P4DE
PEZU	PEZU
PEZU	P4HU
PF0Q	PF0Q
PF0Q	P4IQ
PFCA	PFCA
PFCA	P7H2
PFCA	PB7A
PFCA	PJ8F
PFD6	PFD6
PFD6	P7FL
PFGQ	PFGQ
PFJE	PFJE
PFJE	P2P6
PFJE	PD63
PFJE	PJG1
PFJE	P7LJ
PFJE	P6PS
PFKA	PFKA
PFKA	PFK9
PFKA	PD57
PFKA	PFKB
PFKA	PFKC
PFKA	P2OE
PFKA	PJGU
PFKA	P7MA
PFKA	P7MB
PFKA	P6OW
PFL6	PFL6
PFL6	PJHP
PFL6	PD4G
PFL6	P2NL
PFL6	P7N6
PFL6	P6O0
PFXM	PFXM
PFXM	P803
PFYI	PFYI
PFYI	P813
PG0A	PG0A
PG16	PG16
PG22	PG22
PG22	PJWR
PG22	PCNI
PG22	P28K
PG22	P68L
PG22	P83J
PGA2	PGA2
PGJU	PGJU
PGJU	P1PI
PGJU	PC3U
PGJU	P8OB
PGJU	PC3X
PGJU	P5OX
PGJU	P5P0
PGJU	PKFP
PGQY	PGQY
PGQY	P8KI
PGRU	PGRU
PGSQ	PGSQ
PGSQ	P8VN
PGUI	PGUI
PGX6	PGX6
PGX6	PKR1
PGX6	PBNZ
PGX6	P58Y
PGX6	P1EC
PGX6	P913
PH6Y	PH6Y
PH6Y	P13I
PH6Y	PL1Y
PH6Y	PBDJ
PH6Y	P4V0
PH6Y	P9B4
PH8Q	PH8Q
PHEY	PHEY
PHMY	PHMY
PI96	PI96
PIEI	PIEI
PIFE	PIFE
PIFE	P39I
PIFE	PAKM
PIFE	PDRH
PIFE	PM7L
PIFE	P7CO
PIGA	PIGA
PIGA	P8WA
PINE	PINE
PIWA	PIWA
PJ1M	PJ1M
PJ1M	PMZH
PJ62	PJ62
PJ8Q	PJ8Q
PJ9M	PJ9M
PJAI	PJAI
PJBE	PJBE
PJD6	PJD6
PJD6	P2RX
PJD6	P6TP
PJD6	PFF2
PJD6	P7IO
PJD6	PDA0
PJMY	PJMY
PJMY	P2IH
PJMY	P7SP
PJQI	PJQI
PJQI	PCVI
PJQI	P2EW
PJQI	P7W8
PJQI	PFTK
PJQI	P6F2
PJRE	PJRE
PJRE	PCUM
PJRE	P2E0
PJRE	P7X4
PJRE	PFUG
PJRE	P6E6
PJSA	PJSA
PJSA	P9QJ
PJSA	P9QK
PJSA	PCS3
PJSA	P7XW
PJSA	PFV8
PJSA	P2D6
PJSA	P6D6
PJT6	PJT6
PJT6	P7YN
PJT6	PCR6
PJT6	PFW6
PJT6	P6C9
PJT6	P2CA
PJU2	PJU2
PJU2	P7ZH
PJU2	PCQA
PJU2	PFX4
PJU2	P6BD
PJU2	P2BE
PJUY	PJUY
PJUY	PCPC
PJUY	P6AF
PJUY	P2AG
PJUY	P80P
PJUY	PFY5
PJVU	PJVU
PJVU	PCOJ
PJVU	P29K
PJVU	P69M
PJVU	P81P
PJVU	PFZ4
PJWQ	PJWQ
PJWQ	PG21
PJWQ	PCNJ
PJWQ	P28L
PJWQ	P68M
PJWQ	P83I
PJXM	PJXM
PJXM	P84L
PJXM	PCMG
PJXM	PCMH
PJXM	P67J
PJXM	P67K
PJXM	PG34
PJXM	P27P
PK6I	PK6I
PK6I	P8E9
PK6I	PGAW
PK6I	PCD2
PK6I	P5Y5
PK6I	P1Z3
PK7E	PK7E
PK7E	P8FA
PK7E	PGBS
PK7E	PCC7
PK7E	P5XA
PK7E	P1Y7
PK96	PK96
PK96	P8GY
PK96	PGDM
PK96	PCAB
PK96	P5VE
PK96	P1WG
PKA2	PKA2
PKA2	PGEI
PKA2	PC9F
PKA2	P8HI
PKA2	P5UI
PKA2	P1VK
PKAY	PKAY
PKAY	PGFG
PKAY	PC8J
PKAY	P1UF
PKAY	P5TM
PKBU	PKBU
PKBU	PGGC
PKBU	P8J7
PKBU	PC7O
PKBU	P1TH
PKBU	P5SR
PKCQ	PKCQ
PKDM	PKDM
PKDM	PGHU
PKDM	P8MC
PKDM	P1RL
PKDM	PC5V
PKDM	P5QY
PKEI	PKEI
PKEI	PGIQ
PKEI	P8N8
PKEI	P1QP
PKEI	PC4Z
PKEI	P5Q2
PKFE	PKFE
PKFE	P1PT
PKFE	PC48
PKFE	P5PB
PKFE	PGJJ
PKFE	P8O0
PKH6	PKH6
PKH6	PGLE
PKH6	P1O1
PKH6	PC2G
PKH6	P8PQ
PKH6	P5NK
PKIY	PKIY
PKIY	PGN5
PKIY	P1M9
PKIY	PC0J
PKIY	P5LN
PKIY	P8RH
PKLM	PKLM
PKMI	PKMI
PKQ2	PKQ2
PKRU	PKRU
PKRU	PGXZ
PKRU	PBN5
PKRU	P91V
PKRU	P585
PKRU	P1DK
PKSQ	PKSQ
PKSQ	PGYV
PKSQ	P92M
PKSQ	PBM9
PKSQ	P579
PKSQ	P1CO
PKTM	PKTM
PKTM	PGZQ
PKTM	P93H
PKTM	PBL9
PKTM	P569
PKTM	P1BS
PKUI	PKUI
PKUI	PH0L
PKUI	P94B
PKUI	PBKE
PKUI	P55E
PKUI	P1AW
PKVE	PKVE
PKVE	PH1H
PKVE	P957
PKVE	PBJI
PKVE	P54I
PKVE	P1A0
PKWA	PKWA
PKWA	PH2D
PKWA	P962
PKWA	PBIM
PKWA	P53M
PKWA	P194
PKY2	PKY2
PKY2	PH41
PKY2	P97R
PKY2	PBGT
PKY2	P51T
PKY2	P17D
PL9M	PL9M
PL9M	PVG
PL9M	PHGD
PL9M	P9J3
PLII	PLII
PLII	PLJA
PLKA	PLKA
PLKA	P40E
PLKA	PEIF
PLKA	PHQ1
PLKA	PM6
PLL6	PLL6
PLL6	P9YG
PLL6	P3ZI
PLL6	PEHJ
PLL6	PLA
PLL6	PHR2
PLWQ	PLWQ
PLWQ	P98
PLWQ	P3MF
PLWQ	PI4B
PLWQ	PE4F
PLXM	PLXM
PLXM	P3L8
PLXM	P8F
PLXM	PE38
PLXM	PI54
PLXM	PA9S
PM0A	PM0A
PM0A	PACN
PM0A	P52
PM0A	P3H4
PM0A	PI7T
PM0A	PDZ4
PM4Q	PM4Q
PM4Q	PAH9
PM4Q	PM
PM4Q	P3CN
PM4Q	PICC
PM4Q	PDUN
PM8A	PM8A
PM8A	P38L
PM8A	P7FR
PM8A	P38M
PM8A	PJ8N
PM8A	PM89
PM8A	PFDC
PM8A	PMRA
PM96	PM96
PMRU	PMRU
PMUI	PMUI
PMUI	PIZL
PN0Q	PN0Q
PN0Q	PMSN
P17	P17
P17	PIBR
P17	P3D9
P17	PM44
P17	PDV9
P17	PAGM
P23	P23
P23	PIAU
P23	P3E6
P23	PAFP
P23	PM39
P23	PDW6
P2Z	P2Z
P2Z	PI9Y
P2Z	P3F2
P2Z	PAET
P2Z	PM2D
P2Z	PDX2
P3V	P3V
P3V	PI91
P3V	P3FY
P3V	PADT
P3V	PM1H
P3V	PDXY
P4R	P4R
P4R	PI84
P4R	P3GT
P4R	PACY
P4R	PDYT
P4R	PM0L
P5N	P5N
P5N	PI78
P5N	P3HP
P5N	PAC2
P5N	PDZP
P5N	PLZP
P7F	P7F
P97	P97
P97	PLWR
P97	P3ME
P97	PI4C
P97	PE4E
PAZ	PAZ
PAZ	PI2R
PAZ	PA7G
PAZ	PLV6
PAZ	P3O4
PAZ	PE64
PBV	PBV
PBV	PI1U
PBV	PA6K
PBV	PLUA
PBV	P3P4
PBV	PE74
PKR	PKR
PKR	P3XP
PKR	PHRM
PKR	PEFQ
PKR	P9YZ
PKR	PLLP
P12J	P12J
P12J	PH7U
P12J	P4U1
P12J	PL2X
P12J	PBEI
P12J	P9BW
P157	P157
P157	P4WX
P157	P98S
P157	PBBM
P157	PL07
P1D7	P1D7
P1D7	PBMS
P1D7	P57S
P1D7	PGYC
P1D7	PKS7
P1D7	P923
P1JF	P1JF
P1MZ	P1MZ
P1MZ	P8QR
P1MZ	PGMF
P1MZ	PKI8
P1MZ	PC1F
P1MZ	P5MJ
P1PN	P1PN
P1PN	PGJP
P1PN	P8O6
P1PN	PKFK
P1PN	PC42
P1PN	P5P5
P1QJ	P1QJ
P1QJ	PGIW
P1QJ	P8NE
P1QJ	PC4T
P1QJ	PKEO
P1QJ	P5PW
P1UZ	P1UZ
P1YJ	P1YJ
P1YJ	PCCJ
P1YJ	P5XM
P1YJ	P8EY
P1YJ	PGBF
P1YJ	PK72
P20B	P20B
P2AZ	P2AZ
P2AZ	PJUH
P2IZ	P2IZ
P2IZ	P7S7
P2IZ	PCZ0
P2IZ	PFPU
P2IZ	PJMG
P2IZ	P6IK
P2JV	P2JV
P2JV	P7RG
P2JV	PFP3
P2JV	PJLK
P2MJ	P2MJ
P2MJ	P6MM
P2MJ	PFMF
P2MJ	PJIX
P2MJ	P7OE
P2MJ	PD32
P2RV	P2RV
P2RV	P6TN
P2RV	PJD8
P2RV	P7IQ
P2RV	PD9Y
P2RV	PFFC
P2SR	P2SR
P2SR	PJCC
P2SR	PFE7
P2SR	P7HZ
P2VF	P2VF
P2VF	PB2E
P2VF	PIUE
P2VF	P6XB
P2VF	PDDM
P2VF	PMM7
P2WB	P2WB
P2WB	PB0T
P2WB	P6Y9
P2WB	PISX
P2WB	PDEK
P2WB	PMLB
P2X7	P2X7
P2X7	PAZX
P2X7	P6Z5
P2X7	PIS1
P2X7	PDFG
P2X7	PMKF
P2Y3	P2Y3
P2Y3	P703
P2Y3	PIR7
P2Y3	PDGE
P2Y3	PMJJ
P33F	P33F
P33F	PDM3
P33F	PASY
P33F	P77A
P33F	PIL3
P33F	PME8
P34B	P34B
P34B	PDMZ
P34B	PAS3
P34B	P786
P34B	PIK8
P34B	PMDC
P357	P357
P357	PDNV
P357	PAR7
P357	P792
P357	PIJB
P357	PMCG
P38R	P38R
P38R	PM84
P3CB	P3CB
P3CB	PICQ
P3CB	PC
P3CB	PDUB
P3CB	PAHI
P3CB	PM53
P3HN	P3HN
P3HN	PI7A
P3HN	P5L
P3HN	PDZN
P3HN	PAC4
P3HN	PLZR
P3L7	P3L7
P3L7	PA9T
P3L7	PLXN
P3L7	P8E
P3L7	PE37
P3L7	PI55
P3M3	P3M3
P3M3	PA92
P3M3	PI4O
P3M3	PE43
P3M3	PLX4
P3M3	P8V
P3MZ	P3MZ
P3MZ	PI3T
P3MZ	PA8J
P3MZ	PE4Z
P3MZ	PLW8
P3MZ	P9Q
P3OR	P3OR
P3OR	PI27
P3OR	PE6R
P3OR	PA6X
P3OR	PBI
P3OR	PLUN
P3PN	P3PN
P3PN	PI1B
P3PN	PE7N
P3PN	PA61
P3PN	PCE
P3PN	PLTR
P3QJ	P3QJ
P3QJ	PI0F
P3QJ	PE8J
P3QJ	PA53
P3QJ	PD9
P3QJ	PLSW
P3T7	P3T7
P3T7	PA2Y
P3T7	PGD
P3T7	PEB8
P3T7	PHW7
P3T7	PLQ4
P3U3	P3U3
P3U3	PHA
P3U3	PEC4
P3U3	PHVD
P3U3	PLP6
P3UZ	P3UZ
P3UZ	PI5
P3UZ	PA1G
P3UZ	PED0
P3UZ	PHUI
P3UZ	PLOC
P3VV	P3VV
P3VV	PA0F
P3VV	PJ7
P3VV	PEDW
P3VV	PLN9
P3VV	PHTL
P3WR	P3WR
P3WR	PEES
P3WR	PHSK
P3XN	P3XN
P3XN	PKP
P3XN	PEFO
P3XN	PHRO
P3XN	P9Z1
P3XN	PLLR
P3ZF	P3ZF
P3ZF	PHR6
P3ZF	P9YJ
P3ZF	PLL9
P3ZF	PEHG
P3ZF	PL7
P40B	P40B
P40B	P9XO
P40B	PLKD
P40B	PEIC
P40B	PM3
P40B	PHQ7
P417	P417
P417	P9WX
P417	PLJL
P417	PEJ8
P417	PMV
P417	PHPA
P423	P423
P423	PHOJ
P423	P9UT
P423	PNL
P423	PEK4
P423	PLHB
P42Z	P42Z
P42Z	POJ
P42Z	PEL0
P42Z	PHMF
P42Z	PLGD
P42Z	P9TR
P43V	P43V
P43V	PPF
P43V	PELW
P43V	PHLJ
P43V	PLFG
P44R	P44R
P44R	P9S7
P44R	PQA
P44R	PEMS
P44R	PHKO
P44R	PLEL
P46J	P46J
P46J	P9S6
P46J	PQB
P46J	PEOJ
P46J	PHKN
P46J	PLEK
P48B	P48B
P48B	PBZL
P48B	PEQB
P48B	P5KP
P497	P497
P497	P4Y6
P497	PER7
P4A3	P4A3
P4A3	P9R9
P4A3	PLDD
P4A3	PES3
P4A3	PHJQ
P4A3	PRH
P4I3	P4I3
P4I3	P9MP
P4I3	PLAF
P4I3	PUH
P4I3	PHGR
P4I3	PF03
P4IZ	P4IZ
P4IZ	PVF
P4IZ	PL9N
P4IZ	PF0Z
P4IZ	PUS
P4IZ	P9ME
P4IZ	PLA4
P4IZ	PHGE
P4IZ	P9J4
P4JV	P4JV
P4JV	P9L1
P4JV	PHXP
P4JV	PF1V
P4KR	P4KR
P4KR	P9IK
P4KR	PHFW
P4KR	PF2R
P4KR	PL94
P4KR	PVX
P4LN	P4LN
P4LN	PHE1
P4LN	P9HR
P4LN	PF3N
P4LN	PWN
P4LN	PL8D
P4MJ	P4MJ
P4MJ	PHD3
P4MJ	P9GW
P4MJ	PF4J
P4MJ	PXK
P4MJ	PL7G
P4P7	P4P7
P4P7	PHC8
P4P7	PF77
P4P7	PYG
P4P7	P9EH
P4P7	PL6J
P4Q3	P4Q3
P4Q3	PHBA
P4Q3	PF83
P4Q3	PZ8
P4Q3	P9DL
P4Q3	PL5R
P4QZ	P4QZ
P4QZ	P9CY
P4QZ	PHAG
P4QZ	P102
P4QZ	PF8Z
P4QZ	PL4W
P5BF	P5BF
P5BF	PBQG
P5GR	P5GR
P5GR	PBVS
P5M3	P5M3
P5M3	PC0Z
P5RF	P5RF
P5RF	PC6C
P697	P697
P697	PCO4
P6GB	P6GB
P6GB	PFSB
P6GB	P2GC
P6GB	P7V1
P6GB	PJP4
P6GB	PCWR
P6H7	P6H7
P6H7	PFR7
P6H7	P7TY
P6H7	P2H8
P6H7	PJO8
P6H7	PCXN
P6Q3	P6Q3
P6Q3	PFIT
P6Q3	PD6E
P6QZ	P6QZ
P6QZ	P7K9
P6QZ	PFHR
P6QZ	PD7A
P6QZ	P2QK
P6QZ	PJEN
P6RV	P6RV
P6RV	P7JB
P6RV	PFFX
P6RV	PD86
P6RV	PJDP
P6RV	P2RJ
P6VF	P6VF
P6VF	PB42
P6VF	PIW7
P6VF	P2TO
P6VF	PDBQ
P6VF	PMNX
P70R	P70R
P70R	P2YP
P70R	PMIY
P70R	PDH2
P70R	PAYL
P70R	PIQL
P71N	P71N
P71N	PMI8
P71N	PDHY
P71N	P2ZF
P71N	PIPP
P71N	PAXQ
P72J	P72J
P72J	PMHE
P72J	PDIU
P72J	P309
P72J	PAWT
P72J	PIOU
P73F	P73F
P73F	PMGH
P73F	PDJQ
P73F	P316
P73F	PAVX
P73F	PIO0
P757	P757
P757	PAVL
P757	PINP
P757	PDK0
P77V	P77V
P77V	PIKI
P77V	PMDN
P77V	PASD
P77V	P340
P77V	PDMO
P78R	P78R
P78R	PIJM
P78R	PMCR
P78R	PARI
P78R	P34W
P78R	PDNK
P7BF	P7BF
P7BF	P37L
P7BF	PMA1
P7BF	PIGS
P7BF	PDQ8
P7CB	P7CB
P7CB	PIFT
P7CB	PDR4
P7E3	P7E3
P7E3	PM6H
P7E3	PAIZ
P7E3	P3AV
P7E3	PIE7
P7E3	PDSW
P7EZ	P7EZ
P7EZ	PAI1
P7EZ	PM5M
P7EZ	P3BR
P7EZ	PID9
P7EZ	PDTS
P7GR	P7GR
P7GR	PJ76
P7GR	PB5G
P7GR	PFBZ
P7JF	P7JF
P7L7	P7L7
P7ZF	P7ZF
P7ZF	PJU0
P7ZF	PCQC
P7ZF	PFX2
P7ZF	P6BF
P7ZF	P2BG
P817	P817
P817	PCP1
P817	PCP2
P817	P2A4
P817	P6A4
P817	P6A5
P817	PFYM
P817	PJVA
P82Z	P82Z
P87F	P87F
P8CR	P8CR
P8CR	PK5M
P8CR	PV4
P8FF	P8FF
P8FF	PGBX
P8FF	PK7J
P8FF	PCC2
P8FF	P5X5
P8FF	P1Y2
P8JV	P8JV
P8JV	PKCI
P8JV	PGH0
P8JV	PALZ
P8JV	P1ST
P8SR	P8SR
P8WB	P8WB
P8X7	P8X7
P8Y3	P8Y3
P8Y3	P1HE
P8Y3	PKNL
P8Y3	PGTU
P8Y3	PBRW
P8Y3	P5CW
P91N	P91N
P91N	PKRM
P91N	PBND
P91N	P58D
P91N	PGXR
P91N	P1DS
P97V	P97V
P97V	PH45
P97V	PBGP
P97V	P51P
P97V	PKY6
P97V	PIPB
P97V	PAXC
P97V	P179
P9CB	P9CB
P9EZ	P9EZ
P9EZ	PHXJ
P9FV	P9FV
P9FV	PJ5T
P9FV	PMQP
P9FV	PAPU
P9FV	P77
P9FV	PQT
P9FV	PGRP
P9FV	PMP1
P9FV	PMQT
P9FV	PMUE
P9FV	P6F
P9FV	PLYF
P9FV	PMQZ
P9FV	P2LO
P9FV	PG3X
P9FV	P7I
P9FV	P1FZ
P9FV	P38V
P9FV	PMQ7
P9FV	P4CW
P9FV	PG40
P9FV	PJ69
P9FV	PJDD
P9FV	PMSX
P9FV	PMPE
P9FV	PMQA
P9FV	PK
P9FV	P8S4
P9FV	PM6U
P9FV	PMQE
P9FV	PM6V
P9FV	P9IW
P9FV	PEUW
P9FV	PMPK
P9FV	PLY1
P9FV	PMXL
P9FV	PK57
P9FV	PMPN
P9FV	PK58
P9FV	PMQM
P9FV	P89S
P9JF	P9JF
P9KB	P9KB
P9PN	P9PN
P9VV	P9VV
PA17	PA17
PAA3	PAA3
PAA3	PI5F
PABV	PABV
PAMJ	PAMJ
PANF	PANF
PAUJ	PAUJ
PB63	PB63
PB6Z	PB6Z
PBIJ	PBIJ
PBIJ	PH2F
PBIJ	P965
PBIJ	PKWD
PBIJ	P53J
PBIJ	P191
PBKB	PBKB
PBKB	PH0O
PBKB	PKUL
PBKB	P94E
PBKB	P55B
PBKB	P1AT
PBL7	PBL7
PBL7	PGZS
PBL7	PKTO
PBL7	P567
PBL7	P93J
PBL7	P1BQ
PBMZ	PBMZ
PBMZ	PGY5
PBMZ	P57Z
PBMZ	PKS0
PBMZ	P1DE
PBNV	PBNV
PBNV	P58U
PBNV	PGXA
PBNV	P1E8
PBNV	PKR5
PBNV	P917
PBOR	PBOR
PBOR	P59Q
PBOR	P1F3
PBOR	PGWF
PBOR	PKQA
PBOR	P90C
PBPN	PBPN
PBPN	PKP1
PBPN	PGVH
PBPN	P5AM
PBPN	P1G1
PBPN	P8ZH
PBRF	PBRF
PBRF	PGUA
PBRF	PKO5
PBRF	P5CF
PBRF	P1GX
PBRF	P8YL
PBSB	PBSB
PBSB	PKN6
PBSB	PGTF
PBSB	P5DB
PBSB	P1HV
PBSB	P8XN
PBWR	PBWR
PBWR	PKKO
PBWR	P5HQ
PBWR	P1KG
PBWR	P8T8
PBWR	PGOT
PBXN	PBXN
PBXN	PKJQ
PBXN	P5IM
PBXN	P1LI
PBXN	P8S9
PBXN	PGNW
PBZF	PBZF
PBZF	P48H
PBZF	P5KJ
PBZF	PEQH
PC23	PC23
PC23	P1NN
PC23	P8Q4
PC23	PGLR
PC23	P5N7
PC23	PKHJ
PC7F	PC7F
PC7F	P1T8
PC7F	P5SI
PC7F	PKC3
PC7F	PGGL
PC7F	P8JG
PC8B	PC8B
PC8B	P1U6
PC8B	P5TE
PC8B	PKB7
PC8B	PGFO
PC8B	P8IK
PC97	PC97
PC97	P5UA
PC97	PKAA
PC97	PGES
PC97	P1VC
PC97	P8HQ
PCA3	PCA3
PCA3	P5V6
PCA3	PGDU
PCA3	PK9E
PCA3	P1W8
PCBV	PCBV
PCBV	P5WY
PCBV	P8FM
PCBV	P1XV
PCBV	PGC4
PCBV	PK7Q
PCCR	PCCR
PCCR	P5XU
PCCR	P8EQ
PCCR	P1YR
PCCR	PGB7
PCCR	PK6U
PCDN	PCDN
PCDN	P8DO
PCDN	P5YQ
PCDN	PGAA
PCDN	P1ZO
PCDN	PK5X
PCFF	PCFF
PCFF	P21A
PCFF	P60I
PCFF	P8B8
PCFF	PK4E
PCFF	PG8V
PCGB	PCGB
PCGB	P225
PCGB	P61E
PCGB	P8AA
PCGB	PG7Y
PCGB	PK3K
PCH7	PCH7
PCH7	P898
PCH7	P233
PCH7	P62A
PCH7	PG6Z
PCH7	PK2M
PCI3	PCI3
PCI3	P636
PCI3	P88M
PCP7	PCP7
PCP7	PFYA
PCP7	P2A9
PCP7	PJV5
PCP7	P6AA
PCP7	P80V
PCQ3	PCQ3
PCQ3	PJU9
PCQ3	P6B6
PCQ3	P2B7
PCQ3	P7ZO
PCQ3	PFXB
PCQZ	PCQZ
PCQZ	PFWH
PCQZ	PJTD
PCQZ	P6C2
PCQZ	P2C3
PCQZ	P7YU
PCRV	PCRV
PCRV	P2CY
PCRV	P6CY
PCRV	PJSI
PCRV	PFVH
PCUJ	PCUJ
PCUJ	PJRH
PCUJ	P2DX
PCUJ	P6E3
PCUJ	P7X7
PCUJ	PFUJ
PCVF	PCVF
PCVF	PJQL
PCVF	P2ET
PCVF	P6EZ
PCVF	P7WB
PCVF	PFTN
PCZV	PCZV
PCZV	P7RA
PCZV	P2K1
PCZV	PFOX
PCZV	PJLE
PCZV	P6JF
PD0R	PD0R
PD0R	P7QD
PD0R	PFNZ
PD0R	P2KX
PD0R	PJKI
PD0R	P6KB
PD3F	PD3F
PD3F	P7O0
PD3F	P6MZ
PD4B	PD4B
PD4B	PFLB
PD4B	P7NB
PD4B	P6NV
PD6Z	PD6Z
PD6Z	P6QO
PDAJ	PDAJ
PDAJ	P7ID
PDAJ	P2S9
PDAJ	PJCT
PDAJ	PFEM
PDAJ	P6U8
PDBF	PDBF
PDBF	PMOC
PDBF	PB4G
PDBF	PIWH
PDBF	P2TA
PDBF	P6V4
PDCB	PDCB
PDCB	PMNH
PDCB	PB3M
PDCB	PIVN
PDCB	P2U4
PDCB	P6W0
PDD7	PDD7
PDD7	PMMM
PDD7	PB2S
PDD7	PIUT
PDD7	P2V0
PDD7	P6WW
PDE3	PDE3
PDE3	PMLR
PDE3	PB1V
PDE3	PITV
PDE3	P2VV
PDE3	P6XS
PDEZ	PDEZ
PDEZ	PISI
PDEZ	PMKW
PDEZ	P2WQ
PDEZ	PB0E
PDEZ	P6YO
PDFV	PDFV
PDFV	PIRN
PDFV	PMK1
PDFV	P2XL
PDFV	P6ZK
PDGR	PDGR
PDGR	PAYV
PDGR	PIQV
PDGR	PMJ8
PDGR	P2YE
PDGR	P70G
PDIJ	PDIJ
PDIJ	PAX4
PDIJ	PIP5
PDIJ	P2ZX
PDIJ	PMHQ
PDIJ	P728
PDL7	PDL7
PDL7	P32K
PDL7	PILX
PDL7	P76E
PDL7	PAU1
PDL7	PMF3
PDOR	PDOR
PDOR	P365
PDOR	PAQ9
PDOR	P79Y
PDOR	PIIF
PDOR	PMBI
PDPN	PDPN
PDPN	P370
PDPN	PIHF
PDPN	P7AU
PDPN	PMAN
PDQJ	PDQJ
PDQJ	PAOA
PDQJ	P37W
PDQJ	PIGH
PDQJ	P7BQ
PDQJ	PM9P
PDSB	PDSB
PDSB	P3AA
PDSB	PIEM
PDSB	P7DI
PDT7	PDT7
PDT7	P3B6
PDT7	PIDW
PDT7	P7EE
PDT7	PM66
PDT7	PAIN
PE23	PE23
PE23	P3K3
PEQZ	PEQZ
PEQZ	P48Z
PESR	PESR
PESR	P4AR
PETN	PETN
PETN	P4BN
PEYZ	PEYZ
PEYZ	P4GZ
PEZV	PEZV
PEZV	P4HV
PF0R	PF0R
PF0R	P4IR
PFD7	PFD7
PFD7	P7FM
PFGR	PFGR
PFL7	PFL7
PFL7	PJHQ
PFL7	PD4F
PFL7	P2NK
PFL7	P7N7
PFL7	P6NZ
PFXN	PFXN
PFXN	P804
PFYJ	PFYJ
PFYJ	P814
PG0B	PG0B
PG23	PG23
PG23	PJWS
PG23	PCNH
PG23	P28J
PG23	P68K
PG23	P83K
PGA3	PGA3
PGOB	PGOB
PGOB	P1KZ
PGOB	P8SO
PGOB	PKK7
PGOB	PBX8
PGOB	P5I7
PGQZ	PGQZ
PGQZ	P8KJ
PGRV	PGRV
PH63	PH63
PH63	P9AF
PH63	P14B
PH63	PBCL
PH63	PL13
PH63	P4VY
PH8R	PH8R
PHE3	PHE3
PHEZ	PHEZ
PHMZ	PHMZ
PHYJ	PHYJ
PHYJ	P4J5
PHYJ	PEQ
PHYJ	P8YH
PHYJ	PF15
PHYJ	PKNZ
PI97	PI97
PIEJ	PIEJ
PINF	PINF
PIWB	PIWB
PIWB	P6VA
PIWB	P6VB
PIWB	PDBL
PIWB	PDBM
PJ4B	PJ4B
PJ63	PJ63
PJ7V	PJ7V
PJ8R	PJ8R
PJ9N	PJ9N
PJAJ	PJAJ
PJBF	PJBF
PJMZ	PJMZ
PJMZ	P2IG
PJMZ	P7SQ
PJQJ	PJQJ
PJQJ	PCVH
PJQJ	P2EV
PJQJ	P7W9
PJQJ	PFTL
PJQJ	P6F1
PJRF	PJRF
PJRF	PCUL
PJRF	P2DZ
PJRF	P7X5
PJRF	PFUH
PJRF	P6E5
PJT7	PJT7
PJT7	P7YO
PJT7	PCR5
PJT7	P6C8
PJT7	P2C9
PJT7	PFWB
PJU3	PJU3
PJU3	P7ZI
PJU3	PCQ9
PJU3	P6BC
PJU3	P2BD
PJU3	PFX5
PJVV	PJVV
PJVV	PFZ5
PJVV	PCOI
PJVV	P29J
PJVV	P69L
PJVV	P81Q
PK6J	PK6J
PK6J	P8EA
PK6J	PGAX
PK6J	PCD1
PK6J	P5Y4
PK6J	P1Z2
PK7F	PK7F
PK7F	P8FB
PK7F	PGBT
PK7F	PCC6
PK7F	P5X9
PK7F	P1Y6
PK8B	PK8B
PK8B	PGCO
PK8B	PCBA
PK8B	P5WD
PK8B	P1XB
PK8B	P8G0
PK97	PK97
PK97	P8GZ
PK97	PGDN
PK97	PCAA
PK97	P5VD
PK97	P1WF
PKA3	PKA3
PKA3	PGEJ
PKA3	PC9E
PKA3	P8HJ
PKA3	P5UH
PKA3	P1VJ
PKAZ	PKAZ
PKAZ	PGFH
PKAZ	PC8I
PKAZ	P8ID
PKAZ	P1UE
PKAZ	P5TL
PKBV	PKBV
PKBV	PGGD
PKBV	PC7N
PKBV	P1TG
PKBV	P8J8
PKBV	P5SQ
PKDN	PKDN
PKDN	PGHV
PKDN	P8MD
PKDN	P1RK
PKDN	PC5U
PKDN	P5QX
PKEJ	PKEJ
PKEJ	PGIR
PKEJ	P8N9
PKEJ	P1QO
PKEJ	PC4Y
PKEJ	P5Q1
PKFF	PKFF
PKFF	P8O1
PKFF	P1PS
PKFF	PC47
PKFF	P5PA
PKFF	PGJK
PKH7	PKH7
PKH7	PGLF
PKH7	P1O0
PKH7	PC2F
PKH7	P5NJ
PKH7	P8PR
PKI3	PKI3
PKI3	PGMA
PKI3	P1N4
PKI3	PC1K
PKI3	P5MO
PKIZ	PKIZ
PKIZ	PGN6
PKIZ	P1M8
PKIZ	PC0I
PKIZ	P5LM
PKIZ	P8RI
PKQZ	PKQZ
PKQZ	PGX4
PKQZ	PBO1
PKQZ	P590
PKQZ	P911
PKQZ	P1EE
PKRV	PKRV
PKRV	PGY0
PKRV	PBN4
PKRV	P584
PKRV	P91W
PKRV	P1DJ
PKSR	PKSR
PKSR	PGYW
PKSR	P92N
PKSR	PBM8
PKSR	P578
PKSR	P1CN
PKTN	PKTN
PKTN	PGZR
PKTN	PBL8
PKTN	P93I
PKTN	P568
PKTN	P1BR
PKUJ	PKUJ
PKUJ	PH0M
PKUJ	P94C
PKUJ	PBKD
PKUJ	P55D
PKUJ	P1AV
PKVF	PKVF
PKVF	PH1I
PKVF	P958
PKVF	PBJH
PKVF	P54H
PKVF	P19Z
PKWB	PKWB
PKWB	P963
PKWB	PBIL
PKWB	P53L
PKWB	P193
PKX7	PKX7
PKX7	PH37
PKX7	P96X
PKX7	PBHN
PKX7	PBHO
PKX7	P52N
PKX7	P52O
PKX7	P188
PKY3	PKY3
PKY3	PH42
PKY3	P97S
PKY3	PBGS
PKY3	P51S
PKY3	P17C
PL0R	PL0R
PL0R	PBC9
PL0R	P4WA
PL0R	P14N
PL0R	PH5R
PLE3	PLE3
P6Q6	P6Q6
P6Q6	PD6H
P6Q6	PJFG
P6Q6	P2PR
P6R2	P6R2
P6R2	P7K6
P6R2	PFHO
P6R2	PD7D
P6R2	PJEK
P6R2	P2QN
P6TQ	P6TQ
P6TQ	PFF1
P6TQ	PDA1
P6VI	P6VI
P6VI	PIW4
P6VI	P2TR
P6VI	PDBT
P6VI	PMNU
P6VI	PB3Z
P72M	P72M
P72M	PMHB
P72M	PDIX
P72M	PAWQ
P72M	PIOR
P72M	P30C
P73I	P73I
P73I	PMGE
P73I	PAVS
P73I	PDJT
P73I	P319
P73I	PINX
P772	P772
P772	PDLV
P7DA	P7DA
P7DA	PDS3
P7FY	P7FY
P7FY	PFDJ
P7FY	PJ5P
P7OU	P7OU
P87I	P87I
P8B2	P8B2
P8BY	P8BY
P8CU	P8CU
P8SU	P8SU
P8VI	P8VI
P8VI	PGSM
P8WE	P8WE
P8XA	P8XA
PMH9	PMH9
PMH9	P72O
PMH9	PDIZ
PMH9	P30E
PMI5	PMI5
PMI5	P71R
PMI5	PDI2
PMI5	PIPM
PMI5	PAXN
PMI5	P2ZI
PMLP	PMLP
PMLP	PITR
PMLP	P2VX
PMP9	PMP9
PMQ5	PMQ5
PMR1	PMR1
PMRX	PMRX
PMUL	PMUL
PMX9	PMX9
PMX9	PGSK
PMX9	P8VG
P1A	P1A
P1A	PIBO
P1A	P3DC
P1A	PM41
P1A	PAGJ
P1A	PDVC
P26	P26
P26	PIAR
P26	P3E9
P26	PAFM
P26	PM36
P26	PDW9
P32	P32
P32	PI9V
P32	PAEM
P32	P3F5
P32	PM2A
P32	PDX5
P3Y	P3Y
P3Y	PI8Y
P3Y	PADQ
P3Y	P3G1
P3Y	PM1E
P3Y	PDY1
P4U	P4U
P4U	PI81
P4U	PACV
P4U	P3GW
P4U	PM0I
P4U	PDYW
P5Q	P5Q
P5Q	PI75
P5Q	PABZ
P5Q	P3HS
P5Q	PLZM
P5Q	PDZS
P6M	P6M
PA6	PA6
PA6	PA89
PA6	PLVY
PA6	PI3K
PA6	PE5B
PA6	P3NB
PB2	PB2
PB2	PA7D
PB2	PLV3
PB2	P3O8
PB2	PI2N
PB2	PE68
PJ2	PJ2
PJ2	P3VS
PJ2	PEDT
PJ2	PLNE
PJY	PJY
PJY	PHSF
PJY	P3WW
PJY	P9ZS
PJY	PEEX
PJY	PLMI
PWE	PWE
PWE	PL8M
P12M	P12M
P12M	PH7R
P12M	PBEB
P12M	PL2U
P12M	P9BT
P12M	P4U8
P1HQ	P1HQ
P1HQ	PKN9
P1HQ	PGTI
P1HQ	P8XR
P1IM	P1IM
P1JI	P1JI
P1OU	P1OU
P1OU	P8OX
P1OU	PGKL
P1OU	PKGD
PEZ1	PEZ1
PEZ1	P4H1
PEZX	PEZX
PEZX	P4HX
PF59	PF59
PF59	P4N9
PFBH	PFBH
PFCD	PFCD
PFCD	PB78
PFCD	P7H5
PFD9	PFD9
PFD9	P7FO
PFGT	PFGT
PG0D	PG0D
PG19	PG19
PG19	PAM3
PG7H	PG7H
PGA5	PGA5
PGH9	PGH9
PGH9	P8LT
PGKT	PGKT
PGKT	PC31
PGKT	P8P5
PGKT	P5O5
PGKT	PKGL
PGKT	P1OM
PGR1	PGR1
PH8T	PH8T
PH9P	PH9P
PH9P	P4RY
PH9P	P10X
PH9P	PF9Y
P5BH	P5BH
P5BH	PBQI
P5GT	P5GT
P5GT	PBVU
P5KD	P5KD
P5KD	PBZ9
P699	P699
P699	PCO6
P6GD	P6GD
P6GD	PFS9
P6GD	P7UZ
P6GD	P2GE
P6GD	PJP2
P6GD	PCWT
P6H9	P6H9
P6H9	PFR5
P6H9	P7TW
P6H9	P2HA
P6H9	PJO6
P6H9	PCXP
P6KT	P6KT
P6KT	PJK4
P6KT	P7PP
P6KT	PD19
P6KT	P2LB
P6KT	PFNJ
P6OD	P6OD
P6OD	P7MT
P6OD	PD4O
P6OD	P2NX
P6OD	PFKT
P6OD	PJHB
P6Q5	P6Q5
P6Q5	PD6G
P6Q5	PJFH
P6Q5	P2PQ
P6VH	P6VH
P6VH	PIW5
P6VH	P2TQ
P6VH	PDBS
P6VH	PMNV
P6VH	PB40
P72L	P72L
P72L	PMHC
P72L	PDIW
P72L	P30B
P72L	PAWR
P72L	PIOS
P73H	P73H
P73H	PMGF
P73H	PDJS
P73H	PAVT
P73H	P318
P73H	PINY
P771	P771
P771	PDLU
P7FX	P7FX
P7FX	PFDI
P7FX	PJ5O
P7OT	P7OT
P7RH	P7RH
P7RH	P2JU
P7RH	PFP4
P7RH	PJLL
P831	P831
P831	PG0F
P87H	P87H
P8ST	P8ST
P8TP	P8TP
P8TP	P1K1
P8TP	PGP8
P8TP	PKL3
P8TP	PBWA
P8TP	P5H9
P8VH	P8VH
P8VH	PGSL
P8WD	P8WD
P8X9	P8X9
P9FX	P9FX
P9GT	P9GT
P9JH	P9JH
P9KD	P9KD
P9QL	P9QL
P9VX	P9VX
P9WT	P9WT
PAB1	PAB1
PAB1	P3IW
PAB1	PLYX
PAB1	P63
PAB1	PE0W
PABX	PABX
PAI5	PAI5
PAI5	PIDF
PAJX	PAJX
PALP	PALP
PAML	PAML
PANH	PANH
PAOD	PAOD
PAUL	PAUL
PB59	PB59
PB59	PJ7D
PB65	PB65
PB8T	PB8T
PB8T	P4ZQ
PB9P	PB9P
PB9P	P4YU
PB9P	PBT7
PB9P	PENO
PB9P	P45O
PBHP	PBHP
PBHP	P96W
PBHP	PKX5
PBHP	PKX6
PBHP	P52P
PBHP	P189
PBM5	PBM5
PBM5	PGYZ
PBM5	PKSU
PBM5	P575
PBM5	P92Q
PBM5	P1CK
PBN1	PBN1
PBN1	PGY3
PBN1	PKRY
PBN1	P581
PBN1	P1DG
PBNX	PBNX
PBNX	PGX8
PBNX	PKR3
PBNX	P58W
PBNX	P1EA
PBNX	P915
PBOT	PBOT
PBOT	PGWD
PBOT	P59S
PBOT	PKQ8
PBOT	P1F5
PBOT	P90A
PBRH	PBRH
PBRH	PBRI
PBRH	P5CH
PBRH	P5CI
PBRH	P1H0
PBSD	PBSD
PBSD	PGTD
PBSD	P5DD
PBSD	P1HX
PBSD	P8XL
PBSD	PKN4
PBU5	PBU5
PBU5	P5F5
PBU5	PKMY
PBU5	P1I3
PBZH	PBZH
PBZH	P8KN
PBZH	P5KL
PC7H	PC7H
PC7H	P1TA
PC7H	PKC1
PC7H	PGGJ
PC7H	P5SK
PC7H	P8JE
PC8D	PC8D
PC8D	PKB4
PC8D	P1U9
PC8D	PGFM
PC8D	P5TG
PC8D	P8II
PC99	PC99
PC99	PKA8
PC99	PGEQ
PC99	P5UC
PC99	P1VE
PC99	P8HO
PCA5	PCA5
PCA5	PGDS
PCA5	PK9C
PCA5	P5V8
PCA5	P1WA
PCB1	PCB1
PCB1	P8G9
PCB1	PGCX
PCB1	P5W4
PCB1	PK8K
PCB1	P1X2
PCBX	PCBX
PCBX	P8FK
PCBX	PGC2
PCBX	P5X0
PCBX	PK7O
PCBX	P1XX
PCCT	PCCT
PCCT	P8EO
PCCT	PGB5
PCCT	P5XW
PCCT	PK6S
PCCT	P1YT
PCDP	PCDP
PCDP	P8DM
PCDP	PGA8
PCDP	PK5V
PCDP	P5YS
PCDP	P1ZQ
PCEL	PCEL
PCEL	P5ZO
PCEL	PG9O
PCFH	PCFH
PCFH	P21C
PCFH	P8B6
PCFH	P60K
PCFH	PK4C
PCFH	PG8T
P5ZJ	P5ZJ
P5ZJ	PCEG
P633	P633
P633	PCI0
P633	P88P
P65R	P65R
P65R	PCKO
P6HB	P6HB
P6HB	P7TU
P6HB	P2HC
P6HB	PJO4
P6HB	PCXR
P6HB	PFR3
P6I7	P6I7
P6I7	P7SY
P6I7	P2I8
P6I7	PJN8
P6I7	PCYN
P6I7	PFQ7
P6NJ	P6NJ
P6NJ	P2NB
P6NJ	PJHY
P6NJ	PD3Z
P6NJ	PFLR
P6OF	P6OF
P6OF	P7MR
P6OF	PD4Q
P6OF	PFKR
P6OF	PJH9
P6OF	P2NZ
P6Q7	P6Q7
P6Q7	PD6I
P6Q7	PJFF
P6Q7	P2PS
P6R3	P6R3
P6R3	P7K5
P6R3	PFHN
P6R3	PD7E
P6R3	PJEJ
P6R3	P2QO
P6RZ	P6RZ
P6RZ	P2RN
P6RZ	P7J7
P6RZ	PFFT
P6RZ	PJDL
P6RZ	PD8A
P72N	P72N
P72N	PMHA
P72N	PAWP
P72N	PDIY
P72N	PIOQ
P72N	P30D
P73J	P73J
P73J	PAVR
P73J	PDJU
P73J	PINV
P773	P773
P773	PDLW
P7BJ	P7BJ
P7BJ	PDQC
P7BJ	P37P
P7GV	P7GV
P7GV	PFC3
P7OV	P7OV
P87J	P87J
P8B3	P8B3
P8BZ	P8BZ
P8CV	P8CV
P8VJ	P8VJ
P8WF	P8WF
P8XB	P8XB
P9F3	P9F3
P9F3	PEO7
P9F3	P5DV
P9F3	P467
P9F3	PBSV
P9FZ	P9FZ
P9JJ	P9JJ
P9KF	P9KF
P9PR	P9PR
P9QN	P9QN
P9VZ	P9VZ
P9WV	P9WV
PAGF	PAGF
PAGF	PM3Z
PAGF	P1C
PAGF	P3DG
PAGF	PDVG
PAGF	PIBK
PAJZ	PAJZ
PAKV	PAKV
PALR	PALR
PAMN	PAMN
PANJ	PANJ
PANJ	P9QD
PAXB	PAXB
PAXB	PIPA
PB5B	PB5B
PB67	PB67
PB9R	PB9R
PB9R	P4YS
PBRJ	PBRJ
PBRJ	P5CJ
PBRJ	P1H1
PBRJ	P8YG
PBRJ	PKNY
PBRJ	PGU7
PBSF	PBSF
PBSF	P5DF
PBSF	P1HZ
PBSF	P8XJ
PBSF	PKN2
PBSF	PGTB
PBV3	PBV3
PBV3	P5G2
PBV3	P1IS
PBV3	PGS4
PBV3	P8UT
PBV3	PKM7
PC7J	PC7J
PC7J	PKBZ
PC7J	P1TC
PC7J	PGGH
PC7J	P5SM
PC7J	P8JC
PCB3	PCB3
PCB3	P8G7
PCB3	PGCV
PCB3	PK8I
PCB3	P5W6
PCB3	P1X4
PCBZ	PCBZ
PCBZ	P8FI
PCBZ	PGC0
PCBZ	PK7M
PCBZ	P5X2
PCBZ	P1XZ
PCCV	PCCV
PCCV	P8EM
PCCV	PGB3
PCCV	PK6Q
PCCV	P5XY
PCCV	P1YV
PCEN	PCEN
PCEN	P20H
PCEN	P20I
PCEN	P5ZQ
PCFJ	PCFJ
PCFJ	P8B1
PCFJ	P21E
PCFJ	P60M
PCFJ	PK4A
PCFJ	PG8R
PCGF	PCGF
PCGF	P8A6
PCGF	P229
PCGF	P61I
PCGF	PG7U
PCGF	PK3G
PCPB	PCPB
PCPB	PJUZ
PCPB	P6AE
PCPB	P2AF
PCPB	P80Q
PCPB	PFY6
PCSV	PCSV
PCSV	P74F
PCXB	PCXB
PCXB	PJOL
PCXB	PFRJ
PCXB	P7UA
PCXB	P2GV
PCXB	P6GV
PCY7	PCY7
PCY7	PJNO
PCY7	PFQN
PCY7	P7TE
PCY7	P6HR
PCY7	P2HS
PD1R	PD1R
PD1R	P2LT
PD1R	PFN5
PD1R	PJJN
PD1R	P7PA
PD1R	P6LB
PD8V	PD8V
PD8V	P6SK
PD9R	PD9R
PD9R	P6TG
PDLB	PDLB
PDLB	P32O
PDLB	PILU
PDLB	PATV
PDLB	P76I
PDLB	PMEZ
PDNZ	PDNZ
PDNZ	PAR1
PDNZ	P35D
PDNZ	PIJ7
PDNZ	P796
PDNZ	PMCA
PDOV	PDOV
PDOV	PAQ5
PDOV	P369
PDOV	PIIB
PDOV	P7A2
PDOV	PMBE
PDPR	PDPR
PDPR	PAP4
PDPR	PIHB
PDPR	P374
PDPR	P7AY
PDPR	PMAJ
PDQN	PDQN
PDQN	PAO1
PDQN	PIGD
PDQN	P385
PDQN	PM9L
PDQN	P7BU
PDRJ	PDRJ
PDRJ	PAKK
PDRJ	P39K
PDRJ	PIFC
PDRJ	PM7I
PDRJ	PM7J
PDRJ	P7CQ
PDSF	PDSF
PDSF	P3AG
PDSF	PIEK
PDSF	P7DM
PDSF	PAJH
PDTB	PDTB
PDTB	P3BA
PDTB	PIDS
PDTB	P7EI
PDTB	PM62
PDTB	PAIJ
PDVZ	PDVZ
PDVZ	P3DZ
PDXR	PDXR
PDXR	P3FR
PE27	PE27
PE27	P3K7
PE6N	PE6N
PE6N	P3ON
PEGF	PEGF
PEGF	P3YE
PEQ7	PEQ7
PEQ7	P487
PER3	PER3
PER3	P493
PESV	PESV
PESV	P4AV
PETR	PETR
PETR	P4BR
PFGV	PFGV
PGGF	PGGF
PGGF	PKBX
PGGF	PC7L
PGGF	P1TE
PGGF	P8JA
PGGF	P5SO
PGOF	PGOF
PGOF	P8SV
PGOF	PBX5
PGOF	PKKA
PGOF	P5I4
PGOF	P1KV
PGQ7	PGQ7
PGQ7	PBV8
PGQ7	P5G7
PGQ7	P1IX
PGQ7	PKM2
PGR3	PGR3
PGRZ	PGRZ
PH67	PH67
PH67	P4VT
PH67	PBCP
PH67	P4VU
PH67	PBCQ
PH8V	PH8V
PHE7	PHE7
PHJJ	PHJJ
PHKF	PHKF
PHKF	PLEC
PHKF	PQJ
PHKF	P9RY
PHN3	PHN3
PHYN	PHYN
PIJ3	PIJ3
PIJ3	PAQX
PIJ3	PDO3
PIJ3	P35H
PIJ3	PMC6
PIJ3	P79A
PINJ	PINJ
PJ1R	PJ1R
PJ5B	PJ5B
PJ67	PJ67
PJ7Z	PJ7Z
PJ8V	PJ8V
PJ9R	PJ9R
PJAN	PJAN
PJBJ	PJBJ
PJDB	PJDB
PJDB	PMP7
PJE7	PJE7
PJE7	P2R1
PJVZ	PJVZ
PJVZ	P81U
PJVZ	PFZ9
PJVZ	PCOE
PJVZ	P29F
PJVZ	P69H
PK4V	PK4V
PK4V	P8BR
PK4V	PG9E
PK4V	PCEW
PK4V	P20S
PK4V	P5ZZ
PK5R	PK5R
PK6N	PK6N
PK6N	P8EJ
PK6N	PGB0
PK6N	PCCY
PK6N	P5Y1
PK6N	P1YY
PK8F	PK8F
PK8F	P8G4
PK8F	PGCS
PK8F	PCB6
PK8F	P5W9
PK8F	P1X7
PKGF	PKGF
PKGF	P8OZ
PKGF	PGKN
PKGF	P1OS
PKJZ	PKJZ
PKSV	PKSV
PKSV	PBM1
PKSV	PGZ0
PKSV	P571
PKSV	P1CJ
PKSV	P92R
PKZ3	PKZ3
PKZ3	P11H
PKZ3	P16A
PKZ3	PL3V
PKZ3	PH8C
PLE7	PLE7
PLE7	P46V
PLE7	PEOV
PLE7	PQO
PLIN	PLIN
PLIN	PLJF
PLN3	PLN3
PLN3	PA09
PLN3	P3W1
PLN3	PHTF
PLN3	PJD
PLN3	PEE2
PLOV	PLOV
PLOV	PA1T
PLOV	PHV2
PLOV	P3UE
PLOV	PHL
PLOV	PECF
PLRJ	PLRJ
PLVZ	PLVZ
PLVZ	PA3
PM0F	PM0F
PM0F	PACS
PM0F	P4X
PM0F	P3GZ
PM0F	PDYZ
PM0F	PI7Y
PM1B	PM1B
PM1B	PADN
PM1B	P41
PM1B	P3G4
PM1B	PDY4
PM33	PM33
PM33	PAFJ
PM33	P29
PM33	P3EC
PM33	PDWC
PM33	PIAO
PM8F	PM8F
PM9B	PM9B
PMR3	PMR3
PMRZ	PMRZ
PMUN	PMUN
P28	P28
P28	PIAP
P28	PAFK
P28	PM34
P28	P3EB
P28	PDWB
P34	P34
P34	PI9T
P34	PAEK
P34	PM28
P34	P3F7
P34	PDX7
P40	P40
P40	PADO
P40	PM1C
P40	P3G3
P40	PDY3
P40	PI8W
P4W	P4W
P4W	PACT
P4W	PM0G
P4W	P3GY
P4W	PDYY
P4W	PI7Z
P5S	P5S
P5S	PLZK
P5S	PI73
P7K	P7K
PS0	PS0
PS0	PHJA
PS0	P4DV
PS0	P9P6
PS0	PEVV
PS0	PLCW
PSW	PSW
PSW	PHIE
PSW	P4ER
PSW	P9OA
PSW	PEWR
PSW	PLC0
PTS	PTS
PTS	PHHG
PTS	P4FN
PTS	P9NE
PTS	PEXN
PTS	PLB4
P13K	P13K
P13K	PH6W
P13K	PL1W
P13K	PBDH
P13K	P4V2
P13K	P9B2
P1HS	P1HS
P1JK	P1JK
P1OW	P1OW
P1OW	PGKJ
P1OW	PKGA
P1OW	PKGB
P1OW	PC35
P1OW	P5O9
P1OW	P8OV
P1SG	P1SG
P1XS	P1XS
P1XS	PCBR
P1XS	PCBS
P1XS	P5WU
P1XS	P5WV
P1XS	P8FP
P1XS	PGC7
P1XS	PK7U
P24W	P24W
P24W	PCJ6
P24W	P86S
P24W	PG50
P24W	P649
P24W	PK0S
P25S	P25S
P25S	PCK2
P25S	P655
P25S	PJZW
P2J4	P2J4
P2J4	P6IP
P2J4	P7S2
P2J4	PFPP
P2J4	PCZ5
P2J4	PJMB
P2K0	P2K0
P2K0	P7RB
P2K0	PFOY
P2K0	PJLF
P2TS	P2TS
P2TS	P6VO
P2TS	PMNT
P2TS	PB3Y
P2TS	PDBZ
P2TS	PIVZ
P33K	P33K
P33K	PAST
P33K	PDM8
P33K	PIKY
P33K	P77F
P33K	PME3
P34G	P34G
P34G	PARY
P34G	PDN4
P34G	PIK3
P34G	P78B
P34G	PMD7
P380	P380
P380	PAO6
P38W	P38W
P3CG	P3CG
P3CG	PICI
P3CG	PAHA
P3CG	PM4Y
P3CG	PJ
P3CG	PDUG
P3KG	P3KG
P3KG	PE2G
P3KG	P7U
P3LC	P3LC
P3LC	PE3C
P3LC	PA9P
P3SG	P3SG
P3SG	PA3P
P3SG	PFL
P3SG	PHWX
P3SG	PLQW
P3SG	PEAH
P3TC	P3TC
P3TC	PA2T
P3TC	PGI
P3TC	PHW2
P3TC	PLPZ
P3TC	PEBD
P3U8	P3U8
P3U8	PA1Z
P3U8	PHF
P3U8	PHV8
P3U8	PLP1
P3U8	PEC9
P3V4	P3V4
P3V4	PA1B
P3V4	PIA
P3V4	PHUC
P3V4	PLO7
P3V4	PED5
P3W0	P3W0
P3W0	PA0A
P3W0	PLN4
P3W0	PHTG
P3W0	PJC
P3W0	PEE1
P41C	P41C
P41C	PLHW
P41C	PEJD
P41C	PHP5
P41C	P9VF
P41C	PN0
P428	P428
P428	PNQ
P428	PEK9
P428	PLH6
P428	PHOD
P428	P9UO
P434	P434
P434	PHMA
P434	PLG7
P434	POO
P434	PEL5
P434	P9TM
P440	P440
P440	PHLF
P440	PPJ
P440	PLFC
P440	PEM1
P46O	P46O
P46O	P9S1
P46O	PHKI
P46O	PLEF
P46O	PQG
P46O	PEOO
P4GG	P4GG
P4GG	P113
P4GG	PEYG
P4LS	P4LS
P4LS	PHDV
P4LS	P9HM
P4LS	PF3S
P4LS	PL88
P4LS	PWS
P4MO	P4MO
P4MO	PHCX
P4MO	P9GQ
P4MO	PL79
P4MO	PF4O
P4MO	PXR
P4OG	P4OG
P4OG	PF6G
P4OG	P4TD
P4OG	PBF6
P4OG	P9EX
P4OG	PHXI
P4OG	PKZ1
P4OG	P9KU
P4OG	PH8G
P4PC	P4PC
P4PC	PHC1
P4PC	P9EC
P4PC	PL6E
P4PC	PF7C
P4PC	PYL
P4Q8	P4Q8
P4Q8	PHB5
P4Q8	PF88
P4Q8	PZD
P4Q8	PL5M
P4R4	P4R4
P4R4	PF94
P4R4	P9CT
P4S0	P4S0
P4S0	PH9N
P4S0	P10Z
P4S0	PFA0
P500	P500
P500	PB8J
P574	P574
P574	PBM4
P5GW	P5GW
P5GW	PBVX
P5IO	P5IO
P5IO	PBXP
P5KG	P5KG
P5KG	PBZC
P5W0	P5W0
P5W0	PCAX
P5ZK	P5ZK
P5ZK	PCEH
P634	P634
P634	PCI1
P634	P88O
P65S	P65S
P65S	PCKP
P6GG	P6GG
P6GG	PFS6
P6GG	P7UW
P6GG	P2GH
P6GG	PJOZ
P6GG	PCWW
P6HC	P6HC
P6HC	P7TT
P6HC	P2HD
P6HC	PJO3
P6HC	PFR2
P6HC	PCXS
P6I8	P6I8
P6I8	P7SX
P6I8	P2I9
P6I8	PJN7
P6I8	PFQ6
P6I8	PCYO
P6MO	P6MO
P6MO	P2ML
P6MO	PFMD
P6MO	PJIV
P6MO	P7OC
P6MO	PD34
P6OG	P6OG
P6OG	P7MQ
P6OG	PFKQ
P6OG	PD4R
P6OG	PJH8
P6OG	P2O0
P6UO	P6UO
P6UO	PJC7
P6UO	P2SW
P6UO	PDAZ
P74G	P74G
P74G	PCSU
P774	P774
P774	PDLX
P7OW	P7OW
P7XS	P7XS
P7XS	PJS6
P7XS	PFV4
P7XS	PCS7
P7XS	P6DA
P87K	P87K
P8B4	P8B4
P8C0	P8C0
P8CW	P8CW
P8K0	P8K0
P8VK	P8VK
P8VK	PGSN
P8WG	P8WG
P8XC	P8XC
P9JK	P9JK
P9KG	P9KG
P9PS	P9PS
P9QO	P9QO
P9W0	P9W0
PAJ4	PAJ4
PAJ4	P7DY
PAJ4	PIEC
PAJ4	PM6M
PAJ4	P3AQ
PAJ4	PDSR
PAK0	PAK0
PALS	PALS
PAMO	PAMO
PANK	PANK
PB68	PB68
PB8W	PB8W
PB8W	P4ZN
PBF4	PBF4
PBF4	P4TF
PBF4	P46F
PBF4	PBAD
PBF4	PBYJ
PBF4	P4Y7
PBF4	PEOF
PBF4	P5JK
PBF4	P4OI
PBF4	P504
PBF4	PBSM
PBF4	P5DM
PBF4	PF6I
PBF4	PB8F
PBF4	PEGW
PBF4	P3YV
PBHS	PBHS
PBHS	PH35
PBHS	P96U
PBHS	PKX3
PBHS	P52S
PBHS	P18B
PBRK	PBRK
PBRK	P5CK
PBRK	P1H2
PBRK	P8YF
PBRK	PKNX
PBRK	PGU6
PBSG	PBSG
PBSG	P5DG
PBSG	P8XI
PBSG	P1I0
PBSG	PKN1
PBSG	PGTA
PBU8	PBU8
PBU8	P8X1
PBU8	P5F8
PBU8	PKMW
PBU8	PGT5
PBU8	P1I5
PBV4	PBV4
PBV4	P5G3
PBV4	PGS3
PBV4	P8US
PBV4	P1IT
PBV4	PKM6
PBW0	PBW0
PBW0	PKLD
PBW0	P5GZ
PBW0	PGPH
PBW0	P8TY
PBW0	P1JS
PBWW	PBWW
PBWW	PKKK
PBWW	P5HV
PBWW	P1KK
PBWW	P8T4
PBWW	PGOP
PC7K	PC7K
PC7K	PKBY
PC7K	PGGG
PC7K	P1TD
PC7K	P5SN
PC7K	P8JB
PCB4	PCB4
PCB4	P8G6
PCB4	PGCU
PCB4	PK8H
PCB4	P5W7
PCB4	P1X5
PCC0	PCC0
PCC0	P8FH
PCC0	PGBZ
PCC0	PK7L
PCC0	P5X3
PCC0	P1Y0
PCCW	PCCW
PCCW	P8EL
PCCW	PGB2
PCCW	PK6P
PCCW	P5XZ
PCCW	P1YW
PCFK	PCFK
PCFK	P8B0
PCFK	P21F
PCFK	P60N
PCFK	PK49
PCFK	PG8Q
PCGG	PCGG
PCGG	P8A5
PCGG	P22A
PCGG	P61J
PCGG	PG7T
PCGG	PK3F
PCK0	PCK0
PCK0	P25Q
PCK0	P653
PCK0	PJZY
PCMO	PCMO
PCMO	PG2X
PCMO	P67R
PCMO	P84E
PCOG	PCOG
PCOG	PFZ7
PCOG	PJVX
PCOG	P29H
PCOG	P69J
PCOG	P81S
PCSW	PCSW
PCSW	P74E
PD0W	PD0W
PD0W	P7QA
PD0W	PFNW
PD0W	PJKF
PD0W	P2L0
PD0W	P6KG
PD1S	PD1S
PD1S	PFN4
PD1S	P2LU
PD1S	PJJM
PD1S	P7P9
PD1S	P6LC
PD8W	PD8W
PD8W	P6SL
PD9S	PD9S
PD9S	P6TH
PDLC	PDLC
PDLC	P32P
PDLC	PILT
PDLC	PATU
PDLC	PMEY
PDLC	P76J
PDO0	PDO0
PDO0	PAR0
PDO0	P35E
PDO0	PIJ6
PDO0	PMC9
PDO0	P797
PDOW	PDOW
PDOW	PAQ4
PDOW	P36A
PDOW	PIIA
PDOW	PMBD
PDOW	P7A3
PDPS	PDPS
PDPS	PAP3
PDPS	PIHA
PDPS	P375
PDPS	PMAI
PDPS	P7AZ
PDTC	PDTC
PDTC	P3BB
PDTC	PIDR
PDTC	PM61
PDTC	PAII
PDTC	P7EJ
PDXS	PDXS
PDXS	P3FS
PE0G	PE0G
PE0G	P3IG
PE0G	P4VB
PE0G	PL1N
PE0G	PBD8
PE0G	P3SD
PE0G	PHX0
PE0G	PEAE
PE0G	PH6N
PE1C	PE1C
PE1C	P3JC
PEA8	PEA8
PEA8	P3S8
PEGG	PEGG
PEGG	P3YF
PEQ8	PEQ8
PEQ8	P488
PER4	PER4
PER4	P494
PESW	PESW
PESW	P4AW
PETS	PETS
PETS	P4BS
PEUO	PEUO
PEUO	P4CO
PF00	PF00
PF00	P4I0
PF5C	PF5C
PF5C	P4NC
PFCG	PFCG
PFCG	PJ3Q
PFCG	PB6F
PFCG	P7H8
PFGW	PFGW
PFRK	PFRK
PFRK	PJOM
PFRK	PCX9
PFRK	PCXA
PFRK	P7UB
PFRK	P6GT
PFRK	P2GU
PFRK	P6GU
PG0G	PG0G
PG0G	P832
PG7K	PG7K
PG7K	P89W
PGEO	PGEO
PGHC	PGHC
PGNK	PGNK
PGNK	P1LU
PGNK	PKJD
PGS0	PGS0
PH4G	PH4G
PH4G	P15Y
PH4G	P985
PH4G	PBAV
PH4G	PKZF
PH4G	P4XO
PH8W	PH8W
PHE8	PHE8
PHN4	PHN4
PHW0	PHW0
PHW0	PA2R
PUU	PUU
P11Y	P11Y
P11Y	PL3E
P1SM	P1SM
P1SM	P8CC
P21I	P21I
P252	P252
P252	P86M
P252	PG4U
P252	PK0M
P252	PCJC
P252	P64F
P386	P386
P392	P392
P3CM	P3CM
P3CM	PM4R
P3CM	PM4S
P3CM	PICD
P3CM	PDUM
P3IU	P3IU
P3IU	PI6B
P3IU	P61
P3IU	PLZ0
P3IU	PE0U
P3PY	P3PY
P3PY	PI10
P3PY	PCP
P3PY	PA5Q
P3PY	PLTG
P3PY	PE7Y
P3QU	P3QU
P3QU	PI05
P3QU	PA4X
P3QU	PE8U
P3QU	PLSU
P3QU	PDB
P3RQ	P3RQ
P3RQ	PHZD
P3RQ	PA45
P3RQ	PLRX
P3RQ	PE9Q
P3RQ	PE8
P3ZQ	P3ZQ
P3ZQ	PLKY
P3ZQ	PLI
P3ZQ	PHQU
P3ZQ	PEHR
P3ZQ	P9Y8
P45Y	P45Y
P45Y	PBT4
P45Y	P5E4
P45Y	P9LC
P45Y	P9FG
P45Y	PENY
P4BA	P4BA
P4BA	P9QV
P4BA	PETA
P4MU	P4MU
P4MU	P9GK
P4MU	PXX
P4MU	PL73
P4MU	PHCR
P4MU	PF4U
P4PI	P4PI
P4PI	PYS
P4PI	P9E6
P4PI	PL67
P4PI	PHBV
P4PI	PF7I
P4RA	P4RA
P4RA	PHAA
P4RA	PL4M
P4RA	P9CP
P4RA	P10B
P4RA	PF9A
P4XI	P4XI
P4XI	P98H
P4XI	PKZL
P4XI	PH4M
P4XI	PBB1
P4XI	P15S
P5BQ	P5BQ
P5BQ	PBQR
P5DI	P5DI
P5DI	PBSI
P5KM	P5KM
P5KM	PBZI
P5LI	P5LI
P5LI	PC0E
P5RQ	P5RQ
P5RQ	P8LL
P5RQ	PKCR
P5RQ	P1SE
P5RQ	PC6N
P62E	P62E
P62E	PCHB
P65Y	P65Y
P65Y	PCKV
P6RA	P6RA
P6RA	PD7L
P6S6	P6S6
P6S6	PD8H
P6S6	PJDF
P6T2	P6T2
P6T2	PD9D
P73Q	P73Q
P73Q	PCTL
P74M	P74M
P74M	PCSO
P7FA	P7FA
P7HY	P7HY
P7HY	PJCB
P7HY	P2SS
P7HY	PFE6
P7PY	P7PY
P80M	P80M
P8D2	P8D2
P8L2	P8L2
P8LY	P8LY
P8VQ	P8VQ
P8VQ	PKME
P8WM	P8WM
P992	P992
P992	P99G
P9AU	P9AU
P9FA	P9FA
P9JQ	P9JQ
P9KM	P9KM
P9PY	P9PY
P9PY	PJ52
P9UE	P9UE
PABA	PABA
PAK6	PAK6
PALY	PALY
PAMU	PAMU
PANQ	PANQ
PAOM	PAOM
PATY	PATY
PB86	PB86
PB86	PFB8
PB86	PFB9
PB86	PFBA
PB86	PFBB
PB86	PFBC
PB86	PFBD
PB86	P4HO
PB86	P50D
PBH2	PBH2
PBH2	PKXT
PBH2	P17M
PBH2	PH3S
PBH2	P522
PBH2	P97I
PBHY	PBHY
PBHY	P18H
PBHY	PKWX
PBHY	P52Y
PBHY	PH2Z
PBHY	P96O
PBP2	PBP2
PBP2	PGW4
PBP2	P901
PBP2	P5A1
PBP2	P1FE
PBP2	PKPM
PBPY	PBPY
PBPY	PGV7
PBPY	P8Z7
PBPY	P5AX
PBPY	P1GB
PBPY	PKOR
PBRQ	PBRQ
PBRQ	P8Y9
PBRQ	PKNR
PBRQ	PGU0
PBRQ	P5CQ
PBRQ	P1H8
PBVA	PBVA
PBVA	PGQ5
PBVA	P8UO
PBVA	PKM0
PBVA	P5G9
PBVA	P1IZ
PBW6	PBW6
PBW6	PGPC
PBW6	P8TT
PBW6	P5H5
PBW6	PKL7
PBW6	P1JX
PBX2	PBX2
PBX2	P8SY
PBX2	PGOI
PBX2	P5I1
PBX2	P1KS
PBX2	PKKD
PCPI	PCPI
PCPI	P80G
PCPI	PFXZ
PCPI	P6AL
PCT2	PCT2
PCT2	P748
PD2U	PD2U
PD2U	P6ME
PD5I	PD5I
PD5I	P6P7
PD92	PD92
PD92	P6SR
PDQU	PDQU
PDQU	P7C1
PE1I	PE1I
PE1I	P9LT
PE1I	P3JI
PE1I	PHYM
PE1I	PF12
PE1I	P4J2
PE1I	P5KU
PE1I	PBZQ
PE52	PE52
PE52	P3N2
PE8M	PE8M
PE8M	P3QM
PEGM	PEGM
PEGM	P3YL
PEMU	PEMU
PEMU	P44T
PEPI	PEPI
PEPI	P47I
PEQE	PEQE
PEQE	P48E
PERA	PERA
PERA	P49A
PET2	PET2
PET2	P4B2
PEUU	PEUU
PEUU	P4CU
PEUU	PAM4
PEZA	PEZA
PEZA	P4HA
PF5I	PF5I
PF5I	P4NI
PFFA	PFFA
PFG6	PFG6
PFZQ	PFZQ
PFZQ	P295
PFZQ	P82B
PG1I	PG1I
PG8M	PG8M
PGRA	PGRA
PGUU	PGUU
PHNA	PHNA
PIEU	PIEU
PIT2	PIT2
PIT2	PB0Y
PIXI	PIXI
PIXI	PMWH
PIYE	PIYE
PJ06	PJ06
PJ12	PJ12
PJ12	PMZY
PJ1Y	PJ1Y
PJ1Y	PMZ1
PJ2U	PJ2U
PJ2U	PMY6
PJ6E	PJ6E
PJ7A	PJ7A
PJ7A	PB5C
PJ86	PJ86
PJ92	PJ92
PJAU	PJAU
PJBQ	PJBQ
PJEE	PJEE
PJJQ	PJJQ
PJJQ	P7PD
PJJQ	P2LQ
PJPY	PJPY
PJPY	P2FG
PJW6	PJW6
PJW6	P821
PJW6	PFZG
PK2E	PK2E
PK2E	PG6S
PK2E	P23A
PKK6	PKK6
PKLY	PKLY
PKLY	PGQ3
PKLY	P8UM
PKLY	PBVC
PKLY	P5GB
PKLY	P1J1
PKPI	PKPI
PKPI	P8ZX
PKPI	PBP6
PKPI	P5A5
PKPI	P1FI
PKPI	PGW0
PKYE	PKYE
PL06	PL06
PL06	P98R
PL06	P158
PLX2	PLX2
PLX2	PA91
PLX2	PI4M
PM8M	PM8M
PMOM	PMOM
PMPI	PMPI
PMS6	PMS6
PMTY	PMTY
PMTY	PIZ5
PMUU	PMUU
PMUU	PIZT
PMVQ	PMVQ
PMWM	PMWM
PMWM	PIXD
PMXI	PMXI
PMXI	PJ3I
PMYE	PMYE
PMYE	PJ2M
PMZA	PMZA
PN06	PN06
PN06	PJ0U
PN	PN
PN	PM4P
PN	PAH8
PN	P3CO
PN	PICB
PN	PDUO
P6V	P6V
P6V	P201
P8N	P8N
P8N	PE3P
P8N	PI4W
P8N	PA9E
P8N	P3LP
P8N	PLXC
PUV	PUV
P11Z	P11Z
P11Z	PL3D
P16F	P16F
P16F	PKYY
P187	P187
P187	PKX8
P1ZR	P1ZR
P1ZR	PGA7
P1ZR	PK5U
P23B	P23B
P23B	PG6R
P23B	PK2D
P387	P387
P387	PM9K
P387	PAO0
P393	P393
P3EF	P3EF
P3EF	PAFG
P3EF	PM30
P3EF	P2C
P3EF	PIAL
P3EF	PDWF
P3HZ	P3HZ
P3HZ	PLZH
P3HZ	PI70
P3HZ	PDZZ
P3IV	P3IV
P3IV	PI6A
P3IV	PAB2
P3IV	P62
P3IV	PLYZ
P3IV	PE0V
P3QV	P3QV
P3QV	PI04
P3QV	PA4W
P3QV	PLST
P3QV	PE8V
P3QV	PDC
P3XZ	P3XZ
P3XZ	PC03
P3XZ	P5L7
P3XZ	PEM
P3XZ	P9M7
P3XZ	PHYU
P3XZ	P47S
P3XZ	PEG0
P3XZ	PEPS
P4GN	P4GN
P4GN	PERS
P4GN	PEYN
P4GN	P49S
P4JB	P4JB
P4JB	PHYB
P4JB	PLRD
P4JB	PEY
P4JB	P9LM
P4JB	PF1B
PLI6	PLI6
PLI6	P9W6
PLI6	PLIY
PLMM	PLMM
PLMM	PJU
PLY6	PLY6
PM1Q	PM1Q
PM1Q	P3M
PM7Y	PM7Y
PM7Y	PMQC
PM8U	PM8U
PMOU	PMOU
PMOU	PJ3W
PMPQ	PMPQ
PMRI	PMRI
PMTA	PMTA
PMU6	PMU6
PMU6	PIZD
PMV2	PMV2
PMV2	PJ01
PMVY	PMVY
PMVY	PIY1
PMWU	PMWU
PMWU	PIX5
PMXQ	PMXQ
PMXQ	PJ3A
PMYM	PMYM
PMYM	PJ2E
PMZI	PMZI
PMZI	PJ1I
PN0E	PN0E
P73	P73
PBGE	PBGE
PBGE	P51E
PBQ6	PBQ6
PBQ6	P5B5
PBTQ	PBTQ
PBTQ	P5EQ
PBZ2	PBZ2
PBZ2	P5K6
PC0U	PC0U
PC0U	P5LY
PCNY	PCNY
PCNY	P691
PD9A	PD9A
PD9A	P6SZ
PDBY	PDBY
PDBY	P6VN
PDCU	PDCU
PDCU	P6WJ
P6KE	P6KE
P6KE	PD0U
P6M6	P6M6
P6M6	PD2M
P6TA	P6TA
P6TA	PD9L
P73Y	P73Y
P7BY	P7BY
P7BY	PDQR
P7CU	P7CU
P7CU	PIF8
P7CU	PM7E
P7CU	P39O
P7CU	PDRN
P7DQ	P7DQ
P7DQ	PDSJ
P7FI	P7FI
P7FI	PFD3
P7HA	P7HA
P7HA	PFCI
P7I6	P7I6
P7J2	P7J2
P7J2	PFFN
P7JY	P7JY
P7JY	PFHG
P7UM	P7UM
P7UM	PFRV
P7ZY	P7ZY
P82M	P82M
P82M	PG01
P872	P872
P8KE	P8KE
P8LA	P8LA
P8U6	P8U6
P9JR	P9JR
P9KN	P9KN
P9LJ	P9LJ
P9LJ	PKYT
P9LJ	PLRA
P9LJ	PH95
P9LJ	P16K
P9LJ	PF3
P9LJ	PHY8
P9PZ	P9PZ
P9PZ	PJ51
P9UF	P9UF
PABB	PABB
PADZ	PADZ
PAK7	PAK7
PAMV	PAMV
PANR	PANR
PATZ	PATZ
PB93	PB93
PB93	PBTT
PB93	P5ET
PB93	P4NG
PB93	P4GJ
PB93	PF5G
PB93	PEYJ
PB93	P4ZG
PBKN	PBKN
PBKN	P1B5
PBKN	PKU9
PBKN	P1B6
PBKN	P942
PBKN	P55N
PBKN	PH0C
PBKN	PKU8
PBP3	PBP3
PBP3	PGW3
PBP3	P900
PBP3	PKPL
PBP3	P5A2
PBP3	P1FF
PBPZ	PBPZ
PBPZ	PGV6
PBPZ	P8Z6
PBPZ	P5AY
PBPZ	PKOQ
PBPZ	P1GC
PBRR	PBRR
PBRR	P8Y8
PBRR	PKNQ
PBRR	PGTZ
PBRR	P5CR
PBRR	P1H9
PBVB	PBVB
PBVB	PGQ4
PBVB	P8UN
PBVB	PKLZ
PBVB	P5GA
PBVB	P1J0
PBX3	PBX3
PBX3	P8SX
PBX3	PGOH
PBX3	P5I2
PBX3	PKKC
PBX3	P1KT
PBXZ	PBXZ
PBXZ	PJB9
PBXZ	P8RY
PBXZ	PGNM
PBXZ	P5IY
PBXZ	PKJG
PBXZ	P1LR
PCGN	PCGN
PCGN	P89Y
PCGN	PG7M
PCGN	PK38
PCGN	P22H
PCGN	P61Q
PCT3	PCT3
PCT3	P747
PD2V	PD2V
PD2V	P6MF
PD5J	PD5J
PD5J	P6P8
PD93	PD93
PD93	P6SS
PDQV	PDQV
PDQV	P7C2
PE1J	PE1J
PE1J	P3JJ
PE53	PE53
PE53	P3N3
PE8N	PE8N
PE8N	PI0C
PE8N	P3QN
PEGN	PEGN
PEGN	P3YM
PELZ	PELZ
PELZ	P43Y
PELZ	PPH
PELZ	PHLH
PELZ	PLFE
PENR	PENR
PENR	P45R
PEPJ	PEPJ
PEPJ	P47J
PERB	PERB
PERB	P49B
PES7	PES7
PES7	P4A7
PET3	PET3
PET3	P4B3
PETZ	PETZ
PETZ	P4BZ
PEUV	PEUV
PEUV	P4CV
PF07	PF07
PF07	P4I7
PF5J	PF5J
PF5J	P4NJ
PFG7	PFG7
PFW7	PFW7
PFZR	PFZR
PFZR	P294
PFZR	P82C
PG1J	PG1J
PGPJ	PGPJ
PGRB	PGRB
PGRB	P8KT
PGZB	PGZB
PGZB	P1C7
PGZB	PKT7
PGZB	PBLO
PGZB	P932
PGZB	P56O
PHEF	PHEF
PHNB	PHNB
PHUF	PHUF
PIT3	PIT3
PIT3	PB0Z
PIXJ	PIXJ
PIXJ	PMWG
PJ07	PJ07
PJ13	PJ13
PJ13	PMZX
PJ1Z	PJ1Z
PJ1Z	PMYY
PJ2V	PJ2V
PJ2V	PMY5
PJ6F	PJ6F
PJ6F	PJ6C
PJ7B	PJ7B
PJ87	PJ87
PJ93	PJ93
PJ9Z	PJ9Z
PJAV	PJAV
PJBR	PJBR
PJEF	PJEF
PJJR	PJJR
PJJR	P2LP
PJPZ	PJPZ
PJPZ	P2FF
PJUF	PJUF
PJUF	P2B1
PJW7	PJW7
PJW7	P822
PJW7	PFZH
PKD3	PKD3
PKD3	P1S2
PKEV	PKEV
PKEV	P1QC
PKPJ	PKPJ
PKPJ	PGW1
PKPJ	P8ZY
PKPJ	PBP5
PKPJ	P5A4
PKPJ	P1FH
PKYF	PKYF
PLFB	PLFB
PLFB	P441
PLFB	PHLE
PLFB	PPK
PLFB	PEM2
PLW7	PLW7
PLW7	PI3S
PLW7	PA8I
PLW7	P8VW
PLW7	P9R
PM8N	PM8N
PMQF	PMQF
PMRB	PMRB
PMS7	PMS7
PMTZ	PMTZ
PMTZ	PIZ6
PMUV	PMUV
PMUV	PIZU
PMVR	PMVR
PMVR	PIY8
PMXJ	PMXJ
PMXJ	PJ3H
PMYF	PMYF
PMYF	PJ2L
PN07	PN07
PN07	PJ0T
P6W	P6W
P120	P120
P120	PL3C
P16G	P16G
P16G	PKYX
P1KO	P1KO
P1SO	P1SO
P1SO	P8C5
P1SO	PL9X
P1ZS	P1ZS
P23C	P23C
P23C	PG6Q
P23C	PK2C
P394	P394
P3G8	P3G8
P3G8	PADJ
P3G8	PM17
P3G8	P45
P3G8	PI8Q
P3G8	PDY8
P3I0	P3I0
P3I0	PLZF
P3I0	PLZG
P3I0	PI6Z
P3I0	PE00
P454	P454
P454	PEN5
P4VS	P4VS
P4VS	P146
P4VS	PH68
P4VS	PBCR
P4VS	PL18
P4ZC	P4ZC
P4ZC	PB97
P4ZC	PBTO
P4ZC	P5EO
P5BS	P5BS
P5BS	PBQT
P5IW	P5IW
P5IW	PBXX
P5RS	P5RS
P5RS	PC6P
P5YW	P5YW
P5YW	PCDT
P62G	P62G
P62G	PCHD
P6FS	P6FS
P6FS	PCW8
P6FS	PJPN
P6FS	P2FT
P6FS	PFSU
P6RC	P6RC
P6RC	PD7N
P6T4	P6T4
P6T4	PD9F
P6U0	P6U0
P6U0	PDAB
P73S	P73S
P73S	PCTJ
P74O	P74O
P74O	PCSM
P7Q0	P7Q0
P80O	P80O
P89K	P89K
P8D4	P8D4
P8K8	P8K8
P8L4	P8L4
P8S8	P8S8
P8U0	P8U0
P8U0	P1JQ
P8VS	P8VS
P8VS	PKMG
P8WO	P8WO
P988	P988
P994	P994
P994	P99I
P9JS	P9JS
P9KO	P9KO
P9Q0	P9Q0
P9Q0	PJ50
P9QW	P9QW
P9UG	P9UG
PABC	PABC
PABC	PFID
PABC	PLZ8
PABC	PL1I
PABC	P3S7
PABC	PBD3
PABC	PBD4
PABC	P3VT
PABC	P3IJ
PABC	P4VF
PABC	P4VG
PABC	PJ3
PABC	PEA7
PABC	PJIN
PABC	PJ4
PABC	PJ5
PABC	PEDU
PABC	PE0J
PABC	P2MT
PABC	PGPI
PABC	PLNB
PABC	PLNC
PABC	PLND
PABC	PHX6
PABC	PH6J
PABC	P13W
PABC	PH6K
PABC	PH6M
PAE0	PAE0
PAK8	PAK8
PAMW	PAMW
PANS	PANS
PB4O	PB4O
PBBS	PBBS
PBBS	P153
PBBS	PH5B
PBBS	P99S
PBBS	P4WR
PBBS	PL0B
PBP4	PBP4
PBP4	PGW2
PBP4	P8ZZ
PBP4	PKPK
PBP4	P5A3
PBP4	P1FG
PBQ0	PBQ0
PBQ0	PGV5
PBQ0	P8Z5
PBQ0	PKOP
PBQ0	P5AZ
PBQ0	P1GD
PBQW	PBQW
PBQW	P8Z4
PBQW	PGUT
PBQW	PKOO
PBQW	P5BV
PBQW	P1GE
PBRS	PBRS
PBRS	P8Y7
PBRS	PKNP
PBRS	PGTY
PBRS	P5CS
PBRS	P1HA
PBW8	PBW8
PBW8	PGPA
PBW8	P8TR
PBW8	PKL5
PBW8	P5H7
PBW8	P1JZ
PBX4	PBX4
PBX4	P8SW
PBX4	PGOG
PBX4	P5I3
PBX4	PKKB
PBX4	P1KU
PBY0	PBY0
PBY0	PJB8
PBY0	P8RX
PBY0	PGNL
PBY0	P5IZ
PBY0	PKJF
PBY0	P1LS
PCK8	PCK8
PCK8	P25Y
PCK8	PJZQ
PCK8	P65B
PCT4	PCT4
PCT4	P746
PD14	PD14
PD14	PFNO
PD14	P6KO
PD2W	PD2W
PD2W	P6MG
PD5K	PD5K
PD5K	P6P9
PD94	PD94
PD94	P6ST
PDQW	PDQW
PDQW	P7C3
PDSO	PDSO
PDSO	P7DV
PE1K	PE1K
PE1K	P3JK
PE54	PE54
PE54	P3N4
PE8O	PE8O
PE8O	PI0B
PE8O	P3QO
PEGO	PEGO
PEGO	P3YN
PEMW	PEMW
PEMW	P44V
PEPK	PEPK
PEPK	P47K
PERC	PERC
PERC	P49C
PES8	PES8
PES8	P4A8
PET4	PET4
PET4	P4B4
PEU0	PEU0
PEU0	P4C0
PF08	PF08
PF08	P4I8
PFCO	PFCO
PFCO	P7HG
PFDK	PFDK
PFDK	P7FZ
PFG8	PFG8
PFW8	PFW8
PFZS	PFZS
PFZS	P293
PFZS	P82D
PG1K	PG1K
PG54	PG54
PG54	P86W
PGPK	PGPK
PGQG	PGQG
PHEG	PHEG
PHNC	PHNC
PHX4	PHX4
PI60	PI60
PI6W	PI6W
PI6W	PABS
PI6W	P3I4
PI6W	PE04
PIXK	PIXK
PIXK	PMWF
PIYG	PIYG
PIYG	PMVM
PJ14	PJ14
PJ14	PMZW
PJ20	PJ20
PJ20	PMYX
PJ2W	PJ2W
PJ2W	PMY4
PJ4O	PJ4O
PJ5K	PJ5K
PJ6G	PJ6G
PJ6G	PJ6D
PJ7C	PJ7C
PJ94	PJ94
PJA0	PJA0
PJAW	PJAW
PJBS	PJBS
PJUG	PJUG
PJUG	P2B0
PJW8	PJW8
PJW8	P823
PJW8	PFZI
PKD4	PKD4
PKD4	P1S1
PKEW	PKEW
PKEW	P1QB
PKYG	PKYG
PL08	PL08
PL08	P156
PL08	PH58
PL08	P99P
PL08	PBBP
PL08	P4WU
PLA0	PLA0
PLA0	PUW
PM8O	PM8O
PMGO	PMGO
PMGO	PAW3
PMGO	P30Z
PMOO	PMOO
PMOO	PJ0J
PMQG	PMQG
PMRC	PMRC
PMU0	PMU0
PMU0	PIZ7
PMUW	PMUW
PMUW	PIZV
PMVS	PMVS
PMVS	PIY7
PMWO	PMWO
PMWO	PIXB
PMXK	PMXK
PMXK	PJ3E
PMYG	PMYG
PMYG	PJ2K
PN08	PN08
PN08	PJ0S
P6X	P6X
P6X	P38I
P6X	P7FQ
P6X	PM8B
P6X	PFDB
P6X	PJ4G
PT5	PT5
PT5	PLBR
PUX	PUX
PUX	PL9Z
P115	P115
P115	PH9H
P121	P121
P121	PL3B
P16H	P16H
P16H	PKYW
P1ZT	P1ZT
P23D	P23D
P23D	PG6P
P23D	PK2B
P395	P395
P3H5	P3H5
P3H5	PDZ5
P3H5	PACM
P3H5	PM09
P3H5	P53
P3H5	PI7S
P3JT	P3JT
P3JT	PE1T
P3KP	P3KP
P3KP	PE2P
P3LL	P3LL
P3LL	PE3L
P3YX	P3YX
P3YX	PEGY
P41L	P41L
P41L	PEJM
P455	P455
P455	PEN6
P49L	P49L
P49L	PERL
P4BD	P4BD
P4BD	PETD
P4BD	P9QQ
P4C9	P4C9
P4C9	PEU9
P4D5	P4D5
P4D5	PEV5
P4GP	P4GP
P4GP	PEYP
P4IH	P4IH
P4IH	PF0H
P4JD	P4JD
P4JD	PF1D
P4K9	P4K9
P4K9	PF29
P4UX	P4UX
P4UX	P9B7
P4UX	P13F
P4UX	PH71
P4UX	PL21
P4UX	PBDM
P515	P515
P515	PBG5
P5IX	P5IX
P5IX	PBXY
P62H	P62H
P62H	PCHE
P661	P661
P661	PCKY
P661	P265
P6S9	P6S9
P6S9	PD8K
P6S9	PAKZ
P6S9	PG0P
P6S9	P1IQ
P6S9	PKM9
P6S9	PBV1
P6S9	P5G0
P6S9	PGS6
P6S9	P8UV
P6S9	P9PB
P6S9	PEVQ
P6S9	P4DQ
P6T5	P6T5
P6T5	PD9G
P6U1	P6U1
P6U1	PDAC
P6U1	PFES
P73T	P73T
P73T	PCTI
P74P	P74P
P74P	PCSL
P7FD	P7FD
P7FD	PFCY
P7Q1	P7Q1
P3Y3	P3Y3
P3Y3	PEG4
P3YZ	P3YZ
P3YZ	PEH0
P41N	P41N
P41N	PEJO
P4AJ	P4AJ
P4AJ	PESJ
P4BF	P4BF
P4BF	PETF
P4GR	P4GR
P4GR	PEYR
P4IJ	P4IJ
P4IJ	PF0J
P4SB	P4SB
P4SB	PFAB
P4UZ	P4UZ
P4UZ	P9B5
P4UZ	PH6Z
P4UZ	P13H
P4UZ	PL1Z
P4UZ	PBDK
P4YJ	P4YJ
P4YJ	P9F8
P4YJ	PBA0
P517	P517
P517	PBG7
P52Z	P52Z
P52Z	PBHZ
P5RV	P5RV
P5RV	PC6S
P62J	P62J
P62J	PCHG
P399	P399
P3JX	P3JX
P3JX	PE1X
P3OD	P3OD
P3OD	PE6D
P3Z1	P3Z1
P3Z1	PEH2
P41P	P41P
P41P	PEJQ
P49P	P49P
P49P	PERP
P4AL	P4AL
P4AL	PESL
P4D9	P4D9
P4D9	PEV9
P4IL	P4IL
P4IL	PF0L
PKYK	PKYK
PKYK	P16S
PLI4	PLI4
PLI4	P9VN
PLI4	PLIW
PLJ0	PLJ0
PLJ0	P9W8
PLJ0	PLI8
PLNG	PLNG
PLNG	PJ0
PLY4	PLY4
PM1O	PM1O
PM1O	P3O
PMFW	PMFW
PMFW	P31R
PMQK	PMQK
PMRG	PMRG
PM80	PM80
PM8W	PM8W
PMG0	PMG0
PMG0	P31N
PMOW	PMOW
PMPS	PMPS
PMQO	PMQO
PMQO	PM7U
PMRK	PMRK
PMTC	PMTC
PMV4	PMV4
PMV4	P4CN
PMV4	PIYY
PMV4	PEUN
PMW0	PMW0
PMW0	PIXZ
PMWW	PMWW
PMWW	PIX3
PMXS	PMXS
PMXS	PJ38
PMYO	PMYO
PMYO	PJ2C
PMZK	PMZK
PMZK	PJ1G
PK5C	PK5C
PKPS	PKPS
PKRK	PKRK
PL34	PL34
PL34	PH80
PL34	P128
PLJ4	PLJ4
PLJ4	PLIC
PLY8	PLY8
PERK	PERK
PERK	P49K
PETC	PETC
PETC	P4BC
PETC	P9QS
PEU8	PEU8
PEU8	P4C8
PEV4	PEV4
PEV4	P4D4
PEYO	PEYO
PEYO	P4GO
PF0G	PF0G
PF0G	P4IG
PF28	PF28
PF28	P4K8
PF6O	PF6O
PF6O	P4OO
PFC0	PFC0
PFC0	P7GS
PFFK	PFFK
PFFK	P7IZ
PFS0	PFS0
PFS0	P7UR
PG00	PG00
PG00	P82L
PG80	PG80
PG9S	PG9S
PGQO	PGQO
PGQO	P8K6
PGRK	PGRK
PGV4	PGV4
P9WG	P9WG
PABK	PABK
PAKG	PAKG
PALC	PALC
PAM8	PAM8
PAPS	PAPS
PAPS	PII1
PB1C	PB1C
PB4W	PB4W
PB4W	PJ7R
PB6O	PB6O
PB7K	PB7K
PBEO	PBEO
PBEO	P4TV
PBGG	PBGG
PBGG	P51G
PBQ8	PBQ8
PBQ8	P5B7
PBTS	PBTS
PBTS	P5ES
PBTS	P4GK
PBTS	PB94
PBTS	P4ZF
PBTS	PEYK
PBUO	PBUO
PBUO	P8W2
PBUO	P5FN
PC0W	PC0W
PC0W	P5M0
PC68	PC68
PC68	P5RB
P38G	P38G
P38G	PM9G
P3C0	P3C0
P3C0	P1
P3K0	P3K0
P3K0	PE20
P3VK	P3VK
P3VK	PEDL
P480	P480
P480	PEQ0
P4AO	P4AO
P4AO	PESO
P4DC	P4DC
P4DC	PEVC
P4DC	PJ7N
P4DC	PHFO
P4DC	PIG5
P4DC	PJ1L
P4DC	PIYC
P4DC	PFGA
P4DC	P4C4
P4DC	PAN0
P4DC	PEU4
P4DC	PM8S
P4GW	P4GW
P4GW	P9FR
P4GW	PEYW
P4IO	P4IO
P4IO	PF0O
P4LC	P4LC
P4LC	PF3C
P4LC	PHF8
P4LC	P9I2
PGRM	PGRM
PGSI	PGSI
PGSI	P8VD
PHEQ	PHEQ
PHMQ	PHMQ
PHNM	PHNM
PHSY	PHSY
PHXE	PHXE
PHYA	PHYA
PHYA	PLRC
PHYA	P9LL
PHYA	PEZ
PI0Y	PI0Y
PI0Y	PCR
PI0Y	PA5O
PI0Y	PLTE
PI0Y	P3Q0
PI0Y	PE80
PIBM	PIBM
PIBM	PAGH
PIBM	P3DE
PIBM	PDVE
PIDE	PIDE
PIDE	PFK1
PIDE	P8EF
PIDE	PHTZ
PIG2	PIG2
PIN6	PIN6
PIOY	PIOY
PIOY	PAWX
PIOY	P2IS
PIOY	PCYT
PIOY	P72F
PIOY	P7SE
PIOY	PDIQ
PIOY	P305
PIOY	P6ID
PIOY	PMHI
PIOY	PFQ1
PIOY	PJMN
PITE	PITE
PITE	PB1A
PIW2	PIW2
P6LE	P6LE
P6LE	PFN2
P6LE	PJJK
P6LE	PD1U
P6LE	P2LW
P6LE	P7P7
P6N6	P6N6
P6N6	PJII
P6N6	PFM3
P6N6	PD3M
P6N6	P2MY
P6N6	P2MZ
P6OY	P6OY
P6OY	PFK7
P6OY	PJGS
P6OY	PD59
P6OY	P2OG
P6OY	P7M8
P6PU	P6PU
P6PU	PFJC
P6PU	P2P8
P6PU	PD65
P6PU	PJFZ
P6PU	P7LH
P6QQ	P6QQ
P6QQ	PJEW
P6QQ	PD71
P6QQ	P7KI
P6QQ	P2QB
P6QQ	PFI0
P6RM	P6RM
P6RM	PJDY
P6RM	PD7X
P6RM	P7JM
P6RM	P2RA
P6RM	PFH4
P6UA	P6UA
P6UA	P7IB
P6UA	PDAL
P6UA	P2SB
P6UA	PJCR
P6UA	PFEK
P6V6	P6V6
P6V6	PMOA
P6V6	PDBH
P6V6	PB4E
P6V6	PIWF
P6V6	P2TC
P6W2	P6W2
P6W2	PMNF
P6W2	PDCD
P6W2	PB3K
P6W2	PIVL
P6W2	P2U6
P6WY	P6WY
P6WY	PMMK
P6WY	PDD9
P6WY	PIUR
P6WY	P2V2
P6XU	P6XU
P6XU	PDE5
P6XU	PB1T
P6XU	PITT
P6YQ	P6YQ
P6YQ	P72B
P6YQ	PB37
P6YQ	P738
P6YQ	P8EC
P6YQ	PAW4
P6YQ	PIV8
P6YQ	P5H
P6YQ	PAX1
P6YQ	P6H2
P6YQ	PIO6
P6YQ	PIP2
P6YQ	P2H3
P6YQ	P3HJ
P6YQ	PFRC
P6YQ	PI7E
P6YQ	P2UJ
P6YQ	P7U3
P6YQ	PGAZ
P6YQ	PDF1
P6YQ	PK6L
P6YQ	PDIM
P6YQ	PMKU
P6YQ	P6WF
P6YQ	PDJJ
P6YQ	PDZJ
P6YQ	P300
P6YQ	P30X
P6YQ	PCCZ
P6YQ	PCXI
P6YQ	PAC8
P6YQ	PMGP
P6YQ	P5Y2
P6YQ	PDCQ
P6YQ	PLZV
P6YQ	PMHN
P6YQ	P1Z0
P6YQ	P2WS
P6YQ	PB0C
P6YQ	PJOD
P6YQ	PMN2
P6YQ	PISG
P6ZM	P6ZM
P6ZM	PIRL
P6ZM	PAZM
P6ZM	PDFX
P6ZM	PMJZ
P6ZM	P2XN
P70I	P70I
P70I	PAYT
P70I	PIQT
P70I	PDGT
P70I	PMJ6
P70I	P2YG
P71E	P71E
P71E	PIQ0
P71E	PAY4
P71E	PDHP
P71E	P2Z6
P71E	PMIH
P72A	P72A
P72A	PAX2
P72A	PIP3
P72A	PDIL
P72A	P2ZZ
P72A	PMHO
P736	P736
P736	PAW6
P736	PIO8
P736	PDJH
P736	P30V
P736	PMGR
P75U	P75U
P75U	PIMH
P75U	PMFO
P75U	P31Z
P75U	PDKN
P75U	PAUZ
P76Q	P76Q
P76Q	PILM
P76Q	PATN
P76Q	PMER
P76Q	PDLJ
P76Q	P32W
P77M	P77M
P77M	PASM
P77M	PIKR
P77M	PMDW
P77M	P33R
P77M	PDMF
P78I	P78I
P78I	PARR
P78I	PIJV
P78I	PMD0
P78I	P34N
P78I	PDNB
P79E	P79E
P79E	PAQT
P79E	PIIZ
P79E	PMC2
P79E	PDO7
P79E	P35L
P7B6	P7B6
P7B6	PIH3
P7B6	PMAA
P7B6	PDPZ
P7B6	P37C
P7B6	PAOW
P7CY	P7CY
P7CY	PIF5
P7CY	PM7A
P7CY	P39S
P7CY	PDRR
P7CY	PAKD
P7DU	P7DU
P7DU	PIEF
P7DU	P3AN
P7DU	PM6P
P7DU	PAJA
P7DU	PDSN
P7EQ	P7EQ
P7EQ	PM5V
P7EQ	PDTJ
P7GI	P7GI
P7GI	PFBQ
P7GI	PB5P
P7HE	P7HE
P7HE	PFCM
P83M	P83M
P83M	PCNF
P83M	PG25
P83M	PJWU
P83M	P28H
P83M	P68I
P84I	P84I
P84I	PJXJ
P84I	PCMK
P84I	PG31
P84I	P67N
P84I	P27S
P876	P876
P8CI	P8CI
P8DE	P8DE
P8LE	P8LE
P8PU	P8PU
P91E	P91E
P91E	PBNN
P91E	P58N
P91E	P1E1
P91E	PGXH
P91E	PKRC
PM8X	PM8X
PMAP	PMAP
PMAP	PDPL
PMAP	P36Y
PMAP	PAP8
PMAP	P7AS
PMAP	PIHH
PMBL	PMBL
PMBL	PDOO
PMBL	P362
PMBL	P79V
PMBL	PAQC
PMBL	PIII
PMCH	PMCH
PMCH	P356
PMCH	PDNU
PMCH	PAR8
PMCH	P791
PMCH	PIJC
PMDD	PMDD
PMDD	P34A
PMDD	PDMY
PMDD	PAS4
PMDD	P785
PMDD	PIK9
PMF5	PMF5
PMF5	PDL5
PMF5	P32I
PMF5	P76C
PMF5	PILZ
PMF5	PAU3
PMG1	PMG1
PMG1	PAV8
PMG1	P31M
PMG1	PDKD
PMG1	PIMR
PMG1	P75K
PMGX	PMGX
PMGX	PDJB
PMGX	P30Q
PMGX	PAWD
PMGX	PIOE
PMGX	P730
PMHT	PMHT
PMHT	PDIE
PMHT	P2ZU
PMHT	PIP8
PMHT	PAX9
PMHT	P723
PMJL	PMJL
PMJL	P2Y1
PMJL	P701
PMJL	PAZ5
PMJL	PAZ6
PMJL	PIR9
PMJL	PDGC
PMKH	PMKH
PMKH	P2X5
PMKH	P6Z3
PMKH	PAZZ
PMKH	PIS3
PMKH	PDFE
PMLD	PMLD
PMLD	P2W9
PMLD	P6Y7
PMLD	PB11
PMLD	PIT5
PMLD	PDEI
PMM9	PMM9
PMM9	PB2G
PMM9	PIUG
PMM9	P2VD
PMM9	P6X9
PMM9	PDDK
PMN5	PMN5
PMN5	PB3A
PMN5	PIVB
PMN5	P2UG
PMN5	P6WC
PMN5	PDCN
PMPT	PMPT
PMRL	PMRL
PMSH	PMSH
PMSH	PMTH
PMSH	PMTJ
PMSH	PB71
PMSH	PMST
PMSH	PJ0B
PMTD	PMTD
PMU9	PMU9
PMV5	PMV5
PMV5	P4CM
PMV5	PIYX
PMV5	PEUM
PN0H	PN0H
P1U	P1U
P1U	P3DX
P1U	PDVX
P1U	PIB3
P1U	PAFX
P1U	PM3I
P2Q	P2Q
P2Q	P3ET
P2Q	PDWT
P2Q	PIA7
P2Q	PAF2
P2Q	PM2M
P4I	P4I
P4I	P3GK
P4I	PDYK
P4I	PI8D
P4I	PAD7
P4I	PM0U
P5E	P5E
P5E	P3HG
P5E	PDZG
P5E	PI7H
P5E	PACB
P5E	PLZY
P6A	P6A
P6A	PAAU
P6A	PE13
P6A	PLYP
P6A	PI63
P6A	P3J3
P82	P82
P82	PI5M
P82	PAAA
P82	PLXV
P82	P3KO
P82	PE2O
P8Y	P8Y
P8Y	PA8Z
P8Y	PI4K
P8Y	P3M6
P8Y	PLX0
P8Y	PE46
P9U	P9U
P9U	PALD
P9U	P12A
P9U	PL42
P9U	PMPW
P9U	P4HY
P9U	PLXK
P9U	P1II
P9U	P2AY
P9U	PJ3F
P9U	PKMK
P9U	PJ59
P9U	PEZY
P9U	PMPC
P9U	P176
P9U	PG1G
P9U	P389
P9U	PK55
P9U	PFLM
P9U	P263
P9U	PLDP
PAQ	PAQ
PAQ	P3NV
PAQ	PI30
PAQ	PE5V
PAQ	PA7P
PAQ	PLVF
PBM	PBM
PBM	PI23
PBM	P3OV
PBM	PA6T
PBM	PE6V
PBM	PLUJ
PCI	PCI
PCI	PI17
PCI	P3PR
PCI	PA5X
PCI	PE7R
PCI	PLTN
PEA	PEA
PEA	PHZB
PEA	PA42
PEA	P3RS
PEA	PLRV
PEA	PE9S
PGY	PGY
PGY	PHVO
PGY	PLPI
PGY	PEBT
PGY	PA2E
PGY	P3TS
PHU	PHU
PHU	P3UP
PHU	PHUT
PHU	PLOM
PHU	PECP
PHU	PECQ
PHU	P3UO
PIQ	PIQ
PIQ	PHTV
PIQ	PEDJ
PIQ	PLNR
PIQ	PA0O
PIQ	P3VI
PJM	PJM
PJM	PA03
PJM	PEEC
PJM	PLMU
PJM	PHT9
PJM	P3WB
PKI	PKI
PKI	P3XG
PKI	P9Z8
PKI	PLLY
PKI	PEFH
PKI	PHRV
PLE	PLE
PLE	P9YC
PLE	PLL2
PLE	P3ZM
PLE	PHQY
PLE	PEHN
PMA	PMA
PMA	P9XI
PMA	PLK6
PMA	P40J
PMA	PHPX
PMA	PEIK
PN6	PN6
PN6	PLHQ
PN6	PHOZ
PN6	P9V8
PN6	P41I
PN6	PEJJ
POY	POY
POY	PELF
POY	PHM0
POY	PLFX
POY	P9TC
POY	P43E
PPU	PPU
PPU	PEMC
PPU	PHL4
PPU	PLF1
PPU	P9SN
PPU	P44B
PSI	PSI
PSI	P4ED
PSI	P9OO
PSI	PEWD
PSI	PLCE
PSI	PHIS
PTE	PTE
PTE	P4F9
PTE	P9NS
PTE	PEX9
PTE	PLBI
PTE	PHHU
PUA	PUA
PUA	P4G5
PUA	P9MW
PUA	PEY5
PUA	PLAM
PUA	PHGY
PV6	PV6
PV6	PK5O
PV6	P8CT
PW2	PW2
PW2	PHFR
PW2	P9IG
PW2	P4KW
PW2	PL8Z
PW2	PF2W
PWY	PWY
PWY	P9HG
PWY	PL82
PWY	P4LY
PWY	PHDP
PWY	PF3Y
PXU	PXU
PXU	P9GN
PXU	PL76
PXU	P4MR
PXU	PF4R
PXU	PHCU
PYQ	PYQ
PYQ	P9E7
PYQ	PL69
PYQ	P4PH
PYQ	PHBW
PYQ	PF7H
P10I	P10I
P10I	PF9J
P10I	PL4G
P10I	PHA4
P10I	P4RJ
P11E	P11E
P11E	P9EV
P11E	PJ9Y
P11E	PF24
P11E	P4K4
P11E	PH8E
P136	P136
P136	PL2A
P136	PBDV
P136	P9BE
P136	P4UO
P136	PH7A
P142	P142
P142	P9AL
P142	P4VO
P142	PH6C
P142	PBCV
P142	PL1C
P14Y	P14Y
P14Y	PH5G
P14Y	P99X
P14Y	P4WM
P14Y	PBBX
P14Y	PL0G
P15U	P15U
P15U	PH4K
P15U	P4XK
P15U	PBAZ
P15U	P98F
P15U	PKZJ
P18I	P18I
P18I	PBI0
P18I	PH2Y
P18I	P530
P18I	P96N
P18I	PKWW
P19E	P19E
P19E	P95T
P19E	PBIW
P19E	PH23
P19E	P53W
P19E	PKW0
P1AA	P1AA
P1AA	P94X
P1AA	PBJS
P1AA	PH17
P1AA	P54S
P1AA	PKV4
P1C2	P1C2
P1C2	P937
P1C2	PBLJ
P1C2	P56J
P1C2	PGZG
P1C2	PKTC
P1CY	P1CY
P1CY	P92C
P1CY	PBMJ
P1CY	PGYL
P1CY	P57J
P1CY	PKSG
P1DU	P1DU
P1DU	P91L
P1DU	PBNF
P1DU	PGXP
P1DU	P58F
P1DU	PKRJ
P1IA	P1IA
P1IA	PKMR
P1IA	PGT0
P1IA	PBUE
P1IA	P5FD
P1IA	P8WW
P1MQ	P1MQ
P1MQ	PC16
P1MQ	P8R0
P1MQ	PGMO
P1MQ	P5MA
P1MQ	PKIH
PD9O	PD9O
PD9O	P6TD
PDE4	PDE4
PDE4	P6XT
PDE4	PB1U
PDE4	PITU
PDL8	PDL8
PDL8	P32L
PDL8	PILW
PDL8	P76F
PDL8	PAU0
PDL8	PMF2
PDOS	PDOS
PDOS	P366
PDOS	PAQ8
PDOS	PIIE
PDOS	P79Z
PDOS	PMBH
PDPO	PDPO
PDPO	P371
PDPO	PIHE
PDPO	P7AV
PDPO	PMAM
PDQK	PDQK
PDQK	PAO9
PDQK	P37X
PDQK	PIGG
PDQK	P7BR
PDQK	PM9O
PDSC	PDSC
PDSC	P3AB
PDSC	PIEL
PDSC	P7DJ
PDT8	PDT8
PDT8	P3B7
PDT8	PIDV
PDT8	P7EF
PDT8	PM65
PDT8	PAIM
PE0C	PE0C
PE0C	P3IC
PE0C	PI6O
PE24	PE24
PE24	P3K4
PE8C	PE8C
PE8C	P3QC
PEGC	PEGC
PEGC	P3YB
PEJW	PEJW
PEJW	P41V
PENG	PENG
PENG	P45F
PER0	PER0
PER0	P490
PESS	PESS
PESS	P4AS
PETO	PETO
PETO	P4BO
PEZ0	PEZ0
PEZ0	P4H0
PEZW	PEZW
PEZW	P4HW
PF3G	PF3G
PF3G	P4LG
PF58	PF58
PF58	P4N8
PFCC	PFCC
PFCC	PB79
PFCC	P7H4
PFD8	PFD8
PFD8	P7FN
PFGS	PFGS
PFL8	PFL8
PFL8	PD4E
PFL8	P2NJ
PFL8	PJHR
PFL8	P7N8
PFL8	P6NY
PFOS	PFOS
PFOS	P7R5
PFOS	PJL9
PFOS	PD00
PFOS	P2K6
PFOS	P6JK
P3IN	P3IN
P3IN	PL1J
P3IN	PE0N
P3IN	P13V
P3KF	P3KF
P3KF	PE2F
P3KF	P7T
P3SF	P3SF
P3SF	PA3Q
P3SF	PFK
P3SF	PHWY
P3SF	PEAG
P3SF	PLQX
P3TB	P3TB
P3TB	PA2U
P3TB	PGH
P3TB	PHW3
P3TB	PEBC
P3TB	PLQ0
P3U7	P3U7
P3U7	PA20
P3U7	PHE
P3U7	PHV9
P3U7	PLP2
P3U7	PEC8
P3V3	P3V3
P3V3	PA1C
P3V3	PI9
P3V3	PHUD
P3V3	PED4
P3V3	PLO8
P3VZ	P3VZ
P3VZ	PA0B
P3VZ	PLN5
P3VZ	PHTH
P3VZ	PJB
P3VZ	PEE0
P41B	P41B
P41B	PLHX
P41B	PEJC
P41B	PHP6
P41B	PMZ
P41B	P9VG
P427	P427
P427	P9UP
P427	PNP
P427	PEK8
P427	PLH7
P427	PHOE
P433	P433
P433	PHMB
P433	PON
P433	PEL4
P433	PLG8
P433	P9TN
P46N	P46N
P46N	P9S2
P46N	PHKJ
P46N	PQF
P46N	PEON
P46N	PLEG
P48F	P48F
P48F	P8KO
P48F	PGR5
P48F	PEQF
P4GF	P4GF
P4GF	P112
P4GF	PEYF
P4J3	P4J3
P4J3	PHYL
P4J3	PBZP
P4J3	PF13
P4J3	P5KT
P4J3	P9LS
P4LR	P4LR
P4LR	PHDW
P4LR	P9HN
P4LR	PF3R
P4LR	PL89
P4LR	PWR
P4MN	P4MN
P4MN	PHCY
P4MN	P9GR
P4MN	PL7A
P4MN	PF4N
P4MN	PXQ
P4PB	P4PB
P4PB	PHC2
P4PB	P9ED
P4PB	PF7B
P4PB	PL6F
P4PB	PYK
P4Q7	P4Q7
P4Q7	PHB6
P4Q7	PF87
P4Q7	PZC
P4Q7	PL5N
P4R3	P4R3
P4R3	PHAC
P4R3	P106
P4R3	PF93
P4R3	PL4R
P4R3	P9CU
P4RZ	P4RZ
P4RZ	PH9O
P4RZ	P10Y
P4RZ	PF9Z
P4ZZ	P4ZZ
P4ZZ	PB8K
P5F3	P5F3
P5F3	PBU3
P5GV	P5GV
P5GV	PBVW
P5IN	P5IN
P5IN	PBXO
P11R	P11R
P11R	P9C2
P11R	PL3L
P11R	PH82
P1BJ	P1BJ
P1BJ	PGZZ
P1BJ	PKTV
P1BJ	PBL0
P1BJ	P560
P1BJ	P93Q
P1JJ	P1JJ
P1U7	P1U7
P1U7	PC8C
P1U7	PKB6
P1U7	P5TF
P1U7	PGFN
P1U7	P8IJ
P20F	P20F
P23Z	P23Z
P23Z	PCI8
P23Z	P88H
P23Z	P63B
P23Z	PG62
P23Z	PK1P
P24V	P24V
P24V	PCJ5
P24V	P86T
P24V	PG51
P24V	P648
P24V	PK0T
P25R	P25R
P25R	PCK1
P25R	P654
P25R	PJZX
P27J	P27J
P27J	P84O
P27J	PJXS
P27J	PG37
P29B	P29B
P29B	P81Y
P29B	PFZD
P29B	PJW3
P2B3	P2B3
P2B3	PFXF
P2B3	PCPZ
P2B3	P6B2
P2B3	PJUD
P2B3	P7ZS
P2J3	P2J3
P2J3	P7S3
P2J3	PFPQ
P2J3	PCZ4
P2J3	PJMC
P2J3	P6IO
P2JZ	P2JZ
P2JZ	P7RC
P2JZ	PFOZ
P2JZ	PJLG
P2R3	P2R3
P2R3	PJE5
P2XB	P2XB
P2XB	PIRX
P2XB	P6Z9
P2XB	PMKB
P2XB	PDFK
P33J	P33J
P33J	PASU
P33J	PDM7
P33J	PIKZ
P33J	P77E
P33J	PME4
P34F	P34F
P34F	PARZ
P34F	PDN3
P34F	PIK4
P34F	P78A
P34F	PMD8
P3CF	P3CF
P3CF	PICJ
P3CF	PAHB
P3CF	PI
P3CF	PM4Z
P3CF	PDUF
P8K9	P8K9
P8L5	P8L5
P8U1	P8U1
P8U1	P1JP
P8WP	P8WP
P989	P989
P995	P995
P995	P99J
P9JT	P9JT
P9KP	P9KP
P9Q1	P9Q1
P9Q1	PJ4Z
P9UH	P9UH
PAAH	PAAH
PABD	PABD
PAE1	PAE1
PAJD	PAJD
PAJD	P3AK
PAK9	PAK9
PAL5	PAL5
PAL5	PG0X
PANT	PANT
PB4P	PB4P
PB4P	PJ7Y
PB6H	PB6H
PBBT	PBBT
PBBT	P152
PBBT	PH5C
PBBT	P99T
PBBT	P4WQ
PBBT	PL0C
PBQX	PBQX
PBQX	P8Z3
PBQX	PGUS
PBQX	PKON
PBQX	P5BW
PBQX	P1GF
PBRT	PBRT
PBRT	P8Y6
PBRT	PKNO
PBRT	PGTX
PBRT	P5CT
PBRT	P1HB
PBVD	PBVD
PBVD	PGQ2
PBVD	P8UJ
PBVD	PKLX
PBVD	P5GC
PBVD	P1J4
PBW9	PBW9
PBW9	PGP9
PBW9	P8TQ
PBW9	PKL4
PBW9	P5H8
PBW9	P1K0
PBZT	PBZT
PBZT	P5KX
PCK9	PCK9
PCK9	PJZO
PCK9	PJZP
PCK9	P25Z
PCK9	P260
PCK9	P65C
PCNT	PCNT
PCNT	P838
PCNT	P28V
PCNT	PG1R
PCNT	P68W
PCNT	PJWG
PCS9	PCS9
PCS9	P751
PCT5	PCT5
PCT5	P745
PD2X	PD2X
PD2X	P6MH
PD95	PD95
PD95	P6SU
PDQX	PDQX
PDQX	P7C4
PDQX	PMQ9
PE55	PE55
PE55	P3N5
PEFT	PEFT
PEFT	P3XS
PEGP	PEGP
PEGP	P3YO
PEMX	PEMX
PEMX	P44W
PERD	PERD
PERD	P49D
PET5	PET5
PET5	P4B5
PEU1	PEU1
PEU1	P4C1
PEUX	PEUX
PEUX	P4CX
PF09	PF09
PF09	P4I9
PF5L	PF5L
PF5L	P4NL
PF95	PF95
PF95	P4R5
PFBT	PFBT
PFBT	P7GL
PFBT	PB5M
PFDL	PFDL
PFDL	P7G0
PFG9	PFG9
PFW9	PFW9
PFZT	PFZT
PFZT	P292
PFZT	P82E
PG1L	PG1L
PG1L	PANV
PG1L	P9PQ
PG55	PG55
PG55	P86X
PG9L	PG9L
PG9L	PCEO
PG9L	PCEP
PG9L	P20J
PG9L	P20K
PG9L	P20L
PG9L	PK52
PG9L	P5ZR
PG9L	PK53
PG9L	P5ZS
PG9L	PK54
PGPL	PGPL
PGQH	PGQH
PGRD	PGRD
PGRD	P8CM
PGRD	P8KV
PGUX	PGUX
PHEH	PHEH
PHND	PHND
PHX5	PHX5
PHX5	P3SB
PHX5	PEAC
PHX5	PHX2
PHX5	PHX3
PHX5	PEA9
PHX5	P3S9
PI61	PI61
PIWP	PIWP
PIWP	PMXC
PIXL	PIXL
PIXL	PMWE
PIYH	PIYH
PIYH	PMVL
PJ15	PJ15
PJ15	PMZV
PJ21	PJ21
PJ21	PMYW
PJ2X	PJ2X
PJ2X	PMY3
PJ4P	PJ4P
PJ5L	PJ5L
PJ6H	PJ6H
PJ89	PJ89
PJ89	PB7E
PJ95	PJ95
PJA1	PJA1
PJAX	PJAX
PJBT	PJBT
PJW9	PJW9
PJW9	P824
PJW9	PFZJ
PKBD	PKBD
PKBD	P1U0
PKBD	P8IQ
PKBD	PC85
PKBD	P5T8
PKBD	PGFU
PKEX	PKEX
PKEX	P1QA
PKYH	PKYH
PL6H	PL6H
PL6H	PHC6
PL6H	P4P9
PL6H	PF79
PL6H	P9EF
PL6H	PYI
PL7D	PL7D
PL7D	PDRA
PL7D	P7CH
PL7D	PXN
PLA1	PLA1
PM8P	PM8P
PMOP	PMOP
PMOP	PJ0K
PMOP	PMT3
PMQH	PMQH
PMRD	PMRD
PMT5	PMT5
PMT5	PJ0I
PMT5	PJ0M
PMT5	PMON
PMT5	PMOR
PMU1	PMU1
PMU1	PIZ8
PMUX	PMUX
PMUX	PIZW
PMVT	PMVT
PMVT	PIY6
PMWP	PMWP
PMWP	PIXA
PMYH	PMYH
PMYH	PJ2J
PMZD	PMZD
PMZD	PJ1Q
PN09	PN09
PN09	PJ0R
PUY	PUY
P122	P122
P122	PL3A
P1SQ	P1SQ
P1ZU	P1ZU
P322	P322
P322	PMFL
P322	PDKQ
P322	P75X
P322	PMFK
P322	P323
P36I	P36I
P36I	PIHW
P36I	PMB5
P36I	PAPN
P396	P396
P3JU	P3JU
P3JU	PE1U
P3YY	P3YY
P3YY	PEGZ
P41M	P41M
P41M	PEJN
P456	P456
P456	PEN7
P48Q	P48Q
P48Q	PEQQ
P49M	P49M
P49M	PERM
P4AI	P4AI
P4AI	PESI
P4BE	P4BE
P4BE	PETE
P4D6	P4D6
P4D6	PEV6
P4GQ	P4GQ
P4GQ	PEYQ
P4II	P4II
P4II	PF0I
P4OQ	P4OQ
P4OQ	PF6Q
P4SA	P4SA
P4SA	PFAA
P4T6	P4T6
P4T6	PEZN
P4T6	PFB7
P4T6	P4OC
P4T6	PF6C
P4T6	PB85
P4T6	PBFD
P4T6	P4HN
P4T6	P50E
P4YI	P4YI
P4YI	P9F7
P4YI	PBA1
P4ZE	P4ZE
P4ZE	PB95
P5BU	P5BU
P5BU	PBQV
P5RU	P5RU
P5RU	PGRR
P5RU	PC6R
P60Q	P60Q
P60Q	PCFN
P60Q	PG8N
P62I	P62I
P62I	PCHF
P6T6	P6T6
P6T6	PD9H
P73U	P73U
P73U	PCTH
P74Q	P74Q
P74Q	PCSK
P7FE	P7FE
P7FE	PFCZ
P7H6	P7H6
P7H6	PFCE
P7Q2	P7Q2
P8CA	P8CA
P8CA	PV2
P8D6	P8D6
P8KA	P8KA
P8L6	P8L6
P8L6	PGRO
P8U2	P8U2
P8WQ	P8WQ
P98A	P98A
P996	P996
P996	P99K
P9JU	P9JU
P9KQ	P9KQ
P9Q2	P9Q2
P9Q2	PJ4Y
P9UI	P9UI
PA9M	PA9M
PAAI	PAAI
PABE	PABE
PAE2	PAE2
PAJE	PAJE
PAJE	P3AJ
PAKA	PAKA
PAL6	PAL6
PAL6	PG0Y
PAM2	PAM2
PAM2	PG17
PAM2	PG18
PAMY	PAMY
PAVU	PAVU
PAZE	PAZE
PB4Q	PB4Q
PB4Q	PJ7X
PB6I	PB6I
PB96	PB96
PB96	P4ZD
PBX6	PBX6
PBX6	P8SQ
PBX6	PGOD
PBX6	PKK9
PBX6	P5I5
PBX6	P1KW
PBZU	PBZU
PBZU	P5KY
PC6Y	PC6Y
PC6Y	P5S1
PCSA	PCSA
PCSA	P750
PCT6	PCT6
PCT6	P744
PD2Y	PD2Y
PD2Y	P6MI
PD96	PD96
PD96	P6SV
PDA2	PDA2
PDA2	PFF0
PDA2	P6TR
PDBU	PDBU
PDBU	P6VJ
PDZU	PDZU
PDZU	P3HU
PE1M	PE1M
PE1M	P3JM
PE3E	PE3E
PE3E	P3LE
PE3E	PA9N
PEGQ	PEGQ
PEGQ	P3YP
PEMY	PEMY
PEMY	P44X
PERE	PERE
PERE	P49E
PET6	PET6
PET6	P4B6
PEU2	PEU2
PEU2	P4C2
PEUY	PEUY
PEUY	P4CY
PEUY	P9QF
PEUY	PAM5
PF0A	PF0A
PF0A	P4IA
PF5M	PF5M
PF5M	P4NM
PF96	PF96
PF96	P4R6
PFBU	PFBU
PFBU	P7GM
PFBU	PJ71
PFBU	PB5L
PFDM	PFDM
PFDM	P7G1
PFFE	PFFE
PFFE	P2RT
PFFE	PJDA
PFI2	PFI2
PFNE	PFNE
PFNE	PD1E
PFNE	PD1F
PFNE	PD1G
PFNE	P6KY
PFNE	P6KZ
PFNE	P6L0
PFWA	PFWA
PG56	PG56
PG56	P86Y
PG9M	PG9M
PGD6	PGD6
PGD6	P8GI
PGPM	PGPM
PGQI	PGQI
PGUY	PGUY
PGVU	PGVU
PH6I	PH6I
PHEI	PHEI
PHNE	PHNE
PHQ2	PHQ2
PI6Y	PI6Y
PI6Y	P3I1
PI6Y	PE01
PI6Y	P3I2
PI6Y	PE02
PIBE	PIBE
PIBE	PM3T
PIBE	PDVM
PIBE	P1I
PIBE	P1J
PIBE	P3DM
PIEY	PIEY
PIEY	PAJQ
PIEY	PAJR
PIEY	P3A0
PIEY	PM73
PIT6	PIT6
PIT6	PB12
PIWQ	PIWQ
PIWQ	PMXB
PIXM	PIXM
PIXM	PMWD
PIYI	PIYI
PIYI	PMVK
PJ16	PJ16
PJ16	PMZU
PJ22	PJ22
PJ22	PMYV
PJ2Y	PJ2Y
PJ2Y	PMY2
PJ4Q	PJ4Q
PJ5M	PJ5M
PJ6I	PJ6I
PJ7E	PJ7E
PJ7E	PB58
PJ8A	PJ8A
PJ96	PJ96
PJA2	PJA2
PJAY	PJAY
PJBU	PJBU
PJFE	PJFE
PJFE	P2PT
PJUI	PJUI
PJUI	P2AW
PJWA	PJWA
PJWA	P825
PJWA	PFZK
PKYI	PKYI
PKYI	P16U
PL4Q	PL4Q
PL4Q	P107
PLA2	PLA2
PLI2	PLI2
PLI2	P9VL
PLI2	PLIU
PLY2	PLY2
PLYY	PLYY
PM8Q	PM8Q
PMOQ	PMOQ
PMOQ	PMT4
PMOQ	PJ0L
PMPM	PMPM
PMQI	PMQI
PMRE	PMRE
PMU2	PMU2
PMU2	PIZ9
PMUY	PMUY
PMUY	PIZX
PMVU	PMVU
PMVU	PIY5
PMWQ	PMWQ
PMWQ	PIX9
PMYI	PMYI
PMYI	PJ2I
PMZE	PMZE
PMZE	PJ1P
PN0A	PN0A
PN0A	PJ0Q
P6Z	P6Z
P6Z	PMR8
PUZ	PUZ
P123	P123
P123	PL39
P16J	P16J
P16J	PKYU
P1SR	P1SR
P1ZV	P1ZV
P2IJ	P2IJ
P2IJ	PJMW
P2IJ	P7SN
P2L7	P2L7
P2L7	PJK8
P397	P397
P3JV	P3JV
P3JV	PE1V
PMU4	PMU4
PMU4	PIZB
PMV0	PMV0
PMV0	PIZZ
PMVW	PMVW
PMVW	PIY3
PMWS	PMWS
PMWS	PIX7
PMXO	PMXO
PMXO	PJ3C
PMYK	PMYK
PMYK	PJ2G
PMZG	PMZG
PMZG	PJ1N
PN0C	PN0C
PN0C	PJ0O
PJH	PJH
PJH	PLMZ
PV1	PV1
PV1	P8C9
P125	P125
P125	PL37
P16L	P16L
P16L	PKYS
P1ZX	P1ZX
P4SD	P4SD
P4SD	PFAD
P4U5	P4U5
P4U5	PBEE
P4XP	P4XP
P4XP	PBAU
P4ZH	P4ZH
P4ZH	PB92
P4ZH	PBTU
P4ZH	P5EU
P4ZH	P4GI
P4ZH	PEYI
P5B1	P5B1
P5B1	PBQ2
P5GD	P5GD
P5GD	P1J5
P5GD	PGQ1
P5GD	P8UI
P5GD	PKLW
P5GD	PBVE
P5J1	P5J1
P5J1	PBY2
P5JX	P5JX
P5JX	PBYW
P5RX	P5RX
P5RX	PC6U
P5Z1	P5Z1
P5Z1	PCDY
P6M5	P6M5
P6M5	PD2L
P6N1	P6N1
P6N1	PD3H
P6T9	P6T9
P6T9	PD9K
P74T	P74T
P74T	PCSH
P7CT	P7CT
P7CT	PAKH
P7CT	PIF9
P7CT	P39N
P7CT	PM7F
P7CT	PDRM
P7DP	P7DP
P7DP	PDSI
P7FH	P7FH
P7FH	PFD2
P7GD	P7GD
P7GD	PB5U
P7GD	PJ6V
P7GD	PFBL
P7H9	P7H9
P7H9	PFCH
P7J1	P7J1
P7J1	PFFM
P7JX	P7JX
P7JX	PFHF
P7UL	P7UL
P7UL	PFRU
P7ZX	P7ZX
P871	P871
P8CD	P8CD
P8CD	P1SL
P8D9	P8D9
P8KD	P8KD
P8L9	P8L9
P8U5	P8U5
P8WT	P8WT
P999	P999
P999	P98V
P9FH	P9FH
P9FH	P9LD
P9JX	P9JX
P9KT	P9KT
P9Q5	P9Q5
P9WD	P9WD
PAAL	PAAL
PDUQ	PDUQ
PDUQ	PM4N
PDUQ	PAH6
PDUQ	PP
PDUQ	PIC9
PDUQ	P3CQ
PDWI	PDWI
PDWI	PAFD
PDWI	PM2X
PDWI	P2F
PDWI	P3EI
PDWI	PIAI
PDXE	PDXE
PDXE	PAED
PDXE	PM21
PDXE	P3B
PDXE	P3FE
PDXE	PI9M
PDYA	PDYA
PDYA	PADH
PDYA	PM15
PDYA	P47
PDYA	PI8O
PDYA	P3GA
PDZ6	PDZ6
PDZ6	PACL
PDZ6	PM08
PDZ6	PI7R
PDZ6	P54
PDZ6	P3H6
P44I	P44I
P44I	PHKX
P44I	PLEU
P44I	PQ1
P44I	PEMJ
P44I	P9SG
P46A	P46A
P46A	PH8I
P46A	PEZS
P46A	PHXK
P46A	PEOA
P46A	P9F0
P46A	P4K0
P46A	PBYO
P46A	P3YR
P46A	P4YB
P46A	P5JP
P46A	PBF9
P46A	PF20
P46A	PB89
P46A	P50A
P46A	PBSR
P46A	PEGS
P46A	P4TA
P46A	P5DR
P46A	P4HS
P46A	P9KW
P46A	PBA8
P476	P476
P476	PLDU
P476	PHK5
P476	PEP6
P476	PR2
P476	P9RO
P482	P482
P482	P9LW
P482	PGQT
P482	PEQ2
P4CI	P4CI
P4CI	PIYT
P4CI	PMV9
P4CI	PEUI
P4EA	P4EA
P4EA	PEWA
P4EA	P9OR
P4EA	PLCH
P4EA	PHIV
P4EA	PSF
P4F6	P4F6
P4F6	PEX6
P4F6	P9NV
P4F6	PLBL
P4F6	PHHZ
P4F6	PTB
P4G2	P4G2
P4G2	PEY2
P4G2	P9MZ
P4G2	PLAP
P4G2	PHH1
P4G2	PU7
P4GY	P4GY
P4GY	PB9I
P4GY	PEYY
P4GY	P4Z1
P4GY	PBFZ
P4GY	P50Z
P4GY	PBTG
P4GY	P5EG
P4GY	P4SK
P4GY	P5Z8
P4GY	PFAK
P4GY	PCE5
P4LE	P4LE
P4LE	PF3E
P4LE	PHF6
P4LE	P9I0
P4MA	P4MA
P4MA	PL7P
P4MA	PF4A
P4MA	PXB
P4MA	PHDB
P4MA	P9H5
P4N6	P4N6
P4N6	PBGL
P4N6	P51L
P4N6	PF56
P4N6	P174
P4N6	PKYB
P4N6	P9G8
P4O2	P4O2
P4O2	PBFO
P4O2	P50O
P4O2	PB7U
P4O2	PF62
P4O2	P4SV
P4O2	P4HD
P4O2	PFAV
P4O2	PEZD
P4OY	P4OY
P4OY	P9EQ
P4OY	PL6S
P4OY	PF6Y
P4OY	PY7
P4OY	PHCH
P4PU	P4PU
P4PU	P9DU
P4PU	PL5V
P4PU	PF7U
P4PU	PHBJ
P4PU	PZ4
P4QQ	P4QQ
P4QQ	PZT
P4QQ	PL55
P4QQ	PF8Q
P4QQ	P9D7
P4QQ	PHAP
P4RM	P4RM
P4RM	P10L
P4RM	PF9M
P4RM	PL4D
P4RM	P9CH
P4RM	PHA1
P4TE	P4TE
P4TE	PBAC
P4TE	PHXH
P4TE	P46E
P4TE	P9EW
P4TE	PBYK
P4TE	PEOE
P4TE	P4Y8
P4TE	P4OH
P4TE	P5JL
P4TE	PBF5
P4TE	P4K3
P4TE	P505
P4TE	P3YU
P4TE	PBSN
P4TE	PF6H
P4TE	P5DN
P4TE	PF23
P4TE	PB8E
P4TE	PEGV
P4TE	PH8F
P4UA	P4UA
P4UA	PH7O
P4UA	PH7P
P4UA	P12O
P4UA	P12P
P4UA	PBE9
P4UA	P12Q
P4UA	PL2Q
P4UA	PL2R
P4UA	PL2S
P4UA	P9BR
P4V6	P4V6
P4V6	PH6S
P4V6	PL1S
P4V6	PBDD
P4V6	P13O
P4V6	P9AZ
P4W2	P4W2
P4W2	P9A9
P4W2	PH5Z
P4W2	P14F
P4W2	PBCH
P4W2	PL0Z
P4XU	P4XU
P4XU	P162
P4XU	PBAP
P4XU	PKZB
P50I	P50I
P50I	P4O8
P50I	PF68
P50I	PB81
P50I	P4T2
P50I	P4HJ
P50I	PBFH
P50I	PFB2
P50I	PEZJ
P52A	P52A
P52A	P17U
P52A	PH3K
P52A	P97A
P52A	PKXL
P52A	PBHA
P536	P536
P536	P18O
P536	PH2S
P536	P96H
P536	PKWQ
P536	PBI6
P542	P542
P542	P19K
P542	PH1X
P542	PKVU
P542	P95N
P542	PBJ2
P54Y	P54Y
P54Y	P1AG
P54Y	PH11
P54Y	PKUY
P54Y	P94R
P54Y	PBJY
P55U	P55U
P55U	P1BD
P55U	PH05
P55U	PKU1
P55U	P93V
P55U	PBKU
P56Q	P56Q
P56Q	P1C9
P56Q	PGZ9
P56Q	PKT5
P56Q	P930
P56Q	PBLQ
P57M	P57M
P57M	P929
P57M	P1D1
P57M	PGYI
P57M	PKSD
P57M	PBMM
P58I	P58I
P58I	P1DX
P58I	P91I
P58I	PGXM
P58I	PKRG
P58I	PBNI
P59E	P59E
P59E	P1ER
P59E	P90O
P59E	PGWR
P59E	PKQM
P59E	PBOF
P5AA	P5AA
P5AA	P1FN
P5AA	P8ZT
P5AA	PKPD
P5AA	PGVT
P5AA	PBPB
P5CY	P5CY
P5CY	P1HG
P5CY	P8Y1
P5CY	PKNJ
P5CY	PGTS
P5CY	PBRY
P5FM	P5FM
P5FM	P8W3
P5FM	P1IH
P5FM	PKML
P5FM	PBUN
P5GI	P5GI
P5GI	PGPW
P5GI	P8UD
P5GI	P1JA
P5GI	PKLR
P5GI	PBVJ
P5HE	P5HE
P5HE	P1K6
P5HE	PGP3
P5HE	P8TK
P5HE	PKKY
P5HE	PBWF
P5IA	P5IA
P5IA	P8SL
P5IA	PGO8
P5IA	P1L5
P5IA	P1L6
P5IA	PBXB
P5J6	P5J6
P5J6	P8RT
P5J6	PGNH
P5J6	PBY7
P5K2	P5K2
P5K2	PBUQ
P5K2	PF36
P5K2	P4KJ
P5K2	P7HF
P5K2	PF9G
P5K2	P5FP
P5K2	PALI
P5K2	PCO7
P5K2	PEVB
P5K2	P5JC
P5K2	P4ZT
P5K2	PB8Q
P5K2	PBM3
P5K2	PBQJ
P5K2	PF2J
P5K2	PC3W
P5K2	P6DP
P5K2	P5BI
P5K2	P69A
P5K2	P573
P5K2	PG1B
P5K2	PBTE
P5K2	PDQQ
P5K2	P5OZ
P5K2	P7G5
P5K2	PCDX
P5K2	PHED
P5K2	PJ5H
P5K2	P48M
P5K2	P4D2
P5K2	P5EE
P5K2	PJ5I
P5K2	PFCN
P5K2	PMZB
P5K2	PFCP
P5K2	P4L6
P5K2	PGT6
P5K2	P4RG
P5K2	P5Z0
P5K2	P7BX
P5K2	PCU5
P5K2	PEQM
P5K2	PEV2
P5K2	PFDQ
P5K2	PJA6
P5K2	P4DB
P5K2	PFDR
P5LU	P5LU
P5LU	PKIR
P5LU	P8RA
P5LU	P1MG
P5LU	PC0Q
P5LU	PGMY
P5MQ	P5MQ
P5MQ	PKI1
P5MQ	P1N6
P5MQ	PC1M
P5MQ	P8QL
P5MQ	PGM8
P5NM	P5NM
P5NM	PKH4
P5NM	P1O3
P5NM	PC2I
P5NM	P8PO
P5NM	PGLC
P5PE	P5PE
P5PE	PKFB
P5PE	P1PW
P5PE	PC4B
P5PE	PGJG
P5PE	P8NX
P5QA	P5QA
P5QA	PKEA
P5QA	P1QX
P5QA	PGII
P5QA	PC57
P5QA	P8N0
P5R6	P5R6
P5R6	PKDE
P5R6	P1RT
P5R6	PGHM
P5R6	PC63
P5R6	P8M4
P5SY	P5SY
P5SY	PKBN
P5SY	PGG4
P5SY	P8J0
P5SY	PC7V
P5SY	P1TQ
P5TU	P5TU
P5TU	PKAQ
P5TU	PGF8
P5TU	P8I6
P5TU	PC8R
P5TU	P1UN
P5UQ	P5UQ
P5UQ	PGEA
P5UQ	PK9U
P5UQ	P1VS
P5UQ	P8HA
P5UQ	PC9N
P5VM	P5VM
P5VM	PGDE
P5VM	PK8Y
P5VM	P1WO
P5VM	P8GQ
P5VM	PCAJ
P5WI	P5WI
P5WI	PGCJ
P5WI	P1XG
P5WI	PK86
P5WI	P8FV
P5WI	PCBF
P5XE	P5XE
P5XE	P8F6
P5XE	P1YB
P5XE	PGBN
P5XE	PK7A
P5XE	PCCB
P5YA	P5YA
P5YA	PGAQ
P5YA	P1Z8
P5YA	PK6D
P5YA	PCD7
P5YA	P8E4
P61U	P61U
P61U	P89U
P61U	PG7F
P61U	PK34
P61U	PCGR
P61U	P22L
P62Q	P62Q
P62Q	P890
P62Q	PG6K
P62Q	PK26
P62Q	PCHN
P62Q	P23I
P63M	P63M
P63M	P887
P63M	PG5S
P63M	PK1F
P63M	P249
P63M	PCIJ
P64I	P64I
P64I	P86J
P64I	PG4R
P64I	PK0J
P64I	P255
P64I	PCJF
P66A	P66A
P66A	P26E
P66A	P85S
P66A	PJYX
P66A	PCL7
P676	P676
P676	P27B
P676	P84W
P676	PJY0
P676	PCM3
P676	PG3F
P6AQ	P6AQ
P6AQ	PJUT
P6AQ	P80B
P6AQ	PFXU
P6AQ	PCPN
P6AQ	P2AL
P6EA	P6EA
P6EA	PJRA
P6EA	PCUQ
P6EA	P7X0
P6EA	PFUC
P6EA	P2E4
P6F6	P6F6
P6F6	PJQE
P6F6	PCVM
P6F6	P7W4
P6F6	PFTG
P6F6	P2F0
P6GY	P6GY
P6GY	PJOI
P6GY	P2GZ
P6GY	PFRG
P6GY	P7U7
P6GY	PCXE
P6IQ	P6IQ
P6IQ	P7S1
P6IQ	PFPO
P6IQ	P2J5
P6IQ	PCZ6
P6IQ	PJMA
P6JM	P6JM
P6JM	PFOQ
P6JM	PJL7
P6JM	PD02
P6JM	P2K8
P6JM	P7R3
P6KI	P6KI
P6KI	PFNU
P6KI	PJKD
P6KI	PD0Y
P6KI	P2L2
P6KI	P7Q8
PJSX	PJSX
PJSX	P6CI
PJSX	P2CJ
PJSX	P7YE
PJSX	PFVX
PJSX	PCRF
PJTT	PJTT
PJTT	P6BM
PJTT	P2BN
PJTT	P7Z8
PJTT	PFWV
PJTT	PCQJ
PJVL	PJVL
PJVL	P29T
PJVL	P69T
PJVL	PJVM
PJVL	PJVN
PJVL	P81I
PJVL	PFYX
PJVL	PCOQ
PJVL	P29R
PJVL	P29S
PJWH	PJWH
PJWH	P839
PJWH	PCNS
PJWH	P28U
PJWH	P68V
PJWH	PG1S
PJXD	PJXD
PJXD	PG2Q
PJXD	P847
PJXD	PCMV
PJXD	P27Y
PJXD	P67Y
PJY9	PJY9
PJY9	PG3N
PJY9	PCLV
PJY9	P854
PJY9	P66Y
PJY9	P272
PJZ5	PJZ5
PJZ5	PCKZ
PJZ5	PG46
PJZ5	P860
PJZ5	P662
PJZ5	P266
PK01	PK01
PK01	P25N
PK01	PCJX
PK01	P650
PK01	PG47
PK01	P861
PK0X	PK0X
PK0X	P24R
PK0X	PCJ1
PK0X	P644
PK0X	P87P
PK0X	PG5A
PK1T	PK1T
PK1T	P23V
PK1T	PCI4
PK1T	P637
PK1T	P88L
PK1T	PG66
PK3L	PK3L
PK3L	PCGA
PK3L	P224
PK3L	P61D
PK3L	P8AB
PK3L	PG7Z
PK4H	PK4H
PK4H	PG8Y
PK4H	PCFC
PK4H	P216
PK4H	P60F
PK4H	P8BB
PK5D	PK5D
PK69	PK69
PK69	P5YE
PK69	P1ZC
PK69	P8E0
PK69	PGAM
PK69	PCDB
PK75	PK75
PK75	P5XJ
PK75	P1YG
PK75	P8F1
PK75	PGBI
PK75	PCCG
PK81	PK81
PK81	P5WN
PK81	P1XL
PK81	PGCE
PK81	PCBK
PK8X	PK8X
PK8X	PGDD
PK8X	P5VN
PK8X	P1WP
PK8X	P8GP
PK8X	PCAK
PK9T	PK9T
PK9T	PGE9
PK9T	P5UR
PK9T	P1VT
PK9T	P8H9
PK9T	PC9O
PKAP	PKAP
PKAP	P5TV
PKAP	PGF7
PKAP	P8I5
PKAP	PC8S
PKAP	P1UO
PKCH	PKCH
PKCH	P5S3
PKCH	PGGZ
PKCH	P8JU
PKCH	PAM0
PKCH	PC70
PKCH	P1SU
PKDD	PKDD
PKDD	P5R7
PKDD	PGHL
PKDD	P1RU
PKDD	P8M3
PKDD	PC64
PKE9	PKE9
PKE9	P5QB
PKE9	PGIH
PKE9	P1QY
PKE9	P8MZ
PKE9	PC58
PKG1	PKG1
PKG1	P5OJ
PKG1	P8OM
PKG1	PGK7
PKG1	P1P6
PKG1	PC3G
PKKH	PKKH
PKKH	PBWY
PKKH	P5HX
PKKH	P8T2
PKKH	PGOM
PKKH	P1KN
PKN5	PKN5
PKN5	PGTE
PKN5	PBSC
PKN5	P5DC
PKN5	P1HW
PKN5	P8XM
PKOX	PKOX
PKOX	PGVD
PKOX	PBPS
PKOX	P5AR
PKOX	P1G5
PKOX	P8ZD
PKPT	PKPT
PKQP	PKQP
PKQP	P90R
PKQP	PBOC
PKQP	PGWU
PKQP	P59B
PKQP	P1EO
PL29	PL29
PL29	PBDU
PL29	P137
PL29	P9BD
PL29	P4UP
PL29	PH79
PL5T	PL5T
PL5T	PHBC
PL5T	P4Q1
PL5T	PF81
PL5T	PZ6
PL5T	P9DN
PL6P	PL6P
PL6P	P4P1
PL6P	PF71
PL6P	PHCE
PL6P	PYA
PL6P	P9EN
PL7L	PL7L
PL7L	P4ME
PL7L	PF4E
PL7L	PXF
PL8H	PL8H
PL8H	PHF0
PL8H	P9HU
PL8H	PWJ
PLA9	PLA9
PLA9	PHGL
PLA9	P4IU
PLA9	PF0U
PLA9	PUN
PLA9	P9MJ
PLC1	PLC1
PLC1	PHIF
PLC1	PSV
PLC1	P4EQ
PLC1	PEWQ
PLC1	P9OB
PLCX	PLCX
PLCX	PHJB
PLCX	PRZ
PLCX	P4DU
PLCX	PEVU
PLCX	P9P7
PLDT	PLDT
PLDT	P477
PLDT	PHK4
PLDT	PEP7
PLDT	PR3
PLDT	P9RN
PLEP	PLEP
PLEP	P44N
PLEP	P9SB
PLEP	PQ6
PLEP	PEMO
PLEP	PHKS
PLFL	PLFL
PLFL	P9T0
PLFL	P43Q
PLFL	PPA
PLFL	PELR
PLFL	PHLO
PLHD	PLHD
PLHD	PHOL
PLHD	P9UV
PLHD	P421
PLHD	PNJ
PLHD	PEK2
PLI9	PLI9
PLI9	P9W9
PLI9	PLJ1
PLKX	PLKX
PLKX	PLJ
PLKX	PHQT
PLMP	PLMP
PLMP	PJR
PLMP	PHT4
PLMP	PEEH
PLMP	P9ZY
PLMP	P3WG
PLOH	PLOH
PLOH	P3UU
PLOH	PHZ
PLOH	PECV
PLOH	PA1M
PLOH	PHUO
PLQ9	PLQ9
PLQ9	P3T2
PLQ9	PG8
PLQ9	PA33
PLQ9	PEB3
PLQ9	PHWC
PLS1	PLS1
PLS1	PHZH
PLS1	P3RM
PLS1	PA49
PLS1	PE9M
PLS1	PE4
PLSX	PLSX
PLSX	P3QI
PLSX	PI0G
PLSX	PE8I
PLSX	PA54
PLSX	PD8
PLUP	PLUP
PLUP	P3OP
PLUP	PE6P
PLUP	PI29
PLUP	PA6Z
PLUP	PBG
PLVL	PLVL
PLVL	P3NN
PLVL	PE5N
PLVL	PI37
PLVL	PAJ
PLVL	PA7W
PLWH	PLWH
PLWH	P3MQ
PLWH	PE4Q
PLWH	PI42
PLWH	P9H
PLXD	PLXD
PLXD	PE3N
PLXD	PE3O
PLXD	PI4X
PLXD	PA9F
PLXD	P8M
PLXD	P3LN
PLXD	P3LO
PLY9	PLY9
PLZ5	PLZ5
PLZ5	PI6G
PLZ5	P3IQ
PLZ5	PAB6
PLZ5	P5W
PLZ5	PE0Q
PM0X	PM0X
PM0X	PI8G
PM0X	P4F
PM1T	PM1T
PM1T	P3FM
PM1T	PDXM
PM1T	PI9E
PM1T	PAE5
PM1T	P3J
PM2P	PM2P
PM2P	PAF5
PM2P	P3EQ
PM2P	PDWQ
PM2P	PIAA
PM2P	P2N
PM3L	PM3L
PM3L	P3DU
PM3L	PDVU
PM3L	PIB6
PM3L	P1R
PM3L	PAG0
PM4H	PM4H
PM4H	PDUW
PM4H	PAGZ
PM4H	PIC3
PM4H	PV
PM4H	P3CW
PI98	PI98
PIGC	PIGC
PIGC	P7C5
PIGC	PIGB
PIGC	PDQY
PING	PING
PIZ0	PIZ0
PIZ0	PMTO
PJ4C	PJ4C
PJ64	PJ64
PJ7W	PJ7W
PJ7W	PB4R
PJ8S	PJ8S
PJ9O	PJ9O
PJAK	PJAK
PJBG	PJBG
PJIK	PJIK
PJIK	P7NX
PJIK	PFM5
PJIK	PD3K
PJIK	P2MW
PJIK	P6N4
PJN0	PJN0
PJN0	P2IF
PJN0	P7SR
PJSC	PJSC
PJSC	PCS1
PJSC	PFVA
PJSC	P2D4
PJSC	P6D4
PJT8	PJT8
PJT8	PCR4
PJT8	P7YP
PJT8	P6C7
PJT8	P2C8
PJT8	PFWC
PJU4	PJU4
PJU4	P7ZJ
PJU4	PCQ8
PJU4	P6BB
PJU4	P2BC
PJU4	PFX6
PJV0	PJV0
PJV0	PCPA
PJV0	P6AD
PJV0	P2AE
PJV0	P80R
PJV0	PFY7
PJVW	PJVW
PJVW	PFZ6
PJVW	PCOH
PJVW	P29I
PJVW	P69K
PJVW	P81R
PJZG	PJZG
PK30	PK30
PK30	P22P
PK30	P89O
PK4S	PK4S
PK4S	P602
PK4S	P8BO
PK4S	PG9B
PK4S	PCEZ
PK4S	P20V
PK6K	PK6K
PK6K	P8EB
PK6K	PGAY
PK6K	PCD0
PK6K	P5Y3
PK6K	P1Z1
PK7G	PK7G
PK7G	P8FC
PK7G	PGBU
PK7G	PCC5
PK7G	P5X8
PK7G	P1Y5
PK98	PK98
PK98	P8H0
PK98	PGDO
PK98	PCA9
PK98	P5VC
PK98	P1WE
PKA4	PKA4
PKA4	PGEK
PKA4	PC9D
PKA4	P5UG
PKA4	P8HK
PKA4	P1VI
PKB0	PKB0
PKB0	PGFI
PKB0	PC8H
PKB0	P1UD
PKB0	P8IE
PKB0	P5TK
PKDO	PKDO
PKDO	PGHW
PKDO	P8ME
PKDO	P1RJ
PKDO	PC5T
PKDO	P5QW
PKEK	PKEK
PKEK	PGIS
PKEK	P8NA
PKEK	P1QN
PKEK	PC4X
PKEK	P5Q0
PKFG	PKFG
PKFG	PGJL
PKFG	P8O2
PKFG	P1PR
PKFG	PC46
PKFG	P5P9
PKGC	PKGC
PKGC	PGKK
PKGC	P1OV
PKGC	P8OW
PKH8	PKH8
PKH8	PGLG
PKH8	P1NZ
PKH8	PC2E
PKH8	P5NI
PKH8	P8PS
PKI4	PKI4
PKI4	PGMB
PKI4	P1N3
PKI4	PC1J
PKI4	P5MN
PKI4	P8QN
P5ZG	P5ZG
P5ZG	PCED
P698	P698
P698	PCO5
P6GC	P6GC
P6GC	PFSA
P6GC	P7V0
P6GC	P2GD
P6GC	PJP3
P6GC	PCWS
P6OC	P6OC
P6OC	P7MU
P6OC	PD4N
P6OC	P2NW
P6OC	PFKU
P6OC	PJHC
P6Q4	P6Q4
P6Q4	PD6F
P6Q4	P2PP
P6Q4	PJFI
P6R0	P6R0
P6R0	P7K8
P6R0	PFHQ
P6R0	PD7B
P6R0	P2QL
P6R0	PJEM
P6TO	P6TO
P6TO	PJD7
P6TO	P2RW
P6TO	P7IP
P6TO	PD9Z
P6TO	PFFB
P6VG	P6VG
P6VG	PB41
P6VG	PIW6
P6VG	P2TP
P6VG	PDBR
P6VG	PMNW
P71O	P71O
P71O	PMI7
P71O	PDHZ
P71O	P2ZG
P71O	PIPO
P71O	PAXP
P72K	P72K
P72K	PMHD
P72K	PDIV
P72K	P30A
P72K	PAWS
P72K	PIOT
P73G	P73G
P73G	PMGG
P73G	PDJR
P73G	P317
P73G	PAVW
P73G	PINZ
P74C	P74C
P74C	PCSY
P764	P764
P764	PDKX
P764	PIM7
P770	P770
P770	PDLT
P7FW	P7FW
P7FW	PFDH
P7FW	PJ5N
P7JG	P7JG
P7M4	P7M4
P7M4	PFK3
P7NW	P7NW
P830	P830
P87G	P87G
PLIJ	PLIJ
PLIJ	P9WL
PLIJ	PLJB
PLKB	PLKB
PLKB	P9XM
PLKB	P40D
PLKB	PEIE
PLKB	PM5
PLKB	PHQ5
PLL7	PLL7
PLL7	P9YH
PLL7	P3ZH
PLL7	PEHI
PLL7	PL9
PLL7	PHR3
PLOR	PLOR
PLOR	PECJ
PLOR	PECK
PLOR	PHUY
PLOR	P3UI
PLOR	P3UJ
PLOR	PHP
PM0B	PM0B
PM0B	PACO
PM0B	P51
PM0B	P3H3
PM0B	PI7U
PM0B	PDZ3
PM23	PM23
PM23	PAEF
PM23	P39
PM23	P3FC
PM23	PI9O
PM23	PDXC
PM2Z	PM2Z
PM2Z	PAFF
PM2Z	P2D
PM2Z	P3EG
PM2Z	PIAK
PM2Z	PDWG
PM3V	PM3V
PM3V	PAGB
PM3V	P1G
PM3V	P3DK
PM3V	PIBG
PM3V	PDVK
PM97	PM97
PMH7	PMH7
PMH7	P72Q
PMH7	PAWN
PMH7	PIOO
PMH7	PDJ1
PMH7	P30G
PMI3	PMI3
PMI3	P71T
PMI3	PIPK
PMI3	PAXL
PMI3	PDI4
PMI3	P2ZK
PMRV	PMRV
PMTN	PMTN
PMTN	PB74
PMTN	PJ08
PMUJ	PMUJ
PN0R	PN0R
PN0R	PMSO
P18	P18
P18	PIBQ
P18	P3DA
P18	PM43
P18	PAGL
P18	PDVA
P24	P24
P24	PIAT
P24	P3E7
P24	PAFO
P24	PM38
P24	PDW7
P3W	P3W
P3W	PI90
P3W	P3FZ
P3W	PADS
P3W	PM1G
P3W	PDXZ
P4S	P4S
P4S	PI83
P4S	P3GU
P4S	PACX
P4S	PM0K
P4S	PDYU
P5O	P5O
P5O	PI77
P5O	P3HQ
P5O	PAC1
P5O	PLZO
P5O	PDZQ
P7G	P7G
PB0	PB0
PB0	PI2P
PB0	PA7F
PB0	PLV5
PB0	P3O6
PB0	PE66
PJW	PJW
PJW	P3WU
PJW	PHSH
PJW	PEEV
PJW	P9ZU
PJW	PLMK
P9JI	P9JI
P9KE	P9KE
P9QM	P9QM
P9QM	P6DE
P9QM	PJS2
P9QM	P7XO
P9QM	PFV0
P9QM	PCTU
P9QM	P2DC
P9RI	P9RI
P9RI	P49V
P9RI	PERV
P9RI	PR9
P9RI	PLDL
P9RI	PHJY
P9RI	PL6Q
P9RI	P4P0
P9RI	PF70
P9RI	PHCF
P9RI	PY9
P9RI	P9EO
P9VY	P9VY
P9WU	P9WU
PACU	PACU
PACU	P4V
PACU	P3GX
PACU	PM0H
PACU	PDYX
PACU	PI80
PAI6	PAI6
PAJY	PAJY
PAKU	PAKU
PALQ	PALQ
PAMM	PAMM
PANI	PANI
PAUM	PAUM
PB5A	PB5A
PB66	PB66
PJYL	PJYL
PJYL	P85G
PJYL	PCLJ
PJYL	P66M
PJYL	P26Q
PK31	PK31
PK31	P89P
PK31	P22O
PK5P	PK5P
PK5P	P8D5
PK8D	PK8D
PK8D	P8G2
PK8D	PGCQ
PK8D	PCB8
PK8D	P5WB
PK8D	P1X9
PK99	PK99
PK99	P8H1
PK99	PGDP
PK99	PCA8
PK99	P5VB
PK99	P1WD
PKA5	PKA5
PKA5	PGEL
PKA5	PC9C
PKA5	P5UF
PKA5	P8HL
PKA5	P1VH
PKB1	PKB1
PKB1	PGFJ
PKB1	PC8G
PKB1	P1UC
PKB1	P5TJ
PKB1	P8IF
PKDP	PKDP
PKDP	PGHX
PKDP	P8MF
PKDP	P1RI
PKDP	PC5S
PKDP	P5QV
PKEL	PKEL
PKEL	PGIT
PKEL	P8NB
PKEL	P1QM
PKEL	PC4W
PKEL	P5PZ
PKFH	PKFH
PKFH	PGJM
PKFH	P8O3
PKFH	P1PQ
PKFH	PC45
PKFH	P5P8
PKH9	PKH9
PKH9	P8PT
PKH9	PGLH
PKH9	P1NX
PKH9	PC2D
PKH9	P5NH
PKI5	PKI5
PKI5	PGMC
PKI5	P1N2
PKI5	PC1I
PKI5	P5MM
PKI5	P8QO
PKJ1	PKJ1
PKJ1	PGN8
PKJ1	P1M6
PKJ1	PC0G
PKJ1	P5LK
PKJ1	P8RK
PKOD	PKOD
PKQ5	PKQ5
PKQ5	PGWA
PKQ5	PBOW
PKQ5	P59V
PKQ5	P1F8
PKQ5	P907
PKRX	PKRX
PKRX	PGY2
PKRX	PBN2
PKRX	P582
PKRX	P1DH
PKRX	P91Y
PKST	PKST
PKST	PGYY
PKST	PBM6
PKST	P92P
PKST	P576
PKST	P1CL
PLIL	PLIL
PLIL	P9WO
PLIL	PLJD
PLN1	PLN1
PLN1	PA07
PLN1	PHTD
PLN1	PJF
PLVX	PLVX
PLVX	PA88
PLVX	PA7
PLVX	P3NC
PLVX	PI3J
PLVX	PE5C
PM0D	PM0D
PM0D	PACQ
PM0D	P4Z
PM0D	P3H1
PM0D	PI7W
PM0D	PDZ1
PM19	PM19
PM19	PADL
PM19	P43
PM19	P3G6
PM19	PI8S
PM19	PDY6
PM25	PM25
PM25	PAEH
PM25	P37
PM25	P3FA
PM25	PDXA
PM25	PI9Q
PM31	PM31
PM31	PAFH
PM31	P2B
PM31	P3EE
PM31	PDWE
PM31	PIAM
PM3X	PM3X
PM3X	PAGD
PM3X	P1E
PM3X	P3DI
PM3X	PDVI
PM3X	PIBI
PM8D	PM8D
PM99	PM99
PCGD	PCGD
PCGD	P227
PCGD	P8A8
PCGD	P61G
PCGD	PG7W
PCGD	PK3I
PCH9	PCH9
PCH9	P896
PCH9	P235
PCH9	P62C
PCH9	PG6X
PCH9	PK2K
PCLP	PCLP
PCLP	PJYF
PCLP	PG3T
PCLP	P66S
PCLP	P26W
PCLP	P85A
PCOD	PCOD
PCOD	PD8I
PCOD	PI6J
PCOD	PFF3
PCOD	P69G
PCOD	P6S7
PCOD	PGUV
PCOD	PHEJ
PCP9	PCP9
PCP9	PJV1
PCP9	P6AC
PCP9	P2AD
PCP9	P80S
PCP9	PFY8
PCQ5	PCQ5
PCQ5	PJU7
PCQ5	P7ZM
PCQ5	P6B8
PCQ5	P2B9
PCQ5	PFX9
PCR1	PCR1
PCR1	PJTB
PCR1	P6C4
PCR1	P7YS
PCR1	P2C5
PCR1	PFWF
PCRX	PCRX
PCRX	PJSG
PCRX	P2D0
PCRX	P6D0
PCRX	P7Y0
PCRX	PFVE
PCZX	PCZX
PCZX	P7R8
PCZX	PFOV
PCZX	PJLC
PCZX	P2K3
PCZX	P6JH
PD0T	PD0T
PD0T	P7QB
PD0T	PFNX
PD0T	PJKG
PD0T	P2KZ
PD0T	P6KD
PD1P	PD1P
PD1P	P2LR
PD1P	PFN7
PD1P	PJJP
PD1P	P6L9
PD1P	P7PC
PD4D	PD4D
PD4D	PFL9
PD4D	P2NI
PD4D	PJHS
PD4D	P7N9
PD4D	P6NX
PD8T	PD8T
PD8T	P6SI
PD9P	PD9P
PD9P	P6TE
PDL9	PDL9
PDL9	P32M
PDL9	P76G
PDL9	PMF1
PDNX	PDNX
PDNX	P35B
PDNX	PAR3
PDNX	PIJ9
PDNX	P794
PDNX	PMCC
PDOT	PDOT
PDOT	P367
PDOT	PAQ7
PDOT	PIID
PDOT	P7A0
PDOT	PMBG
PDPP	PDPP
PDPP	PAP6
PDPP	P372
PDPP	PIHD
PDPP	P7AW
PDPP	PMAL
PDQL	PDQL
PDQL	PAO8
PDQL	P37Y
PDQL	PIGF
PDQL	P7BS
PDQL	PM9N
PDXP	PDXP
PDXP	P3FP
PE25	PE25
PE25	P3K5
PEGD	PEGD
PEGD	P3YC
PEJX	PEJX
PEJX	P41W
PEJX	PHOQ
PENH	PENH
PENH	P45G
PEP9	PEP9
PEP9	P479
PEP9	PR5
PEP9	PHK2
PEP9	P47A
PEP9	PEPA
PEP9	PLDR
PEQ5	PEQ5
PEQ5	P485
PER1	PER1
PER1	P491
PEST	PEST
PEST	P4AT
PETP	PETP
PETP	P4BP
P1T	P1T
P1T	P3DW
P1T	PDVW
P1T	PIB4
P1T	PAFY
P1T	PM3J
P2P	P2P
P2P	P3ES
P2P	PDWS
P2P	PIA8
P2P	PAF3
P2P	PM2N
P3L	P3L
P3L	P3FO
P3L	PDXO
P3L	PI9B
P3L	PAE3
P3L	PM1R
P5D	P5D
P5D	P3HF
P5D	PDZF
P5D	PI7I
P5D	PACC
P5D	PLZZ
P81	P81
P81	PI5N
P81	PAAB
P81	PLXW
P81	P3KN
P81	PE2N
P8X	P8X
P8X	PA90
P8X	PI4L
P8X	P3M5
P8X	PE45
P8X	PLX1
PAP	PAP
PAP	PI31
PAP	PA7Q
PBL	PBL
PBL	PI24
PBL	P3OU
PBL	PA6U
PBL	PE6U
PBL	PLUK
PCH	PCH
PCH	PI18
PCH	P3PQ
PCH	PA5Y
PCH	PE7Q
PCH	PLTO
PDD	PDD
PDD	PI03
PDD	PA4V
PDD	P3QW
PDD	PLSS
PDD	PE8W
PE9	PE9
PE9	PHZC
PE9	PA43
PE9	P3RR
PE9	PLRW
PE9	PE9R
PF5	PF5
PF5	PF1F
PF5	P9LH
PF5	PH93
PF5	P4JF
PF5	P118
PF5	P9FJ
PF5	PL40
PF5	PF5Y
PF5	PB7P
PF5	PB7Q
PF5	PEQV
PF5	P5K8
PF5	PBFS
PF5	P4H7
PF5	P4SR
PF5	P50S
PF5	P5E7
PF5	PEZ7
PF5	PFAR
PF5	P4NY
PF5	P48V
PF5	PBZ4
PG1	PG1
PG1	PHWJ
PG1	PEAW
PG1	PLQG
PG1	PA3A
PG1	P3SV
PGX	PGX
PGX	PHVP
PGX	PLPJ
PGX	PEBS
PGX	PA2F
PGX	P3TR
PHT	PHT
PHT	PHUU
PHT	PLON
PHT	PECO
PHT	P3UN
PIP	PIP
PIP	PHTW
PIP	PLNS
PJL	PJL
PJL	PEEB
PJL	PA04
PJL	PLMV
PJL	PHTA
PJL	P3WA
PKH	PKH
PKH	P3XF
PKH	P9Z9
PKH	PLLZ
PKH	PEFG
PKH	PHRW
PLD	PLD
PLD	P9YD
PLD	PLL3
PLD	P3ZL
PLD	PEHM
PLD	PHQZ
PM9	PM9
PM9	P9XJ
PM9	PLK7
PM9	P40I
PM9	PHPY
PM9	PEIJ
PN5	PN5
PN5	PLHR
PN5	PHP0
PN5	P41H
PN5	P9V9
PN5	PEJI
PO1	PO1
PO1	PEKK
PO1	P9U6
PO1	PLGV
PO1	PHO2
PO1	P42J
POX	POX
POX	PELE
POX	PHM1
POX	PLFY
POX	P9TD
POX	P43D
PPT	PPT
PPT	PEMB
PPT	PHL5
PPT	PLF2
PPT	P9SO
PPT	P44A
PQP	PQP
PQP	PLE6
PQP	P46W
PQP	PEOW
PSH	PSH
PSH	P4EC
PSH	P9OP
PSH	PEWC
PSH	PLCF
PSH	PHIT
PTD	PTD
PTD	P4F8
PTD	P9NT
PTD	PEX8
PTD	PLBJ
PTD	PHHV
PU9	PU9
PU9	P4G4
PU9	P9MX
PU9	PEY4
PU9	PLAN
PU9	PHGZ
PW1	PW1
PW1	PHFS
PW1	P9IH
PW1	P4KV
PW1	PL90
PW1	PF2V
PWX	PWX
PWX	P9HH
PWX	PL83
PWX	P4LX
PWX	PF3X
PWX	PHDQ
PYP	PYP
PYP	P9E8
PYP	PL6A
PYP	P4PG
PYP	PF7G
PYP	PHBX
PZL	PZL
PZL	PL5E
PZL	P9DF
PZL	P4QG
PZL	PHAX
PZL	PF8G
P10H	P10H
P10H	PF9F
P10H	PF9I
P10H	PL4H
P10H	P4RF
P10H	PHA5
P10H	P4RI
P11D	P11D
P11D	PMRM
P11D	P1IG
P11D	PI1
P11D	P2NF
P11D	P1JG
P11D	P1NY
P11D	P29A
P11D	P2FJ
P11D	PMPL
P11D	P10C
P11D	P71
P11D	PF1
P11D	PXS
P141	P141
P141	PL1D
P141	P9AM
P141	P4VN
P141	PH6D
P141	PBCW
P14X	P14X
P14X	PL0H
P14X	P4WL
P14X	PH5H
P14X	P99Y
P14X	PBBY
P15T	P15T
P15T	PH4L
P15T	P4XJ
P15T	PBB0
P15T	P98G
P15T	PKZK
P17L	P17L
P17L	PKXU
P17L	PBH1
P17L	P521
P17L	PH3T
P17L	P97J
P19D	P19D
P19D	PKW1
P19D	P95U
P19D	PBIV
P19D	P53V
P19D	PH24
P1A9	P1A9
P1A9	PKV5
P1A9	P94Y
P1A9	PBJR
P1A9	P54R
P1A9	PH18
P1C1	P1C1
P1C1	PKTD
P1C1	P938
P1C1	PBLI
P1C1	P56I
P1C1	PGZH
P1CX	P1CX
P1CX	PKSH
P1CX	P92D
P1CX	PBMI
P1CX	P57I
P1CX	PGYM
P1DT	P1DT
P1DT	PKRL
P1DT	P91M
P1DT	PBNE
P1DT	P58E
P1DT	PGXQ
P1EP	P1EP
P1EP	P90Q
P1EP	PBOD
P1EP	PGWT
P1EP	P59C
P1EP	PKQO
P1FL	P1FL
P1FL	P8ZV
P1FL	PKPF
P1FL	PBP9
P1FL	PGVX
P1FL	PGVY
P1FL	P5A8
P1GH	P1GH
P1GH	P8Z1
P1GH	PGUQ
P1GH	PKOL
P1GH	PBQZ
P1GH	P5BY
P1HD	P1HD
P1HD	P8Y4
P1HD	PKNM
P1HD	PGTV
P1HD	PBRV
P1HD	P5CV
P1MP	P1MP
P1MP	PC15
P1MP	P8R1
P1MP	P5M9
P1MP	PGMP
P1MP	PKII
P1NL	P1NL
P1NL	PC21
P1NL	P8Q6
P1NL	P5N5
P1NL	PGLT
P1NL	PKHL
P1OH	P1OH
P1OH	PC2W
P1OH	P8PA
P1OH	P5O0
P1OH	PGKY
P1OH	PKGQ
P1PD	P1PD
P1PD	PC3Q
P1PD	P5OT
P1PD	PGJZ
P1PD	P8OG
P1PD	PKFU
P1Q9	P1Q9
P1Q9	PC4M
P1Q9	P5PP
P1Q9	PGJ3
P1Q9	P8NL
P1Q9	PKEY
P1R5	P1R5
P1R5	PC5F
P1R5	P5QI
P1R5	PGIA
P1R5	P8MS
P1R5	PKE2
P1SX	P1SX
P1SX	P5S6
P1SX	P8JR
P1SX	PKCE
P1SX	PC73
P1SX	PGGW
P1TT	P1TT
P1TT	PGG1
P1TT	P8IX
P1TT	PKBK
P1UP	P1UP
P1UP	PGF6
P1UP	P5TW
P1UP	P8I4
P1UP	PC8T
P1UP	PKAO
P1VL	P1VL
P1VL	PGEH
P1VL	PKA1
P1VL	PC9G
P1VL	P8HH
P1VL	P5UJ
P1WH	P1WH
P1WH	P8GX
P1WH	PGDL
P1WH	PK95
P1WH	PCAC
P1WH	P5VF
P1XD	P1XD
P1XD	PGCM
P1XD	PK89
P1XD	PCBC
P1XD	P8FY
P1XD	P5WF
P1Y9	P1Y9
P1Y9	P8F8
P1Y9	PGBQ
P1Y9	PK7C
P1Y9	PCC9
P1Y9	P5XC
P1Z5	P1Z5
P1Z5	PGAT
P1Z5	PK6G
P1Z5	PCD4
P1Z5	P5Y7
P1Z5	P8E7
P20X	P20X
P20X	P8BM
P20X	P604
P20X	PK4Q
P20X	PG99
P20X	PCF1
P21T	P21T
P21T	P612
P21T	PG8B
P21T	PK3W
P21T	P8AN
P21T	PCFZ
P23L	P23L
P23L	P88X
P23L	P62T
P23L	P62U
P23L	PG6H
P23L	PK23
P23L	PCHQ
P23L	PCHR
P25D	P25D
P25D	P86B
P25D	PCJN
P25D	PG4J
P25D	P64Q
P25D	PK0B
P269	P269
P269	PG43
P269	P85X
P269	PCL2
P269	P665
P269	PJZ2
P275	P275
P275	P851
P275	PCLY
P275	P671
P275	PJY6
P275	PG3K
P281	P281
P281	P681
P281	P844
P281	PCMY
P281	PJXA
P281	PG2N
P28X	P28X
P28X	P82R
P28X	PG06
P28X	PJWE
P2AP	P2AP
P2AP	PJUP
P2AP	P6AU
P2AP	P807
P2AP	PFXQ
P2AP	PCPR
P2BL	P2BL
P2BL	PJTV
P2BL	P7ZA
P2BL	PFWX
P2BL	PCQH
P2BL	P6BK
P2DD	P2DD
P2DD	PJS1
P2DD	P6DF
P2DD	P7XN
P2DD	PFUZ
P2DD	PCTV
P2E9	P2E9
P2E9	PJR5
P2E9	P6EF
P2E9	P7WV
P2E9	PFU7
P2E9	PCUV
P2F5	P2F5
P2F5	PJQ9
P2F5	P6FB
P2F5	P7VZ
P2F5	PFTB
P2F5	PCVR
P2G1	P2G1
P2G1	PJPF
P2G1	PCWG
P2G1	PFSM
P2G1	P7VC
P2G1	P6G0
P2GX	P2GX
P2GX	P6GX
P2GX	P2GY
P2GX	PJOJ
P2GX	PFRH
P2GX	P7U8
P2GX	PCXD
P2HT	P2HT
P2HT	PJNN
P2HT	PFQM
P2HT	PCY8
P2HT	P7TD
P2HT	P6HS
P2JL	P2JL
P2JL	PCZM
P2JL	PJLU
P2JL	P7RL
P2JL	P6J6
P2JL	PFP8
P2KH	P2KH
P2KH	PFOH
P2KH	PJKY
P2KH	P6JV
P2KH	P7QU
P2KH	PD0B
P2LD	P2LD
P2LD	PJK2
P2LD	P7PN
P2LD	P6KV
P2LD	PFNH
P2LD	PD1B
P2M9	P2M9
P2M9	PFMP
P2M9	PD2A
P2M9	PJJ7
P2M9	P7OO
P2M9	P6LU
P2N5	P2N5
P2N5	PFLX
P2N5	P7NR
P2N5	P6ND
P2N5	PD3T
P2N5	PJI4
P2O1	P2O1
P2O1	P7MP
P2O1	P6OH
P2O1	PFKP
P2O1	PJH7
P2O1	PD4S
P2OX	P2OX
P2OX	PMYZ
P2OX	PFJN
P2OX	PHDM
P2OX	PJGA
P2TD	P2TD
P2TD	P6V7
P2TD	PMO9
P2TD	PB4D
P2TD	PDBI
P2TD	PIWE
P2W1	P2W1
P2W1	P6XZ
P2W1	PMLL
P2W1	PITN
P2W1	PB1P
P2W1	PDEA
P2WX	P2WX
P2WX	P6YV
P2WX	PMKP
P2WX	PDF6
P2WX	PB07
P2WX	PISB
P2XT	P2XT
P2XT	P6ZT
P2XT	PMJT
P2XT	PDG4
P30H	P30H
P30H	PMH6
P30H	P72R
P30H	PAWM
P30H	PION
P30H	PDJ2
P31D	P31D
P31D	PDK4
P31D	PMGA
P31D	PAVH
P31D	P75B
P31D	PIMZ
P329	P329
P329	PMFE
P329	P763
P329	PAUK
P329	PDKW
P329	PIM8
P335	P335
P335	PILD
P335	PMEI
P335	P76Z
P335	PAT9
P335	PDLS
P341	P341
P341	PDMP
P341	PIKH
P341	PMDM
P341	P77W
P341	PASC
P34X	P34X
P34X	PDNL
P34X	PIJL
P34X	PMCQ
P34X	P78S
P34X	PARH
P35T	P35T
P35T	PIIR
P35T	P79M
P35T	PMBU
P35T	PAQL
P35T	PDOF
P36P	P36P
P36P	PMAY
P36P	P7AJ
P36P	PAPG
P36P	PIHP
P36P	PDPC
P3B5	P3B5
P3B5	PDT6
P3B5	P7ED
P3B5	PIDX
P3B5	PM67
P3B5	PAIO
P3C1	P3C1
P3C1	PM5D
P3C1	P2
P3C1	PDU1
P3C1	PID0
P3C1	PAHS
P3CX	P3CX
P3CX	PDUX
P3CX	PM4G
P3DT	P3DT
P3DT	PM3M
P3DT	PAG3
P3DT	PDVT
P3DT	PIB7
P3DT	P1Q
P3EP	P3EP
P3EP	PAF6
P3EP	PM2Q
P3EP	PDWP
P3EP	PIAB
P3EP	P2M
P3FL	P3FL
P3FL	PM1U
P3FL	PDXL
P3FL	PI9F
P3FL	P3I
P3FL	PAE6
P3GH	P3GH
P3GH	PM0Y
P3GH	PDYH
P3GH	PI8H
P3GH	P4E
P3GH	PADA
P3HD	P3HD
P3HD	PM01
P3HD	PDZD
P3HD	PI7K
P3HD	PACE
P3HD	P5B
P3I9	P3I9
P3I9	PE09
P3I9	PI6R
P3J5	P3J5
P3J5	P6C
P3J5	PAAS
P3J5	PE15
P3J5	PLYN
P3J5	PI5Z
P3LT	P3LT
P3LT	PE3T
P3LT	PI4S
P3LT	PA9A
P3LT	P8R
P3LT	PLX8
P3MP	P3MP
P3MP	PLWI
P3MP	PE4P
P3MP	PI43
P3MP	P9G
P3NL	P3NL
P3NL	PLVN
P3NL	PE5L
P3NL	PI39
P3NL	PAH
P3NL	PA7Y
P3OH	P3OH
P3OH	PA76
P3OH	PLUW
P3OH	PE6H
P3OH	PB9
P3OH	PI2G
P3PD	P3PD
P3PD	PA6B
P3PD	PE7D
P3PD	PLU1
P3PD	PC4
P3PD	PI1L
P3Q9	P3Q9
P3Q9	PA5F
P3Q9	PE89
P3Q9	PLT5
P3Q9	PD0
P3Q9	PI0P
P3R5	P3R5
P3R5	PE95
P3R5	PDO
P3R5	PLSH
P3S1	P3S1
P3S1	PEA1
P3S1	PEJ
P3S1	PLRL
P3S1	PHZ2
P3SX	P3SX
P3SX	PHWH
P3SX	PG3
P3SX	PLQE
P3SX	PEAY
P3SX	PA38
P3TT	P3TT
P3TT	PGZ
P3TT	PHVN
P3TT	PLPH
P3TT	PEBU
P3TT	PA2D
P3VL	P3VL
P3VL	PLNN
P3VL	PIT
P3VL	PEDM
P3VL	PA0M
P3VL	PHTS
P3WH	P3WH
P3WH	PHT3
P3WH	PJS
P3WH	PEEI
P3WH	P9ZX
P3WH	PLMO
P3XD	P3XD
P3XD	P9ZB
P3XD	PLM1
P3XD	PEFE
P3XD	PHRY
P3XD	PKF
P3Y9	P3Y9
P3Y9	PEGA
P3Y9	PHY6
P3Z5	P3Z5
P3Z5	PEH6
P3Z5	PHRG
P3Z5	PKX
P3Z5	P9YT
P3Z5	PLLJ
P401	P401
P401	PHQH
P401	PEI2
P401	PLT
P401	P9XY
P401	PLKN
P40X	P40X
P40X	PHPK
P40X	PEIY
P40X	PML
P40X	P9X7
P40X	PLJV
P41T	P41T
P41T	PLHJ
P41T	PND
P41T	PEJU
P41T	PHOS
P41T	P9V1
P42P	P42P
P42P	P97N
P42P	PKXY
P42P	PO7
P42P	P9U0
P42P	PLGP
P42P	PEKQ
P42P	PHNW
P42P	PBGX
P42P	P51X
P42P	P17H
P42P	PH3X
P44H	P44H
P44H	PHKY
P44H	PLEV
P44H	PQ0
P44H	PEMI
P44H	P9SH
P469	P469
P469	PEZQ
P469	PEO9
P469	PFBF
P469	P4OF
P469	PBYP
P469	P4YC
P469	P5JQ
P469	PBFA
P469	PF6F
P469	PB88
P469	P50B
P469	PBSS
P469	P4T9
P469	P4HQ
P469	PBA7
P469	P5DS
P475	P475
P475	PLDV
P475	PHK6
P475	PEP5
P475	PR1
P475	P9RP
P4CH	P4CH
P4CH	PIYS
P4CH	PMVA
P4CH	PEUH
P4E9	P4E9
P4E9	PEW9
P4E9	P9OS
P4E9	PLCI
P4E9	PHIW
P4E9	PSE
P4F5	P4F5
P4F5	PEX5
P4F5	P9NW
P4F5	PLBM
P4F5	PHI0
P4F5	PTA
P4G1	P4G1
P4G1	PEY1
P4G1	P9N0
P4G1	PLAQ
P4G1	PHH2
P4G1	PU6
P4JL	P4JL
P4JL	P4YQ
P4JL	PF1L
P4JL	PB9T
P4JL	PHXZ
P4LD	P4LD
P4LD	PF3D
P4LD	PHF7
P4LD	P9I1
P4M9	P4M9
P4M9	PL7Q
P4M9	PF49
P4M9	PXA
P4M9	PHDC
P4M9	P9H6
P4N5	P4N5
P4N5	PBGM
P4N5	PBU1
P4N5	PF55
P4N5	P51M
P4N5	P4GC
P4N5	P5F1
P4N5	P44U
P4N5	P175
P4N5	PKYA
P4N5	PEYC
P4N5	PEMV
P4N5	P9G9
P4O1	P4O1
P4O1	PBFP
P4O1	P50P
P4O1	PB7T
P4O1	PF61
P4O1	P4SU
P4O1	P4HC
P4O1	PFAU
P4O1	PEZC
P4PT	P4PT
P4PT	P9DV
P4PT	PL5W
P4PT	PF7T
P4PT	PZ3
P4PT	PHBK
P4QP	P4QP
P4QP	PZS
P4QP	PF8P
P4QP	PL56
P4QP	P9D8
P4QP	PHAQ
P4RL	P4RL
P4RL	P10K
P4RL	PF9L
P4RL	PL4E
P4RL	PHA2
P4SH	P4SH
P4SH	PFAH
P4SH	PH9A
P4U9	P4U9
P4U9	PH7Q
P4U9	P12N
P4U9	PBEA
P4U9	PL2T
P4U9	P9BS
P4V5	P4V5
P4V5	PH6T
P4V5	PL1T
P4V5	PBDE
P4V5	P13N
P4W1	P4W1
P4W1	P9AC
P4W1	PH60
P4W1	P14E
P4W1	PBCI
P4W1	PL10
P4XT	P4XT
P4XT	P161
P4XT	PH4D
P4XT	PBAQ
P4XT	PKZC
P4YP	P4YP
P4YP	P4JM
P4YP	PF1M
P4YP	PB9U
P4YP	PHXY
P50H	P50H
P50H	P4O9
P50H	PF69
P50H	PB82
P50H	P4T3
P50H	P4HK
P50H	PBFG
P50H	PFB3
P50H	PEZK
P50H	PFB4
P529	P529
P529	P17T
P529	PH3L
P529	P97B
P529	PKXM
P529	PBH9
P535	P535
P535	P18N
P535	PH2T
P535	P96I
P535	PKWR
P535	PBI5
P541	P541
P541	P19J
P541	PH1Y
P541	PKVV
P541	P95O
P541	PBJ1
P54X	P54X
P54X	P1AF
P54X	PH12
P54X	PKUZ
P54X	P94S
P54X	PBJX
P55T	P55T
P55T	P1BC
P55T	PH06
P55T	PKU2
P55T	P93W
P55T	PBKT
P56P	P56P
P56P	P1C8
P56P	PGZA
P56P	PKT6
P56P	P931
P56P	PBLP
P57L	P57L
P57L	P92A
P57L	P1D0
P57L	PGYJ
P57L	PBML
P57L	PKSE
P58H	P58H
P58H	P1DW
P58H	P91J
P58H	PGXN
P58H	PBNH
P58H	PKRH
P59D	P59D
P59D	P1EQ
P59D	P90P
P59D	PGWS
P59D	PBOE
P59D	PKQN
P5A9	P5A9
P5A9	P1FM
P5A9	P8ZU
P5A9	PKPE
P5A9	PGVW
P5A9	PBPA
P5C1	P5C1
P5C1	P1GK
P5C1	P8YY
P5C1	PGUN
P5C1	PKOI
P5C1	PBR2
P5CX	P5CX
P5CX	P1HF
P5CX	P8Y2
P5CX	PKNK
P5CX	PGTT
P5CX	PBRX
P5DT	P5DT
P5DT	PEO8
P5DT	PBYQ
P5DT	P4YD
P5DT	P5JR
P5DT	PBST
P5DT	PBA6
P5DT	P468
P5FL	P5FL
P5FL	P68Y
P5FL	PF6R
P5FL	PAMC
P5FL	PETG
P5FL	PB8L
P5FL	PE2U
P5FL	PF2E
P5FL	PCOA
P5FL	PD8R
P5FL	P4ZY
P5FL	P69D
P5FL	P45W
P5FL	PJ4L
P5FL	PMQD
P5FL	P4OR
P5FL	PCNV
P5FL	P4BG
P5FL	PENW
P5FL	PM7X
P5FL	P3KU
P5FL	P4KE
P5FL	PBUM
P5FL	P6SG
P5GH	P5GH
P5GH	P1J9
P5GH	PGPX
P5GH	P8UE
P5GH	PKLS
P5GH	PBVI
P5HD	P5HD
P5HD	P1K5
P5HD	PGP4
P5HD	P8TL
P5HD	PKKZ
P5HD	PBWE
P5I9	P5I9
P5I9	P8SM
P5I9	P1L4
P5I9	PGO9
P5I9	PBXA
P5K1	P5K1
P5K1	PBUP
P5K1	P4KI
P5K1	PF37
P5K1	P5FO
P5K1	PALH
P5K1	PF9H
P5K1	PCO8
P5K1	P45L
P5K1	P5JD
P5K1	PB8P
P5K1	P4ZU
P5K1	PBM2
P5K1	PF2I
P5K1	PC3V
P5K1	P6DO
P5K1	PBQK
P5K1	P572
P5K1	PG1A
P5K1	P5BJ
P5K1	P69B
P5K1	PBTD
P5K1	PDQP
P5K1	PENL
P5K1	P5OY
P5K1	PCDW
P5K1	P5ED
P5K1	P7G6
P5K1	PHEE
P5K1	P48N
P5K1	P4D3
P5K1	PJ5J
P5K1	PMZC
P5K1	PFCQ
P5K1	P4L7
P5K1	P5YZ
P5K1	PGT7
P5K1	P7BW
P5K1	PCU4
P5K1	P4RH
P5K1	PJA5
P5K1	PEQN
P5K1	PEV3
P5K1	PFDS
P5LT	P5LT
P5LT	PKIS
P5LT	P1MF
P5LT	P8RB
P5LT	PC0P
P5LT	PGMZ
P5MP	P5MP
P5MP	PGM9
P5MP	PKI2
P5MP	P1N5
P5MP	PC1L
P5MP	P8QM
P5NL	P5NL
P5NL	PGLD
P5NL	PKH5
P5NL	P1O2
P5NL	PC2H
P5NL	P8PP
P5OH	P5OH
P5OH	PKG3
P5OH	P1P4
P5OH	PC3E
P5OH	PGK9
P5OH	P8OO
P5PD	P5PD
P5PD	PKFC
P5PD	P1PV
P5PD	PC4A
P5PD	PGJH
P5PD	P8NY
P5Q9	P5Q9
P5Q9	PKEB
P5Q9	P1QW
P5Q9	PC56
P5Q9	PGIJ
P5Q9	P8N1
P5R5	P5R5
P5R5	PKDF
P5R5	P1RS
P5R5	PC62
P5R5	PGHN
P5R5	P8M5
P5SX	P5SX
P5SX	PKBO
P5SX	PGG5
P5SX	P8J1
P5SX	PC7U
P5SX	P1TP
P5TT	P5TT
P5TT	PKAR
P5TT	PGF9
P5TT	P8I7
P5TT	PC8Q
P5TT	P1UM
P5VL	P5VL
P5VL	PGDF
P5VL	PK8Z
P5VL	P1WN
P5VL	PCAI
P5VL	P8GR
P5XD	P5XD
P5XD	P1YA
P5XD	P8F7
P5XD	PGBO
P5XD	PK7B
P5XD	PCCA
P5Y9	P5Y9
P5Y9	P1Z7
P5Y9	PGAR
P5Y9	PK6E
P5Y9	PCD6
P5Y9	P8E5
P5Z5	P5Z5
P5Z5	PF5U
P5Z5	P4H3
P5Z5	P4SN
P5Z5	PB9L
P5Z5	P4YY
P5Z5	PBFW
P5Z5	PBTB
P5Z5	PEZ3
P5Z5	PFAN
P5Z5	P50W
P5Z5	P5EB
P5Z5	P4NU
P5Z5	PCE2
P601	P601
P601	P8BP
P601	PK4T
P601	PG9C
P601	PCEY
P601	P20U
P61T	P61T
P61T	PK35
P61T	PCGQ
P61T	P22K
P61T	PG7I
P62P	P62P
P62P	P891
P62P	PG6L
P62P	PK27
P62P	PCHM
P62P	P23H
P63L	P63L
P63L	P888
P63L	PG5T
P63L	PK1G
P63L	P248
P63L	PCII
P64H	P64H
P64H	P86K
P64H	PG4S
P64H	PK0K
P64H	P254
P64H	PCJE
P669	P669
P669	P26D
P669	P85T
P669	PCL6
P669	PJYY
P675	P675
P675	P27A
P675	P84X
P675	PJY1
P675	PCM2
P675	PG3G
P68X	P68X
P68X	PCNU
P68X	PG1Q
P6AP	P6AP
P6AP	PJUU
P6AP	P80C
P6AP	PFXV
P6AP	PCPM
P6AP	P2AK
P6BL	P6BL
P6BL	P2BM
P6BL	PJTU
P6BL	P7Z9
P6BL	PFWW
P6BL	PCQI
P6CH	P6CH
P6CH	P2CI
P6CH	PJSY
P6CH	P7YF
P6CH	PFVY
P6CH	PCRE
P6DD	P6DD
P6DD	PJS3
P6DD	P7XP
P6DD	PFV1
P6DD	PCTT
P6DD	P2DB
P6E9	P6E9
P6E9	PJRB
P6E9	PCUP
P6E9	P7X1
P6E9	PFUD
P6E9	P2E3
P6F5	P6F5
P6F5	PJQF
P6F5	PCVL
P6F5	P7W5
P6F5	PFTH
P6F5	P2EZ
P6G1	P6G1
P6G1	P2G2
P6G1	PJPE
P6G1	PCWH
P6G1	PFSL
P6G1	P7VB
P6HT	P6HT
P6HT	P2HU
P6HT	PJNM
P6HT	PFQL
P6HT	P7TC
P6HT	PCY9
P6JL	P6JL
P6JL	PFOR
P6JL	PJL8
P6JL	PD01
P6JL	P2K7
P6JL	P7R4
P6KH	P6KH
P6KH	P7Q9
P6KH	PFNV
P6KH	PJKE
P6KH	PD0X
P6KH	P2L1
P6LD	P6LD
P6LD	PFN3
P6LD	PD1T
P6LD	PJJL
P6LD	P2LV
P6LD	P7P8
P6N5	P6N5
P6N5	PJIJ
P6N5	PFM4
P6N5	PD3L
P6N5	P2MX
P6O1	P6O1
P6O1	PFL5
P6O1	PJHO
P6O1	P7N5
P6O1	P2NM
P6OX	P6OX
P6OX	PFK8
P6OX	PD58
P6OX	PJGT
P6OX	P2OF
P6OX	P7M9
P6PT	P6PT
P6PT	PFJD
P6PT	P2P7
P6PT	PD64
P6PT	PJG0
P6PT	P7LI
P6QP	P6QP
P6QP	PJEX
P6QP	PD70
P6QP	P2QA
P6QP	P7KJ
P6QP	PFI1
P6RL	P6RL
P6RL	PJDZ
P6RL	PD7W
P6RL	P7JN
P6RL	P2R9
P6RL	PFH5
P6U9	P6U9
P6U9	P7IC
P6U9	PDAK
P6U9	P2SA
P6U9	PJCS
P6U9	PFEL
P6V5	P6V5
P6V5	PMOB
P6V5	PDBG
P6V5	PB4F
P6V5	PIWG
P6V5	P2TB
P6W1	P6W1
P6W1	PDCC
P6W1	PMNG
P6W1	PB3L
P6W1	PIVM
P6W1	P2U5
P6WX	P6WX
P6WX	PDD8
P6WX	PMML
P6WX	PB2R
P6WX	PIUS
P6WX	P2V1
P6YP	P6YP
P6YP	PISH
P6YP	PDF0
P6YP	PMKV
P6YP	P2WR
P6YP	PB0D
P6ZL	P6ZL
P6ZL	PIRM
P6ZL	PDFW
P6ZL	PMK0
P6ZL	P2XM
P70H	P70H
P70H	PAYU
P70H	PIQU
P70H	PDGS
P70H	PMJ7
P70H	P2YF
P71D	P71D
P71D	P7HH
P71D	PIQ1
P71D	PDHO
P71D	PFCR
P729	P729
P729	PAX3
P729	PIP4
P729	PDIK
P729	P2ZY
P729	PMHP
P735	P735
P735	PAW7
P735	PAW8
P735	PIO9
P735	PDJG
P735	P30U
P735	PMGS
P741	P741
P75T	P75T
P75T	PIMI
P75T	PMFP
P75T	P31Y
P75T	PDKM
P75T	PAV0
P76P	P76P
P76P	PILN
P76P	PATO
P76P	PMES
P76P	PDLI
P76P	P32V
P77L	P77L
P77L	PASN
P77L	PIKS
P77L	PMDX
P77L	P33Q
P77L	PDME
P78H	P78H
P78H	PARS
P78H	PIJW
P78H	PMD1
P78H	P34M
P78H	PDNA
P79D	P79D
P79D	PAQU
P79D	PIJ0
P79D	PMC3
P79D	PDO6
P79D	P35K
P7A9	P7A9
P7A9	PAPY
P7A9	PII4
P7A9	PMB7
P7A9	PDP2
P7A9	P36G
P7B5	P7B5
P7B5	PAOX
P7B5	PIH4
P7B5	PMAC
P7B5	PDPY
P7B5	P37B
P7CX	P7CX
P7CX	PM7B
P7CX	P39R
P7CX	PDRQ
P7DT	P7DT
P7DT	PIEG
P7DT	P3AM
P7DT	PM6Q
P7DT	PDSM
P7DT	PAJB
P7EP	P7EP
P7EP	PIDM
P7EP	P3BG
P7EP	PM5W
P7EP	PAID
P7EP	PDTI
P7GH	P7GH
P7GH	PJ70
P7GH	PFBP
P7GH	PB5Q
P7J5	P7J5
P7J5	P2RP
P7J5	PFFQ
P7J5	P6S2
P7J5	PJDJ
P7J5	PD8D
P7K1	P7K1
P83L	P83L
P83L	PCNG
P83L	PG24
P83L	PJWT
P83L	P28I
P83L	P68J
P85D	P85D
P85D	PCLM
P85D	PJYI
P85D	PG3Z
P85D	P66P
P85D	P26T
P875	P875
P89T	P89T
P8BL	P8BL
P8BL	P20Y
P8BL	P605
P8BL	PK4P
P8BL	PG98
P8BL	PCF2
P8CH	P8CH
P8LD	P8LD
P941	P941
P941	P1B7
P941	PBKO
P941	PH0B
P941	P55O
P941	PKU7
P9C1	P9C1
P9DT	P9DT
P9DT	PL5U
P9DT	P4PV
P9DT	PF7V
P9DT	PHBI
P9DT	PZ5
P9FL	P9FL
P9J5	P9J5
P9K1	P9K1
P9NL	P9NL
P9NL	PLBB
P9NL	PTL
P9NL	PHHN
P9NL	P4FG
P9NL	PEXG
P9OH	P9OH
P9OH	PLC7
P9OH	PSP
P9OH	P4EK
P9OH	PHIL
P9OH	PEWK
P9PD	P9PD
P9PD	P4DO
P9PD	PEVO
P9PD	PG0R
P9Q9	P9Q9
P9WH	P9WH
PABL	PABL
PACH	PACH
PACH	PM04
PACH	PDZA
PACH	PI7N
PACH	P58
PACH	P3HA
PAG1	PAG1
PAM9	PAM9
PAN5	PAN5
PB1D	PB1D
PB6P	PB6P
PBB5	PBB5
PBB5	P98J
PBB5	PKZO
PBB5	P4XE
PBB5	PH4P
PBB5	P15P
PBC1	PBC1
PBC1	PFKY
PBC1	PL0K
PBC1	PJHH
PBC1	P6O8
PBC1	P7MY
PBC1	P4WI
PBC1	PD4J
PBC1	P2NS
PBC1	PH5K
PBC1	P9A1
PBC1	P14U
PBCX	PBCX
PBCX	PL1E
PBCX	P9AN
PBCX	P4VM
PBCX	PH6E
PBCX	P140
PBDT	PBDT
PBDT	P138
PBDT	P9BC
PBDT	P4UQ
PBDT	PH78
PBDT	PL28
PBHD	PBHD
PBHD	P52D
PBHD	P17X
PBHD	PH3H
PBHD	P977
PBHD	PKXI
PBI9	PBI9
PBI9	P539
PBI9	P18R
PBI9	PH2P
PBI9	PKWN
PBJ5	PBJ5
PBJ5	P545
PBJ5	P19N
PBJ5	PH1U
PBJ5	PKVR
PBJ5	P95K
PBK1	PBK1
PBK1	P551
PBK1	P1AJ
PBK1	PH0Y
PBK1	PKUV
PBK1	P94O
PBLT	PBLT
PBLT	P56T
PBLT	P1CC
PBLT	PKT2
PBMP	PBMP
PBMP	P57P
PBMP	P1D4
PBMP	PGYF
PBMP	PKSA
PBMP	P926
PBNL	PBNL
PBNL	P91G
PBNL	P58L
PBNL	P1DZ
PBNL	PGXJ
PBNL	PKRE
PBOH	PBOH
PBOH	P59G
PBOH	P1ET
PBOH	P90M
PBOH	PGWP
PBOH	PKQK
PBPD	PBPD
PBPD	P5AC
PBPD	P1FP
PBPD	P8ZR
PBPD	PKPB
PBPD	PGVR
PBR5	PBR5
PBR5	P5C5
PBR5	P1GN
PBR5	P8YV
PBR5	PGUK
PBR5	PKOF
PBS1	PBS1
PBS1	P5D1
PBS1	P8XY
PBS1	P1HJ
PBS1	PKNG
PBS1	PGTP
PBSX	PBSX
PBSX	P5DX
PBSX	PEO5
PBSX	P9F5
PBSX	P465
PBVL	PBVL
PBVL	PGPU
PBVL	P8UB
PBVL	P5GK
PBVL	PKLP
PBVL	P1JC
PBWH	PBWH
PBWH	P5HG
PBWH	PGP1
PBWH	P8TI
PBWH	P1K8
PBWH	PKKW
PBXD	PBXD
PBXD	P8SJ
PBXD	P5IC
PBXD	PGO6
PBXD	P1L8
PBZ5	PBZ5
PBZ5	PB7O
PBZ5	PF5X
PBZ5	PEQU
PBZ5	P4YV
PBZ5	P5K9
PBZ5	PBFT
PBZ5	P4H6
PBZ5	P4SQ
PBZ5	PB9O
PBZ5	PBT8
PBZ5	P50T
PBZ5	P5E8
PBZ5	PEZ6
PBZ5	PFAQ
PBZ5	P4NX
PBZ5	P48U
PC01	PC01
PC01	PEPU
PC01	P5L5
PC01	P9M5
PC01	PLRI
PC01	PHYS
PC01	P47U
PC1T	PC1T
PC1T	PKHT
PC1T	P5MX
PC1T	P8QE
PC1T	P1ND
PC1T	PGM1
PC2P	PC2P
PC2P	PKGX
PC2P	P5NT
PC2P	P8PH
PC2P	PGL5
PC2P	P1OA
PC4H	PC4H
PC4H	PKF5
PC4H	P5PK
PC4H	PGJA
PC4H	P8NR
PC4H	P1Q2
PC5D	PC5D
PC5D	P5QG
PC5D	PGIC
PC5D	P8MU
PC5D	PKE4
PC5D	P1R3
PC75	PC75
PC75	P1SZ
PC75	P8JP
PC75	P5S8
PC75	PKCC
PC75	PGGU
PC8X	PC8X
PC8X	P1UT
PC8X	P5U0
PC8X	P8I0
PC8X	PKAK
PC8X	PGF2
PC9T	PC9T
PC9T	P5UW
PC9T	P8H4
PC9T	P1VY
PC9T	PGE4
PC9T	PK9O
PCAP	PCAP
PCAP	P5VS
PCAP	P1WU
PCAP	P8GH
PCAP	PGD5
PCAP	PK8S
PCBL	PCBL
PCBL	P5WO
PCBL	P1XM
PCBL	PGCD
PCBL	PK80
PCCH	PCCH
PCCH	P5XK
PCCH	P1YH
PCCH	P8F0
PCCH	PGBH
PCCH	PK74
PCDD	PCDD
PCDD	P5YG
PCDD	P1ZE
PCDD	P8DY
PCDD	PGAK
PCDD	PK67
PCF5	PCF5
PCF5	P608
PCF5	PG95
PCF5	P8BI
PCG1	PCG1
PCG1	P21V
PCG1	P614
PCG1	PG89
PCG1	PK3U
PCG1	P8AL
PCGX	PCGX
PCGX	P22T
PCGX	PG79
PCGX	P620
PCGX	PK2W
PCGX	P89I
PCIP	PCIP
PCIP	P881
PCIP	P63S
PCIP	PG5M
PCIP	PK19
PCIP	P24F
PCJL	PCJL
PCJL	P86D
PCJL	PG4L
PCJL	P64O
PCJL	PK0D
PCJL	P25B
PCKH	PCKH
PCKH	P65K
PCKH	PJZH
PCLD	PCLD
PCLD	P66G
PCLD	P85M
PCLD	P26K
PCLD	PJYR
PCM9	PCM9
PCM9	P67C
PCM9	P84Q
PCM9	P27H
PCM9	PJXU
PCM9	PG39
PCN5	PCN5
PCN5	P287
PCN5	P688
PCN5	P83W
PCN5	PG2F
PCN5	PJX4
PCOX	PCOX
PCOX	P2A0
PCOX	P6A0
PCOX	P81B
PCOX	PFYQ
PCOX	PJVE
PCPT	PCPT
PCPT	P802
PCPT	P2AR
PCPT	P6AW
PCPT	PFXL
PCPT	PJUN
PCQP	PCQP
PCQP	P6BS
PCQP	P2BT
PCQP	PFWP
PCQP	PJTN
PCQP	P7Z2
PCRL	PCRL
PCRL	P7Y9
PCRL	PFVR
PCRL	P6CO
PCRL	P2CP
PCRL	PJSR
PCTD	PCTD
PCU9	PCU9
PCU9	P7XH
PCU9	PFUT
PCU9	P2DN
PCU9	P6DT
PCU9	PJRR
PCV5	PCV5
PCV5	P7WL
PCV5	PFTX
PCV5	P2EJ
PCV5	P6EP
PCV5	PJQV
PCWX	PCWX
PCWX	PFS5
PCWX	P7UV
PCWX	P6GH
PCWX	P2GI
PCWX	PJOY
PCXT	PCXT
PCXT	P6HD
PCXT	P2HE
PCXT	PJO2
PCXT	PFR1
PCXT	P7TS
PCYP	PCYP
PCYP	P6I9
PCYP	P2IA
PCYP	PJN6
PCYP	PFQ5
PCYP	P7SW
PCZL	PCZL
PCZL	PJLV
PCZL	P6J5
PCZL	P7RM
PCZL	PFP9
PCZL	P2JK
PD0H	PD0H
PD0H	P2KN
PD0H	P7QO
PD0H	P6K1
PD0H	PFO9
PD0H	PJKS
PD1D	PD1D
PD1D	P6KX
PD1D	PFNF
PD29	PD29
PD29	P7OP
PD29	P6LT
PD29	PFMQ
PD29	P2M8
PD29	PJJ8
PD35	PD35
PD35	P2MM
PD35	P6MP
PD35	PFMC
PD35	PJIU
PD35	P7OB
PD41	PD41
PD41	P7NL
PD41	P2ND
PD41	P6NL
PD41	PJHW
PD41	PFLP
PD5T	PD5T
PD5T	P7LT
PD5T	P6PI
PD5T	PFJQ
PD5T	PJGD
PD5T	P2OU
PD6P	PD6P
PD6P	P2PZ
PD6P	P2Q1
PD6P	PDHL
PD6P	PIZ
PD6P	PFIJ
PD6P	PIQ4
PD6P	PEDS
PD6P	P2MQ
PD6P	PJF6
PD6P	PJIQ
PD6P	P6QE
PD6P	PLNH
PD6P	P71A
PDA9	PDA9
PDA9	PJD0
PDA9	PFEU
PDA9	P7II
PDA9	P2S3
PDA9	P6TY
PDB5	PDB5
PDB5	PJC1
PDB5	PFDW
PDB5	P7HO
PDB5	P2T2
PDB5	P6UU
PDC1	PDC1
PDC1	P2TU
PDC1	P6VQ
PDC1	PMNR
PDC1	PB3W
PDC1	PIVX
PDCX	PDCX
PDCX	P2UQ
PDCX	P6WM
PDCX	PMMW
PDCX	PB31
PDCX	PIV2
PDDT	PDDT
PDDT	P2VM
PDDT	P6XI
PDDT	PMM0
PDDT	PIU6
PDDT	PB27
PDEP	PDEP
PDEP	PB0O
PDEP	PISS
PDEP	P2WG
PDEP	P6YE
PDEP	PML6
PDFL	PDFL
PDFL	PIRW
PDFL	P2XC
PDFL	P6ZA
PDFL	PMKA
PDGH	PDGH
PDGH	PAZ4
PDGH	PIR4
PDGH	P706
PDHD	PDHD
PDHD	PMIP
PDHD	P2YY
PDHD	PAYC
PDHD	PIQC
PDHD	P712
PDI9	PDI9
PDI9	P2ZP
PDI9	PMHY
PDI9	PIPF
PDI9	PAXG
PDI9	P71Y
PDJ5	PDJ5
PDJ5	P30K
PDJ5	PMH3
PDJ5	PAWJ
PDJ5	PIOK
PDJ5	P72U
PDK1	PDK1
PDK1	P758
PDK1	PMGD
PDK1	PAVK
PDK1	PINO
PDK1	P31A
PDOH	PDOH
PDOH	PIIP
PDOH	P35V
PDOH	PMBS
PDOH	P79O
PDOH	PAQJ
PDPD	PDPD
PDPD	P36Q
PDPD	PMAX
PDPD	P7AK
PDPD	PAPF
PDPD	PIHO
PDQ9	PDQ9
PDQ9	P37M
PDQ9	PMA0
PDQ9	P7BG
PDQ9	PIGR
PDR5	PDR5
PDR5	P7CC
PDR5	PIFS
PDS1	PDS1
PDS1	PAJP
PDS1	P7D8
PDS1	PIEW
PDS1	P3A1
PDS1	PM72
PDSX	PDSX
PDSX	PM6G
PDSX	PAIY
PDSX	P7E4
PDSX	P3AW
PDSX	PIE6
PDTT	PDTT
PDTT	PAI0
PDTT	PM5L
PDTT	P7F0
PDTT	P3BS
PDTT	PID8
PDUP	PDUP
PDUP	PM4O
PDUP	PAH7
PDUP	PO
PDUP	P3CP
PDUP	PICA
PDVL	PDVL
PDVL	PAGA
PDVL	PM3U
PDVL	P1H
PDVL	P3DL
PDVL	PIBF
PDWH	PDWH
PDWH	PAFE
PDWH	PM2Y
PDWH	P2E
PDWH	P3EH
PDWH	PIAJ
PDXD	PDXD
PDXD	PAEE
PDXD	PM22
PDXD	P3A
PDXD	P3FD
PDXD	PI9N
PDY9	PDY9
PDY9	PADI
PDY9	PM16
PDY9	P46
PDY9	P3G9
PDY9	PI8P
PE4H	PE4H
PE4H	PLWO
PE4H	P9A
PE4H	P3MH
PE4H	PI49
PE5D	PE5D
PE5D	PA87
PE5D	PLVW
PE5D	PA8
PE5D	P3ND
PE5D	PI3I
PE69	PE69
PE69	PA7C
PE69	PLV2
PE69	PB3
PE69	P3O9
PE69	PI2M
PE75	PE75
PE75	PI1T
PE75	PA6J
PE75	PBW
PE75	PLU9
PE75	P3P5
PE81	PE81
PE81	PI0X
PE81	PA5N
PE81	PCS
PE81	PLTD
PE81	P3Q1
PE8X	PE8X
PE8X	PDE
PE8X	PI02
PE8X	PA4U
PE8X	P3QX
PE8X	PLSR
PE9T	PE9T
PE9T	PEB
PE9T	PHZA
PE9T	PA41
PE9T	P3RT
PE9T	PLRU
PEBL	PEBL
PEBL	PLPR
PEBL	P3TK
PEBL	PGQ
PECH	PECH
PECH	PHV0
PECH	PLOT
PECH	P3UG
PECH	PHN
PECH	PA1R
PEDD	PEDD
PEDD	PHU5
PEDD	PLNZ
PEDD	P3VC
PEDD	PII
PEDD	PA0U
PEE9	PEE9
PEE9	PA06
PEE9	PLMX
PEE9	PHTC
PEE9	P3W8
PEE9	PJJ
PEF5	PEF5
PEF5	PHS7
PEF5	P9ZK
PEF5	PLMA
PEF5	PK6
PEF5	P3X4
PEGX	PEGX
PEGX	P4TG
PEGX	PBAE
PEGX	P46G
PEGX	PBYI
PEGX	P498
PEGX	P4Y5
PEGX	P5JJ
PEGX	PBF3
PEGX	PEOG
PEGX	P4OJ
PEGX	P503
PEGX	PCDV
PEGX	PER8
PEGX	PBSL
PEGX	P3YW
PEGX	P5DL
PEGX	P5YY
PEGX	PF6J
PEGX	PB8G
PEIP	PEIP
PEIP	P9XE
PEIP	PLK2
PEIP	PME
PEIP	PHPT
PEIP	P40O
PEJL	PEJL
PEJL	PN8
PEJL	PLHO
PEJL	PHOX
PEJL	P9V6
PEJL	P41K
PEKH	PEKH
PEKH	P9U9
PEKH	PLGY
PEKH	PHO5
PEKH	P42G
PEKH	PNY
PELD	PELD
PELD	PHM2
PELD	PLFZ
PELD	P9TE
PELD	P43C
PELD	POW
PEM9	PEM9
PEM9	PHL7
PEM9	PLF4
PEM9	P448
PEM9	P9SQ
PEM9	PPR
PEO1	PEO1
PEO1	PBT1
PEO1	P5E1
PEO1	P9L9
PEO1	P461
PEO1	P9FD
PEOX	PEOX
PEOX	PQQ
PEOX	PLE5
PEOX	P46X
PEPT	PEPT
PEPT	PEG1
PEPT	PC02
PEPT	P5L6
PEPT	P9M6
PEPT	PHYT
PEPT	P3Y0
PEPT	P47T
PEQP	PEQP
PEQP	PBZA
PEQP	P5KE
PEQP	P48P
PESH	PESH
PESH	PLD2
PESH	PHJC
PESH	PRU
PESH	P4AH
PESH	P9QX
PEW1	PEW1
PEW1	P9P0
PEW1	PS6
PEW1	P4E1
PEW1	PLCQ
PEW1	PHJ4
PEWX	PEWX
PEWX	P9O4
PEWX	PT2
PEWX	P4EX
PEWX	PLBU
PEWX	PHI8
PEXT	PEXT
PEXT	P9N8
PEXT	PTY
PEXT	P4FT
PEXT	PLAY
PEXT	PHHA
PEZL	PEZL
PEZL	PFB5
PEZL	P4OA
PEZL	PF6A
PEZL	PB83
PEZL	P4T4
PEZL	P4HL
PEZL	PBFF
PEZL	P50G
PF35	PF35
PF35	PL8P
PF35	PWB
PF35	P4L5
PF35	PHFD
PF35	P9I7
PF41	PF41
PF41	P9HE
PF41	PX2
PF41	PL7Y
PF41	PHDK
PF41	P4M1
PF4X	PF4X
PF4X	P9GH
PF4X	PY0
PF4X	PL6Z
PF4X	PHCO
PF4X	P4MX
PF5T	PF5T
PF5T	P5Z6
PF5T	P9FN
PF5T	PEQR
PF5T	PBZ8
PF5T	P4H2
PF5T	P4SM
PF5T	PB9K
PF5T	PEG8
PF5T	P4YZ
PF5T	P5KC
PF5T	PBFX
PF5T	PEZ2
PF5T	PFAM
PF5T	P45S
PF5T	PBTC
PF5T	P50X
PF5T	P5EC
PF5T	PENS
PF5T	P4NT
PF5T	P48R
PF5T	PCE3
PF5T	P3Y7
PF7L	PF7L
PF7L	PYV
PF7L	P9E3
PF7L	PL64
PF7L	PHBS
PF7L	P4PL
PF8H	PF8H
PF8H	PZM
PF8H	PL5D
PF8H	P9DE
PF8H	PHAW
PF8H	P4QH
PF9D	PF9D
PF9D	PL4J
PF9D	P9CM
PF9D	P4RD
PF9D	P10F
PF9D	PHA7
PFA9	PFA9
PFA9	PH9E
PFA9	PENA
PFA9	P9FY
PFA9	P4S9
PFA9	P459
PFC1	PFC1
PFC1	P7GT
PFC1	PH96
PFCX	PFCX
PFCX	P7HN
PFCX	P7FC
PFDT	PFDT
PFDT	PJ6P
PFDT	P7G7
PFGH	PFGH
PFPD	PFPD
PFPD	PJLZ
PFPD	P6J1
PFPD	P7RQ
PFPD	P2JG
PFPD	PCZH
PFTT	PFTT
PFTT	P7WH
PFTT	PCV9
PFTT	P2EN
PFTT	PJQR
PFTT	P6ET
PG2P	PG2P
PG2P	P846
PG2P	PCMW
PG2P	P27Z
PG2P	P67Z
PG2P	PJXC
PG3L	PG3L
PG3L	PCLX
PG3L	P852
PG3L	P670
PG3L	PJY7
PG3L	P274
PG9T	PG9T
PGIP	PGIP
PGIP	P8N7
PGIP	PKEH
PGIP	P1QQ
PGIP	PC50
PGIP	P5Q3
PGKH	PGKH
PGKH	PKG8
PGKH	P1OY
PGKH	P1OZ
PGKH	PC38
PGKH	PC39
PGKH	P5OC
PGKH	P8OT
PGQP	PGQP
PGRL	PGRL
PH7L	PH7L
PH9D	PH9D
PHEP	PHEP
PHJ5	PHJ5
PHJ5	PS5
PHJ5	P9P1
PHJ5	P4E0
PHJ5	PLCR
PHJ5	PEW0
PHLT	PHLT
PHLT	P43L
PHLT	PLFQ
PHLT	PP5
PHLT	P9T5
PHLT	PELM
PHMP	PHMP
PHNL	PHNL
PHQ9	PHQ9
PHQ9	P409
PHQ9	P9XQ
PHQ9	PLKF
PHQ9	PEIA
PHQ9	PM1
PHR5	PHR5
PHSX	PHSX
PI5D	PI5D
PI5D	P3KZ
PI5D	PAA1
PI5D	PE2Z
PICH	PICH
PICH	PM4W
PICH	P3CH
PICH	PM4X
PICH	P3CI
PICH	PDUH
PICH	PDUI
PIG1	PIG1
PIN5	PIN5
PIOX	PIOX
PIOX	P72G
PIOX	PDIR
PIOX	PMHH
PIOX	P306
PIOX	PAWW
PIQP	PIQP
PIQP	PAYP
PIQP	P70N
PIQP	PMJ2
PIQP	PDGY
PIQP	P2YL
PIW1	PIW1
PIYP	PIYP
PIYP	PEUE
PIYP	PMVD
PIYP	P4CE
PJ0H	PJ0H
PJ0H	PJ3U
PJ0H	PJ3V
PJ0H	PMOS
PJ0H	PMOT
PJ29	PJ29
PJ41	PJ41
PJ41	PB6R
PJ41	PJ44
PJ41	PMSK
PJ41	PN0K
PJ41	PJ0N
PJ41	PIYZ
PJ41	PMSR
PJ41	PMSV
PJ41	PJ03
PJ41	PMOL
PJ41	PMT2
PJ41	PMT6
PJ41	PMT8
PJ41	PMSD
PJ41	PN0D
PJ41	PMSE
PJ41	PMSG
PJ41	PN0G
PJ4X	PJ4X
PJ7L	PJ7L
PJ7L	PIG3
PJ7L	PHFQ
PJ7L	PJ1J
PJ7L	PCOC
PJ7L	P9PP
PJ7L	PIYA
PJ7L	P69F
PJ7L	P4C6
PJ7L	PFGC
PJ7L	PAN2
PJ7L	PEU6
PJ7L	PAN4
PJ8H	PJ8H
PJ9D	PJ9D
PJA9	PJA9
PJB5	PJB5
PJCX	PJCX
PJCX	PFEP
PJCX	P7IF
PJCX	PDAG
PJCX	P2S6
PJCX	P6U5
PJEP	PJEP
PJEP	P6QX
PJEP	P7KB
PJEP	PFHT
PJEP	PD78
PJEP	P2QI
PJFL	PJFL
PJFL	P7L2
PJFL	P2PM
PJFL	PFIY
PJGH	PJGH
PJGH	P7LX
PJGH	P6PE
PJGH	P2OQ
PJGH	PFJU
PJGH	PD5P
PJHD	PJHD
PJHD	P7MV
PJHD	P6OB
PJHD	PD4M
PJHD	P2NV
PJHD	PFKV
PJI9	PJI9
PJJ5	PJJ5
PJJ5	P2MB
PJJ5	PD2C
PJJ5	P7OM
PJJ5	P6LW
PJJ5	PFMN
PJK1	PJK1
PJK1	P2LE
PJK1	P7PM
PJK1	P6KW
PJK1	PFNG
PJK1	PD1C
PJKX	PJKX
PJKX	P2KI
PJKX	P6JW
PJKX	P7QT
PJKX	PD0C
PJKX	PFOG
PJLT	PJLT
PJLT	P2JM
PJLT	PCZN
PJLT	P7RK
PJLT	P6J7
PJLT	PFP7
PJMP	PJMP
PJMP	P2IQ
PJMP	P7SG
PJNL	PJNL
PJNL	P6HU
PJNL	P2HV
PJNL	PFQK
PJNL	P7TB
PJNL	PCYA
PJOH	PJOH
PJOH	P6GZ
PJOH	P2H0
PJOH	PFRF
PJOH	P7U6
PJOH	PCXF
PJPD	PJPD
PJPD	P6G2
PJPD	P2G3
PJPD	PCWI
PJPD	PFSK
PJPD	P7VA
PFQE	PFQE
PFQE	P6I0
PFQE	P2I1
PFQE	P7T5
PFQE	PCYG
PFQE	PJNF
PFYE	PFYE
PFYE	P80Z
PG1Y	PG1Y
PG1Y	PJWN
PG1Y	PCNM
PG1Y	P28O
PG1Y	P68P
PG1Y	P83F
PG2U	PG2U
PG2U	PCMR
PG2U	P67U
PG2U	P84B
PG3Q	PG3Q
PG3Q	PJYC
PG3Q	PCLS
PG3Q	P66V
PG3Q	P26Z
PG3Q	P857
PG9Y	PG9Y
PGDI	PGDI
PGDI	P1WK
PGDI	PK92
PGDI	PCAF
PGDI	P5VI
PGDI	P8GU
PGH2	PGH2
PGH2	P8LN
PGH2	P1SC
PGH2	PC6L
PGH2	PKCT
PGH2	P5RO
PH2E	PH2E
PH3A	PH3A
PH3A	PBHK
PH3A	P52K
PH3A	P970
PH3A	PKXB
PH3A	P184
PHD2	PHD2
PHD2	P4MK
PHD2	P9GV
PHD2	PF4K
PHD2	PXL
PHD2	PL7F
PHEU	PHEU
PHRA	PHRA
PHRA	P3ZB
PHRA	P9YN
PHRA	PEHC
PHRA	PLLD
PHRA	PL3
PHT2	PHT2
PHYE	PHYE
PHYE	P4J8
PHYE	PEV
PHYE	PF18
PI06	PI06
PI06	PA4Y
PI06	P3QT
PI06	PE8T
PI12	PI12
PI12	PCN
PI12	PA5S
PI12	P3PW
PI12	PLTI
PI12	PE7W
P8CS	P8CS
P8CS	PV5
P8CS	PK5N
P8GC	P8GC
P8GC	PCAU
P8GC	P5VX
P8GC	P1WZ
P8GC	PK8N
P8GC	PGD0
P8RW	P8RW
P8RW	P1LT
P8RW	P1LV
P8RW	PKJE
P8RW	PBY4
P8RW	P5J3
P8SS	P8SS
P8WC	P8WC
P8X8	P8X8
P9FW	P9FW
P9JG	P9JG
P9KC	P9KC
P9PO	P9PO
P9VW	P9VW
P9WS	P9WS
PAB0	PAB0
PAB0	PE0X
PAB0	PI69
PAB0	PLYW
PAB0	P3IX
PAB0	P64
PABW	PABW
PAJW	PAJW
PALO	PALO
PALO	PALM
PALO	PALN
PAMK	PAMK
PANG	PANG
P1V2	P1V2
P23Y	P23Y
P23Y	PCI7
P23Y	P88I
P23Y	P63A
P23Y	PG63
P23Y	PK1Q
P24U	P24U
P24U	PCJ4
P24U	P86U
P24U	PG52
P24U	P647
P24U	PK0U
P2J2	P2J2
P2J2	P7S4
P2J2	PCZ3
P2J2	PFPR
P2J2	PJMD
P2J2	P6IN
P2JY	P2JY
P2JY	P7RD
P2JY	PFP0
P2JY	PJLH
P2UM	P2UM
P2UM	PIV5
P2UM	P6WI
P2UM	PMMZ
P2UM	PDCT
P2UM	PB34
P2WE	P2WE
P2WE	PB0Q
P2WE	PISU
P2WE	P6YC
P2WE	PML8
P2WE	PDEN
P2XA	P2XA
P2XA	PIRY
P2XA	P6Z8
P2XA	PMKC
P2XA	PDFJ
P31Q	P31Q
P31Q	PAV5
P31Q	PDKG
P31Q	PIMO
P31Q	P75N
P31Q	PMFX
P33I	P33I
P33I	PDM6
P33I	PASV
P33I	PIL0
P33I	P77D
P33I	PME5
P34E	P34E
P34E	PDN2
P34E	PAS0
P34E	PIK5
P34E	P789
P34E	PMD9
P35A	P35A
P35A	PAR4
P35A	PMCD
P38U	P38U
P38U	PM81
P3KE	P3KE
P3KE	PE2E
P3KE	P7S
P3SE	P3SE
P3SE	PA3R
P3SE	PFJ
P3SE	PHWZ
P3SE	PEAF
P3SE	PLQY
P3TA	P3TA
P3TA	PA2V
P3TA	PGG
P3TA	PHW4
P3TA	PEBB
P3TA	PLQ1
P3V2	P3V2
P3V2	PI8
P3V2	PA1D
P3V2	PHUE
P3V2	PED3
P3V2	PLO9
P3VY	P3VY
P3VY	PA0C
P3VY	PLN6
P3VY	PJA
P3VY	PHTI
P3VY	PEDZ
P3XQ	P3XQ
P3XQ	PKS
P3XQ	PHRL
P3XQ	PEFR
P3XQ	P9YY
P3XQ	PLLO
P41A	P41A
P41A	PLHY
P41A	PEJB
P41A	PMY
P41A	PHP7
P41A	P9VH
P426	P426
P426	P9UQ
P426	PNO
P426	PEK7
P426	PLH8
P426	PHOF
P432	P432
P432	PHMC
P432	POM
P432	PEL3
P432	PLG9
P432	P9TO
P46M	P46M
P46M	P9S3
P46M	PHKK
P46M	PQE
P46M	PEOM
P46M	PLEH
P4A6	P4A6
P4A6	P9R7
P4A6	PLDB
P4A6	PHJN
P4A6	PES6
P4A6	PRK
P4BY	P4BY
P4BY	P38K
P4BY	PM8G
P4BY	PETY
P4KU	P4KU
P4KU	PHFT
P4KU	PL91
P4KU	PF2U
P4KU	PW0
P4LQ	P4LQ
P4LQ	PHDX
P4LQ	P9HO
P4LQ	PF3Q
P4LQ	PWQ
P4LQ	PL8A
P4MM	P4MM
P4MM	PHCZ
P4MM	P9GS
P4MM	PF4M
P4MM	PL7B
P4MM	PXP
P4PA	P4PA
P4PA	PHC3
P4PA	P9EE
P4PA	PF7A
P4PA	PL6G
P4PA	PYJ
P4R2	P4R2
P4R2	PHAD
P4R2	P105
P4R2	PF92
P4R2	PL4S
P4R2	PL4T
P4R2	P9CV
P5F2	P5F2
P5F2	PBU2
P5GU	P5GU
P5GU	PBVV
P5ZI	P5ZI
P5ZI	PG9U
P5ZI	PCEF
P6GE	P6GE
P6GE	PFS8
P6GE	P7UY
P6GE	P2GF
P6GE	PJP1
P6GE	PCWU
P6HA	P6HA
P6HA	P7TV
P6HA	P2HB
P6HA	PJ4J
P6HA	PJO5
P6HA	PCXQ
P6HA	PFR4
P6OE	P6OE
P6OE	P7MS
P6OE	PD4P
P6OE	PFKS
P6OE	P2NY
P6OE	PJHA
PUB	PUB
PUB	P4G6
PUB	P9MV
PUB	PLAL
PUB	PEY6
PUB	PHGX
PV7	PV7
PV7	P8DA
PW3	PW3
PW3	PHFN
PW3	P9IF
PW3	P4KX
PW3	PL8Y
PW3	PF2X
PWZ	PWZ
PWZ	P9HF
PWZ	PX0
PWZ	PX1
PWZ	PL7Z
PWZ	PL80
PWZ	PL81
PWZ	P4LZ
PWZ	P4M0
PWZ	PHDL
PWZ	PHDO
PWZ	PF3Z
PWZ	PF40
PXV	PXV
PXV	P9GM
PXV	PL75
PXV	P4MS
PXV	PF4S
PXV	PHCT
P10J	P10J
P10J	PF9K
P10J	PL4F
P10J	PHA3
P10J	P4RK
P11F	P11F
P11F	PLR9
P11F	PL3X
P11F	PL3Y
P143	P143
P143	P9AK
P143	PH6B
P143	P4VP
P143	PBCU
P143	PL1B
P14Z	P14Z
P14Z	PH5F
P14Z	P99W
P14Z	P4WN
P14Z	PBBW
P14Z	PL0F
P15V	P15V
P15V	PH4J
P15V	P4XL
P15V	PBAY
P15V	P98E
P15V	PKZI
P17N	P17N
P17N	PBH3
P17N	PH3R
P17N	P523
P17N	P97H
P17N	PKXS
P18J	P18J
P18J	PBI1
P18J	PH2X
P18J	P531
P18J	P96M
P18J	PKWV
P19F	P19F
P19F	PBIX
P19F	PH22
P19F	P53X
P19F	PKVZ
P19F	P95S
P1AB	P1AB
P1AB	PBJT
P1AB	PH16
P1AB	P54T
P1AB	PKV3
P1AB	P94W
P1C3	P1C3
P1C3	P936
P1C3	PBLK
P1C3	PGZF
P1C3	P56K
P1C3	PKTB
P1DV	P1DV
P1DV	P91K
P1DV	PBNG
P1DV	PGXO
P1DV	PKRI
P1DV	P58G
P1IB	P1IB
P1IB	P8WX
P1IB	PKMQ
P1IB	PGSZ
P1IB	PBUF
P1IB	P5FE
P1MR	P1MR
P1MR	P8QZ
P1MR	PC17
P1MR	PGMN
P1MR	P5MB
P1MR	PKIG
P1OJ	P1OJ
P1OJ	PC2Y
P1OJ	P8P8
P1OJ	PGKW
P1OJ	P5O2
P1OJ	PKGO
P1R7	P1R7
P1R7	PC5H
P1R7	P5QK
P1R7	PGI8
P1R7	P8MQ
P1R7	PKE0
P1TV	P1TV
P1TV	P8IV
P1TV	PKBI
P1TV	PGFZ
P1UR	P1UR
P1UR	P5TY
P1UR	P8I2
P1UR	PKAM
P1UR	PC8V
P1UR	PGF4
P1VN	P1VN
P1VN	PGEF
P1VN	PK9Z
P1VN	P8HF
P1VN	PC9I
P1VN	P5UL
P1WJ	P1WJ
P1WJ	PGDJ
P1WJ	PK93
P1WJ	PCAE
P1WJ	P5VH
P1WJ	P8GV
P1XF	P1XF
P1XF	P5WH
P1XF	PGCK
P1XF	PK87
P1XF	PCBE
P1XF	P8FW
P203	P203
P20Z	P20Z
P20Z	P606
P20Z	PK4O
P20Z	PG97
P20Z	PCF3
P20Z	P8BK
P22R	P22R
P22R	PK2Y
P22R	P89M
P23N	P23N
P23N	PCHT
P23N	PCHU
P23N	PG6F
P23N	P62W
P23N	P62X
P23N	PK21
P23N	P88V
P24J	P24J
P24J	PCIT
P24J	PG5I
P24J	PK15
P24J	P63W
P24J	P87X
P25F	P25F
P25F	P869
P25F	PG4H
P25F	PCJP
P25F	PK09
P25F	P64S
P26B	P26B
P26B	P85V
P26B	PCL4
P26B	PJZ0
P26B	P667
P283	P283
P283	P683
P283	P841
P283	PCN0
P283	PG2K
P283	PJX8
P29V	P29V
P29V	P69V
P29V	P81G
P29V	PFYV
P29V	PCOS
P29V	PJVJ
P2DF	P2DF
P2DF	P6DH
P2DF	P7XL
P2DF	PFUX
P2DF	PCTX
P2DF	PJRZ
P2EB	P2EB
P2EB	P6EH
P2EB	P7WT
P2EB	PFU5
P2EB	PCUX
P2EB	PJR3
P2F7	P2F7
P2F7	P6FD
P2F7	P7VX
P2F7	PFT9
P2F7	PCVT
P2F7	PJQ7
P2JN	P2JN
P2JN	PCZO
P2JN	P7RJ
P2JN	P6J8
P2JN	PFP6
P2JN	PJLS
P2KJ	P2KJ
P2KJ	P6JX
P2KJ	P7QS
P2KJ	PD0D
P2KJ	PFOF
P2KJ	PJKW
P2N7	P2N7
P2N7	PFLV
P2N7	P7NP
P2N7	P6NF
P2N7	PJI2
P2N7	PD3V
P2O3	P2O3
P2O3	P6OJ
P2O3	PFKN
P2O3	PJH5
P2O3	PD4U
P2O3	P7MN
P2PV	P2PV
P2PV	P7KX
P2PV	PFIN
P2PV	P6QA
P2PV	PJFC
P2PV	PD6L
P2UB	P2UB
P2UB	PMNA
P2UB	P6W7
P2UB	PB3F
P2UB	PIVG
P2UB	PDCI
P2V7	P2V7
P2V7	P6X3
P2V7	PMMF
P2V7	PB2M
P2V7	PIUM
P2V7	PDDE
P2W3	P2W3
P2W3	PMLJ
P2W3	PITK
P2W3	P6Y1
P2W3	PB1N
P2W3	PDEC
P2WZ	P2WZ
P2WZ	PMKN
P2WZ	P6YX
P2WZ	PDF8
P2WZ	PB05
P2WZ	PIS9
P2XV	P2XV
P2XV	PMJR
P2XV	P6ZV
P2XV	PDG6
P2XV	PAZC
P2XV	PIRF
P2YR	P2YR
P2YR	PMIW
P2YR	P70T
P2YR	PDH4
P2YR	PAYJ
P2YR	PIQJ
P2ZN	P2ZN
P2ZN	PMI0
P2ZN	P71W
P2ZN	PIPH
P2ZN	PAXI
P2ZN	PDI7
P30J	P30J
P30J	PMH4
P30J	PAWK
P30J	P72T
P30J	PIOL
P30J	PDJ4
P31F	P31F
P31F	PDK6
P31F	PMG8
P31F	PAVF
P31F	P75D
P31F	PIMX
P337	P337
P337	PMEG
P337	PAT7
P337	PILB
P343	P343
P343	PDMR
P343	PMDK
P343	P77Y
P343	PASA
P343	PIKF
P34Z	P34Z
P34Z	PDNN
P34Z	PMCO
P34Z	P78U
P34Z	PARF
P34Z	PIJJ
P38J	P38J
P38J	P12C
P38J	PCEC
P38J	PETJ
P38J	P5ZF
P38J	PJ4F
P38J	PMR7
P38J	PBQU
P38J	P5BT
P38J	P6Y
P38J	P4BJ
P3C3	P3C3
P3C3	P4
P3C3	PDU3
P3C3	PICY
P3C3	PAHQ
P3C3	PM5B
P3CZ	P3CZ
P3CZ	PX
P3CZ	PDUZ
P3CZ	PIC1
P3CZ	PM4E
P3CZ	PAGW
P3DV	P3DV
P3DV	PDVV
P3DV	PIB5
P3DV	PAFZ
P3DV	P1S
P3DV	PM3K
P3ER	P3ER
P3ER	PDWR
P3ER	PIA9
P3ER	P2O
P3ER	PAF4
P3ER	PM2O
P3FN	P3FN
P3FN	PDXN
P3FN	PI9C
P3FN	PAE4
P3FN	P3K
P3FN	PM1S
P3GJ	P3GJ
P3GJ	P4H
P3GJ	PDYJ
P3GJ	PI8E
P3GJ	PAD8
P3GJ	PM0V
P3IB	P3IB
P3IB	PE0B
P3IB	PI6P
P3J7	P3J7
P3J7	PAAQ
P3J7	P6E
P3J7	PE17
P3J7	PLYL
P3J7	PI5X
P3LV	P3LV
P3LV	PE3V
P3LV	PI4R
P3LV	PA99
P3LV	PLX6
P3LV	P8T
P3MR	P3MR
P3MR	PE4R
P3MR	PI41
P3MR	P9I
P3MR	PLWG
P3OJ	P3OJ
P3OJ	PLUU
P3OJ	PE6J
P3OJ	PI2E
P3OJ	PBB
P3OJ	PA74
P3PF	P3PF
P3PF	PA69
P3PF	PLTZ
P3PF	PE7F
P3PF	PC6
P3PF	PI1J
P3QB	P3QB
P3QB	PA5D
P3QB	PLT3
P3QB	PE8B
P3QB	PD2
P3QB	PI0N
P3R7	P3R7
P3R7	PA4N
P3R7	PE97
P3R7	PDQ
P3R7	PLSF
P3R7	PHZV
P3S3	P3S3
P3S3	PFF
P3S3	PEA3
P3S3	PHXA
P3S3	PLR3
P3SZ	P3SZ
P3SZ	PLQC
P3SZ	PG5
P3SZ	PEB0
P3SZ	PA36
P3SZ	PHWF
P3TV	P3TV
P3TV	PHVL
P3TV	PLPF
P3TV	PH1
P3TV	PEBW
P3TV	PA2B
P3UR	P3UR
P3UR	PHUR
P3UR	PHW
P3UR	PLOK
P3UR	PECS
P3UR	PA1P
P3VN	P3VN
P3VN	PLNL
P3VN	PIV
P3VN	PEDO
P3VN	PA0K
P3VN	PHTQ
P3WJ	P3WJ
P3WJ	PEEK
P3WJ	PHSS
P3Z7	P3Z7
P3Z7	PHRE
P3Z7	PEH8
P3Z7	PKZ
P3Z7	P9YR
P3Z7	PLLH
P403	P403
P403	PHQF
P403	PEI4
P403	PLV
P403	P9XW
P403	PLKL
P40Z	P40Z
P40Z	PHPI
P40Z	PEJ0
P40Z	PMN
P40Z	P9X5
P40Z	PLJT
P42R	P42R
P42R	P9TY
P42R	PLGN
P42R	PO9
P42R	PHNU
P42R	PEKS
P43N	P43N
P43N	PLFO
P43N	P9T3
P43N	PP7
P43N	PELO
P43N	PHLR
P44J	P44J
P44J	PLET
P44J	PQ2
P44J	PEMK
P44J	P9SF
P44J	PHKW
P46B	P46B
P46B	PBA9
P46B	PEOB
P46B	PBYN
P46B	P4YA
P46B	P5JO
P46B	PBF8
P46B	P509
P46B	PB8A
P46B	PBSQ
P46B	P5DQ
P46B	P4TB
P483	P483
P483	P9LV
P483	PGQU
P483	PEQ3
P4CJ	P4CJ
P4CJ	PMV8
P4CJ	PIYU
P4CJ	PEUJ
P4DF	P4DF
P4DF	PGSH
P4DF	P9PK
P4DF	PEVF
P4DF	P1IK
P4EB	P4EB
P4EB	P9OQ
P4EB	PEWB
P4EB	PLCG
P4EB	PHIU
P4EB	PSG
P4F7	P4F7
P4F7	P9NU
P4F7	PEX7
P4F7	PLBK
P4F7	PHHY
P4F7	PTC
P4G3	P4G3
P4G3	P9MY
P4G3	PEY3
P4G3	PLAO
P4G3	PHH0
P4G3	PU8
P4JN	P4JN
P4JN	PF1N
P4JN	PB9V
P4JN	PHXX
P4JN	P4YO
P4LF	P4LF
P4LF	PF3F
P4LF	PHF5
P4LF	P9HZ
P4MB	P4MB
P4MB	PL7O
P4MB	PF4B
P4MB	PHDA
P4MB	PXC
P4MB	P9H4
P4N7	P4N7
P4N7	PBGK
P4N7	P51K
P4N7	PF57
P4N7	P173
P4N7	PKYC
P4N7	P9G7
P4O3	P4O3
P4O3	PBFN
P4O3	P50N
P4O3	PB7V
P4O3	PF63
P4O3	P4SW
P4O3	P4HE
P4O3	PFAW
P4O3	PEZE
P4OZ	P4OZ
P4OZ	P9EP
P4OZ	PL6R
P4OZ	PF6Z
P4OZ	PY8
P4OZ	PHCG
P4QR	P4QR
P4QR	PL54
P4QR	PZU
P4QR	P9D6
P4QR	PF8R
P4QR	PHAO
P4RN	P4RN
P4RN	P10M
P4RN	PF9N
P4RN	PL4C
P4RN	P9CG
P4RN	PHA0
P4SJ	P4SJ
P4SJ	P4GX
P4SJ	PB9H
P4SJ	PEYX
P4SJ	PFAJ
P4SJ	P4Z2
P4SJ	PBG0
P4SJ	P510
P4SJ	PBTH
P4SJ	P5EH
P4UB	P4UB
P4UB	PH7N
P4UB	PBE8
P4UB	PL2P
P4UB	P12R
P4UB	P9BQ
P4V7	P4V7
P4V7	PH6R
P4V7	PL1R
P4V7	PBDC
P4V7	P13P
P4V7	P9AY
P4W3	P4W3
P4W3	PH5Y
P4W3	P14G
P4W3	PBCG
P4W3	PL0Y
P4W3	P9A8
P4XV	P4XV
P4XV	P163
P4XV	PH4C
P4XV	PBAO
P4XV	P982
P4XV	PKZA
P4YR	P4YR
P4YR	PF1K
P4YR	PB9S
P4YR	PHY0
P4YR	PHY1
P4YR	P4JK
P50J	P50J
P50J	P4O7
P50J	PF67
P50J	PB80
P50J	P4T1
P50J	P4HI
P50J	PFB1
P50J	PBFI
P50J	PEZI
P52B	P52B
P52B	P17V
P52B	PH3J
P52B	P979
P52B	PKXK
P52B	PBHB
P537	P537
P537	P18P
P537	PH2R
P537	P96G
P537	PKWP
P537	PBI7
P543	P543
P543	P19L
P543	PH1W
P543	PKVT
P543	P95M
P543	PBJ3
P54Z	P54Z
P54Z	P1AH
P54Z	PH10
P54Z	PKUX
P54Z	P94Q
P54Z	PBJZ
P55V	P55V
P55V	P1BE
P55V	PH04
P55V	PKU0
P55V	P93U
P55V	PBKV
P56R	P56R
P56R	P1CA
P56R	PGZ8
P56R	PKT4
P56R	P92Z
P56R	PBLR
P57N	P57N
P57N	P1D2
P57N	PGYH
P57N	PKSC
P57N	PBMN
P57N	P928
P58J	P58J
P58J	PGXL
P58J	PBNJ
P59F	P59F
P59F	P1ES
P59F	P90N
P59F	PGWQ
P59F	PKQL
P59F	PBOG
P5AB	P5AB
P5AB	P1FO
P5AB	P8ZS
P5AB	PKPC
P5AB	PGVS
P5AB	PBPC
P5CZ	P5CZ
P5CZ	P1HH
P5CZ	P8Y0
P5CZ	PKNI
P5CZ	PGTR
P5CZ	PBRZ
P5GJ	P5GJ
P5GJ	PGPV
P5GJ	P8UC
P5GJ	P1JB
P5GJ	PKLQ
P5GJ	PBVK
P5HF	P5HF
P5HF	PGP2
P5HF	P1K7
P5HF	P8TJ
P5HF	PKKX
P5HF	PBWG
P5IB	P5IB
P5IB	P8SK
P5IB	PGO7
P5IB	P1L7
P5IB	PBXC
P5J7	P5J7
P5J7	P1LY
P5J7	P8RS
P5J7	PGNG
P5J7	PKJA
P5J7	PBY8
P5LV	P5LV
P5LV	PKIQ
P5LV	P8R9
P5LV	P1MH
P5LV	PGMX
P5LV	PC0R
P5MR	P5MR
P5MR	PKHZ
P5MR	PKI0
P5MR	P1N7
P5MR	PC1N
P5MR	P8QK
P5MR	PGM7
P5NN	P5NN
P5NN	PKH3
P5NN	P1O4
P5NN	P8PN
P5NN	PC2J
P5NN	PGLB
P5PF	P5PF
P5PF	PKFA
P5PF	P1PX
P5PF	PGJF
P5PF	P8NW
P5PF	PC4C
P5SZ	P5SZ
P5SZ	P135
P5SZ	PL2B
P5SZ	P7AC
P5SZ	PKO4
P5SZ	PDP5
P5SZ	PC7W
P5WJ	P5WJ
P5WJ	PGCI
P5WJ	P1XH
P5WJ	PK85
P5WJ	P8FU
P5WJ	PCBG
P5XF	P5XF
P5XF	P8F5
P5XF	PGBM
P5XF	P1YC
P5XF	PK79
P5XF	PCCC
P5YB	P5YB
P5YB	PGAP
P5YB	PK6C
P5YB	P1Z9
P5YB	P8E3
P5YB	PCD8
P5Z7	P5Z7
P5Z7	P9FO
P5Z7	P4SL
P5Z7	PB9J
P5Z7	P45K
P5Z7	P4Z0
P5Z7	PFAL
P5Z7	PBFY
P5Z7	PENK
P5Z7	P50Y
P5Z7	PBTF
P5Z7	P5EF
P5Z7	P4NS
P5Z7	PCE4
P5Z7	PF5S
P603	P603
P603	P8BN
P603	PK4R
P603	PG9A
P603	PCF0
P603	P20W
P61V	P61V
P61V	PG7E
P61V	PK33
P61V	PCGS
P61V	P22M
P61V	P89R
P62R	P62R
P62R	P88Z
P62R	PG6J
P62R	PK25
P62R	PCHO
P62R	P23J
P63N	P63N
P63N	P886
P63N	PG5R
P63N	PK1E
P63N	P24A
P63N	PCIK
P64J	P64J
P64J	P86I
P64J	PG4Q
P64J	PK0I
P64J	P256
P64J	PCJG
P65F	P65F
P65F	PJZM
P65F	PCKC
P66B	P66B
P66B	P26F
P66B	P85R
P66B	PJYW
P66B	PCL8
P677	P677
P677	P27C
P677	P84V
P677	PJXZ
P677	PG3E
P677	PCM4
P6AR	P6AR
P6AR	PJUS
P6AR	P80A
P6AR	PFXT
P6AR	PCPO
P6AR	P2AM
P6BN	P6BN
P6BN	P7Z7
P6BN	P2BO
P6BN	PFWU
P6BN	PCQK
P6BN	PJTS
P6CJ	P6CJ
P6CJ	P2CK
P6CJ	PFVW
P6CJ	PCRG
P6CJ	PJSW
P6EB	P6EB
P6EB	PJR9
P6EB	P7WZ
P6EB	PCUR
P6EB	PFUB
P6EB	P2E5
P6F7	P6F7
P6F7	PJQD
P6F7	P7W3
P6F7	PCVN
P6F7	PFTF
P6F7	P2F1
P6G3	P6G3
P6G3	P2G4
P6G3	PCWJ
P6G3	PFSJ
P6G3	P7V9
P6G3	PJPC
P6HV	P6HV
P6HV	P2HW
P6HV	PFQJ
P6HV	P7TA
P6HV	PCYB
P6HV	PJNK
P6IR	P6IR
P6IR	PFPN
P6IR	PJM9
P6IR	P2J6
P6IR	PCZ7
P6IR	P7S0
P6JN	P6JN
P6JN	PFOP
P6JN	PJL6
P6JN	PD03
P6JN	P2K9
P6JN	P7R2
P6KJ	P6KJ
P6KJ	PFNT
P6KJ	PJKC
P6KJ	PD0Z
P6KJ	P2L3
P6KJ	P7Q7
P6LF	P6LF
P6LF	PFN1
P6LF	PJJJ
P6LF	PD1V
P6LF	P2LX
P6LF	P7P6
P6N7	P6N7
P6N7	PJIH
P6N7	PFM2
P6N7	PD3N
P6N7	P2N0
P6OZ	P6OZ
P6OZ	PFK6
P6OZ	PJGR
P6OZ	PD5A
P6OZ	P7M7
P6OZ	P2OH
P6PV	P6PV
P6PV	PFJB
P6PV	P2P9
P6PV	PD66
P6PV	PJFY
P6PV	P7LG
P6QR	P6QR
P6QR	PJEV
P6QR	PD72
P6QR	P7KH
P6QR	P2QC
P6QR	PFHZ
P6RN	P6RN
P6RN	PJDX
P6RN	PD7Y
P6RN	P7JL
P6RN	P2RB
P6RN	PFH3
P6UB	P6UB
P6UB	PDAM
P6UB	PJCQ
P6UB	P2SC
P6W3	P6W3
P6W3	PMNE
P6W3	PDCE
P6W3	PB3J
P6W3	PIVK
P6W3	P2U7
P6WZ	P6WZ
P6WZ	PMMJ
P6WZ	PDDA
P6WZ	PB2Q
P6WZ	PIUQ
P6WZ	P2V3
P6YR	P6YR
P6YR	PMKT
P6YR	PDF2
P6YR	PB0B
P6YR	P2WT
P6YR	PISF
P6ZN	P6ZN
P6ZN	PAZL
P6ZN	PDFY
P6ZN	PMJY
P6ZN	P2XO
P6ZN	PIRK
P70J	P70J
P70J	PAYS
P70J	PIQS
P70J	PDGU
P70J	PMJ5
P70J	P2YH
P71F	P71F
P71F	PIPZ
P71F	PAY3
P71F	PDHQ
P71F	P2Z7
P71F	PMIG
P737	P737
P737	PAW5
P737	PIO7
P737	PDJI
P737	P30W
P737	PMGQ
P75V	P75V
P75V	PIMG
P75V	PMFN
P75V	P320
P75V	PDKO
P75V	PAUY
P76R	P76R
P76R	PILL
P76R	PATM
P76R	PMEQ
P76R	PDLK
P76R	P32X
P77N	P77N
P77N	PASL
P77N	PIKQ
P77N	PMDV
P77N	P33S
P77N	PDMG
P78J	P78J
P78J	PARQ
P78J	PIJU
P78J	PMCZ
P78J	P34O
P78J	PDNC
P79F	P79F
P79F	PAQS
P79F	PIIY
P79F	PMC1
P79F	PDO8
P79F	P35M
P7B7	P7B7
P7B7	PIH2
P7B7	PMA9
P7B7	PDQ0
P7B7	P37D
P7B7	PAOV
P7CZ	P7CZ
P7CZ	PM79
P7CZ	P39T
P7CZ	PDRS
P7CZ	PIF4
P7ER	P7ER
P7ER	PIDJ
P7ER	PIDK
P7ER	P3BI
P7ER	P3BJ
P7ER	PM5T
P7ER	PAIA
P7ER	PM5U
P7ER	PAIB
P7ER	PDTK
P7GJ	P7GJ
P7GJ	PFBR
P7GJ	PB5O
P7SZ	P7SZ
P7SZ	P6I6
P7SZ	P2I7
P7SZ	PJN9
P7SZ	PCYM
P7SZ	PFQ8
P7YB	P7YB
P7YB	P6CM
P7YB	P2CN
P7YB	PFVT
P7YB	PJST
P7YB	PCRJ
P83N	P83N
P83N	PCNE
P83N	PG26
P83N	PJWV
P83N	P28G
P83N	P68H
P84J	P84J
P84J	PJXK
P84J	PCMJ
P84J	PG32
P84J	P67M
P84J	P27R
P877	P877
P8DF	P8DF
P8G3	P8G3
P8G3	PGCR
P8G3	PK8E
P8G3	PCB7
P8G3	P5WA
P8G3	P1X8
P8LF	P8LF
P8V7	P8V7
P9AB	P9AB
P9C3	P9C3
P9C3	PBER
P9C3	P11Q
P9C3	P4TS
P9C3	PL3M
P9C3	PH83
P9ER	P9ER
P9K3	P9K3
P9QB	P9QB
P9TV	P9TV
P9TV	PLGH
P9TV	P42V
P9TV	POF
P9TV	PEKW
P9TV	PHMJ
PA0Z	PA0Z
PABN	PABN
PALF	PALF
PAMB	PAMB
PAN7	PAN7
PAPV	PAPV
PAPV	PII2
PAUB	PAUB
PAZN	PAZN
PB1F	PB1F
PB4Z	PB4Z
PB9F	PB9F
PB9F	P9FQ
PB9F	P4Z4
PB9F	P4NQ
PB9F	PF5Q
PBB7	PBB7
PBB7	P98L
PBB7	PKZQ
PBB7	P4XC
PBB7	P15N
PBB7	PH4R
PBC3	PBC3
PBC3	PL0M
PBC3	P4WG
PBC3	PH5M
PBC3	P9A3
PBC3	P14S
PBGJ	PBGJ
PBGJ	P51J
PBGJ	P172
PBGJ	P9G6
PBHF	PBHF
PBHF	P52F
PBHF	PH3F
PBHF	P17Z
PBHF	P975
PBHF	PKXG
PBIB	PBIB
PBIB	P53B
PBIB	P18T
PBIB	PH2N
PBIB	P96D
PBIB	PKWL
PBJ7	PBJ7
PBJ7	P547
PBJ7	P19P
PBJ7	PH1S
PBJ7	PKVP
PBJ7	P95I
PBK3	PBK3
PBK3	P553
PBK3	P1AL
PBK3	PH0W
PBK3	PKUT
PBK3	P94M
PBKZ	PBKZ
PBKZ	P55Z
PBKZ	P1BI
PBKZ	PH00
PBKZ	PKTW
PBKZ	P93R
PBLV	PBLV
PBLV	P56V
PBLV	P1CE
PBLV	PGZ5
PBLV	PKT0
PBLV	P92W
PBMR	PBMR
PBMR	P57R
PBMR	P1D6
PBMR	PGYD
PBMR	PKS8
PBMR	P924
PBOJ	PBOJ
PBOJ	P90K
PBOJ	P59I
PBOJ	P1EV
PBOJ	PGWN
PBOJ	PKQI
PBPF	PBPF
PBPF	P8ZP
PBPF	P5AE
PBPF	P1FR
PBPF	PKP9
PBPF	PGVP
PBR7	PBR7
PBR7	P8YT
PBR7	P5C7
PBS3	PBS3
PBS3	P8XW
PBS3	P5D3
PBS3	P1HL
PBS3	PKNE
PBS3	PGTN
PBSZ	PBSZ
PBSZ	PEO3
PBSZ	P5DZ
PBSZ	P9L7
PBSZ	P9FB
PBSZ	P463
PBTV	PBTV
PBTV	P5EV
PBTV	P9G0
PBTV	P4GH
PBTV	PB91
PBTV	PEYH
PBTV	PBGC
PBTV	P4ZI
PBTV	P51C
PBVN	PBVN
PBVN	P8U9
PBVN	P5GM
PBVN	P1JE
PBVN	PKLN
PBVN	PGPS
PBWJ	PBWJ
PBWJ	PGOZ
PBWJ	P8TG
PBWJ	P5HI
PBWJ	P1KA
PBWJ	PKKU
PBXF	PBXF
PBXF	P8SH
PBXF	PGO4
PBXF	P5IE
PBXF	P1LA
PBYB	PBYB
PBYB	P5JA
PBYB	P8RQ
PBYB	P1M0
PBYB	PGNE
PBYB	PKJ8
PBZ7	PBZ7
PBZ7	PF5V
PBZ7	PEQS
PBZ7	PKYV
PBZ7	P4H4
PBZ7	P4SO
PBZ7	P4YX
PBZ7	PB9M
PBZ7	P5KB
PBZ7	PBFV
PBZ7	PFBG
PBZ7	P45Q
PBZ7	PBTA
PBZ7	P50V
PBZ7	PEZ4
PBZ7	PFAO
PBZ7	P5EA
PBZ7	PENQ
PBZ7	PCE1
PBZ7	P16I
PBZ7	P4NV
PBZ7	P48S
PBZ7	P5Z4
PBZ7	P9FK
PC1V	PC1V
PC1V	P5MZ
PC1V	P8QC
PC1V	PGLZ
PC1V	P1NF
PC1V	PKHR
PC2R	PC2R
PC2R	P5NV
PC2R	P8PF
PC2R	PGL3
PC2R	P1OC
PC2R	PKGV
PC3N	PC3N
PC3N	P5OQ
PC3N	PGK2
PC3N	P8OJ
PC3N	PKFX
PC3N	P1PA
PC4J	PC4J
PC4J	P5PM
PC4J	PGJ8
PC4J	P8NP
PC4J	P1Q4
PC4J	PKF3
PC83	PC83
PC83	P8IS
PC83	P1TY
PC83	P5T6
PC83	PKBF
PC83	PGFW
PC8Z	PC8Z
PC8Z	P8HY
PC8Z	P5U2
PC8Z	P1V4
PC8Z	PKAI
PC8Z	PGF0
PC9V	PC9V
PC9V	P5UY
PC9V	P1W0
PC9V	PGE2
PC9V	PK9M
PCAR	PCAR
PCAR	P5VU
PCAR	P8GF
PCAR	P1WW
PCAR	PGD3
PCAR	PK8Q
PCBN	PCBN
PCBN	P5WQ
PCBN	P1XO
PCBN	PGCB
PCBN	PK7Y
PCDF	PCDF
PCDF	P5YI
PCDF	P1ZG
PCDF	P8DW
PCDF	PGAI
PCDF	PK65
PCF7	PCF7
PCF7	P211
PCF7	PK4M
PCF7	PG93
PCF7	P60A
PCF7	P8BG
PCGZ	PCGZ
PCGZ	PG77
PCGZ	PK2U
PCGZ	P22V
PCGZ	P622
PCGZ	P89G
PCHV	PCHV
PCHV	P23O
PCHV	PG6E
PCHV	PK20
PCHV	P62Y
PCHV	P88U
PCIR	PCIR
PCIR	P24H
PCIR	PG5K
PCIR	P63U
PCIR	PK17
PCIR	P87Z
PCLF	PCLF
PCLF	P85K
PCLF	P66I
PCLF	P26M
PCLF	PJYP
PCMB	PCMB
PCMB	P84N
PCMB	P67E
PCMB	PJXR
PCMB	P27K
PCMB	PG36
PCN7	PCN7
PCN7	P289
PCN7	P68A
PCN7	P83U
PCN7	PG2D
PCN7	PJX2
PCOZ	PCOZ
PCOZ	P2A2
PCOZ	P6A2
PCOZ	P819
PCOZ	PFYO
PCOZ	PJVC
PCPV	PCPV
PCPV	P2AT
PCPV	PFXJ
PCPV	P6AY
PCPV	PJUL
PCQR	PCQR
PCQR	PFWN
PCQR	P6BU
PCQR	P2BV
PCQR	PJTL
PCQR	P7Z0
PCRN	PCRN
PCRN	PFVP
PCRN	P6CQ
PCRN	P2CR
PCRN	PJSP
PCRN	P7Y7
PCUB	PCUB
PCUB	P7XF
PCUB	PFUR
PCUB	P2DP
PCUB	P6DV
PCUB	PJRP
PCV7	PCV7
PCV7	P7WJ
PCV7	PFTV
PCV7	P2EL
PCV7	P6ER
PCV7	PJQT
PCW3	PCW3
PCW3	PFSZ
PCW3	P7VO
PCW3	PJPS
PCW3	P6FN
PCW3	P2FO
PCWZ	PCWZ
PCWZ	PFS2
PCWZ	P7UT
PCWZ	PJOW
PCWZ	P6GJ
PCWZ	P2GK
PCXV	PCXV
PCXV	PJO0
PCXV	P6HF
PCXV	P2HG
PCXV	PFQZ
PCXV	P7TQ
PCYR	PCYR
PCYR	P6IB
PCYR	PFQ3
PCYR	P2IP
PCYR	PJMQ
PCYR	P7SH
PD0J	PD0J
PD0J	P2KP
PD0J	P7QM
PD0J	P6K3
PD0J	PFO7
PD0J	PJKQ
PD37	PD37
PD37	P2MO
PD37	PFMA
PD37	P6MR
PD37	PJIS
PD37	P7O9
PD43	PD43
PD43	P2NG
PD43	PJHU
PD43	P6NN
PD43	PFLJ
PD43	P7NJ
PD4Z	PD4Z
PD4Z	P2O7
PD4Z	PFKJ
PD4Z	PJH1
PD4Z	P6OO
PD4Z	P7MJ
PD5V	PD5V
PD5V	PFJO
PD5V	P6PK
PD5V	PJGB
PD5V	P7LR
PD5V	P2OW
PD6R	PD6R
PD6R	PFIA
PD6R	P2Q3
PD6R	PJF4
PD6R	P6QG
PD6R	P7KT
PD8J	PD8J
PD8J	PI6K
PD8J	PFF4
PD8J	P6S8
PD8J	PGUW
PD8J	PHEK
PDB7	PDB7
PDB7	PMOI
PDB7	PB4M
PDB7	PIWN
PDB7	P2T4
PDB7	P6UW
PDC3	PDC3
PDC3	P2TW
PDC3	PMNP
PDC3	P6VS
PDC3	PB3U
PDC3	PIVV
PDCZ	PDCZ
PDCZ	P2US
PDCZ	PMMU
PDCZ	P6WO
PDCZ	PB2Z
PDCZ	PIV0
PDDV	PDDV
PDDV	P2VO
PDDV	PMLY
PDDV	P6XK
PDDV	PB23
PDDV	PIU3
PDER	PDER
PDER	PB0M
PDER	PISQ
PDER	P2WI
PDER	P6YG
PDER	PML4
PDFN	PDFN
PDFN	PIRU
PDFN	P2XE
PDFN	P6ZC
PDFN	PMK8
PDGJ	PDGJ
PDGJ	PAZ2
PDGJ	PIR2
PDGJ	P2Y7
PDGJ	P708
PDGJ	PMJF
PDHF	PDHF
PDHF	P2Z0
PDHF	PAYA
PDHF	PIQA
PDHF	P714
PDHF	PMIN
PDJ7	PDJ7
PDJ7	PMH1
PDJ7	P30M
PDJ7	PAWH
PDJ7	PIOI
PDJ7	P72W
PDK3	PDK3
PDK3	PMGB
PDK3	P75A
PDK3	PAVI
PDK3	PIN0
PDK3	P31C
PDKZ	PDKZ
PDKZ	PAU9
PDKZ	P32C
PDKZ	PMFB
PDKZ	P766
PDKZ	PIM5
PDOJ	PDOJ
PDOJ	P35X
PDOJ	PMBQ
PDOJ	P79Q
PDOJ	PAQH
PDOJ	PIIN
PDPF	PDPF
PDPF	P36S
PDPF	PMAV
PDPF	P7AM
PDQB	PDQB
PDQB	P37O
PDQB	PM9Y
PDQB	P7BI
PDQB	PIGP
PDR7	PDR7
PDR7	P7CE
PDR7	PIFQ
PDSZ	PDSZ
PDSZ	PM6E
PDSZ	PAIW
PDSZ	P7E6
PDSZ	P3AY
PDSZ	PIE4
PDTV	PDTV
PDTV	PAHY
PDTV	PM5J
PDTV	P7F2
PDTV	P3BU
PDTV	PID6
PDUR	PDUR
PDUR	PM4M
PDUR	PAH5
PDUR	PIC8
PDUR	PQ
PDUR	P3CR
PDVN	PDVN
PDVN	PM3S
PDVN	PAG9
PDVN	P1K
PDVN	PIBD
PDVN	P3DN
PDWJ	PDWJ
PDWJ	PAFC
PDWJ	PM2W
PDWJ	P2G
PDWJ	PIAH
PDWJ	P3EJ
PDXF	PDXF
PDXF	PAEC
PDXF	PM20
PDXF	P3C
PDXF	PI9L
PDXF	P3FF
PDYB	PDYB
PDYB	PADG
PDYB	PM14
PDYB	PI8N
PDYB	P48
PDYB	P3GB
PDZ7	PDZ7
PDZ7	PACK
PDZ7	PM07
PDZ7	PI7Q
PDZ7	P55
PDZ7	P3H7
PE03	PE03
PE03	PABT
PE03	PI6X
PE03	P3I3
PE0Z	PE0Z
PE0Z	PAAY
PE0Z	PLYT
PE0Z	P3IZ
PE0Z	P66
PE0Z	PI67
PE2R	PE2R
PE2R	P84
PE2R	PI5K
PE2R	PAA8
PE2R	PLXT
PE2R	P3KR
PE4J	PE4J
PE4J	PLWM
PE4J	P9C
PE4J	PI47
PE4J	PA8P
PE4J	P3MJ
PE5F	PE5F
PE5F	PA84
PE5F	PLVT
PE5F	PAB
PE5F	P3NF
PE5F	PI3F
PE6B	PE6B
PE6B	PA7A
PE6B	PLV0
PE6B	PB5
PE6B	P3OB
PE6B	PI2K
PE77	PE77
PE77	PA6H
PE77	PBY
PE77	PLU7
PE77	P3P7
PE77	PI1R
PE83	PE83
PE83	PA5L
PE83	PCU
PE83	PLTB
PE83	P3Q3
PE83	PI0V
PE8Z	PE8Z
PE8Z	PDG
PE8Z	PA4S
PE8Z	PLSP
PE8Z	P3QZ
PE8Z	PI00
PE9V	PE9V
PE9V	PHZ8
PE9V	PED
PE9V	PA3Z
PE9V	PLRS
PE9V	P3RV
PEBN	PEBN
PEBN	PHVU
PEBN	PLPP
PEBN	P3TM
PEBN	PGS
PEBN	PA2K
PEDF	PEDF
PEDF	PHU3
PEDF	PLNX
PEDF	P3VE
PEDF	PIK
PEDF	PA0S
PEF7	PEF7
PEF7	PHS5
PEF7	P9ZI
PEF7	PLM8
PEF7	PK8
PEF7	P3X6
PEG3	PEG3
PEG3	P5ZB
PEG3	P3Y2
PEG3	PCE8
PEHV	PEHV
PEHV	PLM
PEHV	PHQQ
PEHV	P3ZU
PEHV	P9Y5
PEHV	PLKU
PEIR	PEIR
PEIR	PMG
PEIR	PHPR
PEIR	P40Q
PEIR	P9XC
PEIR	PLK0
PEKJ	PEKJ
PEKJ	P9U7
PEKJ	PLGW
PEKJ	PHO3
PEKJ	P42I
PEKJ	PO0
PEOZ	PEOZ
PEOZ	PQU
PEOZ	PLE2
PEOZ	PHKD
PEOZ	P46Z
PEOZ	P9RW
PEPV	PEPV
PEPV	P5L4
PEPV	P9M4
PEPV	PLRH
PEPV	P47V
PEPV	PC00
PERN	PERN
PERN	P4Z9
PERN	P49N
PERN	PB9A
PEUB	PEUB
PEUB	PMVG
PEUB	P4CB
PEUB	PIYM
PEV7	PEV7
PEV7	P4D7
PEV7	P8W0
PEWZ	PEWZ
PEWZ	P9O2
PEWZ	PT4
PEWZ	PLBS
PEWZ	P4EZ
PEWZ	PHI6
PEXV	PEXV
PEXV	P9N6
PEXV	PU0
PEXV	PLAW
PEXV	P4FV
PEXV	PHH8
PF43	PF43
PF43	PX4
PF43	PL7W
PF43	PHDI
PF43	P4M3
PF43	P9HC
PF7N	PF7N
PF7N	PYX
PF7N	P9E1
PF7N	PL62
PF7N	PHBQ
PF7N	P4PN
PF8J	PF8J
PF8J	PZO
PF8J	PL5B
PF8J	P9DC
PF8J	PHAU
PF8J	P4QJ
PFDV	PFDV
PFDV	P7G9
PFER	PFER
PFER	PDAD
PFER	PDAE
PFER	P6U2
PFER	P6U3
PFGJ	PFGJ
PFIB	PFIB
PFMR	PFMR
PFMR	PJJ9
PFMR	P7OQ
PFMR	P6LS
PFMR	P2M7
PFMR	PD28
PFQB	PFQB
PFQB	P7T2
PFQB	P6I3
PFQB	P2I4
PFQB	PJNC
PFQB	PCYJ
PG9V	PG9V
PGEB	PGEB
PGEB	P5UP
PGEB	PK9V
PGEB	P1VR
PGEB	P8HB
PGEB	PC9M
PGN7	PGN7
PGN7	PKJ0
PGN7	P1M7
PGN7	PC0H
PGN7	P5LL
PGN7	P8RJ
PGQR	PGQR
PGRN	PGRN
PGSJ	PGSJ
PGSJ	P8VF
PGSJ	PMXA
PGYR	PGYR
PGYR	PKSM
PGYR	P92I
PGYR	PBMD
PGYR	P57D
PGYR	P1CS
PH0J	PH0J
PH0J	PKUG
PH0J	P949
PH0J	PBKG
PH0J	P55G
PH0J	P1AY
PH43	PH43
PH43	P97T
PH43	PBGR
PH43	PKY4
PH43	P51R
PH43	P17B
PH9F	PH9F
PH9F	P4NH
PH9F	PF5H
PH9F	P4S8
PH9F	P117
PH9F	PFA8
PHB7	PHB7
PHB7	P4Q6
PHB7	P9DI
PHB7	PF86
PHB7	PZB
PHB7	PL5O
PHER	PHER
PHNN	PHNN
PHQB	PHQB
PHQB	P407
PHQB	P9XS
PHQB	PEI8
PHQB	PLKH
PHQB	PLZ
PHSZ	PHSZ
PHXF	PHXF
PIN7	PIN7
PIQR	PIQR
PIQR	PAYR
PIQR	P70K
PIQR	PDGV
PIQR	PMJ4
PIQR	P2YI
PIUB	PIUB
PIW3	PIW3
PIYR	PIYR
PIYR	PMVB
PIYR	PEUG
PIYR	P4CG
PIZN	PIZN
PJ1F	PJ1F
PJ1F	PMZL
PJ2B	PJ2B
PJ2B	PHDY
PJ2B	PG7G
PJ2B	PMVP
PJ37	PJ37
PJ37	PMXT
PJ43	PJ43
PJ43	PMSJ
PJ43	PMTM
PJ43	PB73
PJ43	PJ09
PJ5V	PJ5V
PJ5V	P9J7
PJ8J	PJ8J
PJ9F	PJ9F
PJAB	PJAB
PJB7	PJB7
PJC3	PJC3
PJC3	PFDY
PJC3	P7HQ
PJC3	P2T0
PJC3	P6US
PJC3	PDB3
PJGJ	PJGJ
PJGJ	P7LZ
PJGJ	P6PC
PJGJ	P2OO
PJGJ	PD5N
PJGJ	PFJW
PJHF	PJHF
PJHF	P7MW
PJHF	P6OA
PJHF	PD4L
PJHF	P2NU
PJHF	PFKW
PJIB	PJIB
PJK3	PJK3
PJK3	P7PO
PJK3	P6KU
PJK3	PD1A
PJK3	PFNI
PJK3	P2LC
PJKZ	PJKZ
PJKZ	PFOI
PJKZ	P6JU
PJKZ	P7QV
PJKZ	PD0A
PJKZ	P2KG
PJMR	PJMR
PJMR	P7SI
PJMR	P2IO
PJQB	PJQB
PJQB	P6F9
PJQB	P7W1
PJQB	PFTD
PJQB	PCVP
PJQB	P2F3
PJR7	PJR7
PJR7	P6ED
PJR7	P7WX
PJR7	PFU9
PJR7	PCUT
PJR7	P2E7
PJUR	PJUR
PJUR	P6AS
PJUR	P809
PJUR	PFXS
PJUR	PCPP
PJUR	P2AN
PJWJ	PJWJ
PJWJ	PG1U
PJWJ	PCNQ
PJWJ	P83B
PJWJ	P28S
PJWJ	P68T
PJXF	PJXF
PJXF	PG2S
PJXF	PCMT
PJXF	P849
PJXF	P27W
PJXF	P67W
PJYB	PJYB
PJYB	PG3P
PJYB	PCLT
PJYB	P66W
PJYB	P856
PJYB	P270
PJZ7	PJZ7
PJZ7	PMQ2
PJZ7	PLQK
PJZ7	PMZ2
PJZ7	PG
PJZ7	P1TN
PJZ7	PFX
PJZ7	PKD9
PK03	PK03
PK03	P25L
PK03	PCJV
PK03	P64Y
PK03	PG49
PK03	P863
PK0Z	PK0Z
PK0Z	P24P
PK0Z	PCIZ
PK0Z	P642
PK0Z	P87R
PK0Z	PG5C
PK1V	PK1V
PK1V	P23T
PK1V	PG68
PK2R	PK2R
PK2R	PCH2
PK2R	P22Y
PK2R	P625
PK2R	P89D
PK2R	PG74
PK4J	PK4J
PK4J	PG90
PK4J	PCFA
PK4J	P214
PK4J	P60D
PK4J	P8BD
PK5F	PK5F
PK5F	P8C1
PK6B	PK6B
PK6B	P5YC
PK6B	P1ZA
PK6B	P8E2
PK6B	PCD9
PK6B	PGAO
PK77	PK77
PK77	P5XH
PK77	P1YE
PK77	PCCE
PK77	P8F3
PK77	PGBK
PK83	PK83
PK83	P5WL
PK83	P1XJ
PK83	P8FS
PK83	PCBI
PK83	PGCG
PKF7	PKF7
PKF7	P5PI
PKF7	P1Q0
PKF7	PGJC
PKF7	P8NT
PKF7	PC4F
PKGZ	PKGZ
PKGZ	P5NR
PKGZ	P8PJ
PKGZ	P1O8
PKGZ	PGL7
PKGZ	PC2N
PKHV	PKHV
PKHV	P5MV
PKHV	P1NB
PKHV	P8QG
PKHV	PGM3
PKHV	PC1R
PKKJ	PKKJ
PKKJ	P1KL
PKKJ	PGOO
PKLF	PKLF
PKMB	PKMB
PKMB	P9PE
PKMB	P4DN
PKMB	PBUZ
PKMB	P5FY
PKMB	P1IO
PKMB	PEVN
PKMB	PAL1
PKMB	PGS8
PKMB	P8UX
PKMB	PG0S
PKOZ	PKOZ
PKOZ	PGVF
PKOZ	PBPP
PKOZ	P5AO
PKOZ	P1G3
PKOZ	P8ZF
PKPV	PKPV
PKQR	PKQR
PKQR	P90T
PKQR	PBO9
PKQR	P598
PKQR	P1EM
PKQR	PGWW
PKRN	PKRN
PKRN	P91O
PKRN	PBNC
PKRN	P58C
PKRN	P1DR
PKRN	PGXS
PKSJ	PKSJ
PKSJ	P92F
PKSJ	PBMG
PKSJ	P57G
PKSJ	P1CV
PKSJ	PGYO
PKUB	PKUB
PKUB	P944
PKUB	PBKL
PKUB	P55L
PKUB	PH0E
PKUB	P1B3
PKV7	PKV7
PKV7	P950
PKV7	PBJP
PKV7	P54P
PKV7	PH1A
PKV7	P1A7
PKWZ	PKWZ
PKWZ	P96Q
PKWZ	PBHW
PKWZ	P52W
PKWZ	PH31
PKWZ	P18F
PKZN	PKZN
PKZN	P98I
PKZN	P4XF
PKZN	PH4O
PKZN	P15Q
PKZN	PBB4
PL1F	PL1F
PL1F	PBCY
PL1F	PBCZ
PL1F	P4VK
PL1F	P9AO
PL1F	P4VL
PL1F	PH6F
PL1F	P13Z
PL4Z	PL4Z
PL4Z	P9D1
PL4Z	P4QW
PL4Z	PHAJ
PL4Z	PZZ
PL4Z	PF8W
PL7N	PL7N
PL7N	P4MC
PL7N	PF4C
PL7N	PHD9
PL7N	PXD
PL7N	P9H3
PL8J	PL8J
PL8J	P4LJ
PL8J	PHF2
PL8J	PF3J
PL8J	PWH
PL8J	P9HW
PL9F	PL9F
PL9F	PVN
PL9F	PHG6
PLAB	PLAB
PLAB	P4IS
PLAB	PHGN
PLAB	PF0S
PLAB	PUL
PLAB	P9ML
PLB7	PLB7
PLB7	PHHJ
PLB7	PTP
PLB7	P4FK
PLB7	PEXK
PLB7	P9NH
PLC3	PLC3
PLC3	PHIH
PLC3	PST
PLC3	P4EO
PLC3	PEWO
PLC3	P9OD
PLER	PLER
PLER	P44L
PLER	PQ4
PLER	P9SD
PLER	PEMM
PLER	PHKU
PLFN	PLFN
PLFN	P43O
PLFN	P9T2
PLFN	PP8
PLFN	PELP
PLFN	PHLQ
PLGJ	PLGJ
PLGJ	PHNQ
PLGJ	POD
PLHF	PLHF
PLHF	P41Z
PLHF	PHON
PLHF	P9UX
PLHF	PNH
PLHF	PEK0
PLIB	PLIB
PLIB	P9WB
PLIB	PLJ3
PLK3	PLK3
PLK3	P9XF
PLK3	PMD
PLK3	PHPU
PLK3	P40M
PLK3	P40N
PLK3	PEIN
PLK3	PEIO
PLKZ	PLKZ
PLKZ	P9Y9
PLKZ	PLH
PLKZ	P3ZP
PLKZ	PHQV
PLKZ	PEHQ
PLLV	PLLV
PLLV	P9Z5
PLLV	PKL
PLLV	P3XJ
PLLV	PEFK
PLLV	PHRS
PLOJ	PLOJ
PLOJ	PHUQ
PLOJ	P3US
PLOJ	PHX
PLOJ	PECT
PLOJ	PA1O
PLQB	PLQB
PLQB	P3T0
PLQB	PG6
PLQB	PEB1
PLQB	PA35
PLQB	PHWE
PLS3	PLS3
PLS3	PHZJ
PLS3	P3RK
PLS3	PE9K
PLS3	PE2
PLS3	PA4B
PLTV	PLTV
PLTV	P3PJ
PLTV	PE7J
PLTV	PI1F
PLTV	PCA
PLTV	PA65
PLUR	PLUR
PLUR	P3OM
PLUR	PE6M
PLUR	PI2B
PLUR	PBE
PLUR	PA71
PLWJ	PLWJ
PLWJ	PE4O
PLWJ	P9F
PLWJ	PI44
PLWJ	P3MO
PLXF	PLXF
PLXF	PI4Z
PLXF	P8K
PLXF	PA9H
PLXF	P3LK
PLXF	PE3K
PLYB	PLYB
PLZ7	PLZ7
PLZ7	PI6I
PLZ7	P3IO
PLZ7	P5U
PLZ7	PAB8
PLZ7	PE0O
PM03	PM03
PM03	PDZB
PM03	PI7M
PM03	P59
PM03	P3HB
PM03	PACG
PM0Z	PM0Z
PM0Z	PDYG
PM0Z	PI8I
PM0Z	P4D
PM0Z	PADB
PM0Z	P3GG
PM1V	PM1V
PM1V	PDXK
PM1V	PI9G
PM1V	P3H
PM1V	PAE7
PM1V	P3FK
PM2R	PM2R
PM2R	PAF7
PM2R	PDWO
PM2R	PIAC
PM2R	P2L
PM2R	P3EO
PM3N	PM3N
PM3N	PAG4
PM3N	PDVS
PM3N	PIB8
PM3N	P1P
PM3N	P3DS
PM5F	PM5F
PM5F	PAHU
PM5F	PDTZ
PM5F	P7F6
PM5F	PID2
PM5F	P3BY
PM8Z	PM8Z
PM9V	PM9V
PM9V	PDQE
PM9V	P37R
PM9V	PAOF
PM9V	P7BL
PM9V	PIGM
PMAR	PMAR
PMAR	PDPJ
PMAR	P36W
PMAR	PAPA
PMAR	P7AQ
PMAR	PIHJ
PMBN	PMBN
PMBN	PDOM
PMBN	P360
PMBN	P79T
PMBN	PAQE
PMBN	PIIK
PMDF	PMDF
PMDF	P348
PMDF	PDMW
PMDF	P783
PMDF	PAS6
PMDF	PIKB
PMEB	PMEB
PMEB	P33C
PMEB	PAT1
PMEB	PIL6
PMF7	PMF7
PMF7	PDL3
PMF7	P32G
PMF7	P76A
PMF7	PIM1
PMF7	PAU5
PMG3	PMG3
PMG3	PAVA
PMG3	P31K
PMG3	PDKB
PMG3	PIMT
PMG3	P75I
PMGZ	PMGZ
PMGZ	PDJ9
PMGZ	P30O
PMGZ	PAWF
PMGZ	PIOG
PMGZ	P72Y
PMHV	PMHV
PMHV	PDIC
PMHV	P2ZS
PMHV	PIPC
PMHV	PAXD
PMHV	P721
PMIR	PMIR
PMIR	P2YW
PMIR	P70Y
PMIR	PAYE
PMIR	PIQE
PMIR	PDH9
PMJN	PMJN
PMJN	P2XZ
PMJN	P6ZZ
PMJN	PAZ8
PMJN	PIRB
PMJN	PDGA
PMKJ	PMKJ
PMKJ	P2X3
PMKJ	P6Z1
PMKJ	PB01
PMKJ	PIS5
PMKJ	PDFC
PMLF	PMLF
PMLF	PITG
PMLF	P2W7
PMLF	PB1J
PMLF	P6Y5
PMLF	PDEG
PMMB	PMMB
PMMB	P2VB
PMMB	PB2I
PMMB	PIUI
PMMB	P6X7
PMMB	PDDI
PMN7	PMN7
PMN7	P2UE
PMN7	PB3C
PMN7	PIVD
PMN7	P6WA
PMN7	PDCL
PMO3	PMO3
PMO3	P2TJ
PMO3	PB47
PMOZ	PMOZ
PMQR	PMQR
PMRN	PMRN
PMTF	PMTF
PMV7	PMV7
PMV7	P4CK
PMV7	PIYV
PMV7	PEUK
PMXV	PMXV
PMXV	PJ35
PMZN	PMZN
PMZN	PJ1D
PN0J	PN0J
P1W	P1W
P1W	PIB0
P1W	PAFV
P1W	PM3G
P2S	P2S
P2S	P3EV
P2S	PIA5
P2S	PDWV
P2S	PAF0
P2S	PM2K
P4K	P4K
P4K	P3GM
P4K	PI8B
P4K	PDYM
P4K	PAD5
P4K	PM0S
P5G	P5G
P5G	P3HI
P5G	PI7F
P5G	PDZI
P5G	PAC9
P5G	PLZW
P90	P90
P90	PI4I
P90	P3M8
P90	PLWY
P90	PE48
P90	PA8W
PAS	PAS
PAS	PI2Y
PAS	P3NX
PAS	PA7N
PAS	PE5X
PAS	PLVD
PBO	PBO
PBO	PI21
PBO	P3OX
PBO	PA6R
PBO	PE6X
PBO	PLUH
PCK	PCK
PCK	PI15
PCK	P3PT
PCK	PA5V
PCK	PE7T
PCK	PLTL
PF8	PF8
PF8	PF1I
PF8	P4JI
PJO	PJO
PJO	PA01
PJO	PLMS
PJO	PEEE
PJO	PHT7
PJO	P3WD
PKK	PKK
PKK	P9Z6
PKK	PLLW
PKK	P3XI
PKK	PEFJ
PKK	PHRT
PLG	PLG
PLG	P9YA
PLG	PLL0
PLG	P3ZO
PLG	PHQW
PLG	PEHP
PO4	PO4
PO4	PEKN
PO4	P9U3
PO4	PLGS
PO4	PHNZ
PO4	P42M
PPW	PPW
PPW	PEME
PPW	PHL2
PPW	PLEZ
PPW	P9SL
PPW	P44D
PRO	PRO
PRO	PLD8
PRO	PHJK
PRO	P4AB
PRO	PESB
PRO	P9R4
PSK	PSK
PSK	P9OM
PSK	P4EF
PSK	PLCC
PSK	PEWF
PSK	PHIQ
PTG	PTG
PTG	P9NQ
PTG	P4FB
PTG	PLBG
PTG	PEXB
PTG	PHHS
PUC	PUC
PUC	P9MU
PUC	P4G7
PUC	PLAK
PUC	PEY7
PUC	PHGW
PW4	PW4
PW4	PHFM
PW4	P9IE
PW4	PL8X
PW4	P4KY
PW4	PF2Y
P144	P144
P144	P9AJ
P144	PH6A
P144	P4VQ
P144	PBCT
P144	PL1A
P15W	P15W
P15W	PH4I
P15W	PBAX
P15W	P4XM
P15W	P98D
P15W	PKZH
P17O	P17O
P17O	PH3Q
P17O	PBH4
P17O	P524
P17O	P97G
P17O	PKXR
P18K	P18K
P18K	PH2W
P18K	PBI2
P18K	P96L
P18K	P532
P18K	PKWU
P19G	P19G
P19G	PH21
P19G	PBIY
P19G	P53Y
P19G	PKVY
P19G	P95R
P1AC	P1AC
P1AC	PH15
P1AC	PBJU
P1AC	P54U
P1AC	PKV2
P1AC	P94V
P1B8	P1B8
P1B8	PBKP
P1B8	PH0A
P1B8	P55P
P1B8	PKU6
P1B8	P940
P1C4	P1C4
P1C4	P935
P1C4	PBLL
P1C4	PGZE
P1C4	P56L
P1C4	PKTA
P1MS	P1MS
P1MS	P8QY
P1MS	PC18
P1MS	PGMM
P1MS	P5MC
P1MS	PKIF
P1NO	P1NO
P1NO	P8Q3
P1NO	PC24
P1NO	PGLQ
P1NO	P5N8
P1NO	PKHI
P1OK	P1OK
P1OK	P8P7
P1OK	PC2Z
P1OK	PGKV
P1OK	P5O3
P1OK	PKGN
P1PG	P1PG
P1PG	PGJW
P1PG	P8OD
P1PG	PKFR
P1PG	PC3S
P1PG	P1PF
P1PG	PGJX
P1PG	P8OE
P1PG	P5OV
P1PG	PKFS
P1R8	P1R8
P1R8	PC5I
P1R8	P5QL
P1R8	PGI7
P1R8	P8MP
P1R8	PKDZ
P1S4	P1S4
P1S4	PKD1
P1S4	PKD2
P1S4	PC6D
P1S4	P1S3
P1S4	P5RG
P1T0	P1T0
P1T0	PC76
P1T0	PC77
P1T0	P8JO
P1T0	P5S9
P1T0	P5SA
P1T0	PKCB
P1T0	PGGT
P1TW	P1TW
P1TW	PC81
P1TW	P8IU
P1TW	P5T3
P1TW	P5T4
P1TW	PKBH
P1TW	PGFY
P1TW	PC80
P1US	P1US
P1US	P5TZ
P1US	P8I1
P1US	PKAL
P1US	PGF3
P1US	PC8W
P1VO	P1VO
P1VO	PGEE
P1VO	PK9Y
P1VO	P8HE
P1VO	PC9J
P1VO	P5UM
P22S	P22S
P22S	PK2X
P22S	P89L
P24K	P24K
P24K	PG5H
P24K	PCIU
P24K	PK14
P24K	P63X
P24K	P87W
P25G	P25G
P25G	PCJQ
P25G	PK08
P25G	P64T
P25G	P868
P25G	PG4G
P26C	P26C
P26C	P85U
P26C	PCL5
P26C	PJYZ
P26C	P668
P278	P278
P278	P84Z
P278	PCM0
P278	PJY3
P278	PG3I
P278	P673
P284	P284
P284	P684
P284	P840
P284	PG2J
P284	PJX7
P284	PCN1
P29W	P29W
P29W	P69W
P29W	P81F
P29W	PFYU
P29W	PCOT
P29W	PJVI
P2DG	P2DG
P2DG	P6DI
P2DG	P6DJ
P2DG	P7XK
P2DG	PFUW
P2DG	PCTY
P2DG	PCTZ
P2DG	PJRY
P2EC	P2EC
P2EC	P6EI
P2EC	P7WS
P2EC	PFU4
P2EC	PCUY
P2EC	PJR2
P2F8	P2F8
P2F8	P6FE
P2F8	P7VW
P2F8	PFT8
P2F8	PCVU
P2F8	PJQ6
P2JO	P2JO
P2JO	PCZP
P2JO	P6J9
P2JO	PJLR
P2KK	P2KK
P2KK	P6JY
P2KK	P7QR
P2KK	PD0E
P2KK	PFOE
P2KK	PJKV
P2LG	P2LG
P2LG	PD1I
P2LG	P7PK
P2LG	P6L2
P2LG	PFNC
P2LG	PJJZ
P2N8	P2N8
P2N8	PFLU
P2N8	P7NO
P2N8	P6NG
P2N8	PJI1
P2N8	PD3W
P2O4	P2O4
P2O4	P6OK
P2O4	PFKM
P2O4	PJH4
P2O4	P7MM
P2O4	PD4V
P2PW	P2PW
P2PW	PFIM
P2PW	P6QB
P2PW	PJFB
P2PW	PD6M
P2PW	P7KW
P2RO	P2RO
P2RO	P7J6
P2RO	PFFR
P2RO	PFFS
P2RO	P6S1
P2RO	PJDK
P2RO	PD8C
P2SK	P2SK
P2SK	P6UH
P2SK	PJCJ
P2SK	PDAS
P2SK	PFEE
P2UC	P2UC
P2UC	PMN9
P2UC	P6W8
P2UC	PB3E
P2UC	PIVF
P2UC	PDCJ
P2V8	P2V8
P2V8	PMME
P2V8	P6X4
P2V8	PB2L
P2V8	PIUL
P2V8	PDDF
P2W4	P2W4
P2W4	PMLI
P2W4	PITJ
P2W4	P6Y2
P2W4	PB1M
P2W4	PDED
P2X0	P2X0
P2X0	PMKM
P2X0	P6YY
P2X0	PB04
P2X0	PDF9
P2X0	PIS8
P2XW	P2XW
P2XW	PMJQ
P2XW	P6ZW
P2XW	PAZB
P2XW	PDG7
P2XW	PIRE
P2YS	P2YS
P2YS	PMIV
P2YS	P70U
P2YS	PDH5
P2YS	PAYI
P2YS	PIQI
P2ZO	P2ZO
P2ZO	PMHZ
P2ZO	PIPG
P2ZO	P71X
P2ZO	PAXH
P2ZO	PDI8
P31G	P31G
P31G	PDK7
P31G	PMG7
P31G	PAVE
P31G	P75E
P31G	PIMW
P338	P338
P338	PMEF
P338	PAT5
P338	PAT6
P338	PILA
P344	P344
P344	PDMS
P344	PMDJ
P344	P77Z
P344	PAS9
P344	PIKE
P350	P350
P350	PDNO
P350	PMCN
P350	P78V
P350	PARE
P350	PIJI
P3AC	P3AC
P3B8	P3B8
P3B8	PDT9
P3B8	PIDU
P3B8	P7EG
P3B8	PM64
P3B8	PAIL
P3C4	P3C4
P3C4	P5
P3C4	PDU4
P3C4	PICX
P3C4	PAHP
P3C4	PM5A
P3D0	P3D0
P3D0	PY
P3D0	PDV0
P3D0	PIC0
P3D0	PM4D
P3D0	PAGV
P3J8	P3J8
P3J8	PAAP
P3J8	P6H
P3J8	PE18
P3J8	PLYK
P3J8	PI5W
P3L0	P3L0
P3L0	P86
P3L0	PAA0
P3L0	PE30
P3L0	PLXR
P3L0	PI5C
P3LW	P3LW
P3LW	PI4Q
P3LW	PA98
P3LW	PE3W
P3LW	PLX5
P3LW	P8U
P3MS	P3MS
P3MS	PE4S
P3MS	PI40
P3MS	P9J
P3MS	PLWF
P3NO	P3NO
P3NO	PE5O
P3NO	PI36
P3NO	PA7V
P3NO	PAK
P3NO	PLVK
P3DY	P3DY
P3DY	PDVY
P3DY	PIB2
P3IE	P3IE
P3IE	PE0E
P3IE	PI6M
P3JA	P3JA
P3JA	PLYI
P3JA	P6J
P3JA	PE1A
P3JA	PI5U
P3JA	PAAN
P3L2	P3L2
P3L2	PA9Y
P3L2	PE32
P3L2	PI5A
P3LY	P3LY
P3LY	PA96
P3LY	PE3Y
P3MU	P3MU
P3MU	PE4U
P3MU	PI3Y
P3MU	P9L
P3MU	PLWD
P3NQ	P3NQ
P3NQ	PE5Q
P3NQ	PI34
P3NQ	PA7T
P3NQ	PAM
P3NQ	PLVI
P3PI	P3PI
P3PI	PLTW
P3PI	PE7I
P3PI	PI1G
P3PI	PC9
P3PI	PA66
P3RA	P3RA
P3RA	PA4K
P3RA	PLSC
P3RA	PE9A
P3RA	PDT
P3RA	PHZS
P3S6	P3S6
P3S6	PA3S
P3S6	PFI
P3S6	PEA6
P3S6	PHX7
P3S6	PLQZ
P3S6	PLR0
P3TY	P3TY
P3TY	PH4
P3TY	PEBZ
P3TY	PA28
P3TY	PHVI
P3TY	PLPC
P3TY	PBNM
P3TY	P91F
P3TY	P58M
P3TY	P1E0
P3TY	PGXI
P3TY	PKRD
P3VQ	P3VQ
P3VQ	PIY
P3VQ	PEDR
P3VQ	PA0H
P3VQ	PHTN
P3VQ	PLNI
P3WM	P3WM
P3WM	PEEN
P3WM	PHSP
P3ZA	P3ZA
P3ZA	PHRB
P3ZA	PEHB
P3ZA	P9YO
P3ZA	PLLE
P3ZA	PL2
P406	P406
P406	PHQC
P406	PEI7
P406	P9XT
P406	PLKI
P406	PLY
P412	P412
P412	PHPF
P412	PEJ3
P412	PMQ
P412	P9X2
P412	PLJQ
P45I	P45I
P49Y	P49Y
P49Y	P9RE
P49Y	PERY
P49Y	PLDI
P49Y	PRC
P49Y	PHJV
P4KM	P4KM
P4KM	PF2M
P4KM	P9IO
P4KM	PHG0
P4KM	PVT
P4KM	PL98
P4P2	P4P2
P4P2	PHCD
P4P2	PF72
P4P2	PYB
P4P2	P9EM
P4P2	PL6O
P4RQ	P4RQ
P4RQ	P10P
P4RQ	PL49
P4RQ	P9CD
P4RQ	PF9Q
P4RQ	PH9X
P4TI	P4TI
P4TI	PBAG
P4TI	P4Y3
P4TI	PBF1
P4TI	PCDU
P4TI	P5YX
P4UE	P4UE
P4UE	PBE5
P4UE	PL2M
P4UE	P9BO
P4UE	P12U
P4UE	PH7K
P4VA	P4VA
P4VA	PL1O
P4VA	PBD9
P4VA	P13S
P4VA	PH6O
P4W6	P4W6
P4W6	PH5V
P4W6	PBCD
P4W6	PL0V
P4W6	P14J
P4W6	P9A5
P4X2	P4X2
P4X2	PH51
P4X2	PBBH
P4X2	P15D
P4X2	PL02
P4XY	P4XY
P4XY	PH49
P4XY	PBAL
P4XY	P166
P4XY	P97Z
P4XY	PKZ7
P5BA	P5BA
P5BA	PBQB
P5FQ	P5FQ
P5FQ	PBUR
P5FQ	PGSG
P5FQ	PEVH
P5FQ	P8V6
P5FQ	P4DH
P5OM	P5OM
P5OM	PGK4
P5OM	PC3J
P5QE	P5QE
P5QE	PGIE
P5QE	P8MW
P5QE	P1R1
P5QE	PKE6
P5QE	PC5B
P5RA	P5RA
P5RA	PGHI
P5RA	P8M0
P5RA	P1RX
P5RA	PKDA
P5RA	PC67
P5UU	P5UU
P5UU	P8H6
P5UU	P1VW
P5UU	PGE6
P5UU	PK9Q
P5UU	PC9R
P5VQ	P5VQ
P5VQ	P1WS
P5VQ	P8GM
P5VQ	PGDA
P5VQ	PK8U
P5VQ	PCAN
P61Y	P61Y
P61Y	PG7B
P61Y	PCGV
P63Q	P63Q
P63Q	P883
P63Q	PG5O
P63Q	PK1B
P63Q	P24D
P63Q	PCIN
P64M	P64M
P64M	P86F
P64M	PG4N
P64M	PK0F
P64M	P259
P64M	PCJJ
P65I	P65I
P65I	PJZJ
P65I	PCKF
P66E	P66E
P66E	P26I
P66E	P85O
P66E	PJYT
P66E	PCLB
P67A	P67A
P67A	P27F
P67A	P84S
P67A	PJXW
P67A	PG3B
P67A	PCM7
P6BQ	P6BQ
P6BQ	P2BR
P6BQ	PFWR
P6BQ	PJTP
P6BQ	PCQN
P6BQ	P7Z4
P6HY	P6HY
P6HY	P2HZ
P6HY	PFQG
P6HY	P7T7
P6HY	PCYE
P6HY	PJNH
P6IU	P6IU
P6IU	PFPK
P6IU	PJM6
P6IU	P2J9
P6IU	PCZA
P6IU	P7RX
P6JQ	P6JQ
P6JQ	PFOM
P6JQ	PJL3
P6JQ	PD06
P6JQ	P7QZ
P6JQ	P2KC
P6KM	P6KM
P6KM	PFNQ
P6KM	PJK9
P6KM	PD12
P6KM	P2L6
P6KM	P7Q4
P6LI	P6LI
P6LI	PFMZ
P6LI	PJJH
P6LI	PD1Y
P6LI	P2LZ
P6LI	P7P4
P6NA	P6NA
P6NA	PFM0
P6NA	P7NU
P6NA	PD3Q
P6NA	P2N2
P6NA	PJI7
P6P2	P6P2
P6P2	PFK2
P6P2	PJGO
P6P2	P7M3
P6P2	PD5D
P6P2	P2OK
P6PY	P6PY
P6PY	PFJ8
P6PY	PJFV
P6PY	P2PC
P6PY	P7LD
P6PY	PD69
P6QU	P6QU
P6QU	PJES
P6QU	P7KE
P6QU	PD75
P6QU	PFHW
P6QU	P2QF
P6RQ	P6RQ
P6RQ	PJDU
P6RQ	P7JI
P6RQ	PD81
P6RQ	PFGZ
P6RQ	P2RE
P6UE	P6UE
P6UE	PDAP
P6UE	PJCN
P6UE	PFEH
P6UE	P2SF
P6UE	P7I7
P6XY	P6XY
P6XY	PMLM
P6XY	PITO
P6XY	PB1Q
P6XY	PDE9
P6XY	P2W0
P6YU	P6YU
P6YU	PMKQ
P6YU	PDF5
P6YU	PB08
P6YU	PISC
P6YU	P2WW
P70M	P70M
P70M	PDGX
P70M	P2YK
P71I	P71I
P71I	PIPU
P71I	PAXV
P71I	PDHT
P71I	PMID
P71I	P2ZA
P72E	P72E
P72E	PAWY
P72E	PIOZ
P72E	PDIP
P72E	P304
P72E	PMHJ
P73A	P73A
P73A	PAW1
P73A	PIO4
P73A	PDJL
P73A	P311
P73A	PMGM
P75Y	P75Y
P75Y	PIMD
P75Y	PMFJ
P75Y	PAUW
P75Y	PDKR
P75Y	P324
P76U	P76U
P76U	PATE
P76U	PILI
P76U	PMEN
P76U	PDLN
P76U	P330
P77Q	P77Q
P77Q	PASI
P77Q	PIKN
P77Q	PMDS
P77Q	P33V
P77Q	PDMJ
P78M	P78M
P78M	PARN
P78M	PIJR
P78M	PMCW
P78M	P34R
P78M	PDNF
P79I	P79I
P79I	PAQP
P79I	PIIV
P79I	PMBY
P79I	PDOB
P79I	P35P
P7AE	P7AE
P7AE	PIHU
P7AE	PMB3
P7AE	PAPL
P7AE	PDP7
P7AE	P36K
P7BA	P7BA
P7BA	PIGY
P7BA	PMA6
P7BA	PAOR
P7BA	PDQ3
P7BA	P37G
P7D2	P7D2
P7D2	PM77
P7D2	PAJV
P7D2	P39W
P7D2	PDRV
P7D2	PIF2
P7EU	P7EU
P7EU	PIDG
P7EU	PM5Q
P7EU	PAI7
P7EU	P3BM
P7EU	PDTN
P7JA	P7JA
P7JA	P6RW
P7JA	PFFW
P7JA	PD87
P7JA	PJDO
P7JA	P2RK
P7WM	P7WM
P7WM	PFTY
P7WM	P2EI
P7WM	P6EO
P7WM	PJQW
P7WM	PCV4
P82U	P82U
P83Q	P83Q
P83Q	PCNB
P83Q	P28D
P83Q	P68E
P83Q	PG29
P83Q	PJWY
P87A	P87A
P8BQ	P8BQ
P8BQ	PK4U
P8BQ	PG9D
P8BQ	PCEX
P8BQ	P20T
P8BQ	P600
P8DI	P8DI
P8KM	P8KM
P8LI	P8LI
P8PY	P8PY
P8PY	P1NT
P8PY	PGLL
P8PY	PC29
P8PY	PKHD
P8PY	P5ND
P8VA	P8VA
P8X2	P8X2
P93A	P93A
P93A	PKTF
P93A	PBLG
P93A	P56G
P93A	P1BZ
P93A	PGZJ
P9EU	P9EU
P9EU	P11G
P9EU	PLR8
P9EU	PKZ2
P9EU	P16B
P9EU	P4K5
P9EU	PL3W
P9EU	PF25
P9EU	PH8D
P9K6	P9K6
P9LY	P9LY
P9QE	P9QE
P9VQ	P9VQ
P9WM	P9WM
PA12	PA12
PA86	PA86
PA86	PLVV
PA86	PA9
PA86	PI3H
PABQ	PABQ
PAH2	PAH2
PAME	PAME
PANA	PANA
PATI	PATI
PAUE	PAUE
PAXY	PAXY
PAZQ	PAZQ
PB52	PB52
PB52	PJ7O
PB5Y	PB5Y
PB6U	PB6U
PBBA	PBBA
PBBA	P98P
PBBA	PKZT
PBBA	P4X9
PBBA	P15K
PBBA	PH4U
PBDY	PBDY
PBDY	PL2F
PBDY	P4UL
PBDY	P9BH
PBDY	PH7D
PBDY	P131
PBEU	PBEU
PBEU	P9C6
PBEU	P11N
PBEU	P4TP
PBEU	PL3P
PBEU	PH86
PBFQ	PBFQ
PBFQ	PB7S
PBFQ	PF60
PBFQ	P50Q
PBFQ	P4ST
PBFQ	P4HB
PBFQ	PFAT
PBFQ	PEZB
PBFQ	P4O0
PBHI	PBHI
PBHI	PH3C
PBHI	P52I
PBHI	P972
PBHI	PKXD
PBHI	P182
PBIE	PBIE
PBIE	P53E
PBIE	PH2K
PBIE	P18W
PBIE	P96A
PBIE	PKWI
PBJA	PBJA
PBJA	P54A
PBJA	PH1P
PBJA	P19S
PBJA	PKVM
PBJA	P95F
PBK6	PBK6
PBK6	P556
PBK6	PH0T
PBK6	P1AO
PBK6	PKUQ
PBK6	P94J
PBL2	PBL2
PBL2	P562
PBL2	PGZX
PBL2	P1BL
PBL2	PKTT
PBL2	P93O
PBMU	PBMU
PBMU	P57U
PBMU	P1D9
PBMU	PGYA
PBMU	PKS5
PBMU	P921
PBOM	PBOM
PBOM	P90H
PBOM	P59L
PBOM	P1EY
PBOM	PGWK
PBOM	PKQF
PBPI	PBPI
PBPI	P8ZM
PBPI	P5AH
PBPI	P1FU
PBPI	PKP6
PBPI	PGVM
PBRA	PBRA
PBRA	P8YQ
PBRA	PGUF
PBRA	P5CA
PBRA	PKOA
PBRA	P1GS
PBS6	PBS6
PBS6	P8XT
PBS6	PKNB
PBS6	PGTK
PBS6	P5D6
PBS6	P1HO
PBT2	PBT2
PBT2	P5E2
PBT2	P9LA
PBT2	P460
PBT2	P9FE
PBT2	PEO0
PBWM	PBWM
PBWM	P8TD
PBWM	P5HL
PBWM	PKKR
PBWM	P1KD
PBWM	PGOW
PBXI	PBXI
PBXI	PGO1
PBXI	P5IH
PBXI	PKJV
PBXI	P1LD
PBXI	P8SE
PBYE	PBYE
PBYE	P8RN
PBYE	PGNB
PBYE	P1M3
PBYE	P5JF
PBYE	PKJ4
PC06	PC06
PC06	P5LA
PC06	P3XW
PC06	P47P
PC06	PHYX
PC06	PEFX
PC06	PEPP
PC12	PC12
PC12	P5M6
PC12	P8R4
PC12	PGMS
PC12	PKIL
PC12	P1MM
PC1Y	PC1Y
PC1Y	P5N2
PC1Y	P8Q9
PC1Y	PGLW
PC1Y	PKHO
PC1Y	P1NI
PC2U	PC2U
PC2U	P5NY
PC2U	P8PC
PC2U	PGL0
PC2U	PKGS
PC2U	P1OF
PC7A	PC7A
PC7A	P8JL
PC7A	P1T3
PC7A	P5SD
PC7A	PKC8
PC7A	PGGQ
PC86	PC86
PC86	P8IP
PC86	P1U1
PC86	P5T9
PC86	PKBC
PC86	PGFT
PC92	PC92
PC92	P8HV
PC92	P5U5
PC92	P1V7
PC92	PKAF
PC92	PGEX
PC9Y	PC9Y
PC9Y	P5V1
PC9Y	P1W3
PC9Y	PGDZ
PC9Y	PK9J
PCBQ	PCBQ
PCBQ	P5WT
PCBQ	P1XR
PCBQ	P8FQ
PCBQ	PGC8
PCBQ	PK7V
PCCM	PCCM
PCCM	P5XP
PCCM	P1YM
PCCM	P8EV
PCCM	PGBC
PCCM	PK6Z
PCDI	PCDI
PCDI	P5YL
PCDI	P1ZJ
PCDI	P8DT
PCDI	PGAF
PCDI	PK62
PCEE	PCEE
PCEE	P5ZH
PCKM	PCKM
PCKM	PJZB
PCKM	P65P
PCLI	PCLI
PCLI	P85H
PCLI	P66L
PCLI	PJYM
PCLI	P26P
PCME	PCME
PCME	PJXO
PCME	P67H
PCME	P27N
PCPY	PCPY
PCPY	PFXG
PCPY	P6B1
PCPY	P2B2
PCPY	PJUE
PCPY	P7ZT
PCQU	PCQU
PCQU	P6BX
PCQU	P2BY
PCQU	PJTI
PCRQ	PCRQ
PCRQ	PFVM
PCRQ	P6CT
PCRQ	P2CU
PCRQ	PJSM
PCRQ	P7Y4
PCUE	PCUE
PCUE	P2DS
PCUE	PJRM
PCUE	P6DY
PCUE	P7XC
PCUE	PFUO
PCVA	PCVA
PCVA	P2EO
PCVA	PJQQ
PCVA	P6EU
PCVA	P7WG
PCVA	PFTS
PCW6	PCW6
PCW6	P7VL
PCW6	PJPP
PCW6	P6FQ
PCW6	P2FR
PCW6	PFSW
PCX2	PCX2
PCX2	PJOT
PCX2	P6GM
PCX2	P2GN
PCX2	PFRR
PCX2	P7UI
PCXY	PCXY
PCXY	PJNX
PCXY	P6HI
PCXY	P2HJ
PCXY	PFQW
PCXY	P7TN
PD0M	PD0M
PD0M	P7QJ
PD0M	P2KS
PD0M	PFO4
PD0M	P6K6
PD0M	PJKN
PD3A	PD3A
PD3A	P7O5
PD3A	P6MU
PD46	PD46
PD46	PFLG
PD46	P6NQ
PD46	P7NG
PD6U	PD6U
PD6U	PJF1
PD6U	P2Q6
PD6U	P7KQ
PD6U	P6QJ
PD6U	PFI7
PD7Q	PD7Q
PD7Q	P7JT
PD7Q	P6RF
PD7Q	PFHB
PD8M	PD8M
PD8M	P4DS
PD8M	PAKX
PD8M	PG0N
PD8M	PEVS
PD8M	P6SB
PD8M	PM7W
PD8M	P9P9
PDC6	PDC6
PDC6	PMNM
PDC6	P2TZ
PDC6	PB3R
PDC6	PIVS
PDC6	P6VV
PDD2	PDD2
PDD2	PMMR
PDD2	P2UV
PDD2	PB2W
PDD2	PIUX
PDD2	P6WR
PDDY	PDDY
PDDY	PMLV
PDDY	P2VR
PDDY	PB20
PDDY	PIU0
PDDY	P6XN
PDEU	PDEU
PDEU	PB0J
PDEU	PISN
PDEU	P2WL
PDEU	PML1
PDEU	P6YJ
PDGM	PDGM
PDGM	PAYZ
PDGM	PIQZ
PDGM	P2YA
PDGM	PMJC
PDGM	P70B
PDHI	PDHI
PDHI	P2Z3
PDHI	PAY7
PDHI	PIQ7
PDHI	P717
PDHI	PMIK
PDS6	PDS6
PDS6	PAJL
PDS6	P7DD
PDS6	PIEQ
PDS6	PM6Y
PDS6	P3A5
PDT2	PDT2
PDT2	PM6B
PDT2	PAIT
PDT2	P7E9
PDT2	PIE1
PDT2	P3B1
PDTY	PDTY
PDTY	PAHV
PDTY	PM5G
PDTY	P7F5
PDTY	PID3
PDTY	P3BX
PDUU	PDUU
PDUU	PM4J
PDUU	PAH1
PDUU	PIC5
PDUU	PT
PDUU	P3CU
PDXI	PDXI
PDXI	PAE9
PDXI	PM1X
PDXI	PI9I
PDXI	P3F
PDXI	P3FI
PE06	PE06
PE06	PLZE
PE06	PI6U
PE06	P3I6
PE12	PE12
PE12	P69
PE12	PAAV
PE12	PLYQ
PE12	PI64
PE12	P3J2
PE3Q	PE3Q
PE3Q	PI4V
PE3Q	PA9D
PE3Q	P8O
PE3Q	P3LQ
PE3Q	PLXB
PE5I	PE5I
PE5I	PA81
PE5I	PLVQ
PE5I	PAE
PE5I	PI3C
PE5I	P3NI
PE6E	PE6E
PE6E	PA79
PE6E	PLUZ
PE6E	PB6
PE6E	PI2J
PE6E	P3OE
PE7A	PE7A
PE7A	PA6E
PE7A	PLU4
PE7A	PC1
PE7A	PI1O
PE7A	P3PA
PE86	PE86
PE86	PA5I
PE86	PLT8
PE86	PCX
PE86	PI0S
PE86	P3Q6
PE92	PE92
PE92	PDJ
PE92	PA4P
PE92	PLSM
PE92	PHZX
PE92	P3R2
PE9Y	PE9Y
PE9Y	PHZ5
PE9Y	PEG
PE9Y	PLRP
PE9Y	P3RY
PEAU	PEAU
PEAU	PHWL
PEAU	PLQI
PEAU	PA3C
PEAU	P3ST
PEAU	PFZ
PEBQ	PEBQ
PEBQ	PHVR
PEBQ	PLPM
PEBQ	PA2H
PEBQ	P3TP
PEBQ	PGV
PECM	PECM
PECM	PHUW
PECM	PLOP
PECM	P3UL
PECM	PHR
PEDI	PEDI
PEDI	PHU0
PEDI	PLNU
PEDI	PA0P
PEDI	P3VH
PEDI	PIN
PEFA	PEFA
PEFA	PHS2
PEFA	P9ZF
PEFA	PLM5
PEFA	PKB
PEFA	P3X9
PEHY	PEHY
PEHY	PLP
PEHY	PHQN
PEHY	P9Y2
PEHY	PLKR
PEHY	P3ZX
PEIU	PEIU
PEIU	PMJ
PEIU	PHPO
PEIU	P40T
PEIU	P9X9
PEIU	PLJX
PELI	PELI
PELI	PP1
PELI	PHLX
PELI	PLFU
PELI	P9T9
PELI	P43H
PEP2	PEP2
PEP2	PLDY
PEP2	PHK9
PEP2	PQY
PEP2	P9RS
PEP2	P472
PEW6	PEW6
PEW6	P9OV
PEW6	PLCL
PEW6	PSB
PEW6	PHIZ
PEW6	P4E6
PEX2	PEX2
PEX2	P9NZ
PEX2	PLBP
PEX2	PT7
PEX2	PHI3
PEX2	P4F2
PEXY	PEXY
PEXY	P9N3
PEXY	PLAT
PEXY	PHH5
PEXY	PU3
PEXY	P4FY
PF3A	PF3A
PF3A	PHFA
PF3A	P9I4
PF3A	P4LA
PF46	PF46
PF46	PL7T
PF46	PX7
PF46	PHDF
PF46	P9H9
PF46	P4M6
PF52	PF52
PF52	PL6U
PF52	PY5
PF52	PHCJ
PF52	P9GC
PF52	P4N2
PF7Q	PF7Q
PF7Q	P9DY
PF7Q	PL5Z
PF7Q	PZ0
PF7Q	PHBN
PF7Q	P4PQ
PFC6	PFC6
PFC6	P7GY
PFGM	PFGM
PFHI	PFHI
PFIE	PFIE
PFXO	PFXO
PFXO	P805
PG0C	PG0C
PGA4	PGA4
PGR0	PGR0
PGRW	PGRW
PGSS	PGSS
PGSS	PKMD
PGSS	P8VP
PH8S	PH8S
PHE4	PHE4
PHN0	PHN0
PHYK	PHYK
PHYK	PEN
PHYK	P4J4
PHYK	PBZO
PHYK	PF14
PHYK	P5KS
PHYK	P9LR
PJ4E	PJ4E
PJ5A	PJ5A
PJ66	PJ66
PJ8U	PJ8U
PJ9Q	PJ9Q
PJAM	PJAM
PJBI	PJBI
PJE6	PJE6
PJE6	P2R2
PJLA	PJLA
PJLA	P7R6
PJLA	PFOT
PJLA	PCZZ
PJLA	P2K5
PJLA	P6JJ
PJN2	PJN2
PJN2	P2ID
PJN2	P7ST
PJSE	PJSE
PJSE	PCRZ
PJSE	P2D2
PJSE	P6D2
PJSE	P7XY
PJSE	PFVC
PJVY	PJVY
PJVY	P81T
PJVY	PFZ8
PJVY	PCOF
PJVY	P29G
PJVY	P69I
PK32	PK32
PK32	P89Q
PK32	P22N
PK5Q	PK5Q
PK6M	PK6M
PK6M	P301
PK6M	P30Y
PK6M	PMHM
PK6M	P1YZ
PK6M	PJOE
PK7I	PK7I
PK7I	P8FE
PK7I	PGBW
PK7I	PCC3
PK7I	P5X6
PK7I	P1Y3
PK9A	PK9A
PK9A	P8H2
PK9A	PGDQ
PK9A	PCA7
PK9A	P5VA
PK9A	P1WC
PKA6	PKA6
PKA6	PGEM
PKA6	PC9B
PKA6	P5UE
PKA6	P8HM
PKA6	P1VG
PKB2	PKB2
PKB2	PC8F
PKB2	PGFK
PKB2	P1UB
PKB2	P5TI
PKB2	P8IG
PKCU	PKCU
PKCU	P1SB
PKGE	PKGE
PKGE	P8OY
PKGE	PGKM
PKGE	P1OT
PKJY	PKJY
PKQ6	PKQ6
PKQ6	PGWB
PKQ6	PBOV
PKQ6	P59U
PKQ6	P1F7
PKQ6	P908
PL9Q	PL9Q
PLIM	PLIM
PLIM	P9WP
PLIM	PLJE
PLN2	PLN2
PLN2	PA08
PLN2	P3W2
PLN2	PHTE
PLN2	PJE
PLN2	PEE3
PLOU	PLOU
PLOU	PHV1
PLOU	P3UF
PLOU	PHM
PLOU	PA1S
PLOU	PECG
PLQM	PLQM
PLQM	PEAR
PLQM	PEAS
PLQM	PHWN
PLQM	P895
PLQM	PCHI
PLQM	P3SQ
PLQM	PA3E
PLQM	PFV
PLQM	P3SR
PLQM	P62L
PM0E	PM0E
PM0E	PACR
PM0E	P4Y
PM0E	P3H0
PM0E	PDZ0
PM0E	PI7X
PM1A	PM1A
PM1A	PADM
PM1A	P42
PM1A	P3G5
PM1A	PDY5
PM1A	PI8T
PM26	PM26
PM26	PAEI
PM26	P36
PM26	P3F9
PM26	PDX9
PM26	PI9R
PM32	PM32
PM32	PAFI
PM32	P2A
PM32	P3ED
PM32	PDWD
PM32	PIAN
PM3Y	PM3Y
PM3Y	PAGE
PM3Y	P1D
PM3Y	P3DH
PM3Y	PDVH
PM3Y	PIBJ
PM8E	PM8E
PM9A	PM9A
PMI6	PMI6
PMI6	P71P
PMI6	P71Q
PMI6	PDI0
PMI6	PDI1
PMI6	PIPN
PMI6	PAXO
PMI6	P2ZH
PMLQ	PMLQ
PMLQ	PITS
PMLQ	P2VW
PMQ6	PMQ6
PMR2	PMR2
PMRY	PMRY
PMSU	PMSU
PMTQ	PMTQ
PMTQ	PJ46
PMUM	PMUM
P27	P27
P27	PIAQ
P27	PAFL
P27	PM35
P27	P3EA
P27	PDWA
P33	P33
P33	PI9U
P33	PAEL
P33	PM29
P33	P3F6
P33	PDX6
P3Z	P3Z
P3Z	PI8X
P3Z	PADP
P3Z	PM1D
P3Z	P3G2
P3Z	PDY2
P5R	P5R
P5R	PABY
P5R	PLZL
P5R	PI74
P5R	PDZT
P5R	P3HT
P6N	P6N
P6N	P20E
PJZ	PJZ
PJZ	PHSE
PJZ	P3WX
PJZ	P9ZR
PJZ	PLMH
PJZ	PEEY
P2IV	P2IV
P2IV	PCYW
P2IV	P7SB
P2IV	PFPY
P2IV	P6IG
P2IV	PJMK
P2JR	P2JR
P2JR	PCZS
P2JR	PCZT
P2JR	P6JC
P2JR	P6JD
P2JR	PJLO
P2LJ	P2LJ
P2LJ	P7PH
P2LJ	PD1L
P2LJ	PFN9
P2LJ	P6L5
P2LJ	PJJW
P2MF	P2MF
P2MF	P7OI
P2MF	PD2G
P2MF	P6M0
P2MF	PFMJ
P2MF	PJJ1
P2P3	P2P3
P2P3	PD60
P2P3	PFJH
P2P3	PJG4
P2P3	P7LM
P2P3	P6PP
P2SN	P2SN
P2SN	P6UK
P2SN	PJCG
P2SN	PFEB
P2SN	PDAV
P2SN	P7I3
P39J	P39J
P39J	PAKL
P39J	PIFD
P39J	PDRI
P39J	PM7K
P39J	P7CP
P3AF	P3AF
P3C7	P3C7
P3C7	P8
P3C7	PICU
P3C7	PDU7
P3C7	PAHM
P3C7	PM57
P3D3	P3D3
P3D3	P11
P3D3	PIBX
P3D3	PDV3
P3D3	PM4A
P3D3	PAGS
P3IF	P3IF
P3IF	PI6L
P3IF	PE0F
P3IF	PABI
P3JB	P3JB
P3JB	PLYH
P3JB	P6K
P3JB	PE1B
P3JB	PI5T
P3JB	PAAM
P3L3	P3L3
P3L3	PA9X
P3L3	P8A
P3L3	PE33
P3L3	PI59
P3MV	P3MV
P3MV	PI3X
P3MV	PE4V
P3MV	P9M
P3MV	PLWC
P3NR	P3NR
P3NR	PE5R
P3NR	PI33
P3NR	PA7S
P3NR	PLVH
P3NR	PAN
P3RB	P3RB
P3RB	PA4J
P3RB	PLSB
P3RB	PE9B
P3RB	PDU
P3RB	PHZR
P3T3	P3T3
P3T3	PG9
P3T3	PA32
P3T3	PEB4
P3T3	PHWB
P3T3	PLQ8
P3TZ	P3TZ
P3TZ	PH5
P3TZ	PA27
P3TZ	PEC0
P3TZ	PHVH
P3TZ	PLPB
P3UV	P3UV
P3UV	PI0
P3UV	PECW
P3UV	PA1L
P3UV	PHUN
P3UV	PLOG
P3WN	P3WN
P3WN	PEEO
P3WN	PHSO
P413	P413
P413	PHPE
P413	PEJ4
P413	PMR
P413	P9X1
P413	PLJP
P43R	P43R
P43R	P9SZ
P43R	PPB
P43R	PELS
P43R	PHLN
P43R	PLFK
P47B	P47B
P47B	PHK1
P47B	PEPB
P47B	P9RL
P47B	PR6
P47B	PLDO
P49Z	P49Z
P49Z	P9RD
P49Z	PERZ
P49Z	PLDH
P49Z	PRD
P49Z	PHJU
P4IV	P4IV
P4IV	PHGK
P4IV	PF0V
P4IV	PUO
P4IV	P9MI
P4IV	PLA8
P4JR	P4JR
P4JR	PF1R
P4JR	PHXT
P4JR	PB9Z
P4JR	P4YK
P4KN	P4KN
P4KN	P9IN
P4KN	PF2N
P4KN	PHFZ
P4KN	PVU
P4KN	PL97
P4MF	P4MF
P4MF	PHD7
P4MF	PF4F
P4MF	PXG
P4MF	P9H0
P4MF	PL7K
P4P3	P4P3
P4P3	PHCC
P4P3	PF73
P4P3	PYC
P4P3	P9EL
P4P3	PL6N
P4PZ	P4PZ
P4PZ	PHBE
P4PZ	PF7Z
P4PZ	P9DP
P4RR	P4RR
P4RR	PL48
P4RR	P10Q
P4RR	P9CC
P4RR	PF9R
P4RR	PH9W
P4TJ	P4TJ
P4TJ	PBAH
P4TJ	P4Y2
P4TJ	PBF0
P4UF	P4UF
P4UF	PBE4
P4UF	PL2L
P4UF	P9BN
P4UF	P12V
P4UF	PH7J
P4W7	P4W7
P4W7	PH5U
P4W7	PBCC
P4W7	PL0U
P4W7	P14K
P4XZ	P4XZ
P4XZ	PH48
P4XZ	PBAK
P4XZ	P97Y
P4XZ	P167
P4XZ	PKZ6
P5BB	P5BB
P5BB	PBQC
P5GN	P5GN
P5GN	PBVO
P5QF	P5QF
P5QF	PGID
P5QF	P8MV
P5QF	PKE5
P5QF	P1R2
P5QF	PC5C
P5UV	P5UV
P5UV	P8H5
P5UV	P1VX
P5UV	PGE5
P5UV	PK9P
P5UV	PC9S
P5VR	P5VR
P5VR	P1WT
P5VR	PK8T
P5VR	PCAO
P5YF	P5YF
P5YF	P1ZD
P5YF	P8DZ
P5YF	PGAL
P5YF	PCDC
P5YF	PK68
P607	P607
P607	PG96
P607	P8BJ
P607	PCF4
P63R	P63R
P63R	P882
P63R	PG5N
P63R	PK1A
P63R	P24E
P63R	PCIO
P64N	P64N
P64N	P86E
P64N	PG4M
P64N	PK0E
P64N	P25A
P64N	PCJK
P66F	P66F
P66F	P26J
P66F	P85N
P66F	PJYS
P66F	PCLC
P67B	P67B
P67B	P84R
P67B	P27G
P67B	PJXV
P67B	PG3A
P67B	PCM8
P6BR	P6BR
P6BR	P2BS
P6BR	PFWQ
P6BR	PJTO
P6BR	P7Z3
P6BR	PCQO
P6CN	P6CN
P6CN	P7YA
P6CN	P2CO
P6CN	PFVS
P6CN	PJSS
P6CN	PCRK
P6G7	P6G7
P6G7	P2G8
P6G7	PFSF
P6G7	P7V5
P6G7	PCWN
P6G7	PJP8
P6H3	P6H3
P6H3	PFRB
P6H3	P2H4
P6H3	P7U2
P6H3	PCXJ
P6H3	PJOC
P6HZ	P6HZ
P6HZ	PFQF
P6HZ	P2I0
P6HZ	P7T6
P6HZ	PCYF
P6HZ	PJNG
P6IV	P6IV
P6IV	PFPJ
P6IV	PJM5
P6IV	P2JA
P6IV	PCZB
P6IV	P7RW
P6JR	P6JR
P6JR	PFOL
P6JR	PJL2
P6JR	PD07
P6JR	P7QY
P6JR	P2KD
P6KN	P6KN
P6KN	PFNP
P6KN	PD13
P6LJ	P6LJ
P6LJ	PFMY
P6LJ	PJJG
P6LJ	P7P3
P6LJ	PD1Z
P6LJ	P2M0
P6NB	P6NB
P6NB	PFLZ
P6NB	P7NT
P6NB	PD3R
P6NB	PJI6
P6NB	P2N3
P6PZ	P6PZ
P6PZ	PFJ7
P6PZ	PJFU
P6PZ	P7LC
P6PZ	P2PD
P6PZ	PD6A
P6QV	P6QV
P6QV	PJER
P6QV	P7KD
P6QV	PD76
P6QV	PFHV
P6QV	P2QG
P6RR	P6RR
P6RR	PJDT
P6RR	P7JH
P6RR	PD82
P6RR	PFGY
P6RR	P2RF
P6UF	P6UF
P6UF	P2SH
P6UF	PDAQ
P6UF	PJCL
P6UF	PJCM
P6UF	PFEG
P6UF	P2SG
P71J	P71J
P71J	PIPT
P71J	PAXU
P71J	PDHU
P71J	PMIC
P71J	P2ZB
P73B	P73B
P73B	PIO3
P73B	PDJM
P73B	PMGL
P73B	P312
P73B	PAW0
P753	P753
P753	PAVP
P753	PINT
P753	PDJW
P76V	P76V
P76V	PATD
P76V	PILH
P76V	PMEM
P76V	PDLO
P76V	P331
P77R	P77R
P77R	PASH
P77R	PIKM
P77R	PMDR
P77R	P33W
P77R	PDMK
P79J	P79J
P79J	PIIU
P79J	PMBX
P79J	PDOC
P79J	P35Q
P79J	PAQO
P7AF	P7AF
P7AF	PIHT
P7AF	PMB2
P7AF	PAPK
P7AF	PDP8
P7AF	P36L
P7BB	P7BB
P7BB	PIGX
P7BB	PMA5
P7BB	PAOQ
P7BB	PDQ4
P7BB	P37H
P7D3	P7D3
P7D3	PM76
P7D3	PAJU
P7D3	P39X
P7D3	PDRW
P7D3	PIF1
P7DZ	P7DZ
P7DZ	PIEB
P7DZ	PM6L
P7DZ	PAJ3
P7DZ	P3AR
P7DZ	PDSS
P7EV	P7EV
P7EV	P3BN
P7EV	PDTO
P7GN	P7GN
P7GN	PJ72
P7GN	PB5K
P7GN	PFBV
P7WN	P7WN
P7WN	PFTZ
P7WN	P2EH
P7WN	P6EN
P7WN	PJQX
P7WN	PCV3
P7XJ	P7XJ
P7XJ	PFUV
P7XJ	P2DL
P7XJ	P6DR
P7XJ	PJRT
P7XJ	PCU7
P82V	P82V
P87B	P87B
P8CN	P8CN
P8DJ	P8DJ
P8LJ	P8LJ
P8UF	P8UF
P8UF	P1J8
P8UF	PGPY
P8UF	PKLT
P8UF	PBVH
P8UF	P5GG
P8VB	P8VB
P8W7	P8W7
P8W7	P1IC
P8W7	PKMP
P8W7	PGSY
P8W7	PBUG
P8W7	P5FF
P8X3	P8X3
P8X3	PKMX
P8X3	P1I4
P8X3	PGT8
P8X3	PBU6
P8X3	PBU7
P8X3	P5F6
P8X3	P5F7
P93B	P93B
P93B	PKTG
P93B	PBLF
P93B	P56F
P93B	P1BY
P93B	PGZK
P98N	P98N
P9JB	P9JB
P9JB	PHXD
P9K7	P9K7
PA13	PA13
PALJ	PALJ
PAMF	PAMF
PANB	PANB
PAPZ	PAPZ
PAPZ	PII5
PAPZ	PMB8
PAPZ	PDP1
PAPZ	P36F
PAPZ	P7A8
PATJ	PATJ
PAUF	PAUF
PAXZ	PAXZ
PAZR	PAZR
PB5Z	PB5Z
PB6V	PB6V
PB7R	PB7R
PB7R	PBFR
PB7R	PF5Z
PB7R	P50R
PB7R	P4SS
PB7R	PFAS
PB7R	P4NZ
PBBB	PBBB
PBBB	P98Q
PBBB	PKZU
PBBB	PKZV
PBBB	P4X8
PBBB	P15J
PBBB	PH4V
PBC7	PBC7
PBC7	PL0P
PBC7	P4WC
PBC7	P14P
PBC7	PH5P
PBDZ	PBDZ
PBDZ	PL2G
PBDZ	P4UK
PBDZ	P9BI
PBDZ	PH7E
PBDZ	P130
PBEV	PBEV
PBEV	P9C7
PBEV	P11M
PBEV	P4TO
PBEV	PL3Q
PBEV	PH87
PBGN	PBGN
PBGN	P51N
PBGN	PKY9
PBHJ	PBHJ
PBHJ	PH3B
PBHJ	P52J
PBHJ	P971
PBHJ	PKXC
PBHJ	P183
PBIF	PBIF
PBIF	P53F
PBIF	PH2J
PBIF	P18X
PBIF	P969
PBIF	PKWH
PBJB	PBJB
PBJB	P54B
PBJB	PH1O
PBJB	P19T
PBJB	PKVL
PBJB	P95E
PBK7	PBK7
PBK7	P557
PBK7	PH0S
PBK7	P1AP
PBK7	PKUP
PBK7	P94I
PBL3	PBL3
PBL3	P563
PBL3	PGZW
PBL3	PKTS
PBL3	P1BM
PBL3	P93N
PBLZ	PBLZ
PBLZ	P56Z
PBLZ	PGZ2
PBLZ	P1CH
PBLZ	PKSX
PBLZ	P92T
PBMV	PBMV
PBMV	P57V
PBMV	P1DA
PBMV	PGY9
PBMV	PKS4
PBMV	P920
PBON	PBON
PBON	P59M
PBON	P1EZ
PBON	PGWJ
PBON	PKQE
PBON	P90G
PBPJ	PBPJ
PBPJ	P8ZL
PBPJ	PKP5
PBPJ	P5AI
PBPJ	P1FV
PBPJ	PGVL
PBRB	PBRB
PBRB	P8YP
PBRB	PGUE
PBRB	PKO9
PBRB	P5CB
PBRB	P1GT
PBT3	PBT3
PBT3	P5E3
PBT3	P9LB
PBT3	P45Z
PBT3	P9FF
PBT3	PENZ
PBUV	PBUV
PBUV	P5FU
PBUV	PGSC
PBUV	P8V2
PBWN	PBWN
PBWN	P5HM
PBWN	P8TC
PBXJ	PBXJ
PBXJ	P5II
PBXJ	PKJU
PBXJ	P1LE
PBXJ	P8SD
PBXJ	PGO0
PBYF	PBYF
PBYF	P8RM
PBYF	PGNA
PBYF	P1M4
PBYF	P5JG
PBYF	PKJ3
PBZB	PBZB
PBZB	P5KF
PBZB	P48O
PBZB	PEQO
PC07	PC07
PC07	P5LB
PC07	P9M9
PC07	P3XV
PC07	P47O
PC07	PEFW
PC07	PEPO
PC13	PC13
PC13	P5M7
PC13	P8R3
PC13	PGMR
PC13	PKIK
PC13	P1MN
PC1Z	PC1Z
PC1Z	P5N3
PC1Z	P8Q8
PC1Z	PGLV
PC1Z	PKHN
PC1Z	P1NJ
PC2V	PC2V
PC2V	P5NZ
PC2V	P8PB
PC2V	PGKZ
PC2V	PKGR
PC2V	P1OG
PC7B	PC7B
PC7B	P1T4
PC7B	P5SE
PC7B	PKC7
PC7B	PGGP
PC7B	P8JK
PC87	PC87
PC87	P1U2
PC87	P5TA
PC87	PKBB
PC87	PGFS
PC87	P8IO
PC93	PC93
PC93	P8HU
PC93	P5U6
PC93	P1V8
PC93	PKAE
PC93	PGEW
PCAV	PCAV
PCAV	P8GB
PCAV	P5VY
PCAV	PGCZ
PCAV	P1X0
PCAV	PK8M
PCCN	PCCN
PCCN	P5XQ
PCCN	P1YN
PCCN	P8EU
PCCN	PGBB
PCCN	PK6Y
PCDJ	PCDJ
PCDJ	P5YM
PCDJ	P1ZK
PCDJ	P8DS
PCDJ	PGAE
PCDJ	PK61
PCKN	PCKN
PCKN	PJZA
PCKN	P65Q
PCMF	PCMF
PCMF	PJXN
PCMF	P67I
PCMF	P27O
PCP3	PCP3
PCP3	P816
PCP3	P2A5
PCP3	PFYL
PCP3	P6A6
PCP3	PJV9
PCQV	PCQV
PCQV	P6BY
PCQV	P2BZ
PCQV	PJTH
PCRR	PCRR
PCRR	PFVL
PCRR	P6CU
PCRR	P2CV
PCRR	PJSL
PCRR	P7Y3
PCUF	PCUF
PCUF	P2DT
PCUF	PJRL
PCUF	P6DZ
PCUF	P7XB
PCUF	PFUN
PCVB	PCVB
PCVB	P2EP
PCVB	PJQP
PCVB	P6EV
PCVB	P7WF
PCVB	PFTR
PCW7	PCW7
PCW7	PJPO
PCW7	P6FR
PCW7	P2FS
PCW7	PFSV
PCW7	P7VK
PCX3	PCX3
PCX3	PJOS
PCX3	PFRQ
PCX3	P6GN
PCX3	P2GO
PCX3	P7UH
PCXZ	PCXZ
PCXZ	PJNW
PCXZ	P6HJ
PCXZ	PFQV
PCXZ	P2HK
PCXZ	P7TM
PCYV	PCYV
PCYV	P2IU
PCYV	P7SC
PCYV	P6IF
PCYV	PFPZ
PCYV	PJML
PD0N	PD0N
PD0N	P7QH
PD0N	P2KT
PD0N	PFO3
PD0N	PJKM
PD0N	P6K7
PD3B	PD3B
PD3B	P7O4
PD3B	P6MV
PD47	PD47
PD47	PFLF
PD47	P6NR
PD47	P7NF
PD53	PD53
PD53	P2OA
PD53	PFKG
PD53	PJGY
PD53	P7MF
PD53	P6OS
PD6V	PD6V
PD6V	PJF0
PD6V	P2Q7
PD6V	P7KP
PD6V	P6QK
PD6V	PFI6
PD7R	PD7R
PD7R	PJE4
PD7R	P2R4
PD7R	P7JS
PD7R	P6RG
PD7R	PFHA
PDC7	PDC7
PDC7	PMNL
PDC7	PB3Q
PDC7	PIVR
PDC7	P2U0
PDC7	P6VW
PDD3	PDD3
PDD3	PMMQ
PDD3	P2UW
PDD3	P6WS
PDDZ	PDDZ
PDDZ	PMLU
PDDZ	PB1Z
PDDZ	PITZ
PDDZ	P2VS
PDDZ	P6XO
PDEV	PDEV
PDEV	PB0I
PDEV	PISM
PDEV	PML0
PDEV	P2WM
PDEV	P6YK
PDGN	PDGN
PDGN	PAYY
PDGN	PIQY
PDGN	P2YB
PDGN	PMJB
PDGN	P70C
PDHJ	PDHJ
PDHJ	PAY6
PDHJ	PIQ6
PDHJ	P2Z4
PDHJ	PMIJ
PDHJ	P718
PDIF	PDIF
PDIF	PAX8
PDIF	P724
PDRB	PDRB
PDRB	PAKS
PDRB	PIFL
PDRB	P7CI
PDRB	PM7S
PDRB	P39C
PDT3	PDT3
PDT3	PM6A
PDT3	PAIR
PDT3	P7EA
PDT3	PIE0
PDT3	P3B2
PDUV	PDUV
PDUV	PM4I
PDUV	PAH0
PDUV	PIC4
PDUV	PU
PDUV	P3CV
PE07	PE07
PE07	PLZD
PE07	PI6T
PE07	P3I7
PE2V	PE2V
PE2V	PI5I
PE2V	PAA6
PE2V	P3KV
PE3R	PE3R
PE3R	PI4U
PE3R	PA9C
PE3R	P8P
PE3R	PLXA
PE3R	P3LR
PE6F	PE6F
PE6F	PA78
PE6F	PLUY
PE6F	PB7
PE6F	PI2I
PE6F	P3OF
PE7B	PE7B
PE7B	PA6D
PE7B	PLU3
PE7B	PC2
PE7B	PI1N
PE7B	P3PB
PE87	PE87
PE87	PA5H
PE87	PLT7
PE87	PCY
PE87	PI0R
PE87	P3Q7
PE93	PE93
PE93	PDM
PE93	PLSJ
PE93	P3R3
PE93	PBD7
PE93	P4VC
PE93	PLSL
PE93	PDK
PE93	PL1M
PEAV	PEAV
PEAV	PHWK
PEAV	PLQH
PEAV	PA3B
PEAV	P3SU
PEAV	PG0
PEBR	PEBR
PEBR	PHVQ
PEBR	PLPK
PEBR	PLPL
PEBR	PA2G
PEBR	P3TQ
PEBR	PGW
PECN	PECN
PECN	PHUV
PECN	PLOO
PECN	P3UM
PECN	PHS
PEEF	PEEF
PEEF	PLMR
PEEF	PJP
PEEF	PHT6
PEEF	P3WE
PEEF	PA00
PEFB	PEFB
PEFB	PHS1
PEFB	P9ZE
PEFB	PLM4
PEFB	PKC
PEFB	P3XA
PEH3	PEH3
PEH3	PKU
PEH3	PHRJ
PEH3	P9YW
PEH3	PLLM
PEH3	P3Z2
PEHZ	PEHZ
PEHZ	PHQK
PEHZ	PLQ
PEHZ	PHQM
PEHZ	P9Y1
PEHZ	PLKQ
PEHZ	P3ZY
PEIV	PEIV
PEIV	PHPN
PEIV	P40U
PEP3	PEP3
PEP3	PLDX
PEP3	PHK8
PEP3	PQZ
PEP3	P9RR
PEP3	P473
PEW7	PEW7
PEW7	P9OU
PEW7	PLCK
PEW7	PHIY
PEW7	PSC
PEW7	P4E7
PEX3	PEX3
PEX3	P9NY
PEX3	PLBO
PEX3	PHI2
PEX3	PT8
PEX3	P4F3
PEXZ	PEXZ
PEXZ	P9N2
PEXZ	PLAS
PEXZ	PHH4
PEXZ	PU4
PEXZ	P4FZ
PEYV	PEYV
PEYV	PB9D
PEYV	P45E
PEYV	P9FS
PEYV	PENF
PEYV	P4Z6
PEYV	PBG2
PEYV	P4NO
PEYV	P512
PEYV	PBTJ
PEYV	P5EJ
PEYV	PF5O
PEYV	P4GV
PF3B	PF3B
PF3B	PHF9
PF3B	P9I3
PF3B	P4LB
PF47	PF47
PF47	PL7S
PF47	PX8
PF47	PHDE
PF47	P9H8
PF47	P4M7
PF53	PF53
PF53	PL6T
PF53	PY6
PF53	PHCI
PF53	P9GB
PF53	P4N3
PFGN	PFGN
PFHJ	PFHJ
PFIF	PFIF
PFL3	PFL3
PFL3	P6O3
PFL3	PJHM
PFL3	P7N3
PFL3	P2NO
PFS7	PFS7
PFS7	P7UX
PFS7	P6GF
PFS7	P2GG
PFS7	PJP0
PFS7	PCWV
PFYF	PFYF
PFYF	P810
PG13	PG13
PG2V	PG2V
PG2V	PCMQ
PG2V	P67T
PG2V	P84C
PG9Z	PG9Z
PGCN	PGCN
PGCN	PK8A
PGCN	PCBB
PGCN	P5WE
PGCN	P8FZ
PGCN	P1XC
PGHZ	PGHZ
PGHZ	P1RG
PGHZ	P8MH
PGHZ	PC5Q
PGHZ	PKDR
PGHZ	P5QT
PGX3	PGX3
PGX3	PKQY
PGX3	PBO2
PGX3	P910
PGX3	P591
PGX3	P1EF
PH1J	PH1J
PH1J	PBJG
PH1J	PKVG
PH1J	P959
PH1J	P54G
PH1J	P19Y
PH8N	PH8N
PHC7	PHC7
PHC7	P9EG
PHC7	PYH
PHC7	PL6I
PHEV	PHEV
PHMV	PHMV
PI7B	PI7B
PI7B	P5K
PI7B	P3HM
PI7B	PDZM
PI7B	PAC5
PI7B	PLZS
PICN	PICN
PICN	P3CE
PICN	PH
PICN	PAHF
PICN	PM50
PICN	PDUE
PICN	PERO
PICN	P16R
PICN	PEYT
PICN	PEND
PICN	P9FU
PICN	PMQ3
PICN	P4NK
PICN	PBG4
PICN	P4ZA
PICN	P514
PICN	PF5K
PICN	PBTL
PICN	P49O
PICN	P4GT
PICN	P5EL
PICN	PB99
PICN	PKYL
PICN	P45C
PICN	PH9C
PIG7	PIG7
PINB	PINB
PIZR	PIZR
PJ47	PJ47
PJ47	PMTR
PJ47	PMSC
PJ53	PJ53
PJ5Z	PJ5Z
PJ9J	PJ9J
PJAF	PJAF
PJBB	PJBB
PJD3	PJD3
PJD3	PFEX
PJD3	P7IL
PJD3	P2S0
PJD3	P6TV
PJD3	PDA6
PJFR	PJFR
PJFR	P7L9
PJFR	P2PG
PJFR	PFJ4
PJGN	PJGN
PJHJ	PJHJ
PJHJ	PFL0
PJHJ	P6O6
PJHJ	P7N0
PJHJ	P2NQ
PJIF	PJIF
PJJB	PJJB
PJJB	PFMT
PJJB	P7OS
PJJB	P6LQ
PJJB	P2M5
PJJB	PD26
PJK7	PJK7
PJK7	PFNM
PJK7	P6KQ
PJK7	P7PS
PJK7	PD16
PJK7	P2L8
PJMV	PJMV
PJMV	P7SM
PJMV	P2IK
PJON	PJON
PJON	PCX8
PJON	PFRL
PJON	P7UC
PJON	P6GS
PJON	P2GT
PJPJ	PJPJ
PJPJ	PCWC
PJPJ	PFSQ
PJPJ	P6FW
PJPJ	P7VG
PJPJ	P2FX
PJS7	PJS7
PJS7	P7XT
PJS7	PFV5
PJS7	PCS6
PJS7	P2D9
PJS7	P6D9
PJT3	PJT3
PJT3	P7YK
PJT3	PFW3
PJT3	PCR9
PJT3	P6CC
PJT3	P2CD
PJTZ	PJTZ
PJTZ	P7ZE
PJTZ	PCQD
PJTZ	PFX1
PJTZ	P6BG
PJTZ	P2BH
PJUV	PJUV
PJUV	P80D
PJUV	PFXW
PJUV	PCPL
PJUV	P2AJ
PJUV	P6AO
PJVR	PJVR
PJVR	PCOM
PJVR	P81M
PJVR	P29N
PJVR	P69P
PJVR	PFZ1
PK5J	PK5J
PKAV	PKAV
PKAV	PGFD
PKAV	PC8M
PKAV	P1UI
PKAV	P5TP
PKBR	PKBR
PKBR	PGG9
PKBR	P8J4
PKBR	PC7R
PKBR	P1TK
PKBR	P5SU
PKCN	PKCN
PKDJ	PKDJ
PKDJ	P8M9
PKDJ	P1RO
PKDJ	PC5Y
PKDJ	P5R1
PKDJ	PGHR
PKEF	PKEF
PKEF	P8N5
PKEF	P1QS
PKEF	PC52
PKEF	P5Q5
PKEF	PGIN
PKG7	PKG7
PKG7	P1P0
PKG7	PC3A
PKG7	P8OS
PKG7	P5OD
PKG7	PGKG
PKIV	PKIV
PKIV	P1MC
PKIV	PC0M
PKIV	P8RE
PKIV	P5LQ
PKIV	PGN2
PKLJ	PKLJ
PKPZ	PKPZ
PKQV	PKQV
PKQV	PGX0
PKQV	P90X
PKQV	PBO5
PKQV	P594
PKQV	P1EI
PKRR	PKRR
PKRR	PGXW
PKRR	P91S
PKRR	PBN8
PKRR	P588
PKRR	P1DN
PKSN	PKSN
PKSN	PGYS
PKSN	P92J
PKSN	PBMC
PKSN	P57C
PKSN	P1CR
PKTJ	PKTJ
PKTJ	PGZN
PKTJ	P93E
PKTJ	PBLC
PKTJ	P56C
PKTJ	P1BV
PKUF	PKUF
PKUF	PH0I
PKUF	P948
PKUF	PBKH
PKUF	P55H
PKUF	P1AZ
PKVB	PKVB
PKVB	PH1E
PKVB	P954
PKVB	PBJL
PKVB	P54L
PKVB	P1A3
PKW7	PKW7
PKW7	PH2A
PKW7	P95Z
PKW7	PBIP
PKW7	P53P
PKW7	P197
PKXZ	PKXZ
PKXZ	P97O
PKXZ	PBGW
PKXZ	P51W
PKXZ	P17G
PKXZ	PH3Y
PL7R	PL7R
PL7R	PF48
PL7R	PX9
PL7R	PHDD
PL7R	P9H7
PL7R	P4M8
PL9J	PL9J
PL9J	PVJ
PL9J	PHGA
PL9J	P9J0
PLD3	PLD3
PLD3	PRT
PLD3	PHJD
PLD3	P4AG
PLD3	P9QY
PLD3	PESG
PLFR	PLFR
PLFR	PHLU
PLFR	PP4
PLFR	PELL
PLFR	P9T6
PLFR	P43K
PLIF	PLIF
PLIF	PLJ7
PLS7	PLS7
PLS7	P3RG
PLS7	PHZN
PLS7	PE9G
PLS7	PDY
PLS7	PA4F
PLZB	PLZB
PM93	PM93
PMO7	PMO7
PMO7	P2TF
PMO7	PB4A
PMP3	PMP3
PMPZ	PMPZ
PMQV	PMQV
PMRR	PMRR
PN0N	PN0N
P14	P14
P14	P3D6
P14	PIBU
P14	PDV6
P14	PM47
P14	PAGP
P20	P20
P20	PIAX
P20	P3E3
P20	PDW3
P20	PAFS
P20	PM3C
P2W	P2W
P2W	PIA1
P2W	P3EZ
P2W	PDWZ
P2W	PAEW
P2W	PM2G
P3S	P3S
P3S	PI94
P3S	PM1K
P3S	PADW
P4O	P4O
P4O	PI87
P4O	P3GQ
P4O	PDYQ
P4O	PAD1
P4O	PM0O
P7C	P7C
PA0	PA0
PA0	PI3N
PA0	PA8C
PA0	PLW2
PA0	P3N8
PA0	PE58
PAW	PAW
PAW	PI2U
PAW	PA7J
PAW	P3O1
PAW	PLV9
PAW	PE61
PBS	PBS
PBS	PI1X
PBS	PA6N
PBS	P3P1
PBS	PLUD
PBS	PE71
PCO	PCO
PCO	PI11
PCO	PA5R
PCO	P3PX
PCO	PLTH
PCO	PE7X
PKO	PKO
PKO	P3XM
PKO	PEFN
PKO	PHRP
PKO	P9Z2
PKO	PLLS
PNC	PNC
PNC	PLHK
PNC	PEJT
PNC	PHOT
PNC	P9V2
PNC	P41S
PRS	PRS
PRS	PLD4
PRS	PHJE
PRS	P4AF
PRS	P9QZ
PRS	PESF
PSO	PSO
PSO	P9OI
PSO	PLC8
PSO	P4EJ
PSO	PHIM
PSO	PEWJ
PTK	PTK
PTK	P9NM
PTK	PLBC
PTK	P4FF
PTK	PHHO
PTK	PEXF
PUG	PUG
PUG	P9MQ
PUG	PLAG
PUG	P4G9
PUG	PHGS
PUG	PEY9
PVC	PVC
PW8	PW8
PW8	P9IA
PW8	PL8T
PW8	P4L2
PW8	PF32
PW8	PHFI
P10O	P10O
P10O	P4RP
P10O	PL4A
P10O	PF9P
P10O	P9CE
P10O	PH9Y
P11K	P11K
P11K	P4TL
P11K	P9C9
P11K	PBEX
P11K	P4TM
P11K	PBEY
P11K	PL3S
P11K	PH89
P12G	P12G
P12G	PH7X
P12G	P4TY
P12G	PL30
P12G	PBEL
P12G	P9BZ
P13C	P13C
P13C	P9BA
P13C	PH74
P13C	P4UU
P13C	PL24
P13C	PBDP
P154	P154
P154	PH5A
P154	P99R
P154	PBBR
P154	PL0A
P154	P4WS
P160	P160
P160	PH4E
P160	P983
P160	PBAR
P160	PKZD
P160	P4XS
P17S	P17S
P17S	PH3M
P17S	P97C
P17S	PKXN
P17S	PBH8
P17S	P528
P1MW	P1MW
P1MW	P8QU
P1MW	PGMI
P1MW	PC1C
P1MW	PKIB
P1MW	P5MG
P1NS	P1NS
P1NS	P8PZ
P1NS	PGLM
P1NS	PC28
P1NS	PKHE
P1NS	P5NC
P1OO	P1OO
P1OO	P8P3
P1OO	PGKR
P1OO	PC33
P1OO	PKGJ
P1OO	P5O7
P1PK	P1PK
P1PK	PGJS
P1PK	P8O9
P1PK	PC3Z
P1PK	PKFN
P1PK	P5P2
P1QG	P1QG
P1QG	PC4Q
P1QG	PGIZ
P1QG	P8NH
P1QG	P5PT
P1QG	PKER
P1RC	P1RC
P1RC	PC5M
P1RC	PGI3
P1RC	P8ML
P1RC	P5QP
P1RC	PKDV
P1S8	P1S8
P1S8	PC6H
P1S8	PGH6
P1S8	P8LQ
P1S8	P5RK
P1S8	PKCX
P1UW	P1UW
P208	P208
P2DK	P2DK
P2DK	P6DN
P2DK	P6DQ
P2DK	PJRU
P2DK	PCU3
P2DK	PCU6
P2EG	P2EG
P2EG	P7WO
P2EG	PFU0
P2EG	P6EM
P2EG	PJQY
P2EG	PCV2
P2FC	P2FC
P2FC	P7VS
P2FC	PFT4
P2FC	P6FI
P2FC	PJQ2
P2FC	PCVY
P2IW	P2IW
P2IW	PCYX
P2IW	P7SA
P2IW	PFPX
P2IW	P6IH
P2IW	PJMJ
P2JS	P2JS
P2JS	PCZU
P2JS	P6JE
P2JS	PJLN
P2LK	P2LK
P2LK	P7PG
P2LK	PD1M
P2LK	PFN8
P2LK	P6L6
P2LK	PJJV
P2MG	P2MG
P2MG	P7OH
P2MG	PD2H
P2MG	P6M1
P2MG	PFMI
P2MG	PJJ0
P2NC	P2NC
P2NC	P6NK
P2NC	PJHX
P2NC	PFLQ
P2NC	PD40
P2P4	P2P4
P2P4	PD61
P2P4	PFJG
P2P4	PJG3
P2P4	P7LL
P2P4	P6PQ
P2Q0	P2Q0
P2Q0	PFIH
P2Q0	PJIO
P2Q0	PJF7
P2Q0	P2MS
P2RS	P2RS
P2RS	PJDG
P2RS	P6S5
P2RS	P7IU
P2RS	PFFF
P2RS	PD8G
P2SO	P2SO
P2SO	P6UL
P2SO	PJCF
P2SO	PFEA
P2SO	PDAW
P2SO	P7I2
P354	P354
P354	PMCJ
P354	PDNS
P354	P78Z
P354	PARA
P354	PIJE
P38O	P38O
P38O	PM87
P3C8	P3C8
P3C8	P9
P3C8	PICT
P3C8	PDU8
P3C8	PAHL
P3C8	PM56
P3D4	P3D4
P3D4	P12
P3D4	PIBW
P3D4	PDV4
P3D4	PM49
P3D4	PAGR
P3E0	P3E0
P3E0	P1V
P3E0	PIB1
P3E0	PDW0
P3E0	PAFW
P3E0	PM3H
P3K8	P3K8
P3K8	PE28
P3K8	P7R
P3L4	P3L4
P3L4	PA9W
P3L4	P8B
P3L4	PLXQ
P3L4	PE34
P3L4	PI58
P3MW	P3MW
P3MW	PI3W
P3MW	PE4W
P3MW	PA8M
P3MW	P9N
P3MW	PLWB
P3NS	P3NS
P3NS	PI32
P3NS	PE5S
P3NS	PA7R
P3NS	PLVG
P3NS	PAO
P3QG	P3QG
P3QG	PLSZ
P3QG	PE8G
P3QG	PI0I
P3QG	PD6
P3QG	PA56
P3RC	P3RC
P3RC	PA4I
P3RC	PLSA
P3RC	PE9C
P3RC	PDV
P3RC	PHZQ
P3T4	P3T4
P3T4	PGA
P3T4	PA31
P3T4	PEB5
P3T4	PHWA
P3T4	PLQ7
P3U0	P3U0
P3U0	PH6
P3U0	PH7
P3U0	PA26
P3U0	PEC1
P3U0	PHVG
P3U0	PLP9
P3U0	PLPA
P3UW	P3UW
P3UW	PI2
P3UW	PECX
P3UW	PA1J
P3UW	PHUL
P3UW	PLOF
P3WO	P3WO
P3WO	PEEP
P3WO	PHSN
P3ZC	P3ZC
P3ZC	PHR9
P3ZC	P9YM
P3ZC	PLLC
P3ZC	PEHD
P3ZC	PL4
P408	P408
P408	PHQA
P408	P9XR
P408	PLKG
P408	PEI9
P408	PM0
P42W	P42W
P42W	P9TU
P42W	POG
P42W	PEKX
P42W	PHMI
P42W	PLGG
P43S	P43S
P43S	P9SY
P43S	PPC
P43S	PELT
P43S	PHLM
P43S	PLFJ
P44O	P44O
P44O	P9SA
P44O	PQ7
P44O	PEMP
P44O	PHKR
P44O	PLEO
P47C	P47C
P47C	P9RK
P47C	PEPC
P47C	PR7
P47C	PLDN
P47C	PHK0
P4A0	P4A0
P4A0	P9RC
P4A0	PES0
P4A0	PLDG
P4A0	PHJT
P4A0	PRE
P4IW	P4IW
P4IW	PHGJ
P4IW	PF0W
P4IW	PUP
P4IW	P9MH
P4IW	PLA7
P4JS	P4JS
P4JS	P9L4
P4JS	PF1S
P4JS	PHXS
P4KO	P4KO
P4KO	P9IM
P4KO	PHFY
P4KO	PF2O
P4KO	PL96
P4KO	PVV
P4MG	P4MG
P4MG	PHD6
P4MG	PF4G
P4MG	P9GZ
P4MG	PXH
P4MG	PL7J
P4P4	P4P4
P4P4	PHCB
P4P4	PF74
P4P4	PYD
P4P4	P9EK
P4P4	PL6M
P4Q0	P4Q0
P4Q0	PHBD
P4Q0	PF80
P4Q0	P9DO
P4RS	P4RS
P4RS	PL47
P4RS	P10R
P4RS	PF9S
P4RS	PH9V
P4UG	P4UG
P4UG	PBE3
P4UG	PL2K
P4UG	P9BM
P4UG	P12W
P4UG	PH7I
P4W8	P4W8
P4W8	PH5T
P4W8	PBCB
P4W8	PL0T
P4W8	P14L
P4X4	P4X4
P4X4	PH4Z
P4X4	PBBF
P4X4	PL00
P4X4	P15F
P4Y0	P4Y0
P4Y0	PH47
P4Y0	PBAJ
P4Y0	P97X
P4Y0	P168
P4Y0	PKZ5
P5BC	P5BC
P5BC	PBQD
P5C8	P5C8
P5C8	P8YS
P5C8	PBR8
P5C8	P1GQ
P5EW	P5EW
P5EW	PBTW
P5OO	P5OO
P5OO	PC3L
P5RC	P5RC
P5RC	PC69
P694	P694
P694	PCO1
P6G8	P6G8
P6G8	P2G9
P6G8	PFSE
P6G8	P7V4
P6G8	PCWO
P6G8	PJP7
P6H4	P6H4
P6H4	PFRA
P6H4	P2H5
P6H4	P7U1
P6H4	PCXK
P6H4	PJOB
P6IW	P6IW
P6IW	PFPI
P6IW	PJM4
P6IW	P2JB
P6IW	PCZC
P6IW	P7RV
P6LK	P6LK
P6LK	PFMX
P6LK	PJJF
P6LK	P7P2
P6LK	PD20
P6LK	P2M1
P6NC	P6NC
P6NC	PFLY
P6NC	P7NS
P6NC	PD3S
P6NC	PJI5
P6NC	P2N4
P6Q0	P6Q0
P6Q0	PFJ6
P6Q0	PJFT
P6Q0	P7LB
P6Q0	P2PE
P6Q0	PD6B
P6RS	P6RS
P6RS	P7JE
P6RS	PFG0
P6RS	PD83
P6RS	P2RG
P6RS	PJDS
P6UG	P6UG
P6UG	P2SI
P6UG	P2SJ
P6UG	PDAR
P6UG	PJCK
P6UG	PFEF
P6ZS	P6ZS
P6ZS	PMJU
P6ZS	PDG3
P6ZS	PAZD
P6ZS	PIRG
P6ZS	P2XS
P70O	P70O
P70O	PMJ1
P70O	PDGZ
P70O	P2YM
P70O	PAYO
P70O	PIQO
P71K	P71K
P71K	PAXT
P71K	PDHV
P71K	PMIB
P71K	P2ZC
P71K	PIPS
P73C	P73C
P73C	PIO2
P73C	PDJN
P73C	PMGK
P73C	P313
P73C	PAVZ
P754	P754
P754	PAVO
P754	PINS
P754	PDJX
P760	P760
P760	PIMB
P760	PMFH
P760	PAUU
P760	PDKT
P760	P326
P76W	P76W
P76W	PILG
P76W	PMEL
P76W	PDLP
P76W	P332
P76W	PATC
P78O	P78O
P78O	PARL
P78O	PIJP
P78O	PMCU
P78O	P34T
P78O	PDNH
P79K	P79K
P79K	PIIT
P79K	PMBW
P79K	PDOD
P79K	P35R
P79K	PAQN
P7AG	P7AG
P7AG	PMB1
P7AG	PAPJ
P7AG	PDP9
P7AG	P36M
P7AG	PIHS
P7BC	P7BC
P7BC	PMA4
P7BC	PAOP
P7BC	PDQ5
P7BC	P37I
P7BC	PIGV
P7C8	P7C8
P7C8	PIFW
P7C8	PDR1
P7D4	P7D4
P7D4	PM75
P7D4	PAJT
P7D4	P39Y
P7D4	PIF0
P7D4	PDRX
P7E0	P7E0
P7E0	PIEA
P7E0	PM6K
P7E0	PAJ2
P7E0	P3AS
P7E0	PDST
P7EW	P7EW
P7EW	PAI4
P7EW	PM5P
P7EW	P3BO
P7EW	PDTP
P7EW	PIDC
P7GO	P7GO
P7GO	PJ73
P7GO	PB5J
P7GO	PFBW
P7YG	P7YG
P7YG	P2CH
P7YG	PJSZ
P7YG	PFVZ
P7YG	PCRD
P7YG	P6CG
P82W	P82W
P87C	P87C
P8CO	P8CO
P8DK	P8DK
P8EG	P8EG
P8G8	P8G8
P8G8	PCB2
P8G8	PGCW
P8G8	PK8J
P8G8	P5W5
P8G8	P1X3
P8LK	P8LK
P8UG	P8UG
P8UG	P1J7
P8UG	PGPZ
P8UG	PKLU
P8UG	PBVG
P8UG	P5GF
P8VC	P8VC
P8W8	P8W8
P8X4	P8X4
P9GO	P9GO
P9GO	PXT
P9GO	P4MQ
P9GO	PL77
P9GO	PF4Q
P9GO	PHCV
P9JC	P9JC
P9K8	P9K8
P9QG	P9QG
P9VS	P9VS
P9VS	PHMU
PA14	PA14
PAKO	PAKO
PAKO	P39G
PAKO	PDRF
PAKO	PIFG
PAKO	PM7N
PAKO	P7CM
PALK	PALK
PAMG	PAMG
PANC	PANC
PATK	PATK
PAUG	PAUG
PAVC	PAVC
PAY0	PAY0
PAZS	PAZS
PB54	PB54
PB54	PJ7I
PB6W	PB6W
PBBC	PBBC
PBBC	P4X7
PBBC	PKZX
PBBC	P15I
PBBC	PH4W
PBC8	PBC8
PBC8	PL0Q
PBC8	P4WB
PBC8	P14O
PBC8	PH5Q
PBEW	PBEW
PBEW	P9C8
PBEW	P11L
PBEW	P4TN
PBEW	PL3R
PBEW	PH88
PBIG	PBIG
PBIG	PH2I
PBIG	P53G
PBIG	P968
PBIG	PKWG
PBIG	P18Y
PBJC	PBJC
PBJC	PH1N
PBJC	P54C
PBJC	PKVK
PBJC	P95D
PBJC	P19U
PBK8	PBK8
PBK8	PH0R
PBK8	P558
PBK8	PKUO
PBK8	P94H
PBK8	P1AQ
PBL4	PBL4
PBL4	PGZV
PBL4	P564
PBL4	PKTR
PBL4	P93M
PBL4	P1BN
PBM0	PBM0
PBM0	P570
PBM0	PGZ1
PBM0	PKSW
PBM0	P1CI
PBM0	P92S
PBMW	PBMW
PBMW	P57W
PBMW	P1DB
PBMW	PGY8
PBMW	PKS3
PBMW	P91Z
PBNS	PBNS
PBNS	P58R
PBNS	P1E5
PBNS	PGXD
PBNS	PKR8
PBNS	P91A
PBOO	PBOO
PBOO	P59N
PBOO	P1F0
PBOO	PGWI
PBOO	PKQD
PBOO	P90F
PBPK	PBPK
PBPK	PKP4
PBPK	P5AJ
PBPK	P1FW
PBPK	PGVK
PBPK	P8ZK
PBRC	PBRC
PBRC	PGUD
PBRC	PKO8
PBRC	P5CC
PBRC	P1GU
PBRC	P8YO
PBS8	PBS8
PBS8	P5D8
PBS8	P1HR
PBUW	PBUW
PBUW	P9PI
PBUW	P4DK
PBUW	P5FV
PBUW	PEVK
PBUW	PAL4
PBUW	PGSB
PBUW	P8V1
PBUW	PG0W
PBWO	PBWO
PBWO	P5HN
PBWO	P8TB
PBXK	PBXK
PBXK	PKJT
PBXK	P5IJ
PBXK	P1LF
PBXK	P8SC
PBXK	PGNZ
PBYG	PBYG
PBYG	P8RL
PBYG	PGN9
PBYG	P1M5
PBYG	P5JH
PBYG	PKJ2
PC14	PC14
PC14	P8R2
PC14	P5M8
PC14	PGMQ
PC14	PKIJ
PC14	P1MO
PC20	PC20
PC20	P8Q7
PC20	P5N4
PC20	PGLU
PC20	PKHM
PC20	P1NK
PC7C	PC7C
PC7C	P1T5
PC7C	P5SF
PC7C	PKC6
PC7C	PGGO
PC7C	P8JJ
PC88	PC88
PC88	P1U3
PC88	P5TB
PC88	PKBA
PC88	PGFR
PC88	P8IN
PC94	PC94
PC94	P8HT
PC94	P5U7
PC94	P1V9
PC94	PKAD
PC94	PGEV
PCA0	PCA0
PCA0	P5V3
PCA0	PGDX
PCAW	PCAW
PCAW	P8GA
PCAW	P5VZ
PCAW	PGCY
PCAW	P1X1
PCAW	PK8L
PCCO	PCCO
PCCO	P5XR
PCCO	P1YO
PCCO	P8ET
PCCO	PGBA
PCCO	PK6X
PCDK	PCDK
PCDK	P5YN
PCDK	P8DR
PCDK	P1ZL
PCDK	PGAD
PCDK	PK60
PCG8	PCG8
PCG8	PG82
PCG8	PK3N
PCG8	P222
PCG8	P61B
PCG8	P8AE
PCH4	PCH4
PCH4	PK2P
PCH4	P230
PCH4	P627
PCH4	P89B
PCH4	PG72
PCJS	PCJS
PCJS	P25I
PCJS	PK06
PCJS	P64V
PCJS	PG4C
PCJS	P866
PCLK	PCLK
PCLK	P85F
PCLK	PJYK
PCLK	P66N
PCLK	P26R
PCNC	PCNC
PCNC	P83P
PCNC	P28E
PCNC	P68F
PCNC	PG28
PCNC	PJWX
PCP4	PCP4
PCP4	P815
PCP4	PFYK
PCP4	P2A6
PCP4	P6A7
PCP4	PJV8
PCQ0	PCQ0
PCQ0	PFXE
PCQ0	P6B3
PCQ0	P2B4
PCQ0	PJUC
PCQ0	P7ZR
PCQW	PCQW
PCQW	PFWK
PCQW	P6BZ
PCQW	P2C0
PCQW	PJTG
PCQW	P7YX
PCRS	PCRS
PCRS	P6CV
PCRS	P2CW
PCRS	PJSK
PCRS	P7Y2
PCRS	PFVK
PCUG	PCUG
PCUG	PJRK
PCUG	P2DU
PCUG	P6E0
PCUG	P7XA
PCUG	PFUM
PCVC	PCVC
PCVC	PJQO
PCVC	P2EQ
PCVC	P6EW
PCVC	P7WE
PCVC	PFTQ
PCX4	PCX4
PCX4	PJOR
PCX4	PFRP
PCX4	P6GO
PCX4	P7UG
PCX4	P2GP
PCY0	PCY0
PCY0	PJNV
PCY0	PFQU
PCY0	P6HK
PCY0	P2HL
PCY0	P7TL
PD0O	PD0O
PD0O	P7QG
PD0O	P2KU
PD0O	PFO2
PD0O	PJKL
PD0O	P6K8
PD3C	PD3C
PD3C	P7O3
PD3C	P6MW
PD48	PD48
PD48	PFLE
PD48	P6NS
PD48	P7NE
PD54	PD54
PD54	P2OB
PD54	PFKF
PD54	PJGX
PD54	P7ME
PD54	P6OT
PD6W	PD6W
PD6W	PJEZ
PD6W	P2Q8
PD6W	P7KO
PD6W	P6QL
PD6W	PFI5
PD7S	PD7S
PD7S	PJE3
PD7S	P2R5
PD7S	P7JR
PD7S	P6RH
PD7S	PFH9
PDBC	PDBC
PDBC	PMOF
PDBC	PB4J
PDBC	PIWK
PDBC	P2T7
PDBC	P6V1
PDC8	PDC8
PDC8	PMNK
PDC8	PB3P
PDC8	PIVQ
PDC8	P2U1
PDC8	P6VX
PDD4	PDD4
PDD4	PMMP
PDD4	PB2V
PDD4	PIUW
PDD4	P2UX
PDD4	P6WT
PDE0	PDE0
PDE0	PMLT
PDE0	PB1Y
PDE0	PITY
PDE0	P2VT
PDE0	P6XP
PDEW	PDEW
PDEW	PB0H
PDEW	PISL
PDEW	PMKZ
PDEW	P2WN
PDEW	P6YL
PDFS	PDFS
PDFS	PIRQ
PDFS	PMK4
PDFS	P2XI
PDFS	P6ZH
PDHK	PDHK
PDHK	PAY5
PDHK	PIQ5
PDHK	P2Z5
PDHK	PMII
PDHK	P719
PDIG	PDIG
PDIG	PAX7
PDIG	P725
PDJC	PDJC
PDJC	P30R
PDJC	PAWC
PDJC	PIOD
PDJC	P731
PDJC	PMGW
PDK8	PDK8
PDK8	P31H
PDK8	PMG6
PDK8	PAVD
PDK8	P75F
PDK8	PIMV
PDQG	PDQG
PDQG	PM9T
PDQG	P37T
PDQG	P7BN
PDQG	PIGK
PDQG	PM9S
PDRC	PDRC
PDRC	P39D
PDRC	PAKR
PDRC	PIFK
PDRC	P7CJ
PDRC	PM7R
PDRC	PIFX
PDS8	PDS8
PDS8	PIEO
PDS8	P7DF
PDS8	PM6W
PDS8	P3A7
PE2W	PE2W
PE2W	PI5H
PE2W	PAA5
PE2W	P3KW
PE3S	PE3S
PE3S	PI4T
PE3S	PA9B
PE3S	P8Q
PE3S	PLX9
PE3S	P3LS
PE6G	PE6G
PE6G	PA77
PE6G	PLUX
PE6G	PB8
PE6G	PI2H
PE6G	P3OG
PE7C	PE7C
PE7C	PA6C
PE7C	PLU2
PE7C	PC3
PE7C	PI1M
PE7C	P3PC
PE88	PE88
PE88	PA5G
PE88	PLT6
PE88	PCZ
PE88	PI0Q
PE88	P3Q8
PE94	PE94
PE94	PDN
PE94	PLSI
PE94	P3R4
PEA0	PEA0
PEA0	PEI
PEA0	PLRM
PEA0	PLRN
PEA0	PHZ3
PEA0	P3S0
PEFC	PEFC
PEFC	P9ZD
PEFC	PLM3
PEFC	PKD
PEFC	P3XB
PEFC	PHS0
PEH4	PEH4
PEH4	PHRI
PEH4	PKV
PEH4	P9YV
PEH4	PLLL
PEH4	P3Z3
PEI0	PEI0
PEI0	PHQJ
PEI0	PLR
PEI0	P9Y0
PEI0	PLKP
PEI0	P3ZZ
PEIW	PEIW
PEIW	PHPM
PEIW	P40V
PETK	PETK
PETK	PM8H
PETK	PFCK
PETK	P4BK
PETK	P7HC
PEW8	PEW8
PEW8	P9OT
PEW8	PLCJ
PEW8	PHIX
PEW8	PSD
PEW8	P4E8
PEX4	PEX4
PEX4	P9NX
PEX4	PLBN
PEX4	PHI1
PEX4	PT9
PEX4	P4F4
PEY0	PEY0
PEY0	P9N1
PEY0	PLAR
PEY0	PHH3
PEY0	PU5
PEY0	P4G0
PF2G	PF2G
PF2G	PFE
PF2G	PA3V
PF2G	PHXB
PF2G	P4KG
PF2G	PLR4
PF54	PF54
PF54	P9GA
PF54	P4N4
PF6W	PF6W
PF6W	PCDR
PF6W	P5YU
PF6W	P4OW
PFAG	PFAG
PFAG	PH9B
PFAG	P4SG
PFC8	PFC8
PFC8	P7H0
PFC8	PB7C
PFC8	PJ8D
PFGO	PFGO
PFL4	PFL4
PFL4	P6O2
PFL4	PJHN
PFL4	P7N4
PFL4	P2NN
PFYG	PFYG
PFYG	P811
PG08	PG08
PG08	P82T
PG2W	PG2W
PG2W	PCMP
PG2W	P67S
PG2W	P84D
PGA0	PGA0
PGG8	PGG8
PGI0	PGI0
PGI0	P8MI
PGI0	P1RF
PGI0	PC5P
PGI0	PKDS
PGI0	P5QS
PGQW	PGQW
PGVC	PGVC
PGVC	PBPT
PGVC	P5AS
PGVC	P1G6
PGVC	P8ZC
PGVC	PKOW
PGW8	PGW8
PGW8	PKQ3
PGW8	PBOY
PGW8	P59X
PGW8	P905
PGW8	P1FA
PGW8	PKPQ
PH1K	PH1K
PH1K	PBJF
PH1K	PKVH
PH1K	P95A
PH1K	P54F
PH1K	P19X
PH2G	PH2G
PH2G	PBII
PH2G	P53I
PH2G	P966
PH2G	PKWE
PH2G	P190
PH8O	PH8O
PHEW	PHEW
PHMW	PHMW
PHS8	PHS8
PHS8	P9ZL
PHS8	PLMB
PHS8	PK5
PHS8	P3X3
PHS8	PEF4
PHYG	PHYG
PHYG	PKO1
PHYG	PKO2
PHYG	PET
PHYG	P8YJ
PIG8	PIG8
PINC	PINC
PJ48	PJ48
PJ48	PMTS
PJ48	PMSA
PJ48	PMSB
PJ54	PJ54
PJ60	PJ60
PJ8O	PJ8O
PJ9K	PJ9K
PJAG	PJAG
PJBC	PJBC
PJC8	PJC8
PJC8	PFE3
PJC8	P2SV
PJC8	P7HV
PJD4	PJD4
PJD4	PFEY
PJD4	P7IM
PJD4	P2RZ
PJD4	P6TT
PJD4	P6TU
PJD4	PDA4
PJD4	PDA5
PJE0	PJE0
PJE0	PD7V
PJE0	P2R8
PJE0	P7JO
PJE0	PFH6
PJE0	P6RK
PJFS	PJFS
PJFS	PFJ5
PJFS	P7LA
PJFS	P2PF
PJJC	PJJC
PJJC	PFMU
PJJC	P6LP
PJJC	P7OZ
PJJC	P2M4
PJJC	PD25
PJM0	PJM0
PJM0	PFPE
PJM0	P6J0
PJM0	P7RR
PJM0	P2JF
PJM0	PCZG
PJNS	PJNS
PJNS	PCY3
PJNS	PFQR
PJNS	P7TI
PJNS	P6HN
PJNS	P2HO
PJOO	PJOO
PJOO	PCX7
PJOO	PFRM
PJOO	P7UD
PJOO	P6GR
PJOO	P2GS
PJPK	PJPK
PJPK	PCWB
PJPK	P6FV
PJPK	PFSR
PJPK	P2FW
PJPK	P7VH
PJQG	PJQG
PJQG	PCVK
PJQG	P7W6
PJQG	PFTI
PJQG	P2EY
PJQG	P6F4
PJRC	PJRC
PJRC	PCUO
PJRC	P7X2
PJRC	PFUE
PJRC	P2E2
PJRC	P6E8
PJS8	PJS8
PJS8	P7XU
PJS8	PFV6
PJS8	PCS5
PJS8	P2D8
PJS8	P6D8
PJT4	PJT4
PJT4	P7YL
PJT4	PCR8
PJT4	PFW4
PJT4	P6CB
PJT4	P2CC
PJUW	PJUW
PJUW	PCPE
PJUW	P80K
PJUW	P6AH
PJUW	P2AI
PJUW	PFY3
PJVS	PJVS
PJVS	PCOL
PJVS	P29M
PJVS	P81N
PJVS	P69O
PJVS	PFZ2
PJWO	PJWO
PJWO	PG1Z
PJWO	PCNL
PJWO	P28N
PJWO	P68O
PJWO	P83G
PJYG	PJYG
PJYG	PG3U
PJYG	PCLO
PJYG	P66R
PJYG	P26V
PJYG	P85B
PKBS	PKBS
PKBS	PGGA
PKBS	P8J5
PKBS	PC7Q
PKBS	P1TJ
PKBS	P5ST
PKCO	PKCO
PKDK	PKDK
PKDK	P8MA
PKDK	P1RN
PKDK	PC5X
PKDK	P5R0
PKDK	PGHS
PKEG	PKEG
PKEG	P8N6
PKEG	P1QR
PKEG	PC51
PKEG	P5Q4
PKEG	PGIO
PKIW	PKIW
PKIW	P1MB
PKIW	PC0L
PKIW	P8RF
PKIW	P5LP
PKIW	PGN3
PKLK	PKLK
PKQ0	PKQ0
PKQW	PKQW
PKQW	PGX1
PKQW	P90Y
PKQW	PBO4
PKQW	P593
PKQW	P1EH
PKRS	PKRS
PKRS	PGXX
PKRS	P91T
PKRS	PBN7
PKRS	P587
PKRS	P1DM
PKSO	PKSO
PKSO	PGYT
PKSO	P92K
PKSO	PBMB
PKSO	P57B
PKSO	P1CQ
PKTK	PKTK
PKTK	PGZO
PKTK	P93F
PKTK	PBLB
PKTK	P56B
PKTK	P1BU
PKVC	PKVC
PKVC	PH1F
PKVC	P955
PKVC	PBJK
PKVC	P54K
PKVC	P1A2
PKW8	PKW8
PKW8	PH2B
PKW8	P960
PKW8	PBIO
PKW8	P53O
PKW8	P196
PKX4	PKX4
PKX4	PH36
PKX4	P96V
PKX4	PBHQ
PKX4	PBHR
PKX4	P52Q
PKX4	P52R
PKX4	P18A
PKY0	PKY0
PKY0	P97P
PKY0	PBGV
PKY0	P51V
PKY0	P17F
PKY0	PH3Z
PL0O	PL0O
PL0O	PBC5
PL0O	PBC6
PL0O	P4WD
PL0O	P4WE
PL0O	P14Q
PL0O	P9A4
PL0O	PH5O
PL1K	PL1K
PL1K	P3IL
PL1K	P3IM
PL1K	PE0L
PL1K	PE0M
PL1K	P13U
PL8O	PL8O
PL8O	PF38
PL8O	PWC
PL8O	PHFC
PL8O	P4L8
PL8O	P9I6
PL9K	PL9K
PL9K	PVI
PL9K	PHGB
PL9K	P9J1
PLK8	PLK8
PLK8	P9XK
PLK8	P40G
PLK8	P40H
PLK8	PHPZ
PLK8	PEIH
PLK8	PEII
PLK8	PM8
PLL4	PLL4
PLL4	P9YE
PLL4	P3ZK
PLL4	PEHL
PLL4	PHR0
PLL4	PLC
PLS8	PLS8
PLS8	P3RE
PLS8	P3RF
PLS8	PE9E
PLS8	PE9F
PLS8	PHZO
PLS8	PDX
PLS8	PA4G
PLYG	PLYG
PLYG	PMR6
PLZC	PLZC
PLZC	PABO
PLZC	PI6S
PLZC	P3I8
PLZC	PE08
PM7C	PM7C
PM7C	PIF6
PM7C	P39Q
PM7C	PDRP
PM7C	PAKE
PM7C	P7CW
PM88	PM88
PM88	P38N
PM94	PM94
PMP4	PMP4
PMQ0	PMQ0
PMQW	PMQW
PMRS	PMRS
PMTK	PMTK
PN0O	PN0O
PN0O	PMSL
P15	P15
P15	PIBT
P15	P3D7
P15	PDV7
P15	PM46
P15	PAGO
P21	P21
P21	PIAW
P21	P3E4
P21	PDW4
P21	PAFR
P21	PM3B
P2X	P2X
P2X	PIA0
P2X	P3F0
P2X	PDX0
P2X	PAEV
P2X	PM2F
P7D	P7D
P95	P95
P95	PLWT
P95	P3MC
P95	PA8S
P95	PE4C
P95	PI4E
PA1	PA1
PA1	PI3M
PA1	PA8B
PA1	PLW1
PA1	P3N9
PA1	PE59
PAX	PAX
PAX	PI2T
PAX	PA7I
PAX	P3O2
PAX	PLV8
PAX	PE62
PBT	PBT
PBT	PI1W
PBT	PA6M
PBT	PLUC
PBT	P3P2
PBT	PE72
PW9	PW9
PW9	P9I9
PW9	PL8R
PW9	P4L3
PW9	PHFF
PW9	PF33
PY1	PY1
PY1	PF4Y
PY1	PL6Y
PY1	PHCN
PY1	P4MY
PY1	P9GG
P12H	P12H
P12H	PH7W
P12H	P4TZ
P12H	PL2Z
P12H	PBEK
P12H	P9BY
P13D	P13D
P13D	P9B9
P13D	PH73
P13D	P4UV
P13D	PL23
P13D	PBDO
P149	P149
P149	P9AH
P149	PH65
P149	PBCN
P149	PL15
P149	P4VW
P155	P155
P155	PH59
P155	P99Q
P155	PBBQ
P155	PL09
P155	P4WT
P16X	P16X
P1GP	P1GP
P1M1	P1M1
P1M1	P8RP
P1M1	PGND
P1M1	PKJ6
P1M1	PKJ7
P1M1	PBYC
P1M1	P5JB
P1OP	P1OP
P1OP	P8P2
P1OP	PGKQ
P1OP	PC34
P1OP	PKGI
P1OP	P5O8
P1PL	P1PL
P1PL	PGJR
P1PL	P8O8
P1PL	PC40
P1PL	PKFM
P1PL	P5P3
P1QH	P1QH
P1QH	PGIY
P1QH	PC4R
P1QH	P8NG
P1QH	P5PU
P1QH	PKEQ
P1RD	P1RD
P1RD	PGI2
P1RD	PC5N
P1RD	P8MK
P1RD	P5QQ
P1RD	PKDU
P1S9	P1S9
P1S9	PGH5
P1S9	PC6I
P1S9	P8LP
P1S9	PKCW
P1S9	P5RL
P1UX	P1UX
P209	P209
P2FD	P2FD
P2FD	P7VR
P2FD	PFT3
P2FD	P6FJ
P2FD	PJQ1
P2FD	PCVZ
P2IX	P2IX
P2IX	P7S9
P2IX	PCYY
P2IX	PFPW
P2IX	P6II
P2IX	PJMI
P2JT	P2JT
P2JT	P7RI
P2JT	PFP5
P2JT	PJLM
P2LL	P2LL
P2LL	P7PF
P2LL	PJJT
P2LL	PJJU
P2MH	P2MH
P2MH	PD2I
P2MH	PFMH
P2MH	P6M2
P2MH	PJIZ
P2MH	P7OG
P2P5	P2P5
P2P5	PD62
P2P5	PFJF
P2P5	PJG2
P2P5	P7LK
P2P5	P6PR
P2SP	P2SP
P2SP	P6UM
P2SP	PJCE
P2SP	PFE9
P2SP	P7I1
P2SP	PDAX
P2UH	P2UH
P2UH	PB39
P2UH	PIVA
P2UH	P6WD
P2UH	PDCO
P2UH	PMN4
P38P	P38P
P38P	PM86
P39L	P39L
P39L	PAKJ
P39L	PIFB
P39L	PM7H
P39L	PDRK
P39L	P7CR
P3AH	P3AH
P3C9	P3C9
P3C9	PA
P3C9	PICS
P3C9	PDU9
P3C9	PAHK
P3C9	PM55
P12K	P12K
P12K	PH7T
P12K	PL2W
P12K	PBEH
P12K	P4U2
P12K	P9BV
P13G	P13G
P13G	P9B6
P13G	PH70
P13G	PL20
P13G	PBDL
P13G	P4UY
P14C	P14C
P14C	P9AE
P14C	PH62
P14C	PBCK
P14C	PL12
P14C	P4VZ
P170	P170
P170	P44Z
P170	P9G4
P170	PEN0
P1BG	P1BG
P1BG	PBKX
P1BG	P55X
P1BG	PH02
P1BG	PKTY
P1N0	P1N0
P1N0	P8QQ
P1N0	PGME
P1N0	PKI7
P1N0	PC1G
P1N0	P5MK
P1NW	P1NW
P1NW	P8PV
P1NW	PGLI
P1NW	PKHA
P1NW	PC2C
P1NW	P5NG
P1PO	P1PO
P1PO	PGJO
P1PO	P8O5
P1PO	PKFJ
P1PO	PC43
P1PO	P5P6
P1QK	P1QK
P1QK	PGIV
P1QK	P8ND
P1QK	PC4U
P1QK	PKEN
P1QK	P5PX
P1V0	P1V0
P23W	P23W
P23W	PCI5
P23W	P638
P23W	P88K
P23W	PG65
P23W	PK1S
P24S	P24S
P24S	PCJ2
P24S	P87O
P24S	P645
P24S	PG59
P24S	PK0W
P25O	P25O
P25O	PCJY
P25O	P651
P25O	PK00
P28C	P28C
P28C	PCNA
P28C	P83R
P28C	P68D
P28C	PG2A
P28C	PJWZ
P2J0	P2J0
P2J0	P7S6
P2J0	PCZ1
P2J0	PFPT
P2J0	PJMF
P2J0	P6IL
P2JW	P2JW
P2JW	P7RF
P2JW	PFP2
P2JW	PJLJ
P2MK	P2MK
P2MK	P6MN
P2MK	PFME
P2MK	PJIW
P2MK	P7OD
P2MK	PD33
P2R0	P2R0
P2UK	P2UK
P2UK	PB36
P2UK	PIV7
P2UK	P6WG
P2UK	PDCR
P2UK	PMN1
P2VG	P2VG
P2VG	PB2D
P2VG	PIUD
P2VG	P6XC
P2VG	PDDN
P2VG	PMM6
P2WC	P2WC
P2WC	PB0S
P2WC	PISW
P2WC	P6YA
P2WC	PDEL
P2WC	PMLA
P2X8	P2X8
P2X8	PAZW
P2X8	PIS0
P2X8	P6Z6
P2X8	PDFH
P2X8	PMKE
P31O	P31O
P31O	PAV7
P31O	PDKE
P31O	PIMQ
P31O	P75L
P31O	PMFZ
P33G	P33G
P33G	PDM4
P33G	PASX
P33G	PIL2
P33G	P77B
P33G	PME7
P34C	P34C
P34C	PDN0
P34C	PAS2
P34C	P787
P34C	PIK7
P34C	PMDB
P358	P358
P358	PDNW
P358	PAR6
P358	PIJA
P358	P793
P358	PMCF
P38S	P38S
P38S	PM83
P3CC	P3CC
P3CC	PICP
P3CC	PD
P3CC	PDUC
P3CC	PAHH
P3CC	PM52
PHE5	PHE5
PHM5	PHM5
PHM5	PLG2
PHM5	P439
PHM5	P9TH
PHM5	POT
PHM5	PELA
PHN1	PHN1
PHSD	PHSD
PHSD	PK0
PHSD	P3WY
PHSD	P9ZQ
PHSD	PLMG
PHSD	PEEZ
PI99	PI99
PINH	PINH
PIST	PIST
PIST	PB0P
PIST	P2WF
PIST	P6YD
PIST	PML7
PIST	PDEO
PIZ1	PIZ1
PIZ1	PJ45
PIZ1	PJ4A
PIZ1	PMTP
PIZ1	PMTU
PIZ1	PMS8
PJ4D	PJ4D
PJ65	PJ65
PJ8T	PJ8T
PJ9P	PJ9P
PJAL	PJAL
PJBH	PJBH
PJIL	PJIL
PJIL	P7NY
PJIL	PFM6
PJIL	PD3J
PJIL	P2MV
PJIL	P6N3
PJSD	PJSD
PJSD	P9QI
PJSD	PCS0
PJSD	P7XX
PJSD	P2D3
PJSD	P6D3
PJSD	PFVB
PJT9	PJT9
PJT9	PCR3
PJT9	P7YQ
PJT9	P6C6
PJT9	P2C7
PJT9	PFWD
PJU5	PJU5
PJU5	PCQ7
PJU5	P7ZK
PJU5	P6BA
PJU5	P2BB
PJU5	PFX7
P3D5	P3D5
P3D5	P13
P3D5	PIBV
P3D5	PDV5
P3D5	PM48
P3D5	PAGQ
P3IH	P3IH
P3IH	PE0H
P3L5	P3L5
P3L5	PA9V
P3L5	P8C
P3L5	PLXP
P3L5	PE35
P3L5	PI57
P3MX	P3MX
P3MX	PI3V
P3MX	PE4X
P3MX	PA8L
P3MX	PLWA
P3MX	P9O
P3PL	P3PL
P3PL	PLTT
P3PL	PE7L
P3PL	PI1D
P3PL	PA63
P3PL	PCC
P3QH	P3QH
P3QH	PLSY
P3QH	PE8H
P3QH	PI0H
P3QH	PA55
P3QH	PD7
P3T5	P3T5
P3T5	PGB
P3T5	PA30
P3T5	PEB6
P3T5	PHW9
P3T5	PLQ6
P3U1	P3U1
P3U1	PH8
P3U1	PA25
P3U1	PEC2
P3U1	PHVF
P3U1	PLP8
P3UX	P3UX
P3UX	PI3
P3UX	PECY
P3UX	PA1I
P3UX	PHUK
P3UX	PLOE
P3WP	P3WP
P3WP	PEEQ
P3WP	PHSM
P3XL	P3XL
P3XL	PLLT
P3XL	PKN
P3XL	PEFM
P3XL	PHRQ
P3XL	P9Z3
P3ZD	P3ZD
P3ZD	PHR8
P3ZD	P9YL
P3ZD	PLLB
P3ZD	PEHE
P3ZD	PL5
P415	P415
P415	PEJ6
P415	P9WZ
P415	PLJN
P415	PMT
P415	PHPC
P42X	P42X
P42X	P9TT
P42X	POH
P42X	PEKY
P42X	PHMH
P42X	PLGF
P43T	P43T
P43T	P9SX
P43T	PPD
P43T	PELU
P43T	PHLL
P43T	PLFI
P44P	P44P
P44P	P9S9
P44P	PQ8
P44P	PEMQ
P44P	PHKQ
P44P	PLEN
P489	P489
P489	PEQ9
P489	PBZN
P489	P5KR
P4A1	P4A1
P4A1	P9RB
P4A1	PES1
P4A1	PLDF
P4A1	PHJS
P4A1	PRF
P4DL	P4DL
P4DL	P9PG
P4DL	PBUX
P4DL	P5FW
P4DL	PEVL
P4DL	PAL3
P4DL	PGSA
P4DL	P8UZ
P4DL	PG0U
P4IX	P4IX
P4IX	PHGI
P4IX	PF0X
P4IX	PUQ
P4IX	P9MG
P4IX	PLA6
P4JT	P4JT
P4JT	P9L3
P4JT	PHXR
P4JT	PF1T
P4KP	P4KP
P4KP	P9IL
P4KP	PHFX
P4KP	PF2P
P4KP	PL95
P4KP	PVW
P4MH	P4MH
P4MH	PHD5
P4MH	PF4H
P4MH	P9GY
P4MH	PXI
P4MH	PL7I
P4P5	P4P5
P4P5	PHCA
P4P5	PF75
P4P5	PYE
P4P5	P9EJ
P4P5	PL6L
P4UH	P4UH
P4UH	PBE2
P4UH	PL2J
P4UH	P9BL
P4UH	P12X
P4UH	PH7H
P4W9	P4W9
P4W9	PBCA
P4W9	PL0S
P4W9	P14M
P4W9	PH5S
P4X5	P4X5
P4X5	PH4Y
P4X5	PBBE
P4X5	PKZZ
P4X5	P15G
P5BD	P5BD
P5BD	PBQE
P5EX	P5EX
P5EX	PBTX
P5GP	P5GP
P5GP	PBVQ
P5M1	P5M1
P5M1	PC0X
P5OP	P5OP
P5OP	PC3M
P5RD	P5RD
P5RD	PC6A
P5ZD	P5ZD
P5ZD	PCEA
P695	P695
P695	PCO2
P6G9	P6G9
P6G9	P2GA
P6G9	PFSD
P6G9	P7V3
P6G9	PCWP
P6G9	PJP6
P6H5	P6H5
P6H5	PFR9
P6H5	P7U0
P6H5	P2H6
P6H5	PCXL
P6H5	PJOA
P6IX	P6IX
P6IX	PFPH
P6IX	PJM3
P6IX	P2JC
P6IX	PCZD
P6IX	P7RU
P6KP	P6KP
P6KP	PFNN
P6KP	PD15
P6LL	P6LL
P6LL	PFMW
P6LL	PJJE
P6LL	P7P1
P6LL	PD21
P6LL	P2M2
P6Q1	P6Q1
P6Q1	PD6C
P6Q1	PFIV
P6RT	P6RT
P6RT	P7JD
P6RT	PFFZ
P6RT	PD84
P6RT	P2RH
P6RT	PJDR
P6W9	P6W9
P6W9	PMN8
P6W9	P2UD
P6W9	PB3D
P6W9	PIVE
P6W9	PDCK
P70P	P70P
P70P	PMJ0
P70P	PDH0
P70P	P2YN
P70P	PAYN
P70P	PIQN
P71L	P71L
P71L	PMIA
P71L	PDHW
P71L	P2ZD
P71L	PIPR
P71L	PAXS
P72H	P72H
P72H	PDIS
P72H	PMHG
P72H	P307
P72H	PAWV
P72H	PIOW
P73D	P73D
P73D	PIO1
P73D	PMGJ
P73D	PDJO
P73D	P314
P73D	PAVY
P755	P755
P755	PAVN
P755	PINR
P755	PDJY
P761	P761
P761	PIMA
P761	PMFG
P761	PAUO
P761	PDKU
P761	P327
P76X	P76X
P76X	PILF
P76X	PMEK
P76X	PDLQ
P76X	P333
P76X	PATB
P77T	P77T
P77T	PIKK
P77T	PMDP
P77T	P33Y
P77T	PDMM
P77T	PASF
P78P	P78P
P78P	PIJO
P78P	PMCT
P78P	P34U
P78P	PDNI
P78P	PARK
P79L	P79L
P79L	PIIS
P79L	PMBV
P79L	PAQM
P79L	PDOE
P79L	P35S
P7AH	P7AH
P7AH	PMB0
P7AH	PAPI
P7AH	PDPA
P7AH	P36N
P7AH	PIHR
P7BD	P7BD
P7BD	PMA3
P7BD	PAOO
P7BD	PDQ6
P7BD	PIGU
P7BD	P37J
P7C9	P7C9
P7C9	PIFV
P7C9	PDR2
P7D5	P7D5
P7D5	PAJS
P7D5	P39Z
P7D5	PIEZ
P7D5	PDRY
P7D5	PM74
P7E1	P7E1
P7E1	PIE9
P7E1	PM6J
P7E1	PAJ1
P7E1	P3AT
P7E1	PDSU
P7EX	P7EX
P7EX	PAI3
P7EX	PM5O
P7EX	P3BP
P7EX	PDTQ
P7EX	PIDB
P7GP	P7GP
P7GP	PJ74
P7GP	PB5I
P7GP	PFBX
P7L5	P7L5
P82X	P82X
P87D	P87D
P8AX	P8AX
P8AX	PCFO
P8AX	PG8L
P8AX	PK46
P8AX	P21J
P8AX	P60R
P8CP	P8CP
P8CP	PK5K
P8DL	P8DL
P8EH	P8EH
P8FD	P8FD
P8FD	PGBV
P8FD	PK7H
P8FD	PCC4
P8FD	P5X7
P8FD	P1Y4
P8W9	P8W9
P8X5	P8X5
P93D	P93D
P93D	PGZM
P93D	PKTI
P93D	PBLD
P93D	P56D
P93D	P1BW
P99L	P99L
P9GP	P9GP
P9GP	P4MP
P9GP	PL78
P9GP	PF4P
P9GP	PHCW
P9JD	P9JD
P9K9	P9K9
P9PL	P9PL
P9QH	P9QH
PA15	PA15
PA95	PA95
PA95	P3LZ
PA95	P3M0
PA95	PE3Z
PA95	PE40
PALL	PALL
PAMH	PAMH
PAND	PAND
PAQ1	PAQ1
PAQ1	PII7
PAQ1	PDOZ
PAQ1	P36D
PAQ1	PMBA
PAQ1	P7A6
PASP	PASP
PASP	PIKU
PASP	P33O
PASP	PDMC
PASP	PMDZ
PASP	P77J
PAUH	PAUH
PAZT	PAZT
PB6X	PB6X
PBBD	PBBD
PBBD	PH4X
PBBD	P4X6
PBBD	PKZY
PBBD	P15H
PBE1	PBE1
PBE1	P4UI
PBE1	PL2I
PBE1	P9BK
PBE1	P12Y
PBE1	PH7G
PBHL	PBHL
PBHL	PH39
PBHL	P96Z
PBHL	P52L
PBHL	PKXA
PBHL	P185
PBIH	PBIH
PBIH	PH2H
PBIH	P53H
PBIH	P967
PBIH	PKWF
PBIH	P18Z
PBJD	PBJD
PBJD	PH1M
PBJD	P54D
PBJD	PKVJ
PBJD	P95C
PBJD	P19V
PBK9	PBK9
PBK9	PH0Q
PBK9	P559
PBK9	PKUN
PBK9	P94G
PBK9	P1AR
PBL5	PBL5
PBL5	PGZU
PBL5	P565
PBL5	PKTQ
PBL5	P93L
PBL5	P1BO
PBMX	PBMX
PBMX	P57X
PBMX	PGY7
PBMX	P1DC
PBMX	PKS2
PBNT	PBNT
PBNT	P58S
PBNT	P1E6
PBNT	PGXC
PBNT	PKR7
PBNT	P919
PBOP	PBOP
PBOP	P59O
PBOP	P1F1
PBOP	PGWH
PBOP	PKQC
PBOP	P90E
PBPL	PBPL
PBPL	PKP3
PBPL	P5AK
PBPL	P1FX
PBPL	PGVJ
PBPL	P8ZJ
PBRD	PBRD
PBRD	PGUC
PBRD	PKO7
PBRD	P5CD
PBRD	P1GV
PBRD	P8YN
PBWP	PBWP
PBWP	PKKQ
PBWP	P5HO
PBWP	P1KE
PBWP	P8TA
PBWP	PGOV
PBXL	PBXL
PBXL	PKJS
PBXL	P5IK
PBXL	P1LG
PBXL	P8SB
PBXL	PGNY
PBYH	PBYH
PBYH	P5JI
PBYH	PCDQ
PBYH	P5YT
PBYH	P4Y1
PBYH	P4ZS
PBYH	PBAI
PBYH	PB8R
PC7D	PC7D
PC7D	P1T6
PC7D	P5SG
PC7D	PKC5
PC7D	PGGN
PC7D	P8JI
PC89	PC89
PC89	P1U4
PC89	P5TC
PC89	PKB9
PC89	PGFQ
PC89	P8IM
PC95	PC95
PC95	P5U8
PC95	PKAC
PC95	P1VA
PC95	PGEU
PC95	P8HS
PCA1	PCA1
PCA1	P5V4
PCA1	PGDW
PCA1	PK9G
PCA1	P1W6
PCBT	PCBT
PCBT	P5WW
PCBT	P1XT
PCBT	P8FO
PCBT	PGC6
PCBT	PK7T
PCCP	PCCP
PCCP	P5XS
PCCP	P1YP
PCCP	P8ES
PCCP	PGB9
PCCP	PK6W
PCDL	PCDL
PCDL	P8DQ
PCDL	P5YO
PCDL	P1ZM
PCDL	PGAC
PCDL	PK5Z
PCFD	PCFD
PCFD	PG8X
PCFD	P217
PCFD	P218
PCFD	P60G
PCFD	P8BA
PCFD	PK4G
PCH5	PCH5
PCH5	P231
PCH5	P89A
PCH5	P628
PCH5	PG71
PCH5	PK2O
PCLL	PCLL
PCLL	P85E
PCLL	PJYJ
PCLL	PG3Y
PCLL	P66O
PCLL	P26S
PCP5	PCP5
PCP5	P80X
PCP5	PFYC
PCP5	P2A7
PCP5	P6A8
PCP5	PJV7
PCQ1	PCQ1
PCQ1	PFXD
PCQ1	P6B4
PCQ1	P2B5
PCQ1	PJUB
PCQ1	P7ZQ
PCQX	PCQX
PCQX	PFWJ
PCQX	P6C0
PCQX	P2C1
PCQX	PJTF
PCQX	P7YW
PCRT	PCRT
PCRT	P6CW
PCRT	PFVJ
PCUH	PCUH
PCUH	PJRJ
PCUH	P2DV
PCUH	P6E1
PCUH	P7X9
PCUH	PFUL
PCVD	PCVD
PCVD	PJQN
PCVD	P2ER
PCVD	P6EX
PCVD	P7WD
PCVD	PFTP
PCW9	PCW9
PCW9	PJPM
PCW9	P6FT
PCW9	P2FU
PCW9	PFST
PCW9	P7VJ
PCX5	PCX5
PCX5	PJOQ
PCX5	PFRO
PCX5	P7UF
PCX5	P6GP
PCX5	P2GQ
PCY1	PCY1
PCY1	PJNU
PCY1	PFQT
PCY1	P7TK
PCY1	P6HL
PCY1	P2HM
PD0P	PD0P
PD0P	P7QF
PD0P	P2KV
PD0P	PFO1
PD0P	PJKK
PD0P	P6K9
PD3D	PD3D
PD3D	P7O2
PD3D	P6MX
PD49	PD49
PD49	PFLD
PD49	P6NT
PD49	P7ND
PABH	PABH
PAL9	PAL9
PAL9	PG11
PANX	PANX
PANX	PG1N
PAZH	PAZH
PB19	PB19
PB19	PITD
PB25	PB25
PB4T	PB4T
PB6L	PB6L
PB7H	PB7H
PBGD	PBGD
PBGD	P51D
PBTP	PBTP
PBTP	P5EP
PBX9	PBX9
PBX9	P1L0
PBX9	P1L3
PBX9	P8SN
PBX9	PGOA
PBX9	P5I8
PBZ1	PBZ1
PBZ1	P5K5
PCNX	PCNX
PCNX	P690
PCSD	PCSD
PCSD	P74X
PCT9	PCT9
PD31	PD31
PD31	P6ML
PD99	PD99
PD99	P6SY
PDBX	PDBX
PDBX	P6VM
PDZX	PDZX
PDZX	P3HX
PE1P	PE1P
PE1P	P3JP
PE65	PE65
PE65	PI2Q
PE65	P3O5
PEE5	PEE5
PEE5	P3W4
PEGT	PEGT
PEGT	PH8H
PEGT	P3YS
PENX	PENX
PENX	P45X
PENX	PBT5
PENX	P5E5
PENX	P45T
PENX	PENT
PEQL	PEQL
PEQL	P48L
PERH	PERH
PERH	P49H
PEV1	PEV1
PEV1	P4D1
PEYL	PEYL
PEYL	P4GL
PF0D	PF0D
PF0D	P4ID
PF5P	PF5P
PF5P	P4NP
PF6L	PF6L
PF6L	P4OL
PFCT	PFCT
PFCT	P7HJ
PFFH	PFFH
PFFH	P7IW
PFGD	PFGD
PFOD	PFOD
PFZX	PFZX
PFZX	P28Y
PFZX	P82I
PG1P	PG1P
PG4D	PG4D
PG4D	PJHE
PG4D	PHD0
PG4D	PGAU
PG4D	PKZW
PG4D	PHQL
PG4D	P9PX
PG4D	PLGB
PG4D	P38D
PG4D	PG4E
PGD9	PGD9
PGKD	PGKD
PGPP	PGPP
PGQL	PGQL
PGQL	P8K3
PGRH	PGRH
PGV1	PGV1
PH6L	PH6L
PH99	PH99
PH99	P4SI
PH99	PB9E
PH99	PFAI
PH99	P4Z5
PHEL	PHEL
PHFH	PHFH
PHML	PHML
PHNH	PHNH
PI71	PI71
PI71	PLZI
PIN1	PIN1
PIRH	PIRH
PIRH	P6ZQ
PIRH	P6ZR
PIRH	PDG1
PIRH	PDG2
PIT9	PIT9
PIT9	PB15
PIWT	PIWT
PIWT	PMX6
PIXP	PIXP
PIXP	PMWA
PIZH	PIZH
PIZH	PMUC
PJ0D	PJ0D
PJ19	PJ19
PJ19	PMZR
PJ25	PJ25
PJ25	PMYS
PJ31	PJ31
PJ31	PMXZ
PJ3X	PJ3X
PJ4T	PJ4T
PJ7H	PJ7H
PJ7H	PB55
PJ99	PJ99
PJB1	PJB1
PJBX	PJBX
PJEL	PJEL
PJEL	P7K7
PJEL	P6R1
PJEL	PFHP
PJEL	PD7C
PJEL	P2QM
PJWD	PJWD
PJWD	P82Q
PJWD	PG05
PK59	PK59
PLI5	PLI5
PLI5	P9W5
PLI5	PLIX
PLML	PLML
PLML	PJV
PLY5	PLY5
PLZ1	PLZ1
PLZ1	P60
PM1P	PM1P
PM1P	P3N
PM71	PM71
PM71	PAJO
PM71	P3A2
PM8T	PM8T
PMPP	PMPP
PMRH	PMRH
PMT9	PMT9
PMU5	PMU5
PMU5	PIZC
PMV1	PMV1
PMV1	PJ00
PMVX	PMVX
PMVX	PIY2
PMWT	PMWT
PMWT	PIX6
PMXP	PMXP
PMXP	PJ3B
PMYL	PMYL
PMYL	PJ2F
P72	P72
PF2	PF2
PF2	PHY9
PF2	P8YK
PF2	PLRB
PF2	P9LK
PJI	PJI
PJI	PLMY
P11A	P11A
P11A	PH91
P126	P126
P126	PL36
P16M	P16M
P16M	PKYR
P1J2	P1J2
P1J2	P8UL
P1LQ	P1LQ
P1LQ	P8RZ
P1LQ	PGNN
P1LQ	PKJH
P1Q6	P1Q6
P1Q6	PGJ6
P1Q6	PKF1
P1Q6	P5PO
P1Q6	PC4L
P1RY	P1RY
P1RY	PKD7
P1ZY	P1ZY
P38E	P38E
P38E	PM9I
P39A	P39A
P3JY	P3JY
P3JY	PE1Y
P3MM	P3MM
P3MM	PE4M
P3Y6	P3Y6
P3Y6	PEG7
P6L7	P6L7
P6L7	PD1N
P6T7	P6T7
P6T7	PD9I
P6UZ	P6UZ
P6UZ	PDBA
P6ZF	P6ZF
P6ZF	PDFQ
P73V	P73V
P73V	PCTG
P74R	P74R
P74R	PCSJ
P7BV	P7BV
P7BV	PDQO
P7DN	P7DN
P7DN	PDSG
P7FF	P7FF
P7FF	PFD0
P7GB	P7GB
P7GB	PB5W
P7GB	PJ6T
P7GB	PFBJ
P7H7	P7H7
P7H7	PFCF
P7H7	PB6G
P7Q3	P7Q3
P8D7	P8D7
P8KB	P8KB
P8L7	P8L7
P8U3	P8U3
P8VV	P8VV
P8WR	P8WR
P98B	P98B
P997	P997
P997	P98T
P9JV	P9JV
P9KR	P9KR
P9Q3	P9Q3
P9Q3	PG1H
P9Q3	PANU
P9ZV	P9ZV
PA3F	PA3F
PA57	PA57
PA57	PI0J
PABF	PABF
PAJF	PAJF
PAJF	P3AI
PAKB	PAKB
PAL7	PAL7
PAL7	PG0Z
PAVV	PAVV
PAZF	PAZF
PB6J	PB6J
PB7F	PB7F
PBYZ	PBYZ
PBYZ	P5K3
PBYZ	P5K0
PBZV	PBZV
PBZV	P5KZ
PC6Z	PC6Z
PC6Z	P5S2
PCFV	PCFV
PCFV	P60Y
PCFV	PK3Z
PCFV	P8AQ
PCFV	P60Z
PCFV	PG8E
PCFV	PCFW
PCFV	P21Q
PCSB	PCSB
PCSB	P74Z
PCT7	PCT7
PCT7	P743
PD23	PD23
PD23	P6LN
PD2Z	PD2Z
PD2Z	P6MJ
PD7F	PD7F
PD7F	P2QP
PD7F	P6R4
PD8B	PD8B
PD8B	P6S0
PD97	PD97
PD97	P6SW
PDBV	PDBV
PDBV	P6VK
PDJV	PDJV
PDJV	P752
PDJV	P73K
PDJV	PAVQ
PDJV	PINU
PDQZ	PDQZ
PDQZ	P7C6
PDQZ	PAKT
PDQZ	PIFZ
PDZV	PDZV
PDZV	P3HV
PE1N	PE1N
PE1N	P3JN
PE3F	PE3F
PE3F	P3LF
PEFV	PEFV
PEFV	P3XU
PEMZ	PEMZ
PEMZ	P44Y
PEQJ	PEQJ
PEQJ	P48J
PERF	PERF
PERF	P49F
PET7	PET7
PET7	P4B7
PEU3	PEU3
PEU3	P4C3
PF0B	PF0B
PF0B	P4IB
PF5N	PF5N
PF5N	P9FT
PF5N	P4NN
PF5N	P45D
PF5N	P16P
PF5N	PEYU
PF5N	PENE
PF5N	P4Z7
PF5N	PBG3
PF5N	P513
PF5N	PBTK
PF5N	P5EK
PF5N	P4GU
PF5N	PKYN
PF5N	PB9C
PFA3	PFA3
PFA3	PH9K
PFA3	P4S3
PFI3	PFI3
PFI3	P7KL
PFI3	P7KM
PFLN	PFLN
PFZV	PFZV
PFZV	P290
PFZV	P82G
PG57	PG57
PG57	P86Z
PGD7	PGD7
PGD7	P8GJ
PGKB	PGKB
PGPN	PGPN
PGQJ	PGQJ
PGRF	PGRF
PGRF	P8KY
PGUZ	PGUZ
PGVV	PGVV
PH97	PH97
PHNF	PHNF
PHQ3	PHQ3
PIT7	PIT7
PIT7	PB13
PIWR	PIWR
PIWR	PMX8
PIXN	PIXN
PIXN	PMWC
PIYJ	PIYJ
PIYJ	PMVJ
PIZF	PIZF
PIZF	PMUA
PJ17	PJ17
PJ17	PMZT
PJ23	PJ23
PJ23	PMYU
PJ2Z	PJ2Z
PJ2Z	PMY1
PJ4R	PJ4R
PJ6J	PJ6J
PJ7F	PJ7F
PJ7F	PB57
PJ8B	PJ8B
PJ97	PJ97
PJA3	PJA3
PJAZ	PJAZ
PJBV	PJBV
PK2J	PK2J
PKYJ	PKYJ
PKYJ	P16T
PL17	PL17
PL17	P147
PLA3	PLA3
PLI3	PLI3
PLI3	P9VM
PLI3	PLIV
PLY3	PLY3
PM1N	PM1N
PM1N	P3P
PM3F	PM3F
PM3F	P1X
PM8R	PM8R
PMQJ	PMQJ
PMRF	PMRF
PMT7	PMT7
PMU3	PMU3
PMU3	PIZA
PMUZ	PMUZ
PMUZ	PIZY
PMVV	PMVV
PMVV	PIY4
PMWR	PMWR
PMWR	PIX8
PMXN	PMXN
PMXN	PJ3D
PMYJ	PMYJ
PMYJ	PJ2H
PMZF	PMZF
PMZF	PJ1O
PN0B	PN0B
PN0B	PJ0P
P70	P70
P70	PMR9
PF0	PF0
PJG	PJG
PJG	PLN0
PV0	PV0
PV0	P8C8
PXO	PXO
PXO	PL7C
P124	P124
P124	PL38
P1SS	P1SS
P1SS	PKCJ
P1SS	P8JW
P1ZW	P1ZW
P38C	P38C
P38C	PG1O
P38C	PM9J
P38C	P38A
P38C	P38B
P38C	PANY
P398	P398
P3JW	P3JW
P3JW	PE1W
P3OC	P3OC
P3OC	PE6C
P3Z0	P3Z0
P3Z0	PEH1
P3Z0	PB8O
P3Z0	PF6P
P3Z0	P4ZV
P3Z0	P4OP
P4AK	P4AK
P4AK	PESK
P4D8	P4D8
P4D8	P8W1
P4D8	PEV8
P4IK	P4IK
P4IK	PF0K
P4SC	P4SC
P4SC	PFAC
P4U4	P4U4
P4U4	PBEF
P518	P518
P518	PBG8
P5B0	P5B0
P5B0	PBQ1
P5J0	P5J0
P5J0	PBY1
P5JW	P5JW
P5JW	PBYV
P5RW	P5RW
P5RW	PC6T
P62K	P62K
P62K	PCHH
P6AK	P6AK
P6AK	P80H
P6AK	PCPH
P6AK	PFY0
P6L8	P6L8
P6L8	PD1O
P6M4	P6M4
P6M4	PD2K
P6T8	P6T8
P6T8	PD9J
P6V0	P6V0
P6V0	PDBB
P73W	P73W
P73W	PCTF
P74S	P74S
P74S	PCSI
P7CS	P7CS
P7CS	PAKI
P7CS	PIFA
P7CS	P39M
P7CS	PM7G
P7CS	PDRL
P7DO	P7DO
P7DO	PDSH
P7FG	P7FG
P7FG	PFD1
P7GC	P7GC
P7GC	PB5V
P7GC	PJ6U
P7GC	PFBK
P7J0	P7J0
P7J0	PFFL
P7JW	P7JW
P7JW	PFHE
P7SS	P7SS
P7SS	PJN1
P7SS	P2IE
P7ZW	P7ZW
P870	P870
P8D8	P8D8
P8KC	P8KC
P8KC	P9M1
P8L8	P8L8
P8L8	PGRS
P8U4	P8U4
P8V0	P8V0
P8V0	PG0V
P8V0	P9PH
P8WS	P8WS
P98C	P98C
P998	P998
P998	P98U
P9B0	P9B0
P9JW	P9JW
P9KS	P9KS
P9LO	P9LO
P9Q4	P9Q4
P9WC	P9WC
P9ZW	P9ZW
PAAK	PAAK
PABG	PABG
PABG	P9AT
PAJG	PAJG
PAKC	PAKC
PAL8	PAL8
PAL8	PG10
PANW	PANW
PANW	PG1M
PAPO	PAPO
PAPO	PIHX
PAZG	PAZG
PB24	PB24
PB4S	PB4S
PB4S	PJ7U
PB6K	PB6K
PB7G	PB7G
PB7G	PJ88
PB98	PB98
PB98	P4ZB
PBI4	PBI4
PBI4	P18M
PBI4	PH2U
PBI4	P96J
PBI4	PKWS
PBI4	P534
PBP8	PBP8
PBP8	P8ZW
PBP8	PKPG
PBP8	P5A7
PBP8	PGVZ
PBP8	P1FK
PBZ0	PBZ0
PBZ0	P5K4
PBZW	PBZW
PBZW	P5L0
PCNW	PCNW
PCNW	P68Z
PCSC	PCSC
PCSC	P74Y
PCT8	PCT8
PCT8	P742
PD24	PD24
PD24	P6LO
PD30	PD30
PD30	P6MK
PD6K	PD6K
PD6K	P7KY
PD6K	PFIO
PD6K	P6Q9
PD7G	PD7G
PD7G	P2QQ
PD7G	P7K4
PD7G	PFHM
PD7G	P6R5
PD7G	PJEI
PD98	PD98
PD98	P6SX
PDBW	PDBW
PDBW	P6VL
PDR0	PDR0
PDR0	P7C7
PDZW	PDZW
PDZW	P3HW
PE8S	PE8S
PE8S	PI07
PE8S	PA4Z
PE8S	P3QS
PEAK	PEAK
PEAK	P3SJ
PEAK	PLQT
PEAK	PA3M
PEAK	PHWU
PEAK	PFO
PEE4	PEE4
PEE4	P3W3
PEQK	PEQK
PEQK	P48K
PERG	PERG
PERG	P49G
PF0C	PF0C
PF0C	P4IC
PFA4	PFA4
PFA4	PH9J
PFA4	P4S4
PFCS	PFCS
PFCS	P7HI
PFJ0	PFJ0
PFJ0	PJFN
PFJ0	P7L4
PFJ0	P2PK
PFLO	PFLO
PFOC	PFOC
PFVG	PFVG
PFZW	PFZW
PFZW	P28Z
PFZW	P82H
PGD8	PGD8
PGKC	PGKC
PGOS	PGOS
PGOS	PKKN
PGOS	PBWS
PGOS	PBWT
PGOS	P5HR
PGOS	P5HS
PGOS	P1KH
PGOS	P8T7
PGPO	PGPO
PGQK	PGQK
PGRG	PGRG
PGV0	PGV0
PH98	PH98
PHFG	PHFG
PHMK	PHMK
PHMK	P1KX
PHNG	PHNG
PHQ4	PHQ4
PHY4	PHY4
PINW	PINW
PIT8	PIT8
PIT8	PB14
PIU4	PIU4
PIWS	PIWS
PIWS	PMX7
PIXO	PIXO
PIXO	PMWB
PIYK	PIYK
PIYK	PMVI
PIZG	PIZG
PIZG	PMUB
PJ0C	PJ0C
PJ0C	PB70
PJ18	PJ18
PJ18	PMZS
PJ24	PJ24
PJ24	PMYT
PJ30	PJ30
PJ30	PMY0
PJ4S	PJ4S
PJ4S	PG1C
PJ6K	PJ6K
PJ7G	PJ7G
PJ7G	PB56
PJ8C	PJ8C
PJ8C	PFC7
PJ8C	P7GZ
PJ8C	PB7D
PJ98	PJ98
PJA4	PJA4
PJB0	PJB0
PJBW	PJBW
PJWC	PJWC
PJY4	PJY4
PJY4	P277
PHEO	PHEO
PHGG	PHGG
PHMO	PHMO
PHNK	PHNK
PHOG	PHOG
PHSW	PHSW
PHXC	PHXC
PHXC	PLR5
PHXC	PFD
PIG0	PIG0
PIGW	PIGW
PIN4	PIN4
PITC	PITC
PITC	PB18
PIW0	PIW0
PIWW	PIWW
PIWW	PMX3
PIXS	PIXS
PIXS	PMW7
PIZK	PIZK
PIZK	PMUH
PJ0G	PJ0G
PJ1C	PJ1C
PJ1C	PMZO
PJ28	PJ28
PJ28	PMYP
PJ34	PJ34
PJ34	PMXW
PJ40	PJ40
PJ40	PMOX
PJ40	PB75
PJ4W	PJ4W
PJ5S	PJ5S
PJ6O	PJ6O
PJ7K	PJ7K
PJ8G	PJ8G
PJ9C	PJ9C
PJA8	PJA8
PJB4	PJB4
PJC0	PJC0
PJCW	PJCW
PJFK	PJFK
PJFK	P7L1
PJFK	PFIX
PJFK	P2PN
PJMO	PJMO
PJMO	P2IR
PJMO	P7SF
PCGW	PCGW
PCGW	PG7A
PCGW	P61Z
PCKG	PCKG
PCKG	P65J
PCKG	PJZI
PCSG	PCSG
PCSG	P74U
PCTC	PCTC
PD7K	PD7K
PD7K	P6R9
PD9C	PD9C
PD9C	P6T1
PDHC	PDHC
PDHC	P711
PDS0	PDS0
PDS0	P7D7
PDS0	PIEX
PE1S	PE1S
PE1S	P3JS
PEE8	PEE8
PEE8	P3W7
PEHS	PEHS
PEHS	P3ZR
PEN4	PEN4
PEN4	P453
P7C0	P7C0
P7C0	PDQT
P7FK	P7FK
P7FK	PFD5
P7K0	P7K0
P7UO	P7UO
P7UO	PFRX
P800	P800
P82O	P82O
P82O	PG03
P874	P874
P8CG	P8CG
P8DC	P8DC
P8LC	P8LC
P8U8	P8U8
P97K	P97K
P99C	P99C
P99C	P98Y
P9K0	P9K0
P9Q8	P9Q8
P4WW	P4WW
P4WW	PH56
P4WW	P99N
P4WW	PBBN
P4ZK	P4ZK
P4ZK	P9G2
P4ZK	PB8Z
P57K	P57K
P57K	P1CZ
P57K	P92B
P57K	PBMK
P57K	PGYK
P57K	PKSF
P5B4	P5B4
P5B4	PBQ5
P5C0	P5C0
P5C0	P1GJ
P5C0	P8YZ
P5C0	PGUO
P5C0	PKOJ
P5C0	PBR1
P5J4	P5J4
P5J4	PBY5
P5J4	P1LW
P5J4	P8RV
P5J4	PGNJ
P5J4	PKJC
P5KW	P5KW
P5KW	PBZS
P5S0	P5S0
P5S0	PC6X
P6M8	P6M8
P6M8	PD2O
P6TC	P6TC
P6TC	PD9N
P71C	P71C
P71C	PIQ2
P71C	PDHN
P734	P734
P734	PAW9
P734	PIOA
P734	PDJF
P734	PMGT
P734	P30T
P740	P740
P740	PCTA
P74W	P74W
P74W	PCSE
PLEQ	PLEQ
PLEQ	P44M
PLEQ	P9SC
PLEQ	PQ5
PLEQ	PEMN
PLEQ	PHKT
PLFM	PLFM
PLFM	P43P
PLFM	P9T1
PLFM	PP9
PLFM	PELQ
PLFM	PHLP
PLGI	PLGI
PLGI	P9TW
PLGI	PHNP
PLGI	P42U
PLGI	POE
PLGI	PEKV
PLHE	PLHE
PLHE	PHOM
PLHE	P420
PLHE	P9UW
PLHE	PNI
PLHE	PEK1
PLIA	PLIA
PLIA	P9WA
PLIA	PLJ2
PLLU	PLLU
PLLU	PKM
PLLU	P3XK
PLLU	PEFL
PLLU	PHRR
PLLU	P9Z4
PLMQ	PLMQ
PLMQ	PJQ
PLMQ	PEEG
PLMQ	PHT5
PLMQ	P3WF
PLMQ	P9ZZ
PLOI	PLOI
PLOI	PHUP
PLOI	P3UT
PLOI	PHY
PLOI	PECU
PLOI	PA1N
PLPE	PLPE
PLPE	P3TW
PLPE	PH2
PLPE	PEBX
PLPE	PA2A
PLPE	PHVK
PLQA	PLQA
PLQA	P3T1
PLQA	PG7
PLQA	PEB2
PLQA	PA34
PLQA	PHWD
PLTU	PLTU
PLTU	P3PK
PLTU	PE7K
PLTU	PI1E
PLTU	PCB
PLTU	PA64
PLUQ	PLUQ
PLUQ	P3OO
PLUQ	PE6O
PLUQ	PI2A
PLUQ	PBF
PLUQ	PA70
PLYA	PLYA
PM02	PM02
PM02	PDZC
PM02	PI7L
PM02	P5A
PM02	PACF
PM02	P3HC
PM5E	PM5E
PM5E	PAHT
PM5E	PDU0
PM5E	P7F7
PM5E	PID1
PM5E	P3BZ
PM9U	PM9U
PM9U	PDQF
PM9U	P37S
PM9U	PAOE
PM9U	P7BM
PM9U	PIGL
PMAQ	PMAQ
PMAQ	PDPK
PMAQ	P36X
PMAQ	PAP9
PMAQ	P7AR
PMAQ	PIHI
PMBM	PMBM
PMBM	PDON
PMBM	P361
PMBM	P79U
PMBM	PAQD
PMBM	PIIJ
PMCI	PMCI
PMCI	P355
PMCI	PDNT
PMCI	P790
PMCI	PAR9
PMCI	PIJD
PMDE	PMDE
PMDE	P349
PMDE	PDMX
PMDE	P784
PMDE	PAS5
PMDE	PIKA
PMEA	PMEA
PMEA	P33D
PMEA	PDM1
PMEA	P778
PMEA	PAT0
PMEA	PIL5
PMF6	PMF6
PMF6	PDL4
PMF6	P32H
PMF6	P76B
PMF6	PIM0
PMF6	PAU4
PMG2	PMG2
PMG2	PAV9
PMG2	P31L
PMG2	PDKC
PMG2	PIMS
PMG2	P75J
PMGY	PMGY
PMGY	PDJA
PMGY	P30P
PMGY	PAWE
PMGY	PIOF
PMGY	P72Z
PMHU	PMHU
PMHU	PDID
PMHU	P2ZT
PMHU	PIP9
PMHU	PAXA
PMHU	P722
PMIQ	PMIQ
PMIQ	P2YX
PMIQ	P70Z
PMIQ	PAYD
PMIQ	PIQD
PMIQ	PDHA
PMJM	PMJM
PMJM	P2Y0
PMJM	P700
PMJM	PAZ7
PMJM	PIRA
PMJM	PDGB
PMKI	PMKI
PMKI	P2X4
PMKI	P6Z2
PMKI	PB00
PMKI	PIS4
PMKI	PDFD
PMLE	PMLE
PMLE	PITF
PMLE	PB1I
PMLE	P2W8
PMLE	P6Y6
PMLE	PDEH
PMMA	PMMA
PMMA	P2VC
PMMA	PB2H
PMMA	PIUH
PMMA	P6X8
PMMA	PDDJ
PMN6	PMN6
PMN6	P2UF
PMN6	PB3B
PMN6	PIVC
PMN6	P6WB
PMN6	PDCM
PMO2	PMO2
PMO2	PB46
PMO2	P2TK
PMOY	PMOY
PMOY	PB76
PMOY	PJ3Z
PMPU	PMPU
PMSI	PMSI
PMSI	PB72
PMSI	PJ0A
PMTE	PMTE
PMV6	PMV6
PMV6	P4CL
PMV6	PIYW
PMV6	PEUL
PMXU	PMXU
PMXU	PJ36
PMZM	PMZM
PMZM	PJ1E
PN0I	PN0I
P2R	P2R
P2R	P3EU
P2R	PDWU
P2R	PIA6
P2R	PAF1
P2R	PM2L
P4J	P4J
P4J	P3GL
P4J	PI8C
P4J	PDYL
P4J	PAD6
P4J	PM0T
P5F	P5F
P5F	P3HH
P5F	PI7G
P5F	PDZH
P5F	PACA
P5F	PLZX
P6B	P6B
P6B	PAAT
P6B	PE14
P6B	PLYO
P6B	PI62
P6B	P3J4
P8Z	P8Z
P8Z	PA8X
P8Z	PA8Y
P8Z	PI4J
P8Z	P3M7
P8Z	PLWZ
P8Z	PE47
P9V	P9V
P9V	PI3R
P9V	PA8G
P9V	PLW6
P9V	P8VY
PAR	PAR
PAR	PI2Z
PAR	P3NW
PAR	PA7O
PAR	PE5W
PAR	PLVE
PBN	PBN
PBN	PI22
PBN	P3OW
PBN	PA6S
PBN	PE6W
PBN	PLUI
PCJ	PCJ
PCJ	PI16
PCJ	P3PS
PCJ	PA5W
PCJ	PE7S
PCJ	PLTM
PF7	PF7
PF7	PF1H
PF7	PKYZ
PF7	P16E
PF7	PHY3
PF7	P4JH
PF7	P9FI
PIR	PIR
PIR	PHTU
PIR	PLNP
PIR	PLNQ
PIR	PEDK
PIR	PA0N
PIR	P3VJ
PJN	PJN
PJN	PA02
PJN	PEED
PJN	PLMT
PJN	PHT8
PJN	P3WC
PKJ	PKJ
PKJ	P9Z7
PKJ	P3XH
PKJ	PLLX
PKJ	PEFI
PKJ	PHRU
PMB	PMB
PMB	P9XH
PMB	PLK5
PMB	P40K
PMB	PHPW
PMB	PEIL
PN7	PN7
PN7	PLHP
PN7	PHOY
PN7	P9V7
PN7	P41J
PN7	PEJK
PO3	PO3
PO3	PEKM
PO3	P9U4
PO3	PLGT
PO3	PHO0
PO3	P42L
POZ	POZ
POZ	PELG
POZ	PHLZ
POZ	PLFW
POZ	P9TB
POZ	P43F
PPV	PPV
PPV	PEMD
PPV	PHL3
PPV	PLF0
PPV	P9SM
PPV	P44C
PRN	PRN
PRN	P9R5
PRN	PLD9
PRN	PHJL
PRN	P4AA
PRN	PESA
PSJ	PSJ
PSJ	P4EE
PSJ	P9ON
PSJ	PLCD
PSJ	PEWE
PSJ	PHIR
PTF	PTF
PTF	P4FA
PTF	P9NR
PTF	PLBH
PTF	PEXA
PTF	PHHT
P9AA	P9AA
P9FM	P9FM
P9J6	P9J6
P9K2	P9K2
P9KY	P9KY
P9KY	PHXM
P9KY	P4JY
P9KY	P9F2
P9KY	PF1Y
P9QA	P9QA
P9R6	P9R6
P9R6	PRL
P9R6	PRM
P9R6	PLDA
P9R6	P4A9
P9R6	PHJM
P9R6	PES9
P9WI	P9WI
PA0Y	PA0Y
PA82	PA82
PA82	PE5H
PA82	PLVR
PA82	PAD
PA82	PI3D
PA82	P3NH
PABM	PABM
PAG2	PAG2
PAGY	PAGY
PAIQ	PAIQ
PAIQ	PM69
PAIQ	PDT4
PAIQ	P7EB
PAIQ	PIDZ
PAIQ	P3B3
PALE	PALE
PALE	P9T
PALE	PL41
PALE	PM8Y
PALE	P12B
PALE	PMPV
PALE	P4HZ
PALE	PLXJ
PALE	PJIG
PALE	P2AX
PALE	PJ56
PALE	P1IJ
PALE	PKMJ
PALE	PJ3G
PALE	PEZZ
PALE	PMPB
PALE	PG1F
PALE	P388
PALE	PFLL
PALE	PK56
PALE	P264
PALE	PLDQ
PAMA	PAMA
PAN6	PAN6
PARM	PARM
PARM	PIJQ
PARM	P78N
PARM	PMCV
PARM	P34S
PARM	PDNG
PB1E	PB1E
PB4Y	PB4Y
PB6Q	PB6Q
PBB6	PBB6
PBB6	P98K
PBB6	PKZP
PBB6	P4XD
PBB6	PH4Q
PBB6	P15O
PBC2	PBC2
PBC2	PL0L
PBC2	P4WH
PBC2	PH5L
PBC2	P9A2
PBC2	P14T
PBFM	PBFM
PBFM	P4O4
PBFM	P50M
PBFM	PB7W
PBFM	PF64
PBFM	P4SX
PBFM	P4HF
PBFM	PFAX
PBFM	PEZF
PBGI	PBGI
PBGI	P4NA
PBGI	P51I
PBGI	P171
PBGI	PF5A
PBGI	P9G5
PBHE	PBHE
PBHE	P52E
PBHE	PH3G
PBHE	P17Y
PBHE	P976
PBHE	PKXH
PBIA	PBIA
PBIA	P53A
PBIA	P18S
PBIA	PH2O
PBIA	P96E
PBIA	PKWM
P1NM	P1NM
P1NM	PC22
P1NM	P8Q5
P1NM	PGLS
P1NM	P5N6
P1NM	PKHK
P1OI	P1OI
P1OI	PC2X
P1OI	P8P9
P1OI	P5O1
P1OI	PGKX
P1OI	PKGP
P1PE	P1PE
P1PE	PC3R
P1PE	P5OU
P1PE	PGJY
P1PE	P8OF
P1PE	PKFT
P1R6	P1R6
P1R6	PC5G
P1R6	P5QJ
P1R6	PGI9
P1R6	P8MR
P1R6	PKE1
P1SY	P1SY
P1SY	P8JQ
P1SY	P5S7
P1SY	PKCD
P1SY	PGGV
P1SY	PC74
P1TU	P1TU
P1TU	P8IW
P1TU	PKBJ
P1TU	PGG0
P1UQ	P1UQ
P1UQ	PGF5
P1UQ	P5TX
P1UQ	P8I3
P1UQ	PC8U
P1UQ	PKAN
P1VM	P1VM
P1VM	PGEG
P1VM	PKA0
P1VM	P8HG
P1VM	PC9H
P1VM	P5UK
P1WI	P1WI
P1WI	PGDK
P1WI	PK94
P1WI	PCAD
P1WI	P5VG
P1WI	P8GW
P1XE	P1XE
P1XE	PGCL
P1XE	PK88
P1XE	PCBD
P1XE	P8FX
P1XE	P5WG
P1Z6	P1Z6
P1Z6	PGAS
P1Z6	PK6F
P1Z6	PCD5
P1Z6	P8E6
P1Z6	P5Y8
P21U	P21U
P21U	P613
P21U	PG8A
P21U	PK3V
P21U	P8AM
P21U	PCG0
P22Q	P22Q
P22Q	PK2Z
P22Q	P89N
P23M	P23M
P23M	P62V
P23M	PG6G
P23M	PK22
P23M	P88W
P23M	PCHS
P24I	P24I
P24I	PCIS
P24I	PG5J
P24I	PK16
P24I	P63V
P24I	P87Y
P25E	P25E
P25E	P86A
P25E	PG4I
P25E	PCJO
P25E	PK0A
P25E	P64R
P26A	P26A
P26A	PG42
P26A	P85W
P26A	PCL3
P26A	PJZ1
P26A	P666
P276	P276
P276	P850
P276	PCLZ
P276	PJY5
P276	P672
P276	PG3J
P282	P282
P282	P682
P282	P842
P282	PCMZ
P282	PG2L
P282	PJX9
P29U	P29U
P29U	P69U
P29U	P81H
P29U	PFYW
P29U	PCOR
P29U	PJVK
P2AQ	P2AQ
P2AQ	P806
P2AQ	P6AV
P2AQ	PFXP
P2AQ	PCPS
P2AQ	PJUO
P2DE	P2DE
P2DE	P6DG
P2DE	P7XM
P2DE	PFUY
P2DE	PCTW
P2DE	PJS0
P2EA	P2EA
P2EA	P6EG
P2EA	P7WU
P2EA	PFU6
P2EA	PCUW
P2EA	PJR4
P2F6	P2F6
P2F6	P6FC
P2F6	P7VY
P2F6	PFTA
P2F6	PCVS
P2F6	PJQ8
P2MA	P2MA
P2MA	PJJ6
P2MA	PD2B
P2MA	P7ON
P2MA	P6LV
P2MA	PFMO
P2N6	P2N6
P2N6	PFLW
P2N6	P7NQ
P2N6	P6NE
P2N6	PD3U
P2N6	PJI3
P2O2	P2O2
P2O2	P6OI
P2O2	PFKO
P2O2	PJH6
P2O2	PD4T
P2O2	P7MO
P2PU	P2PU
P2PU	P7KZ
P2PU	P6Q8
P2PU	PFIP
P2PU	PJFD
P2PU	PD6J
P2RM	P2RM
P2RM	P7J8
P2RM	PFFU
P2RM	P6RY
P2RM	PD89
P2RM	PJDM
P2UA	P2UA
P2UA	P6W6
P2UA	PMNB
P2UA	PB3G
P2UA	PIVH
P2UA	PDCH
P2V6	P2V6
P2V6	P6X2
P2V6	PMMG
P2V6	PB2N
P2V6	PIUN
P2V6	PDDD
P2W2	P2W2
P2W2	P6Y0
P2W2	PMLK
P2W2	PITM
P2W2	PB1O
P2W2	PDEB
P2WY	P2WY
P2WY	P6YW
P2WY	PMKO
P2WY	PDF7
P2WY	PB06
P2WY	PISA
P2XU	P2XU
P2XU	PMJS
P2XU	P6ZU
P2XU	PDG5
P2YQ	P2YQ
P2YQ	PMIX
P2YQ	P70S
P2YQ	PDH3
P2YQ	PAYK
P2YQ	PIQK
P2ZM	P2ZM
P2ZM	PMI1
P2ZM	P71V
P2ZM	PIPI
P2ZM	PAXJ
P2ZM	PDI6
P30I	P30I
P30I	PMH5
P30I	P72S
P30I	PAWL
P30I	PIOM
P30I	PDJ3
P31E	P31E
P31E	PDK5
P31E	PMG9
P31E	PAVG
P31E	P75C
P31E	PIMY
P336	P336
P336	PMEH
P336	PAT8
P336	PILC
P342	P342
P342	PDMQ
P342	PMDL
P342	P77X
P342	PASB
P342	PIKG
P34Y	P34Y
P34Y	PDNM
P34Y	PMCP
P34Y	P78T
P34Y	PARG
P34Y	PIJK
P35U	P35U
P35U	PIIQ
P35U	PMBT
P35U	P79N
P35U	PAQK
P35U	PDOG
P39E	P39E
P39E	PDRD
P39E	PAKQ
P39E	PIFJ
P39E	P7CK
P39E	PM7Q
P3C2	P3C2
P3C2	P3
P3C2	PDU2
P3C2	PICZ
P3C2	PAHR
P3C2	PM5C
P3CY	P3CY
P3CY	PAGX
P3CY	PDUY
P3CY	PIC2
P3CY	PM4F
P3CY	PW
P3GI	P3GI
P3GI	PDYI
P3GI	PI8F
P3GI	PAD9
P3GI	P4G
P3GI	PM0W
P3HE	P3HE
P3HE	PDZE
P3HE	PI7J
P3HE	PACD
P3HE	P5C
P3HE	PM00
P3IA	P3IA
P3IA	PE0A
P3IA	PI6Q
P3J6	P3J6
P3J6	PAAR
P3J6	P6D
P3J6	PE16
P3J6	PLYM
P3J6	PI5Y
P3LU	P3LU
P3LU	PE3U
P3LU	PLX7
P3LU	P8S
P3NM	P3NM
P3NM	PLVM
P3NM	PE5M
P3NM	PI38
P3NM	PAI
P3NM	PA7X
P3OI	P3OI
P3OI	PA75
P3OI	PLUV
P3OI	PE6I
P3OI	PBA
P3OI	PI2F
P3PE	P3PE
P3PE	PA6A
P3PE	PLU0
P3PE	PE7E
P3PE	PC5
P3PE	PI1K
P3QA	P3QA
P3QA	PA5E
P3QA	PLT4
P3QA	PE8A
P3QA	PD1
P3QA	PI0O
P3R6	P3R6
P3R6	PA4O
P3R6	PE96
P3R6	PDP
P3R6	PLSG
P3R6	PHZW
P3S2	P3S2
P3S2	PEA2
P3S2	PEK
P3S2	PLRK
P3S2	PHZ1
P3SY	P3SY
P3SY	PG4
P3SY	PLQD
P3SY	PEAZ
P3SY	PA37
P3SY	PHWG
P3TU	P3TU
P3TU	PHVM
P3TU	PH0
P3TU	PLPG
P3TU	PEBV
P3TU	PA2C
P3UQ	P3UQ
P3UQ	PHV
P3UQ	PHUS
P3UQ	PLOL
P3UQ	PECR
P3VM	P3VM
P3VM	PLNM
P3VM	PIU
P3VM	PEDN
P3VM	PA0L
P3VM	PHTR
P3WI	P3WI
P3WI	PEEJ
P3WI	PHST
P3XE	P3XE
P3XE	P9ZA
P3XE	PLM0
P3XE	PEFF
P3XE	PHRX
P3XE	PKG
P3YA	P3YA
P3YA	PEGB
P3YA	P8KW
P3YA	PGRE
P3YA	PHY5
P3Z6	P3Z6
P3Z6	PEH7
P3Z6	PHRF
P3Z6	PKY
P3Z6	P9YS
P3Z6	PLLI
P402	P402
P402	PHQG
P402	PEI3
P402	PLU
P402	P9XX
P402	PLKM
P40Y	P40Y
P40Y	PHPJ
P40Y	PEIZ
P40Y	PMM
P40Y	P9X6
P40Y	PLJU
P41U	P41U
P41U	PLHI
P41U	PNE
P41U	PEJV
P41U	PHOR
P41U	P9V0
P42Q	P42Q
P42Q	P9TZ
P42Q	PO8
P42Q	PLGO
P42Q	PEKR
P42Q	PHNV
P43M	P43M
P43M	PLFP
P43M	P9T4
P43M	PP6
P43M	PELN
P43M	PHLS
PKOC	PKOC
PKQ4	PKQ4
PKQ4	PGW9
PKQ4	PBOX
PKQ4	P59W
PKQ4	P1F9
PKQ4	P906
PKR0	PKR0
PKR0	PGX5
PKR0	PBO0
PKR0	P58Z
PKR0	P1ED
PKR0	P912
PKRW	PKRW
PKRW	PGY1
PKRW	PBN3
PKRW	P583
PKRW	P91X
PKRW	P1DI
PL70	PL70
PL8S	PL8S
PL9O	PL9O
PL9O	PVE
PLIK	PLIK
PLIK	P9WN
PLIK	PLJC
PM0C	PM0C
PM0C	PACP
PM0C	P50
PM0C	P3H2
PM0C	PI7V
PM0C	PDZ2
PM18	PM18
PM18	PADK
PM18	P44
PM18	P3G7
PM18	PI8R
PM18	PDY7
PM24	PM24
PM24	PAEG
PM24	P38
PM24	P3FB
PM24	PI9P
PM24	PDXB
PM3W	PM3W
PM3W	PAGC
PM3W	P1F
PM3W	P3DJ
PM3W	PIBH
PM3W	PDVJ
PM8C	PM8C
PM98	PM98
PMI4	PMI4
PMI4	P71S
PMI4	PIPL
PMI4	PAXM
PMI4	PDI3
PMI4	P2ZJ
PMLO	PMLO
PMLO	P6XW
PMLO	PITQ
PMLO	PDE7
PMLO	PB1S
PMLO	P2VY
PMP8	PMP8
PMQ4	PMQ4
PMQ4	P79
PMQ4	P7HM
PMQ4	PFCW
PMR0	PMR0
PMRW	PMRW
PMSS	PMSS
PMUK	PMUK
PMZ0	PMZ0
PMZ0	P2OY
PMZ0	PFJM
PMZ0	PJG9
PMZ0	PHDN
PN0S	PN0S
PN0S	PMSP
P19	P19
P19	PIBP
P19	P3DB
P19	PM42
P19	PAGK
P19	PDVB
P25	P25
P25	PIAS
P25	P3E8
P25	PAFN
P25	PM37
P25	PDW8
P31	P31
P31	PI9W
P31	PAEN
P31	P3F4
P31	PM2B
P31	PDX4
P3X	P3X
P3X	PI8Z
P3X	PADR
P3X	P3G0
P3X	PM1F
P3X	PDY0
P4T	P4T
P4T	PI82
P4T	P3GV
P4T	PACW
P4T	PM0J
P4T	PDYV
P5P	P5P
P5P	PI76
P5P	P3HR
P5P	PAC0
P5P	PLZN
P5P	PDZR
P6L	P6L
P7H	P7H
PB1	PB1
PB1	PA7E
PB1	PLV4
PB1	P3O7
PB1	PE67
PB1	PI2O
PEL	PEL
PEL	PA3X
PEL	PHZ0
PJ1	PJ1
PJ1	P3VR
PJ1	PFIG
PJ1	PLNF
PJX	PJX
PJX	P3WV
PJX	PHSG
PJX	PEEW
PJX	P9ZT
PJX	PLMJ
PKT	PKT
PKT	P3XR
PKT	PHRK
PKT	PEFS
PKT	P9YX
PKT	PLLN
P10T	P10T
P10T	PL45
P10T	P4RU
P10T	PH9T
P10T	PF9U
P12L	P12L
P12L	PH7S
P12L	PL2V
P12L	PBEG
P12L	P9BU
P12L	P4U3
P14D	P14D
P14D	P9AD
P14D	PH61
P14D	PBCJ
P14D	PL11
P14D	P4W0
P1IL	P1IL
P1JH	P1JH
P1N1	P1N1
P1N1	P8QP
P1N1	PGMD
P1N1	PKI6
P1N1	PC1H
P1N1	P5ML
P1PP	P1PP
P1PP	PGJN
P1PP	P8O4
P1PP	PKFI
P1PP	PC44
P1PP	P5P7
P1QL	P1QL
P1QL	PGIU
P1QL	P8NC
P1QL	PKEM
P1QL	PC4V
P1QL	P5PY
P1RH	P1RH
P1RH	PGHY
P1RH	P8MG
P1RH	PKDQ
P1RH	PC5R
P1RH	P5QU
P1V1	P1V1
P20D	P20D
P20D	P6O
P23X	P23X
P23X	PCI6
P23X	P88J
P23X	P639
P23X	PG64
P23X	PK1R
P24T	P24T
P24T	PCJ3
P24T	P87N
P24T	P646
P24T	PG58
P24T	PK0V
P25P	P25P
P25P	PCJZ
P25P	P652
P25P	PJZZ
P299	P299
P299	P827
P299	PFZM
P2J1	P2J1
P2J1	P7S5
P2J1	PCZ2
P2J1	PFPS
P2J1	PJME
P2J1	P6IM
P2JX	P2JX
P2JX	P7RE
P2JX	PFP1
P2JX	PJLI
P2UL	P2UL
P2UL	PB35
P2UL	PIV6
P2UL	P6WH
P2UL	PDCS
P2UL	PMN0
P2VH	P2VH
P2VH	PB2C
P2VH	PIUC
P2VH	P6XD
P2VH	PDDO
P2VH	PMM5
P2WD	P2WD
P2WD	PB0R
P2WD	PISV
P2WD	P6YB
P2WD	PML9
P2WD	PDEM
P2X9	P2X9
P2X9	PAZV
P2X9	PIRZ
P2X9	P6Z7
P2X9	PMKD
P2X9	PDFI
P2Y5	P2Y5
P2Y5	PIR5
P2Y5	P705
P2Y5	PMJH
P2Y5	PDGG
P31P	P31P
P31P	PAV6
P31P	PDKF
P31P	PIMP
P31P	P75M
P31P	PMFY
P33H	P33H
P33H	PDM5
P33H	PASW
P33H	PIL1
P33H	P77C
P33H	PME6
P34D	P34D
P34D	PDN1
P34D	PAS1
P34D	PIK6
P34D	P788
P34D	PMDA
P359	P359
P359	PAR5
P359	PMCE
P38T	P38T
P38T	PM82
P3CD	P3CD
P3CD	PICO
P3CD	PE
P3CD	PAHG
P3CD	PDUD
P3CD	PM51
P3N1	P3N1
P3N1	P76
P3N1	PE51
P3OT	P3OT
P3OT	PI25
P3OT	PE6T
P3OT	PA6V
P3OT	PLUL
P3OT	PBK
P3PP	P3PP
P3PP	PI19
P3PP	PE7P
P3PP	PA5Z
P3PP	PLTP
P3PP	PCG
P3T9	P3T9
P3T9	PA2W
P3T9	PGF
P3T9	PHW5
P3T9	PEBA
P3T9	PLQ2
P3V1	P3V1
P3V1	PI7
P3V1	PA1E
P3V1	PED2
P3V1	PHUG
P3V1	PLOA
P3VX	P3VX
P3VX	PA0D
P3VX	PLN7
P3VX	PJ9
P3VX	PEDY
P3VX	PHTJ
P3WT	P3WT
P3WT	PHSI
P3WT	PEEU
P419	P419
P419	PEJA
P419	PLHZ
P419	PMX
P419	PHP8
P419	P9VI
P425	P425
P425	PHOH
P425	P9UR
P425	PNN
P425	PEK6
P425	PLH9
P431	P431
P431	POL
P431	PHMD
P431	PEL2
P431	PLGA
P431	P9TP
P46L	P46L
P46L	P9S4
P46L	PQD
P46L	PEOL
P46L	PHKL
P46L	PLEI
P47H	P47H
P47H	P8JY
P47H	P9MA
P47H	PEPH
P47H	PHYY
P48D	P48D
P48D	PBZJ
P48D	PGR4
P48D	PEQD
P48D	P5KN
P48D	P9LP
P4A5	P4A5
P4A5	PHJO
P4A5	PES5
P4A5	PRJ
P4DP	P4DP
P4DP	PKMA
P4DP	PBV0
P4DP	P5FZ
P4DP	P1IP
P4DP	PAL0
P4DP	PEVP
P4DP	PGS7
P4DP	P8UW
P4DP	PG0Q
P4DP	P9PC
P4J1	P4J1
P4J1	P9MC
P4J1	PF11
P4KT	P4KT
P4KT	P9II
P4KT	PHFU
P4KT	PF2T
P4KT	PL92
P4KT	PVZ
P4LP	P4LP
P4LP	PHDZ
P4LP	P9HP
P4LP	PF3P
P4LP	PWP
P4LP	PL8B
P4ML	P4ML
P4ML	PHD1
P4ML	P9GU
P4ML	PF4L
P4ML	PXM
P4ML	PL7E
P4Q5	P4Q5
P4Q5	PHB8
P4Q5	PF85
P4Q5	PZA
P4Q5	P9DJ
P4Q5	PL5P
P4R1	P4R1
P4R1	PHAE
P4R1	P104
P4R1	PF91
P4R1	PL4U
P4R1	P9CW
P4RX	P4RX
P4RX	PH9Q
P4RX	P10W
P4RX	PF9X
P45A	P45A
P45A	PENB
P47Y	P47Y
P47Y	PGQQ
P47Y	PEPY
P49Q	P49Q
P49Q	PERQ
P4AM	P4AM
P4AM	PESM
P4DA	P4DA
P4DA	PEVA
P4IM	P4IM
P4IM	PF0M
P4OU	P4OU
P4OU	PF6U
P4SE	P4SE
P4SE	PFAE
P4U6	P4U6
P4U6	PBED
P4XQ	P4XQ
P4XQ	PBAT
P59A	P59A
P59A	PBOB
P5B2	P5B2
P5B2	PBQ3
P5GE	P5GE
P5GE	P1J6
P5GE	PGQ0
P5GE	P8UH
P5GE	PKLV
P5GE	PBVF
P5HA	P5HA
P5HA	P1K2
P5HA	PGP7
P5HA	P8TO
P5HA	PKL2
P5HA	PBWB
P5I6	P5I6
P5I6	P1KY
P5I6	P8SP
P5I6	PGOC
P5I6	PKK8
P5I6	PBX7
P5J2	P5J2
P5J2	PBY3
P5JY	P5JY
P5JY	PBYX
P5RY	P5RY
P5RY	PC6V
P6AM	P6AM
P6AM	P80F
P6AM	PFXY
P6AM	PCPJ
P38F	P38F
P38F	PM9H
P39B	P39B
P3JZ	P3JZ
P3JZ	PE1Z
P3MN	P3MN
P3MN	PE4N
P45B	P45B
P45B	PENC
P47Z	P47Z
P47Z	P9LZ
P47Z	PEPZ
P49R	P49R
P49R	PERR
P49R	P5LC
P49R	PC08
P49R	PEPN
P49R	P47N
P4AN	P4AN
P4AN	PESN
P4HR	P4HR
P4HR	PEZR
P4IN	P4IN
P4IN	PF0N
P4KF	P4KF
P4KF	PF2F
P4OV	P4OV
P4OV	PF6V
P4SF	P4SF
P4SF	PFAF
P4U7	P4U7
P4U7	PBEC
P4WV	P4WV
P4WV	PH57
P4WV	P99O
P4WV	PBBO
P4ZJ	P4ZJ
P4ZJ	P9G1
P4ZJ	PB90
P51B	P51B
P51B	PBGB
P5B3	P5B3
P5B3	PBQ4
P5BZ	P5BZ
P5BZ	P1GI
P5BZ	P8Z0
P5BZ	PGUP
P5BZ	PKOK
P5BZ	PBR0
P5EN	P5EN
P5EN	PBTN
P5HB	P5HB
P5HB	P1K3
P5HB	PGP6
P5HB	P8TN
P5HB	PKL1
P5HB	PBWC
P5JZ	P5JZ
P5JZ	PBYY
P5RZ	P5RZ
P5RZ	PC6W
P6AN	P6AN
P6AN	P80E
P6AN	PFXX
P6AN	PCPK
P6KF	P6KF
P6KF	PD0V
P6M7	P6M7
P6M7	PD2N
P6QN	P6QN
P6QN	PD6Y
P6TB	P6TB
P6TB	PD9M
P71B	P71B
P71B	PDHM
P71B	PIQ3
P7BZ	P7BZ
P7BZ	PDQS
P7DR	P7DR
P7DR	PDSK
P7FJ	P7FJ
P7FJ	PFD4
P7HB	P7HB
P7HB	PFCJ
P7J3	P7J3
P7J3	PFFO
P7JZ	P7JZ
P7JZ	PFHH
P7UN	P7UN
P7UN	PFRW
P7ZZ	P7ZZ
P82N	P82N
P82N	PG02
P873	P873
P8CF	P8CF
P8DB	P8DB
P8DB	PV8
P8KF	P8KF
P8LB	P8LB
P8U7	P8U7
P8V3	P8V3
P8V3	PBUU
P8V3	P5FT
P8V3	PGSD
P8VZ	P8VZ
P8WV	P8WV
P8WV	P1I9
P8WV	PBUC
P8WV	PKMS
P8WV	PBUD
P8WV	PGT1
P8WV	P5FC
P99B	P99B
P99B	P98X
P9GF	P9GF
P9GF	PHCM
P9GF	PL6X
P9GF	PF4Z
P9GF	PY2
P9GF	P4MZ
P9JZ	P9JZ
P9Q7	P9Q7
P9R3	P9R3
P9R3	PHJI
P9R3	PRP
P9R3	PLD7
P9R3	PHJH
P9R3	P4AC
P9R3	PESC
P9R3	P9R2
P9WF	P9WF
PA5B	PA5B
PABJ	PABJ
PALB	PALB
PALB	PG14
PAN3	PAN3
PAN3	P8VU
PANZ	PANZ
PAPR	PAPR
PAPR	PII0
PB1B	PB1B
PB4V	PB4V
PB4V	PJ7S
PB6N	PB6N
PB7J	PB7J
PB7J	PJ85
PB9B	PB9B
PB9B	P4Z8
PBGF	PBGF
PBGF	P51F
PBQ7	PBQ7
PBQ7	P5B6
PBTR	PBTR
PBTR	P5ER
PBZ3	PBZ3
PBZ3	P5K7
PC0V	PC0V
PC0V	P5LZ
PC7Z	PC7Z
PC7Z	P5T2
PCE7	PCE7
PCE7	P5ZA
PCNZ	PCNZ
PCNZ	P692
PCSF	PCSF
PCSF	P74V
PCTB	PCTB
PCTB	P73Z
PD7J	PD7J
PD7J	P6R8
PD9B	PD9B
PD9B	P6T0
PDGF	PDGF
PDGF	P704
PDGF	P2Y4
PDGF	PIR6
PDGF	PMJI
PDHB	PDHB
PDHB	P710
PDRZ	PDRZ
PDRZ	P7D6
PE1R	PE1R
PE1R	P3JR
PE3J	PE3J
PE3J	PLXG
PE3J	P8J
PE3J	PI50
PE3J	PA9I
PE3J	P3LJ
PEE7	PEE7
PEE7	P3W6
PEN3	PEN3
PEN3	P452
PERJ	PERJ
PERJ	P49J
PETB	PETB
PETB	P9QU
PETB	P4BB
PEU7	PEU7
PEU7	P4C7
PF0F	PF0F
PF0F	P4IF
PF27	PF27
PF27	P4K7
PF6N	PF6N
PF6N	P4ON
PFCV	PFCV
PFCV	P7HL
PFFJ	PFFJ
PFFJ	P7IY
PFGF	PFGF
PFRZ	PFRZ
PFRZ	P7UQ
PFZZ	PFZZ
PFZZ	P82K
PG9R	PG9R
PGPR	PGPR
PGQN	PGQN
PGQN	P8K5
PGRJ	PGRJ
PGV3	PGV3
PHEN	PHEN
PHGF	PHGF
PHMN	PHMN
PHNJ	PHNJ
PHSV	PHSV
PI8V	PI8V
PIN3	PIN3
PITB	PITB
PITB	PB17
PIWV	PIWV
PIWV	PMX4
PIXR	PIXR
PIXR	PMW8
PIZJ	PIZJ
PIZJ	PMUG
PJ0F	PJ0F
PJ1B	PJ1B
PJ1B	PMZP
PJ27	PJ27
PJ27	PMYQ
PJ33	PJ33
PJ33	PMXX
PJ4V	PJ4V
PJ5R	PJ5R
PJ5R	PMU8
PJ7J	PJ7J
PJ7J	PB53
PJ9B	PJ9B
PJA7	PJA7
PJB3	PJB3
PJBZ	PJBZ
PJFJ	PJFJ
PJFJ	P7L0
PJFJ	PFIW
PJFJ	P2PO
PK5B	PK5B
PKPR	PKPR
PL33	PL33
PL33	P129
PL33	P12D
PL3Z	PL3Z
PL3Z	PH92
PL3Z	P119
PL8F	PL8F
PL8F	PWL
PLI7	PLI7
PLI7	P9W7
PLI7	PLIZ
PLMN	PLMN
PLMN	PJT
PLY7	PLY7
PM7Z	PM7Z
PM8V	PM8V
PMOV	PMOV
PMPR	PMPR
PMQN	PMQN
PMRJ	PMRJ
PMTB	PMTB
PMU7	PMU7
PMU7	PIZE
PMV3	PMV3
PMV3	PJ02
PMVZ	PMVZ
PMVZ	PIY0
PMWV	PMWV
PMWV	PIX4
PMXR	PMXR
PMXR	PJ39
PMYN	PMYN
PMYN	PJ2D
PMZJ	PMZJ
PMZJ	PJ1H
PN0F	PN0F
P74	P74
P9S	P9S
P9S	PA8H
P9S	P8VX
PIO	PIO
PIO	PHTX
PIO	PLNT
P11C	P11C
P11C	PH8L
P16O	P16O
P16O	PKYP
P16O	P8CJ
P16O	PKYO
P1Q8	P1Q8
P1Q8	PGJ4
P1Q8	P8NM
P1Q8	PKEZ
P1S0	P1S0
P1S0	PKD5
P1TS	P1TS
P1TS	PKBL
P1TS	PGG2
P1TS	P8IY
P200	P200
P28W	P28W
P28W	P82S
P28W	PG07
P28W	PJWF
PIYQ	PIYQ
PIYQ	PEUF
PIYQ	PMVC
PIYQ	P4CF
PIZM	PIZM
PIZM	PMUQ
PJ42	PJ42
PJ7M	PJ7M
PJ7M	P4DD
PJ7M	PIG4
PJ7M	PHFP
PJ7M	PJ1K
PJ7M	PEVD
PJ7M	PCOB
PJ7M	P69E
PJ7M	PIYB
PJ7M	P4C5
PJ7M	PFGB
PJ7M	PAN1
PJ7M	PEU5
PJ8I	PJ8I
PJ9E	PJ9E
PJAA	PJAA
PJB6	PJB6
PJC2	PJC2
PJC2	PFDX
PJC2	P7HP
PJC2	P2T1
PJC2	P6UT
PJC2	PDB4
PJCY	PJCY
PJCY	PFEQ
PJCY	PDAF
PJCY	P7IG
PJCY	P2S5
PJCY	P6U4
PJEQ	PJEQ
PJEQ	P6QW
PJEQ	P7KC
PJEQ	PFHU
PJEQ	PD77
PJEQ	P2QH
PJFM	PJFM
PJFM	P7L3
PJFM	P2PL
PJFM	PFIZ
PJGI	PJGI
PJGI	P7LY
PJGI	P6PD
PJGI	P2OP
PJGI	PFJV
PJGI	PD5O
PJIA	PJIA
PJQA	PJQA
PJQA	P6FA
PJQA	P7W0
PJQA	PFTC
PJQA	PCVQ
PJQA	P2F4
PJR6	PJR6
PJR6	P6EE
PJR6	P7WW
PJR6	PFU8
PJR6	PCUU
PJR6	P2E8
PJUQ	PJUQ
PJUQ	P6AT
PJUQ	P808
PJUQ	PFXR
PJUQ	PCPQ
PJUQ	P2AO
PJWI	PJWI
PJWI	PG1T
PJWI	P83A
PJWI	PCNR
PJWI	P28T
PJWI	P68U
PJXE	PJXE
PJXE	PG2R
PJXE	PCMU
PJXE	P848
PJXE	P27X
PJXE	P67X
PJYA	PJYA
PJYA	PG3O
PJYA	PCLU
PJYA	P66X
PJYA	P855
PJYA	P271
PJZ6	PJZ6
PK02	PK02
PK02	P25M
PK02	PCJW
PK02	P64Z
PK02	PG48
PK02	P862
PK0Y	PK0Y
PK0Y	P24Q
PK0Y	PCJ0
PK0Y	P643
PK0Y	P87Q
PK0Y	PG5B
PK1U	PK1U
PK1U	P23U
PK1U	PG67
PK2Q	PK2Q
PK2Q	PCH3
PK2Q	P22Z
PK2Q	P626
PK2Q	P89C
PK2Q	PG73
PK3M	PK3M
PK3M	PG81
PK3M	PCG9
PK3M	P223
PK3M	P61C
PK3M	P8AD
PK4I	PK4I
PK4I	PG8Z
PK4I	PCFB
PK4I	P215
PK4I	P60E
PK4I	P8BC
PK5E	PK5E
PK6A	PK6A
PK6A	P5YD
PK6A	P1ZB
PK6A	P8E1
PK6A	PCDA
PK6A	PGAN
PK76	PK76
PK76	P5XI
PK76	P1YF
PK76	P8F2
PK76	PCCF
PK76	PGBJ
PK82	PK82
PK82	P5WM
PK82	P1XK
PK82	PCBJ
PK82	PGCF
PKBM	PKBM
PKBM	PGG3
PKBM	P5T1
PKBM	P8IZ
PKBM	PC7Y
PKBM	P1TR
PKF6	PKF6
PKF6	P5PJ
PKF6	PGJB
PKF6	P8NS
PKF6	P1Q1
PKF6	PC4G
PKG2	PKG2
PKG2	P5OI
PKG2	P8ON
PKG2	PGK8
PKG2	P1P5
PKG2	PC3F
PKGY	PKGY
PKGY	P5NS
PKGY	P8PI
PKGY	P1O9
PKGY	PGL6
PKGY	PC2O
PKHU	PKHU
PKHU	P5MW
PKHU	P8QF
PKHU	P1NC
PKHU	PGM2
PKHU	PC1S
PKKI	PKKI
PKKI	PBWX
PKKI	P5HW
PKKI	P1KM
PKKI	P8T3
PKKI	PGON
PKLE	PKLE
PKOY	PKOY
PKOY	PGVE
PKOY	PBPQ
PKOY	PBPR
PKOY	P5AP
PKOY	P5AQ
PKOY	P1G4
PKOY	P8ZE
PKPU	PKPU
PKQQ	PKQQ
PKQQ	P90S
PKQQ	PBOA
PKQQ	P599
PKQQ	P1EN
PKQQ	PGWV
PKSI	PKSI
PKSI	P92E
PKSI	PBMH
PKSI	P57H
PKSI	PGYN
PKSI	P1CW
PKTE	PKTE
PKTE	P939
PKTE	PBLH
PKTE	P56H
PKTE	PGZI
PKTE	P1C0
PKUA	PKUA
PKUA	P943
PKUA	PBKM
PKUA	P55M
PKUA	PH0D
PKUA	P1B4
PKV6	PKV6
PKV6	P94Z
PKV6	PBJQ
PKV6	P54Q
PKV6	PH19
PKV6	P1A8
PKW2	PKW2
PKW2	P95V
PKW2	PBIU
PKW2	P53U
PKW2	PH25
PKW2	P19C
PKWY	PKWY
PKWY	P96P
PKWY	PBHX
PKWY	P52X
PKWY	PH30
PKWY	P18G
PKZM	PKZM
PKZM	P4XG
PKZM	P4XH
PKZM	PH4N
PKZM	PBB2
PKZM	P15R
PKZM	PBB3
PL0I	PL0I
PL0I	P4WK
PL0I	PH5I
PL0I	P99Z
PL0I	PBBZ
PL0I	P14W
PL4Y	PL4Y
PL4Y	P9D0
PL4Y	P4QX
PL4Y	PHAI
PL4Y	P100
PL4Y	PF8X
PL7M	PL7M
PL7M	P4MD
PL7M	PHD8
PL7M	PF4D
PL7M	PXE
PL7M	P9H2
PL8I	PL8I
PL8I	P4LK
PL8I	PHF1
PL8I	PF3K
PL8I	PWI
PL8I	P9HV
PL9E	PL9E
PL9E	PVO
PL9E	P9IU
PL9E	P9IV
PLAA	PLAA
PLAA	P4IT
PLAA	PHGM
PLAA	PF0T
PLAA	PUM
PLAA	P9MK
PLB6	PLB6
PLB6	PHHI
PLB6	PTQ
PLB6	P4FL
PLB6	PEXL
PLB6	P9NG
PLC2	PLC2
PLC2	PHIG
PLC2	PSU
PLC2	P4EP
PLC2	PEWP
PLC2	P9OC
PLCY	PLCY
PLCY	PRY
PLCY	P4B9
PLCY	PET9
PE0Y	PE0Y
PE0Y	PAAZ
PE0Y	PLYU
PE0Y	PLYV
PE0Y	P3IY
PE0Y	P65
PE0Y	PI68
PE2Q	PE2Q
PE2Q	P83
PE2Q	PI5L
PE2Q	PAA9
PE2Q	PLXU
PE2Q	P3KQ
PE3M	PE3M
PE3M	PLXE
PE3M	PI4Y
PE3M	PA9G
PE3M	P8L
PE3M	P3LM
PE4I	PE4I
PE4I	PLWN
PE4I	P9B
PE4I	PI48
PE4I	P3MI
PE4I	PA8Q
PE5E	PE5E
PE5E	PA85
PE5E	PLVU
PE5E	PAA
PE5E	P3NE
PE5E	PI3G
PE6A	PE6A
PE6A	PA7B
PE6A	PLV1
PE6A	PB4
PE6A	P3OA
PE6A	PI2L
PE76	PE76
PE76	PA6I
PE76	PBX
PE76	PLU8
PE76	P3P6
PE76	PI1S
PE82	PE82
PE82	PA5M
PE82	PCT
PE82	PLTC
PE82	P3Q2
PE82	PI0W
PE8Y	PE8Y
PE8Y	PI01
PE8Y	PDF
PE8Y	PA4T
PE8Y	P3QY
PE8Y	PLSQ
PE9U	PE9U
PE9U	PEC
PE9U	PHZ9
PE9U	PA40
PE9U	PLRT
PE9U	P3RU
PEAQ	PEAQ
PEAQ	PHWO
PEAQ	PLQN
PEAQ	P3SP
PEAQ	PFU
PEAQ	PA3G
PEBM	PEBM
PEBM	PHVV
PEBM	PLPQ
PEBM	P3TL
PEBM	PGR
PEBM	PA2L
PECI	PECI
PECI	PHUZ
PECI	PLOS
PECI	P3UH
PECI	PHO
PECI	PA1Q
PEDE	PEDE
PEDE	PHU4
PEDE	PLNY
PEDE	P3VD
PEDE	PIJ
PEDE	PA0T
PEEA	PEEA
PEEA	PA05
PEEA	PLMW
PEEA	PHTB
PEEA	P3W9
PEEA	PJK
PEF6	PEF6
PEF6	PHS6
PEF6	P9ZJ
PEF6	PLM9
PEF6	PK7
PEF6	P3X5
PEG2	PEG2
PEG2	PCE9
PEG2	P5ZC
PEG2	PBZG
PEG2	P48G
PEG2	P5KK
PEG2	PEQG
PEG2	P3Y1
PEHU	PEHU
PEHU	PLL
PEHU	PHQR
PEHU	P3ZT
PEHU	P9Y6
PEHU	PLKV
PEIQ	PEIQ
PEIQ	P9XD
PEIQ	PLK1
PEIQ	PMF
PEIQ	PHPS
PEIQ	P40P
PEKI	PEKI
PEKI	P9U8
PEKI	PLGX
PEKI	PHO4
PEKI	P42H
PEKI	PNZ
PEMA	PEMA
PEMA	PHL6
PEMA	PLF3
PEMA	P449
PEMA	P9SP
PEMA	PPS
PEO2	PEO2
PEO2	PBT0
PEO2	P5E0
PEO2	P9L8
PEO2	P9FC
PEO2	P462
PEOY	PEOY
PEOY	PQR
PEOY	PLE4
PEOY	P46Y
PEUA	PEUA
PEUA	PMVH
PEUA	P4CA
PEUA	PIYL
PEW2	PEW2
PEW2	P9OZ
PEW2	PS7
PEW2	PLCP
PEW2	P4E2
PEW2	PHJ3
PEWY	PEWY
PEWY	P9O3
PEWY	PT3
PEWY	PLBT
PEWY	P4EY
PEWY	PHI7
PEXU	PEXU
PEXU	P9N7
PEXU	PTZ
PEXU	PLAX
PEXU	P4FU
PEXU	PHH9
PEZM	PEZM
PEZM	PFB6
PEZM	P4OB
PEZM	PF6B
PEZM	PB84
PEZM	P4T5
PEZM	P4HM
PEZM	PBFE
PEZM	P50F
PF1E	PF1E
PF1E	P8CL
PF1E	PK5H
PF1E	P8KU
PF1E	PGRC
PF1E	P4JE
PF2A	PF2A
PF2A	PLR7
PF2A	P9ET
PF2A	PFB
PF2A	PA3W
PF2A	P4KA
PF42	PF42
PF42	P9HD
PF42	PX3
PF42	PL7X
PF42	PHDJ
PF42	P4M2
PF7M	PF7M
PF7M	PYW
PF7M	P9E2
PF7M	PL63
PF7M	PHBR
PF7M	P4PM
PF8I	PF8I
PF8I	PZN
PF8I	PL5C
PF8I	P9DD
PF8I	PHAV
PF8I	P4QI
PF9E	PF9E
PF9E	PL4I
PF9E	P9CL
PF9E	P4RE
PF9E	PHA6
PF9E	P10G
PFDU	PFDU
PFDU	PJ6Q
PFDU	P7G8
PFGI	PFGI
PFQA	PFQA
PFQA	P7T1
PFQA	P6I4
PFQA	P2I5
PFQA	PJNB
PFQA	PCYK
PFR6	PFR6
PFR6	P7TX
PFR6	P6H8
PFR6	P2H9
PFR6	PJO7
PFR6	PCXO
PFTU	PFTU
PFTU	P7WI
PFTU	PCV8
PFTU	P2EM
PFTU	P6ES
PFTU	PJQS
PG6A	PG6A
PBJ6	PBJ6
PBJ6	P546
PBJ6	P19O
PBJ6	PH1T
PBJ6	PKVQ
PBJ6	P95J
PBK2	PBK2
PBK2	P552
PBK2	P1AK
PBK2	PH0X
PBK2	PKUU
PBK2	P94N
PBKY	PBKY
PBKY	P55Y
PBKY	P1BH
PBKY	PH01
PBKY	PKTX
PBKY	P93S
PBLU	PBLU
PBLU	P56U
PBLU	P1CD
PBLU	PGZ6
PBLU	PKT1
PBLU	P92X
PBMQ	PBMQ
PBMQ	P57Q
PBMQ	P1D5
PBMQ	PGYE
PBMQ	PKS9
PBMQ	P925
PBOI	PBOI
PBOI	P59H
PBOI	P90L
PBOI	P1EU
PBOI	PGWO
PBOI	PKQJ
PBPE	PBPE
PBPE	P5AD
PBPE	P1FQ
PBPE	P8ZQ
PBPE	PKPA
PBPE	PGVQ
PBR6	PBR6
PBR6	P5C6
PBR6	P8YU
PBR6	P1GO
PBR6	PGUJ
PBR6	PKOE
PBS2	PBS2
PBS2	P8XX
PBS2	P5D2
PBS2	P1HK
PBS2	PKNF
PBS2	PGTO
PBVM	PBVM
PBVM	PGPT
PBVM	P8UA
PBVM	P5GL
PBVM	P1JD
PBVM	PKLO
PBWI	PBWI
PBWI	PGP0
PBWI	P5HH
PBWI	P8TH
PBWI	P1K9
PBWI	PKKV
PBXE	PBXE
PBXE	P8SI
PBXE	P5ID
PBXE	PGO5
PBXE	P1L9
PBZ6	PBZ6
PBZ6	PB7N
PBZ6	PF5W
PBZ6	PEQT
PBZ6	P4YW
PBZ6	P4H5
PBZ6	P4SP
PBZ6	P5KA
PBZ6	PBFU
PBZ6	PB9N
PBZ6	P50U
PBZ6	PEZ5
PBZ6	PFAP
PBZ6	P4NW
PBZ6	P48T
PC1U	PC1U
PC1U	P5MY
PC1U	P8QD
PC1U	PGM0
PC1U	P1NE
PC1U	PKHS
PC2Q	PC2Q
PC2Q	P5NU
PC2Q	P8PG
PC2Q	PGL4
PC2Q	P1OB
PC2Q	PKGW
PC4I	PC4I
PC4I	P5PL
PC4I	PGJ9
PC4I	P8NQ
PC4I	P1Q3
PC4I	PKF4
PC5E	PC5E
PC5E	P5QH
PC5E	PGIB
PC5E	P8MT
PC5E	PKE3
PC5E	P1R4
PC82	PC82
PC82	P1TX
PC82	P8IT
PC82	P5T5
PC82	PKBG
PC82	PGFX
PC8Y	PC8Y
PC8Y	P8HZ
PC8Y	P5U1
PC8Y	P1V3
PC8Y	PKAJ
PC8Y	PGF1
PC9U	PC9U
PC9U	P5UX
PC9U	P1VZ
PC9U	PGE3
PC9U	PK9N
PCAQ	PCAQ
PCAQ	P5VT
PCAQ	P1WV
PCAQ	P8GG
PCAQ	PGD4
PCAQ	PK8R
PCBM	PCBM
PCBM	P5WP
PCBM	P1XN
PCBM	PGCC
PCBM	PK7Z
PCCI	PCCI
PCCI	P5XL
PCCI	P1YI
PCCI	P8EZ
PCCI	PGBG
PCCI	PK73
PCDE	PCDE
PCDE	P5YH
PCDE	P1ZF
PCDE	P8DX
PCDE	PGAJ
PCDE	PK66
PCF6	PCF6
PCF6	P210
PCF6	PK4N
PCF6	PG94
PCF6	P609
PCF6	P8BH
PCG2	PCG2
PCG2	P21W
PCG2	PG88
PCG2	P615
PCG2	PK3T
PCG2	P8AK
PCGY	PCGY
PCGY	PG78
PCGY	P22U
PCGY	PK2V
PCGY	P621
PCGY	P89H
PCIQ	PCIQ
PCIQ	P63T
PCIQ	PG5L
PCIQ	PK18
PCIQ	P24G
PCIQ	P880
PCJM	PCJM
PCJM	P86C
PCJM	PG4K
PCJM	P64P
PCJM	PK0C
PCJM	P25C
PCKI	PCKI
PCKI	P65L
PCKI	PJZE
PCKI	PJZF
PCLE	PCLE
PCLE	P66H
PCLE	P85L
PCLE	P26L
PCLE	PJYQ
PCMA	PCMA
PCMA	P67D
PCMA	P84P
PCMA	P27I
PCMA	PJXT
PCMA	PG38
PCN6	PCN6
PCN6	P288
PCN6	P689
PCN6	P83V
PCN6	PG2E
PCN6	PJX3
PCOY	PCOY
PCOY	P2A1
PCOY	P6A1
PCOY	P81A
PCOY	PFYP
PCOY	PJVD
PCPU	PCPU
PCPU	P801
PCPU	P2AS
PCPU	PFXK
PCPU	P6AX
PCPU	PJUM
PCQQ	PCQQ
PCQQ	PFWO
PCQQ	P6BT
PCQQ	P2BU
PCQQ	PJTM
PCQQ	P7Z1
PCRM	PCRM
PCRM	PFVQ
PCRM	P6CP
PCRM	P2CQ
PCRM	PJSQ
PCRM	P7Y8
PCTE	PCTE
PCTE	P73X
PCUA	PCUA
PCUA	P7XG
PCUA	PFUS
PCUA	P2DO
PCUA	P6DU
PCUA	PJRQ
PCV6	PCV6
PCV6	P7WK
PCV6	PFTW
PCV6	P2EK
PCV6	P6EQ
PCV6	PJQU
PCW2	PCW2
PCW2	PFT0
PCW2	P7VP
PCW2	PJPT
PCW2	P6FM
PCW2	P2FN
PCWY	PCWY
PCWY	PFS3
PCWY	P7UU
PCWY	PJOX
PCWY	P6GI
PCWY	P2GJ
PCXU	PCXU
PCXU	PJO1
PCXU	P6HE
PCXU	P2HF
PCXU	PFR0
PCXU	P7TR
PCYQ	PCYQ
PCYQ	P6IA
PCYQ	PFQ4
PD0I	PD0I
PD0I	P2KO
PD0I	P7QN
PD0I	P6K2
PD0I	PFO8
PD0I	PJKR
PD36	PD36
PD36	P2MN
PD36	P6MQ
PD36	PFMB
PD36	PJIT
PD36	P7OA
PD4Y	PD4Y
PD4Y	P2O6
PD4Y	PFKK
PD4Y	PJH2
PD4Y	P6ON
PD4Y	P7MK
PD5U	PD5U
PD5U	PFJP
PD5U	P6PJ
PD5U	PJGC
PD5U	P2OV
PD5U	P7LS
PD6Q	PD6Q
PD6Q	P2Q2
PD6Q	PJF5
PD6Q	P6QF
PDAA	PDAA
PDAA	PJCZ
PDAA	PFET
PDAA	P7IH
PDAA	P2S4
PDAA	P6TZ
PDB6	PDB6
PDB6	PMOJ
PDB6	P2T3
PDB6	P6UV
PDB6	PB4N
PDB6	PIWO
PDC2	PDC2
PDC2	P2TV
PDC2	PMNQ
PDC2	P6VR
PDC2	PB3V
PDC2	PIVW
PDCY	PDCY
PDCY	P2UR
PDCY	P6WN
PDCY	PMMV
PDCY	PB30
PDCY	PIV1
PDDU	PDDU
PDDU	P2VN
PDDU	P6XJ
PDDU	PMLZ
PDDU	PIU5
PDDU	PB26
PDEQ	PDEQ
PDEQ	PB0N
PDEQ	PISR
PDEQ	P2WH
PDEQ	P6YF
PDEQ	PML5
PDFM	PDFM
PDFM	PIRV
PDFM	P2XD
PDFM	P6ZB
PDFM	PMK9
PDGI	PDGI
PDGI	P2Y6
PDGI	PAZ3
PDGI	PIR3
PDGI	P707
PDGI	PMJG
PDHE	PDHE
PDHE	P2YZ
PDHE	PAYB
PDHE	PIQB
PDHE	P713
PDHE	PMIO
PDIA	PDIA
PDIA	PMHX
PDIA	P2ZQ
PDIA	PIPE
PDIA	PAXF
PDIA	P71Z
PDJ6	PDJ6
PDJ6	P30L
PDJ6	PMH2
PDJ6	PAWI
PDJ6	PIOJ
PDJ6	P72V
PDK2	PDK2
PDK2	PMGC
PDK2	P759
PDK2	PAVJ
PDK2	PINN
PDK2	P31B
PDKY	PDKY
PDKY	PAUA
PDKY	P32B
PDKY	PMFC
PDKY	P765
PDKY	PIM6
PDOI	PDOI
PDOI	P35W
PDOI	PMBR
PDOI	P79P
PDOI	PAQI
PDOI	PIIO
PDPE	PDPE
PDPE	P36R
PDPE	PMAW
PDPE	P7AL
PDPE	PAPE
PDPE	PIHN
PDQA	PDQA
PDQA	P37N
PDQA	PM9Z
PDQA	P7BH
PDQA	PIGQ
PDR6	PDR6
PDR6	P7CD
PDR6	PIFR
PDS2	PDS2
PDS2	P7D9
PDS2	PIEV
PDSY	PDSY
PDSY	PM6F
PDSY	PAIX
PDSY	P7E5
PDSY	P3AX
PDSY	PIE5
PDTU	PDTU
PDTU	PAHZ
PDTU	PM5K
PDTU	P7F1
PDTU	P3BT
PDTU	PID7
PHYO	PHYO
PI5S	PI5S
PI5S	P3KI
PI5S	PAAG
PI5S	PE2I
PI5S	P7W
PINK	PINK
PIXC	PIXC
PIXC	PMWN
PJ5C	PJ5C
PJ80	PJ80
PJ8W	PJ8W
PJ9S	PJ9S
PJAO	PJAO
PJBK	PJBK
PJDC	PJDC
PJDC	PMP6
PJE8	PJE8
PK28	PK28
PK28	P892
PK28	PG6M
PK28	PCHL
PK28	P23G
PK28	P62O
PK40	PK40
PK40	P60X
PK40	P8AR
PK40	PG8F
PK40	PCFU
PK40	P21P
PK4W	PK4W
PK4W	P8BS
PK4W	PG9F
PK4W	PCEV
PK4W	P20R
PK4W	P5ZY
PK5S	PK5S
PK6O	PK6O
PK6O	P8EK
PK6O	PGB1
PK6O	PCCX
PK6O	P5Y0
PK6O	P1YX
PK7K	PK7K
PK7K	P8FG
PK7K	PGBY
PK7K	PCC1
PK7K	P5X4
PK7K	P1Y1
PK8G	PK8G
PK8G	P8G5
PK8G	PGCT
PK8G	PCB5
PK8G	P5W8
PK8G	P1X6
PKGG	PKGG
PKGG	P8P0
PKGG	PGKO
PKGG	P1OR
PKK0	PKK0
PKZ4	PKZ4
PKZ4	P11I
PKZ4	P169
PKZ4	PL3U
PKZ4	PH8B
PL3K	PL3K
PL3K	P11S
PL68	PL68
PL68	PYR
PL9S	PL9S
PLDC	PLDC
PLDC	P9R8
PLDC	P4A4
PLDC	PES4
PLDC	PHJP
PLDC	PRI
PLE8	PLE8
PLE8	P46U
PLE8	PEOU
PLE8	PQN
PLG0	PLG0
PLG0	PHM3
PLG0	P9TF
PLG0	P43B
PLG0	POV
PLG0	PELC
PLHS	PLHS
PLHS	P41G
PLHS	PHP1
PLHS	P9VA
PLHS	P9VB
PLHS	PEJH
PLHS	PN4
PLIO	PLIO
PLIO	P9WR
PLIO	PLJG
PLOW	PLOW
PLOW	PA1U
PLOW	PHV3
PLOW	P3UD
PLOW	PHK
PLOW	PECE
PLPS	PLPS
PLPS	P3TJ
PLPS	PGP
PLPS	PEBK
PLQO	PLQO
PLQO	PEAP
PLQO	PHWP
PLQO	P3SO
PLQO	PFT
PLQO	PA3H
PM9C	PM9C
PMQ8	PMQ8
PMR4	PMR4
PMS0	PMS0
P5T	P5T
P5T	PLZJ
P5T	PI72
P6P	P6P
P6P	P20C
P7L	P7L
PHD	PHD
PHD	PA21
PHD	P3U6
PHD	PHVA
PHD	PEC7
PHD	PLP3
PK1	PK1
PK1	PHSC
PK1	P3WZ
PK1	P9ZP
PK1	PLMF
PK1	PEF0
PS1	PS1
PS1	PHJ9
PS1	P4DW
PS1	P9P5
PS1	PEVW
PS1	PLCV
PSX	PSX
PSX	PHID
PSX	P4ES
PSX	P9O9
PSX	PEWS
PSX	PLBZ
PTT	PTT
PTT	PHHF
PTT	P4FO
PTT	P9ND
PTT	PEXO
PTT	PLB3
P11T	P11T
P11T	PL3J
P13L	P13L
P13L	PH6V
P13L	PL1V
P13L	PBDG
P13L	P9B1
P13L	P4V3
P1HT	P1HT
P1HT	P5D9
P1HT	PBS9
P1JL	P1JL
P1SH	P1SH
P1SH	P8DD
P1SH	PVB
P1SH	PE1L
P1SH	PHMT
P1SH	P9VT
P1SH	P3JL
P241	P241
P241	P88F
P241	PCIA
P241	PG60
P241	P63D
P241	PK1N
P24X	P24X
P24X	P86R
P24X	PCJ7
P24X	PG4Z
P24X	P64A
P24X	PK0R
P25T	P25T
P25T	PCK3
P25T	P656
P25T	PJZV
P2TT	P2TT
P2TT	P6VP
P2TT	PMNS
P2TT	PB3X
P2TT	PIVY
P2TT	PDC0
P2UP	P2UP
P2UP	P6WL
P2UP	PMMX
P2UP	PB32
P2UP	PIV3
P2UP	PDCW
P2VL	P2VL
P2VL	P6XH
P2VL	PMM1
P2VL	PIU7
P2VL	PB28
P2VL	PDDS
P33L	P33L
P33L	PASS
P33L	PDM9
P33L	PIKX
P33L	PME2
P33L	P77G
P34H	P34H
P34H	PARX
P34H	PDN5
P34H	PIK2
P34H	PMD6
P34H	P78C
P381	P381
P381	PAO5
P38X	P38X
P3DD	P3DD
P3DD	PIBN
P3DD	PAGI
P3DD	PDVD
P3IP	P3IP
P3IP	PLZ6
P3IP	PI6H
P3IP	P5V
P3IP	PAB7
P3IP	PE0P
P3KH	P3KH
P3KH	PE2H
P3KH	P7V
P3LD	P3LD
P3LD	PE3D
P3LD	PA9O
P3QP	P3QP
P3QP	PI0A
P3QP	PA52
P3QP	PE8P
P3QP	PDA
P3QP	PLSV
P3SH	P3SH
P3SH	PA3O
P3SH	PHWW
P3SH	PFM
P3SH	PLQV
P3SH	PEAI
P3TD	P3TD
P3TD	PA2S
P3TD	PHW1
P3TD	PGJ
P3TD	PLPY
P3TD	PEBE
P3U9	P3U9
P3U9	PA1Y
P3U9	PHV7
P3U9	PHG
P3U9	PLP0
P3U9	PECA
P3V5	P3V5
P3V5	PA1A
P3V5	PIB
P3V5	PHUB
P3V5	PLO6
P3V5	PED6
P3XT	P3XT
P3XT	PKCK
P3XT	P8JX
P3XT	PGQB
P3XT	PEFU
P41D	P41D
P41D	PLHV
P41D	PHP4
P41D	P9VE
P41D	PEJE
P41D	PN1
P429	P429
P429	PNR
P429	PLH5
P429	PEKA
P429	PHOC
P429	P9UN
P435	P435
P435	PHM9
P435	PLG6
P435	POP
P435	P9TL
P435	PEL6
P46P	P46P
P46P	PHKH
P46P	PLEE
P46P	PQH
P46P	PEOP
P46P	P9S0
P47L	P47L
P47L	PGQE
P47L	PEPL
P4DT	P4DT
P4DT	PG0M
P4DT	PEVT
P4DT	P9P8
P4DT	PM7V
P4DT	PAKW
P4DT	P6SC
P4DT	PD8N
P4DT	P6SD
P4DT	PD8O
P4K1	P4K1
P4K1	PKZ0
P4K1	PF21
P4K1	P9KV
P4LT	P4LT
P4LT	PHDU
P4LT	P9HL
P4LT	PL87
P4LT	PF3T
P4LT	PWT
P4PD	P4PD
P4PD	P9EB
P4PD	PL6D
P4PD	PF7D
P4PD	PYM
P4PD	PHC0
P4Q9	P4Q9
P4Q9	PF89
P4Q9	PL5L
P4Q9	PZE
P4Q9	PHB4
P4TT	P4TT
P4TT	PBEQ
P501	P501
P501	PB8I
P5BL	P5BL
P5BL	PBQM
P5E9	P5E9
P5E9	PBT9
P5GX	P5GX
P5GX	PBVY
P5IP	P5IP
P5IP	PBXQ
P5KH	P5KH
P5KH	PBZD
P5LD	P5LD
P5LD	PC09
P5U9	P5U9
P5U9	PC96
P5W1	P5W1
P5W1	PCAY
P5ZL	P5ZL
P5ZL	PCEI
P65T	P65T
P65T	PCKQ
P6FL	P6FL
P6FL	PCW1
P72P	P72P
P72P	PMH8
P72P	PAWO
P72P	PIOP
P72P	PDJ0
P72P	P30F
P73L	P73L
P74H	P74H
P74H	PCST
P775	P775
P775	PDLY
P7OX	P7OX
P7PT	P7PT
P87L	P87L
P8CX	P8CX
P8K1	P8K1
P8KX	P8KX
P8S1	P8S1
P8S1	PBXW
P8S1	PGNP
P8S1	PGNQ
P8S1	P5IV
P8S1	P1LO
P8S1	PKJJ
P8VL	P8VL
P8VL	PGSO
P8WH	P8WH
P8XD	P8XD
P9HT	P9HT
P9JL	P9JL
P9KH	P9KH
P9PT	P9PT
P9QP	P9QP
P9W1	P9W1
PAEP	PAEP
PAHD	PAHD
PAHD	PICL
PAJ5	PAJ5
PAK1	PAK1
PALT	PALT
PAMP	PAMP
PANL	PANL
PAOH	PAOH
PAUP	PAUP
PB69	PB69
PB8X	PB8X
PB8X	P4ZM
PBG1	PBG1
PBG1	P511
PBG1	PBTI
PBG1	P5EI
PBRL	PBRL
PBRL	P5CL
PBRL	P8YE
PBRL	P1H3
PBRL	PKNW
PBRL	PGU5
PBSH	PBSH
PBSH	P5DH
PBSH	P1I1
PBSH	PKN0
PBU9	PBU9
PBU9	P8X0
PBU9	P5F9
PBU9	PKMV
PBU9	PGT4
PBU9	P1I6
PBV5	PBV5
PBV5	PGS2
PBV5	P8UR
PBV5	P5G4
PBV5	P1IU
PBV5	PKM5
PBW1	PBW1
PBW1	P5H0
PBW1	PKLC
PBXT	PBXT
PBXT	PKJM
PBXT	P5IS
PBXT	P8S5
PBXT	P1LL
PBXT	PGNT
PC1D	PC1D
PC1D	P8QT
PC1D	P1MX
PC1D	PGMH
PC1D	PKIA
PC1D	P5MH
PCFL	PCFL
PCFL	P8AZ
PCFL	P21G
PCFL	P60O
PCFL	PK48
PCFL	PG8P
PCGH	PCGH
PCGH	P8A4
PCGH	P22B
PCGH	P61K
PCGH	PG7S
PCGH	PK3E
PCI9	PCI9
PCI9	P240
PCI9	P88G
PCI9	P63C
PCI9	PG61
PCI9	PK1O
PCKX	PCKX
PCKX	PJZ9
PCKX	P660
PCSX	PCSX
PCSX	P74D
PD2P	PD2P
PD2P	P6M9
PD4H	PD4H
PD8X	PD8X
PD8X	P6SM
PD9T	PD9T
PD9T	P6TI
PDKH	PDKH
PDKH	PIMN
PDKH	P31S
PDKH	P31T
PDKH	PMFU
PDKH	PMFV
PDKH	P75O
PDLD	PDLD
PDLD	PILS
PDLD	PATT
PDLD	P32Q
PDLD	PMEX
PDLD	P76K
PDO1	PDO1
PDO1	PAQZ
PDO1	PIJ5
PDO1	P35F
PDO1	PMC8
PDO1	P798
PDOX	PDOX
PDOX	PAQ3
PDOX	PII9
PDOX	P36B
PDOX	PMBC
PDOX	P7A4
PDPT	PDPT
PDPT	PAP2
PDPT	PIH9
PDPT	P376
PDPT	PMAH
PDPT	P7B0
PDXT	PDXT
PDXT	P3FT
PE1D	PE1D
PE1D	P3JD
PE29	PE29
PE29	P3K9
PE41	PE41
PE41	PA94
PE41	P3M1
PE5T	PE5T
PE5T	P3NT
PEGH	PEGH
PEGH	P3YG
PER5	PER5
PER5	P495
PESX	PESX
PESX	P4AX
PETT	PETT
PETT	P4BT
PEUP	PEUP
PEUP	P4CP
PF01	PF01
PF01	P4I1
PF5D	PF5D
PF5D	P4ND
PFDD	PFDD
PFDD	P7FS
PFF5	PFF5
PFG1	PFG1
PFGX	PFGX
PFZL	PFZL
PFZL	P826
PFZL	PJWB
PG0H	PG0H
PG0H	P833
PG1D	PG1D
PG35	PG35
PG35	P84M
PG35	PJXQ
PG35	P27L
PG35	P67F
PG35	PCMC
PGA9	PGA9
PGA9	P8DN
PGA9	PCDO
PGA9	P5YR
PGA9	PK5W
PGA9	P1ZP
PGEP	PGEP
PGHD	PGHD
PGQ9	PGQ9
PH81	PH81
PH8X	PH8X
PHE9	PHE9
PHN5	PHN5
PHYP	PHYP
PI9D	PI9D
PINL	PINL
PIY9	PIY9
PJ4H	PJ4H
PJ5D	PJ5D
PJ81	PJ81
PJ81	PB7M
PJ8X	PJ8X
PJ9T	PJ9T
PJAP	PJAP
PJBL	PJBL
PJE9	PJE9
PJE9	P2QZ
PJN5	PJN5
PJN5	P2IB
PJN5	P7SV
PJW1	PJW1
PJW1	P81W
PJW1	PFZB
PJW1	P29D
PK29	PK29
PK29	P893
PK29	PG6N
PK29	PCHK
PK29	P23F
PK29	P62N
PK41	PK41
PK41	P8AS
PK41	PG8G
PK41	PCFT
PK41	P21O
PK41	P60W
PK4X	PK4X
PK4X	P8BT
PK4X	PG9G
PK4X	PCEU
PK4X	P20Q
PK4X	P5ZX
PK5T	PK5T
PKB5	PKB5
PKB5	P1U8
PKGH	PKGH
PKGH	P8P1
PKGH	PGKP
PKGH	P1OQ
PKK1	PKK1
PKOH	PKOH
PKOH	P5C2
PKOH	P5C3
PKOH	P1GL
PKOH	P8YX
PKOH	PGUM
PKOH	PBR3
PL9T	PL9T
PLE9	PLE9
PLE9	P46T
PLE9	PEOT
PLE9	PQM
PLF5	PLF5
PLF5	PHL8
PLF5	P447
PLF5	P9SR
PLF5	PPQ
PLF5	PEM8
PLG1	PLG1
PLG1	PHM4
PLG1	P9TG
PLG1	P43A
PLG1	POU
PLG1	PELB
PLHT	PLHT
PLHT	P41F
PLHT	PHP2
PLHT	P9VC
PLHT	PEJG
PLHT	PN3
PLIP	PLIP
PLIP	PLJH
PLO1	PLO1
PLO1	PHU7
PLO1	P3V9
PLO1	P3VA
PLO1	PIG
PLO1	PEDA
PLO1	PEDB
PLO1	PA0W
PLOX	PLOX
PLOX	PA1V
PLOX	PHV4
PLOX	P3UC
PLOX	PHJ
PLOX	PECD
PLPT	PLPT
PLPT	PHVW
PLPT	P3TI
PLPT	PGO
PLPT	PA2N
PLPT	PEBJ
PLQP	PLQP
PLQP	PHWQ
PLQP	P3SN
PLQP	PFS
PLQP	PA3I
PLQP	PEAO
PLWX	PLWX
PLWX	P91
PM9D	PM9D
PMR5	PMR5
PMS1	PMS1
PMUP	PMUP
P6Q	P6Q
P7M	P7M
PK2	PK2
PK2	PHSB
PK2	P3X0
PK2	P9ZO
PK2	PLME
PK2	PEF1
PS2	PS2
PS2	PHJ8
PS2	P4DX
PS2	P9P4
PS2	PEVX
PS2	PLCU
PSY	PSY
PSY	PHIC
PSY	P4ET
PSY	P9O8
PSY	PEWT
PSY	PLBY
PTU	PTU
PTU	PHHE
PTU	P4FP
PTU	P9NC
PTU	PEXP
PTU	PLB2
P11U	P11U
P11U	PL3I
P13M	P13M
P13M	PH6U
P13M	PL1U
P13M	PBDF
P13M	P4V4
P15E	P15E
P15E	PH50
P15E	P4X3
P15E	PBBG
P15E	PL01
P1JM	P1JM
P1SI	P1SI
P236	P236
P236	PG6W
P236	PK2I
P242	P242
P242	P88E
P242	PCIB
P242	PG5Z
P242	P63E
P242	PK1M
P24Y	P24Y
P24Y	P86Q
P24Y	PG4Y
P24Y	PCJ8
P24Y	PK0Q
P24Y	P64B
P29E	P29E
P29E	P81V
P29E	PFZA
P29E	PJW0
P31U	P31U
P31U	PIMM
P31U	PDKI
P31U	PMFT
P31U	P75P
P31U	PAV4
P33M	P33M
P33M	PASR
P33M	PIKW
P33M	PDMA
P33M	PME1
P33M	P77H
P34I	P34I
P34I	PARW
P34I	PIK1
P34I	PDN6
P34I	PMD5
P34I	P78D
P382	P382
P382	PAO4
P38Y	P38Y
P3SI	P3SI
P3SI	PA3N
P3SI	PHWV
P3SI	PFN
P3SI	PLQU
P3SI	PEAJ
P3TE	P3TE
P3TE	PGK
P3TE	PLPX
P3TE	PEBF
P3UA	P3UA
P3UA	PA1X
P3UA	PHV6
P3UA	PLOZ
P3UA	PHH
P3UA	PECB
P3V6	P3V6
P3V6	PA19
P3V6	PHUA
P3V6	PIC
P3V6	PLO5
P3V6	PED7
P41E	P41E
P41E	PLHU
P41E	PHP3
P41E	P9VD
P41E	PEJF
P41E	PN2
P42A	P42A
P42A	PNS
P42A	PLH4
P42A	PEKB
P42A	PHOB
P42A	P9UM
P436	P436
P436	PHM8
P436	PLG5
P436	P9TK
P436	POQ
P436	PEL7
P442	P442
P442	PHLD
P442	PLFA
P442	PPL
P442	PEM3
P442	P9SW
P46Q	P46Q
P46Q	PHKG
P46Q	PLED
P46Q	PQI
P46Q	PEOQ
P46Q	P9RZ
P47M	P47M
P47M	PGQF
P47M	PEPM
P4FM	P4FM
P4FM	PLB5
P4FM	PHHH
P4FM	PTR
P4FM	PEXM
P4FM	P9NF
P4J6	P4J6
P4J6	PHYI
P4J6	PER
P4J6	PF16
P4LU	P4LU
P4LU	PHDT
P4LU	P9HK
P4LU	PL86
P4LU	PF3U
P4LU	PWU
P4PE	P4PE
P4PE	P9EA
P4PE	PL6C
P4PE	PF7E
P4PE	PYN
P4PE	PHBZ
P4QA	P4QA
P4QA	PL5K
P4QA	PF8A
P4QA	PZF
P4QA	PHB3
P4TU	P4TU
P4TU	PBEP
P502	P502
P502	PB8H
P5BM	P5BM
P5BM	PBQN
P5GY	P5GY
P5GY	PBVZ
P5HU	P5HU
P5HU	PKKL
P5HU	PBWV
P5HU	P1KJ
P5HU	P8T5
P5HU	PGOQ
P5LE	P5LE
P5LE	PC0A
P5W2	P5W2
P5W2	PCAZ
P5ZM	P5ZM
P5ZM	PCEJ
P65U	P65U
P65U	PCKR
P6R6	P6R6
P6R6	P2QR
P6R6	P7K3
P6R6	PFHL
P6R6	PJEH
P6R6	PD7H
P6XE	P6XE
P6XE	PIUA
P6XE	PB2B
P6XE	P2VI
P6XE	PMM4
P6XE	PDDP
P71U	P71U
P71U	P2ZL
P71U	PMI2
P71U	PIPJ
P71U	PAXK
P71U	PDI5
P73M	P73M
P73M	PCTP
P74I	P74I
P74I	PCSS
P776	P776
P776	PDLZ
P7DE	P7DE
P7DE	PDS7
P7DE	PM6X
P7DE	PIEP
P7DE	P3A6
P7DE	PAJK
P7G2	P7G2
P7G2	PFDN
P7G2	PJ6L
P7HU	P7HU
P7HU	PFE2
P7OY	P7OY
P7PU	P7PU
P87M	P87M
P8C2	P8C2
P8CY	P8CY
P8K2	P8K2
P8LU	P8LU
P8LU	PGHA
P8VM	P8VM
P8VM	PGSP
P8WI	P8WI
P8XE	P8XE
P9AQ	P9AQ
P9CI	P9CI
P9F6	P9F6
P9F6	PBSY
P9F6	PEO4
P9F6	P5DY
P9F6	PBYU
P9F6	P4YH
P9F6	PBA2
P9F6	P5JV
P9F6	P464
P9JM	P9JM
P9KI	P9KI
P9LE	P9LE
P9PU	P9PU
P9PU	PCO0
P9PU	P693
P9W2	P9W2
PAEQ	PAEQ
PAHE	PAHE
PAHE	PICM
PAJ6	PAJ6
PAK2	PAK2
PALU	PALU
PAMQ	PAMQ
PANM	PANM
PAOI	PAOI
PAUQ	PAUQ
PB6A	PB6A
PBPU	PBPU
PBPU	PGVB
PBPU	P5AT
PBPU	P1G7
PBPU	P8ZB
PBPU	PKOV
PBRM	PBRM
PBRM	P8YD
PBRM	P5CM
PBRM	P1H4
PBRM	PKNV
PBRM	PGU4
PBUA	PBUA
PBUA	P8WZ
PBUA	P5FA
PBUA	PKMU
PBUA	PGT3
PBUA	P1I7
PBV6	PBV6
PBV6	PGS1
PBV6	P8UQ
PBV6	P5G5
PBV6	P1IV
PBV6	PKM4
PBW2	PBW2
PBW2	PGPG
PBW2	P5H1
PBW2	P8TX
PBW2	P1JT
PBW2	PKLB
PBXU	PBXU
PBXU	P5IT
PBXU	PGNS
PC6Q	PC6Q
PC6Q	P5RT
PC6Q	PFGG
PCEQ	PCEQ
PCEQ	P8BX
PCEQ	PK51
PCEQ	P20M
PCEQ	PG9K
PCEQ	P5ZT
PCFM	PCFM
PCFM	P8AY
PCFM	P21H
PCFM	PK47
PCFM	PG8O
PCFM	P60P
PCGI	PCGI
PCGI	P8A3
PCGI	P22C
PCGI	PG7R
PCGI	P61L
PCGI	PK3D
PCS2	PCS2
PCS2	PJSB
PCS2	PFV9
PCS2	P2D5
PCS2	P6D5
PD2Q	PD2Q
PD2Q	P6MA
PD8Y	PD8Y
PD8Y	P6SN
PD9U	PD9U
PD9U	P6TJ
PDLE	PDLE
PDLE	PILR
PDLE	PATS
PDLE	P32R
PDLE	PMEW
PDLE	P76L
PDO2	PDO2
PDO2	PAQY
PDO2	PIJ4
PDO2	P35G
PDO2	PMC7
PDO2	P799
PDOY	PDOY
PDOY	PAQ2
PDOY	PII8
PDOY	P36C
PDOY	PMBB
PDOY	P7A5
PDPU	PDPU
PDPU	PAP1
PDPU	PIH8
PDPU	P377
PDPU	PMAG
PDPU	P7B1
PDXU	PDXU
PDXU	P3FU
PE1E	PE1E
PE1E	P3JE
PE2A	PE2A
PE2A	P3KA
PE42	PE42
PE42	PA93
PE42	P3M2
PE5U	PE5U
PE5U	P3NU
PEGI	PEGI
PEGI	P3YH
PEOI	PEOI
PEOI	P46I
PEPE	PEPE
PEPE	P47E
PER6	PER6
PER6	P496
PESY	PESY
PESY	P4AY
PETU	PETU
PETU	P4BU
PEUQ	PEUQ
PEUQ	P4CQ
PEYA	PEYA
PEYA	P4GA
PF02	PF02
PF02	P4I2
PF2Q	PF2Q
PF2Q	P4KQ
PFBM	PFBM
PFBM	PB5T
PFBM	PJ6W
PFBM	P7GE
PFDE	PFDE
PFDE	P7FT
PFF6	PFF6
PFG2	PFG2
PFIQ	PFIQ
PG0I	PG0I
PG0I	P834
PG1E	PG1E
PGHE	PGHE
PGQA	PGQA
PGR6	PGR6
PGR6	P8KP
PH5E	PH5E
PH5E	P150
PH5E	P99V
PH5E	P4WO
PH5E	PBBV
PH5E	PL0E
PH8Y	PH8Y
PHEA	PHEA
PHN6	PHN6
PHXU	PHXU
PHXU	P4JQ
PHXU	PF1Q
PHXU	PB9Y
PHXU	P4YL
PHYQ	PHYQ
PIFM	PIFM
PINM	PINM
PISY	PISY
PISY	PB0U
PJ4I	PJ4I
PJ4I	PAAJ
PJ5E	PJ5E
PJ6A	PJ6A
PJ82	PJ82
PJ82	PB7L
PJ8Y	PJ8Y
PJ9U	PJ9U
PJAQ	PJAQ
PJBM	PJBM
PJEA	PJEA
PJEA	P2QY
PJPU	PJPU
PJPU	P2FM
PJPU	PFT1
PJW2	PJW2
PJW2	P81X
PJW2	PFZC
PJW2	P29C
PK2A	PK2A
PK2A	P894
PK2A	PG6O
PK2A	PCHJ
PK2A	P23E
PK2A	P62M
PK36	PK36
PK36	P89V
PK36	PG7J
PK36	PCGP
PK36	P22J
PK36	P61S
PK42	PK42
PK42	P8AT
PK42	PG8H
PK42	PCFS
PK42	P21N
PK42	P60V
PK4Y	PK4Y
PK4Y	P8BU
PK4Y	PCET
PK4Y	PG9H
PK4Y	P20P
PK4Y	P5ZW
PKK2	PKK2
PL9U	PL9U
PLEA	PLEA
PLEA	P46S
PLEA	PEOS
PLEA	PQL
PLF6	PLF6
PLF6	PHL9
PLF6	P446
PLF6	P9SS
PLF6	PPP
PLF6	PEM7
PLIQ	PLIQ
PLIQ	PLJI
PLO2	PLO2
PLO2	PA0X
PLO2	PHU8
PLO2	P3V8
PLO2	PIF
PLO2	PED9
PLOY	PLOY
PLOY	PA1W
PLOY	PHV5
PLOY	P3UB
PLOY	PHI
PLOY	PECC
PLPU	PLPU
PLPU	PHVX
PLPU	P3TH
PLPU	PGN
PLPU	PEBI
PLPU	PA2O
PLQQ	PLQQ
PLQQ	PHWR
PLQQ	P3SM
PLQQ	PFR
PLQQ	PA3J
PLQQ	PEAN
PM8I	PM8I
PM9E	PM9E
PMB6	PMB6
PMB6	P7AA
PMB6	PII3
PMB6	PDP3
PMB6	P36H
PMS2	PMS2
PMSY	PMSY
PMSY	PB60
PMSY	PJ3T
PMSY	PMSF
PMXE	PMXE
PMXE	PJ3M
PMYA	PMYA
PMYA	PJ2Q
PN02	PN02
PN02	PJ0Y
P6R	P6R
P7N	P7N
PS3	PS3
PS3	PHJ7
PS3	P4DY
PS3	P9P3
PS3	PLCT
PS3	PEVY
PSZ	PSZ
PSZ	PHIB
PSZ	P4EU
PSZ	P9O7
PSZ	PLBX
PSZ	PEWU
PTV	PTV
PTV	PHHD
PTV	P4FQ
PTV	P9NB
PTV	PLB1
PTV	PEXQ
P11V	P11V
P11V	PL3H
P1GZ	P1GZ
P1JN	P1JN
P1SJ	P1SJ
P237	P237
P237	PG6V
P237	PK2H
P243	P243
P243	P88D
P243	PCIC
P243	PG5Y
P243	PK1L
P243	P63F
P24Z	P24Z
P24Z	P86P
P24Z	PG4X
P24Z	PCJ9
P24Z	PK0P
P24Z	P64C
P25V	P25V
P25V	PCK5
P25V	PJZT
P25V	P658
P2AB	P2AB
P2AB	PJV3
P2MR	P2MR
P2MR	PFII
P2MR	PJIP
P31V	P31V
P31V	PIML
P31V	PDKJ
P31V	PMFS
P31V	P75Q
P31V	PAV3
P33N	P33N
P33N	PASQ
P33N	PIKV
P33N	PDMB
P33N	PME0
P33N	P77I
P34J	P34J
P34J	PARV
P34J	PIK0
P34J	PDN7
P34J	PMD4
P34J	P78E
P383	P383
P383	PAO3
P38Z	P38Z
P3CJ	P3CJ
P3CJ	PM4V
P3CJ	PDUJ
P3CJ	PICG
P3DF	P3DF
P3DF	PIBL
P3DF	P1B
P3DF	PAGG
P3DF	PM40
P3DF	PDVF
P3IR	P3IR
P3IR	PI6F
P3IR	PAB5
P3IR	P5X
P3IR	PE0R
P3IR	PLZ4
P3KJ	P3KJ
P3KJ	PI5R
P3KJ	PAAF
P3KJ	PLY0
P3KJ	PE2J
P3KJ	P7X
P3MB	P3MB
P3MB	P94
P3MB	PLWU
P3MB	PE4B
P3MB	PA8T
P3MB	PI4F
P3QR	P3QR
P3QR	PI08
P3QR	PA50
P3QR	PE8R
P3RN	P3RN
P3RN	PHZG
P3RN	PA48
P3RN	PE9N
P3RN	PE5
P3RN	PLS0
P3TF	P3TF
P3TF	PA2Q
P3TF	PHVZ
P3TF	PLPW
P3TF	PGL
P3TF	PEBG
P3V7	P3V7
P3V7	PA18
P3V7	PHU9
P3V7	PLO4
P3V7	PID
P3V7	PED8
P3ZN	P3ZN
P3ZN	PLF
P3ZN	P9YB
P3ZN	PLL1
P3ZN	PHQX
P3ZN	PEHO
P42B	P42B
P42B	PLH3
P42B	PNT
P42B	PHOA
P42B	PEKC
P42B	P9UL
P437	P437
P437	PHM7
P437	PLG4
P437	P9TJ
P437	POR
P437	PEL8
P443	P443
P443	PHLC
P443	PLF9
P443	PPM
P443	PEM4
P443	P9SV
P46R	P46R
P46R	PHKE
P46R	PLEB
P46R	PEOR
P46R	PQK
P46R	P9RX
P4CZ	P4CZ
P4CZ	PEUZ
P4CZ	PAM6
P4J7	P4J7
P4J7	PHYF
P4J7	PEU
P4J7	PF17
P4LV	P4LV
P4LV	P9HJ
P4LV	PL85
P4LV	PF3V
P4LV	PWV
P4LV	PHDS
P4PF	P4PF
P4PF	P9E9
P4PF	PL6B
P4PF	PF7F
P4PF	PHBY
P4PF	PYO
P4QB	P4QB
P4QB	PL5J
P4QB	PF8B
P4QB	PZG
P4QB	PHB2
P4R7	P4R7
P4R7	P108
P4R7	PL4P
P4R7	PF97
P4R7	P9CS
P4WJ	P4WJ
P4WJ	PL0J
P4WJ	PH5J
P4WJ	P9A0
P4WJ	P14V
P4WJ	PBC0
P577	P577
P577	PBM7
P577	PKSS
P577	PGYX
P577	P92O
P577	P1CM
P5BN	P5BN
P5BN	PBQO
P5IR	P5IR
P5IR	PBXS
P5IR	PKJN
P5IR	P8S6
P5IR	P1LK
P5IR	PKJO
P5IR	PGNU
P5LF	P5LF
P5LF	PC0B
P5RN	P5RN
P5RN	PC6K
P5RN	PGH3
P5W3	P5W3
P5W3	PCB0
P65V	P65V
P65V	PCKS
P6PF	P6PF
P6PF	P7LW
P6PF	PFJT
P6PF	P2OR
P6PF	PD5Q
P6PF	PJGG
P6R7	P6R7
P6R7	P7K2
P6R7	P2QS
P6R7	PFHK
P6R7	PJEG
P6R7	PD7I
P6S3	P6S3
P6S3	PFFP
P6S3	P2RQ
P6S3	PJDI
P6S3	PD8E
P6S3	P7J4
P6XF	P6XF
P6XF	PIU9
P6XF	PB2A
P6XF	P2VJ
P6XF	PMM3
P6XF	PDDQ
P73N	P73N
P73N	PCTO
P74J	P74J
P74J	PCSR
P777	P777
P777	PDM0
P7G3	P7G3
P7G3	PFDO
P7G3	PJ6M
P4NR	P4NR
P4NR	P9FP
P4NR	PF5R
P4S7	P4S7
P4S7	PH9G
P4S7	P116
P4S7	PFA7
P5BR	P5BR
P5BR	PBQS
P5DJ	P5DJ
P5DJ	PBSJ
P5LJ	P5LJ
P5LJ	PC0F
P5RR	P5RR
P5RR	PC6O
P5YV	P5YV
P5YV	PCDS
P62F	P62F
P62F	PCHC
P65Z	P65Z
P65Z	PCKW
P6RB	P6RB
P6RB	PD7M
P6T3	P6T3
P6T3	PD9E
PV3	PV3
PV3	PL9R
PV3	P8CB
P11B	P11B
P11B	PH8M
P127	P127
P127	PL35
P16N	P16N
P16N	PKYQ
P1J3	P1J3
P1J3	P8UK
P1Q7	P1Q7
P1Q7	P8NN
P1Q7	PKF0
P1Q7	PGJ5
P1RZ	P1RZ
P1RZ	PKD6
P1ZZ	P1ZZ
P2XR	P2XR
P2XR	PMJV
PDZY	PDZY
PDZY	P3HY
PE1Q	PE1Q
PE1Q	P3JQ
PEE6	PEE6
PEE6	P3W5
PEF2	PEF2
PEF2	P3X1
PEIM	PEIM
PEIM	PMC
PEIM	P9XG
PEIM	PLK4
PEIM	PHPV
PEIM	P40L
PEN2	PEN2
PEN2	P451
PERI	PERI
PERI	P49I
PEYM	PEYM
PEYM	P4GM
PF0E	PF0E
PF0E	P4IE
PF26	PF26
PF26	P4K6
PF6M	PF6M
PF6M	P4OM
PFA6	PFA6
PFA6	P4S6
PFCU	PFCU
PFCU	P7HK
PFFI	PFFI
PFFI	P7IX
PFGE	PFGE
PFRY	PFRY
PFRY	P7UP
PFZY	PFZY
PFZY	P82J
PG2M	PG2M
PG2M	P843
PG9Q	PG9Q
P8WU	P8WU
P8XQ	P8XQ
P99A	P99A
P99A	P98W
P9J2	P9J2
P9J2	PL9L
P9J2	PVH
P9J2	PHGC
P9JY	P9JY
P9LQ	P9LQ
P9LQ	P8KL
P9Q6	P9Q6
P9WE	P9WE
PA2M	PA2M
PA5A	PA5A
PA9Q	PA9Q
PA9Q	P3LA
PA9Q	P3LB
PA9Q	PE3A
PA9Q	PE3B
PAJI	PAJI
PAJI	PDSD
PAJI	PDSE
PAJI	P7DK
PAJI	P7DL
PALA	PALA
PALA	PG12
PAOU	PAOU
PAOU	PIH1
PAPQ	PAPQ
PAPQ	PIHZ
PAZI	PAZI
PB4U	PB4U
PB4U	PJ7T
PB6M	PB6M
PB7I	PB7I
P7PV	P7PV
P7XV	P7XV
P7XV	PJS9
P7XV	PFV7
P7XV	PCS4
P7XV	P2D7
P7XV	P6D7
P80J	P80J
P80J	PCPF
P80J	P6AI
P80J	PFY2
P837	P837
P8C3	P8C3
P8CZ	P8CZ
P8IB	P8IB
P8IB	PKAW
P8IB	PGFE
P8IB	PC8L
P8IB	P1UH
P8IB	P5TO
P8KZ	P8KZ
P8LV	P8LV
P8LV	PGHB
P8S3	P8S3
P8S3	PKJL
P8S3	P1LM
P8WJ	P8WJ
P8XF	P8XF
P98Z	P98Z
P98Z	P99D
P9AR	P9AR
P9CJ	P9CJ
P9G3	P9G3
P9G3	P4ZL
P9G3	P16Z
P9G3	PB8Y
P9G3	P450
P9G3	PEYE
P9G3	PEN1
P9G3	P5EY
P9G3	PBTY
P9G3	P4GE
P9G3	PH9M
P9G3	P4S1
P9G3	P110
P9G3	PFA1
P9IR	P9IR
P9IR	PHG3
P9IR	PVR
P9IR	PL9A
P9JN	P9JN
P9KJ	P9KJ
P9LF	P9LF
P9MB	P9MB
P9MB	PHYZ
P9PV	P9PV
P9QR	P9QR
P9UB	P9UB
P9UB	PLH0
P9UB	P42E
P9UB	PHO7
P9UB	PNW
P9UB	PEKF
P9W3	P9W3
P9ZN	P9ZN
P9ZN	PLMD
P9ZN	PHSA
P9ZN	PK3
PAER	PAER
PAJ7	PAJ7
PAK3	PAK3
PALV	PALV
PAMR	PAMR
PANN	PANN
PAOJ	PAOJ
PAUR	PAUR
PB6B	PB6B
PB77	PB77
PBOZ	PBOZ
PBOZ	PGW7
PBOZ	P904
PBOZ	P59Y
PBOZ	P1FB
PBOZ	PKPP
PBPV	PBPV
PBPV	PGVA
PBPV	P5AU
PBPV	P8ZA
PBPV	P1G8
PBPV	PKOU
PBRN	PBRN
PBRN	P8YC
PBRN	P5CN
PBRN	P1H5
PBRN	PKNU
PBRN	PGU3
PBUB	PBUB
PBUB	P8WY
PBUB	PKMT
PBUB	PGT2
PBUB	P5FB
PBUB	P1I8
PBV7	PBV7
PBV7	PGQ8
PBV7	P8UP
PBV7	P5G6
PBV7	P1IW
PBV7	PKM3
PBW3	PBW3
PBW3	PGPF
PBW3	P8TW
PBW3	P5H2
PBW3	P1JU
PBW3	PKLA
PBWZ	PBWZ
PBWZ	P8T1
PBWZ	PGOL
PBWZ	P5HY
PBWZ	P1KP
PBWZ	PKKG
PBXV	PBXV
PBXV	P8S2
PBXV	P5IU
PBXV	PGNR
PBXV	P1LN
PBXV	PKJK
PBYR	PBYR
PBYR	P5DU
PBYR	P4YE
PBYR	P5JS
PBYR	PBA5
PBYR	PBSU
PCER	PCER
PCER	P8BW
PCER	PK50
PCER	P20N
PCER	PG9J
PCER	P5ZU
PCSZ	PCSZ
PCSZ	P74B
PD2R	PD2R
PD2R	P6MB
PD5F	PD5F
PD5F	P6P4
PD8Z	PD8Z
PD8Z	P6SO
PD9V	PD9V
PD9V	P6TK
PDBN	PDBN
PDBN	P6VC
PDLF	PDLF
PDLF	PILQ
PDLF	PATR
PDLF	P32S
PDLF	PMEV
PDLF	P76M
PDPV	PDPV
PDPV	PAP0
PDPV	PIH7
PDPV	P378
PDPV	PMAF
PDPV	P7B2
PDTF	PDTF
PDTF	P3BD
PDTF	PIDP
PDTF	PM5Z
PDTF	PAIG
PDTF	P7EM
PDXV	PDXV
PDXV	P3FV
PE1F	PE1F
PE1F	P3JF
PE2B	PE2B
PE2B	P3KB
PEGJ	PEGJ
PEGJ	P3YI
PEPF	PEPF
PEPF	P47F
PESZ	PESZ
PESZ	P4AZ
PETV	PETV
PETV	P4BV
PEUR	PEUR
PEUR	P4CR
PEYB	PEYB
PEYB	P4GB
PF5F	PF5F
PF5F	P4NF
PFBN	PFBN
PFBN	PJ6Y
PFBN	P7GF
PFBN	PB5S
PFDF	PFDF
PFDF	P7FU
PFF7	PFF7
PFG3	PFG3
PFIR	PFIR
PFZN	PFZN
PFZN	P298
PFZN	P828
PG0J	PG0J
PG0J	P835
PGHF	PGHF
PGK3	PGK3
PGK3	P5ON
PGK3	P1P9
PGK3	PKFY
PGK3	PC3K
PGR7	PGR7
PGR7	P8KQ
PGUR	PGUR
PGUR	P8Z2
PGUR	PKOM
PGUR	PBQY
PGUR	P5BX
PGUR	P1GG
PH8Z	PH8Z
PHEB	PHEB
PHN7	PHN7
PHYR	PHYR
PIFN	PIFN
PISZ	PISZ
PISZ	PB0V
PJ0Z	PJ0Z
PJ0Z	PN01
PJ1V	PJ1V
PJ1V	PMZ6
PJ2R	PJ2R
PJ2R	PMY9
PJ3N	PJ3N
PJ3N	PMXD
PJ5F	PJ5F
PJ6B	PJ6B
PJ77	PJ77
PJ77	PB5F
PJ83	PJ83
PJ8Z	PJ8Z
PJ9V	PJ9V
PJAR	PJAR
PJBN	PJBN
PJEB	PJEB
PJEB	P2QX
PJGZ	PJGZ
PJGZ	PD51
PJGZ	PD52
PJGZ	P2O9
PJGZ	PFKH
PJGZ	P7MG
PJGZ	P7MH
PJGZ	P6OQ
PJGZ	P6OR
PJHV	PJHV
PJHV	PD42
PJHV	P2NE
PJHV	P6NM
PJHV	PFLK
PJHV	P7NK
PJPV	PJPV
PJPV	P2FL
PJZN	PJZN
PJZN	P65D
PJZN	P65E
PJZN	P261
PJZN	P262
PJZN	PCKA
PJZN	PCKB
PK37	PK37
PK37	P89X
PK37	PG7L
PK37	PCGO
PK37	P22I
PK37	P61R
PK43	PK43
PK43	P8AU
PK43	PG8I
PK43	PCFR
PK43	P21M
PK43	P60U
PK4Z	PK4Z
PK4Z	P8BV
PK4Z	PCES
PK4Z	PG9I
PK4Z	P20O
PK4Z	P5ZV
PKAB	PKAB
PKAB	PGET
PKAB	P1VB
PKAB	P8HR
PKK3	PKK3
PKNN	PKNN
PKNN	P8Y5
PKNN	PGTW
PKNN	PBRU
PKNN	P5CU
PKNN	P1HC
PL5F	PL5F
PL5F	P9DG
PL5F	P4QF
PL5F	PHAY
PL5F	PF8F
PL5F	PZK
PL9V	PL9V
PLF7	PLF7
PLF7	PHLA
PLF7	P445
PLF7	PPO
PLF7	P9ST
PLF7	PEM6
PLG3	PLG3
PLG3	PHM6
PLG3	P438
PLG3	P9TI
PLG3	POS
PLG3	PEL9
PLGZ	PLGZ
PLGZ	P9UA
PLGZ	PHO6
PLGZ	P42F
PLGZ	PNX
PLGZ	PEKG
PLIR	PLIR
PLIR	PLJJ
PLPV	PLPV
PLPV	PA2P
PLPV	PHVY
PLPV	P3TG
PLPV	PGM
PLPV	PEBH
PLQR	PLQR
PLQR	PHWS
PLQR	P3SL
PLQR	PFQ
PLQR	PEAM
PLQR	PA3K
PM8J	PM8J
PM9F	PM9F
PM9F	P38H
PMAB	PMAB
PMPF	PMPF
PMPF	PD4X
PMPF	P2O5
PMPF	P6OL
PMPF	PFKL
PMPF	P6OM
PMPF	PJH3
PMPF	P7ML
PMPF	PD4W
PMS3	PMS3
PMSZ	PMSZ
PMTV	PMTV
PMTV	PIZ2
PMUR	PMUR
PMVN	PMVN
PMVN	PIYF
PMXF	PMXF
PMXF	PJ3L
PMYB	PMYB
PMYB	PJ2P
PMZ7	PMZ7
PMZ7	PJ1U
PN03	PN03
PN03	PJ0X
P6S	P6S
P7O	P7O
PK4	PK4
PK4	PHS9
PK4	P9ZM
PK4	PLMC
PK4	P3X2
PK4	PEF3
PPG	PPG
PPG	P43W
PPG	P43X
PPG	PELX
PPG	PELY
PPG	PHLI
PPG	PLFF
PR8	PR8
PR8	P47D
PR8	P9RJ
PR8	PEPD
PR8	PLDM
PR8	PHJZ
PS4	PS4
PS4	PHJ6
PS4	P9P2
PS4	P4DZ
PS4	PLCS
PS4	PEVZ
PT0	PT0
PT0	PHIA
PT0	P9O6
PT0	P4EV
PT0	PLBW
PT0	PEWV
PTW	PTW
PTW	P9NA
PTW	P4FR
PTW	PLB0
PTW	PEXR
PTW	PHHC
PWK	PWK
PWK	P4LL
PWK	PF3L
PWK	PL8G
P11W	P11W
P11W	PL3G
P16C	P16C
P178	P178
P178	PH46
P178	P97W
P178	PKY7
P1JO	P1JO
P1SK	P1SK
P1SK	P8CE
P1W4	P1W4
P1W4	PC9Z
P1W4	P5V2
P1W4	PGDY
P1W4	PK9I
P238	P238
P238	PG6U
P238	PK2G
P244	P244
P244	P88C
P244	PCID
P244	PG5X
P244	PCIE
P244	PK1K
P244	P63G
P244	P63H
P250	P250
P250	P86O
P250	PG4W
P250	PCJA
P250	PK0O
P250	P64D
P25W	P25W
P25W	PCK6
P25W	PJZS
P25W	P659
P2AC	P2AC
P2AC	PJV2
P2IC	P2IC
P2IC	PJN3
P2IC	PJN4
P2IC	P7SU
P2YC	P2YC
P2YC	PDGO
P2YC	PAYX
P2YC	PDGP
P2YC	PIQX
P2YC	PMJA
P2YC	P70D
P2YC	P70E
P31W	P31W
P31W	PIMK
P31W	PDKK
P31W	PMFR
P31W	PAV2
P31W	P75R
P34K	P34K
P34K	PARU
P34K	PIJY
P34K	PIJZ
P34K	PDN8
P34K	PMD3
P34K	P78F
P384	P384
P384	PAO2
P390	P390
P3CK	P3CK
P3CK	PM4U
P3CK	PDUK
P3CK	PICF
P3F8	P3F8
P3F8	PAEJ
P3F8	PM27
P3F8	P35
P3F8	PDX8
P3F8	PI9S
P3IS	P3IS
P3IS	PI6E
P3IS	PAB4
P3IS	P5Y
P3IS	PE0S
P3IS	PLZ3
P3KK	P3KK
P3KK	PI5Q
P3KK	PAAE
P3KK	PLXZ
P3KK	PE2K
P3KK	P7Y
P3LG	P3LG
P3LG	PA9L
P3LG	PE3G
P3RO	P3RO
P3RO	PHZF
P3RO	PA47
P3RO	PE9O
P3RO	PE6
P3RO	PLRZ
P3SK	P3SK
P3SK	PA3L
P3SK	PHWT
P3SK	PLQS
P3SK	PFP
P3SK	PEAL
P42C	P42C
P42C	PLH2
P42C	PHO9
P42C	PNU
P42C	P9UK
P42C	PEKD
P444	P444
P444	PHLB
P444	PLF8
P444	PPN
P444	PEM5
P444	P9SU
P4B8	P4B8
P4B8	PLCZ
P4B8	PRX
P4B8	PET8
P4D0	P4D0
P4D0	PEV0
P4D0	PAM7
P4LW	P4LW
P4LW	P9HI
P4LW	PL84
P4LW	PF3W
P4LW	PHDR
P4LW	PWW
P4QC	P4QC
P4QC	PL5I
P4QC	PF8C
P4QC	PZH
P4QC	PHB1
P4R8	P4R8
P4R8	PL4O
P4R8	P109
P4R8	P9CR
P4R8	PF98
P5BO	P5BO
P5BO	PBQP
P5LG	P5LG
P5LG	PC0C
P65W	P65W
P65W	PCKT
P6PG	P6PG
P6PG	P7LV
P6PG	PFJS
P6PG	P2OS
P6PG	PD5R
P6PG	PJGF
P6S4	P6S4
P6S4	P2RR
P6S4	PJDH
P6S4	P7IV
P6S4	PFFG
P6S4	PD8F
P6WK	P6WK
P6WK	P2UN
P6WK	P2UO
P6WK	PMMY
P6WK	PB33
P6WK	PDCV
P6WK	PIV4
P6XG	P6XG
P6XG	PB29
P6XG	P2VK
P6XG	PMM2
P6XG	PDDR
P6XG	PIU8
P73O	P73O
P73O	PCTN
P74K	P74K
P74K	PCSQ
P7F8	P7F8
P7G4	P7G4
P7G4	PFDP
P7G4	PJ6N
P7IS	P7IS
P7KK	P7KK
P7PW	P7PW
P8AC	P8AC
P8C4	P8C4
P8C4	PL9Y
P8C4	P1SP
P8D0	P8D0
P8GK	P8GK
P8L0	P8L0
P8LW	P8LW
P8VO	P8VO
P8VO	PGSR
P8WK	P8WK
P8XG	P8XG
P990	P990
P990	P99E
P9AS	P9AS
P9CK	P9CK
P9JO	P9JO
P9KK	P9KK
P9PW	P9PW
P9UC	P9UC
P9W4	P9W4
P9X0	P9X0
P9X0	P414
P9X0	PHPD
P9X0	PEJ5
P9X0	PMS
P9X0	PLJO
PA44	PA44
PAES	PAES
PAIC	PAIC
PAIC	PIDL
PAIC	P3BH
PAJ8	PAJ8
PAK4	PAK4
PALW	PALW
PAMS	PAMS
PANO	PANO
PAOK	PAOK
PAUS	PAUS
PB10	PB10
PB10	P2WA
PB10	P6Y8
PB10	PIT4
PB10	PDEJ
PB10	PMLC
PB6C	PB6C
PBH0	PBH0
PBH0	PKXV
PBH0	P520
PBH0	PH3U
PBH0	P17K
PBP0	PBP0
PBP0	PGW6
PBP0	P903
PBP0	P59Z
PBP0	P1FC
PBP0	PKPO
PBRO	PBRO
PBRO	P8YB
PBRO	P5CO
PBRO	PKNT
PBRO	P1H6
PBRO	PGU2
PBSK	PBSK
PBSK	P46H
PBSK	PEOH
PBSK	P5DK
PBW4	PBW4
PBW4	PGPE
PBW4	P8TV
PBW4	P5H3
PBW4	P1JV
PBW4	PKL9
PBX0	PBX0
PBX0	P8T0
PBX0	PGOK
PBX0	P5HZ
PBX0	P1KQ
PBX0	PKKF
PCGK	PCGK
PCGK	P8A1
PCGK	PG7P
PCGK	P22E
PCGK	PK3B
PCGK	P61N
PCK4	PCK4
PCK4	P25U
PCK4	PJZU
PCK4	P657
PCL0	PCL0
PCL0	PG45
PCL0	P85Z
PCL0	P663
PCL0	P267
PCL0	PJZ4
PCLW	PCLW
PCLW	PG3M
PCLW	P853
PCLW	P66Z
PCLW	P273
PCLW	PJY8
PCMS	PCMS
PCMS	PG2T
PCMS	P84A
PCMS	P67V
PCPG	PCPG
PCPG	P80I
PCPG	PFY1
PCPG	P6AJ
PCT0	PCT0
PCT0	P74A
PD1W	PD1W
PD1W	P6LG
PD2S	PD2S
PD2S	P6MC
PD3O	PD3O
PD3O	P6N8
PD5G	PD5G
PD5G	P6P5
PD90	PD90
PD90	P6SP
PD9W	PD9W
PD9W	P6TL
PDBO	PDBO
PDBO	P6VD
PDBO	PIW9
PDLG	PDLG
PDLG	PILP
PDLG	PATQ
PDLG	P32T
PDLG	PMEU
PDLG	P76N
PDO4	PDO4
PDO4	PAQW
PDO4	PIJ2
PDO4	PMC5
PDO4	P35I
PDO4	P79B
PDP0	PDP0
PDP0	PAQ0
PDP0	PII6
PDP0	PMB9
PDP0	P36E
PDP0	P7A7
PDPW	PDPW
PDPW	PAOZ
PDPW	PIH6
PDPW	P379
PDPW	PMAE
PDPW	P7B3
PDRO	PDRO
PDRO	PIF7
PDRO	PM7D
PDRO	P39P
PDRO	P7CV
PDRO	PAKF
PDTG	PDTG
PDTG	P3BE
PDTG	PIDO
PDTG	PM5Y
PDTG	PAIF
PDTG	P7EN
PE2C	PE2C
PE2C	P3KC
PE50	PE50
PE50	P75
PE50	P3N0
PEGK	PEGK
PEGK	P3YJ
PEPG	PEPG
PEPG	P47G
PET0	PET0
PET0	P4B0
PETW	PETW
PETW	P4BW
PEUS	PEUS
PEUS	P4CS
PEZ8	PEZ8
PEZ8	P4H8
PF78	PF78
PF78	P4P8
PFBO	PFBO
PFBO	PJ6Z
PFBO	PB5R
PFBO	P7GG
PFDG	PFDG
PFDG	P7FV
PFF8	PFF8
PFG4	PFG4
PFIS	PFIS
PFZO	PFZO
PFZO	P297
PFZO	P829
PG0K	PG0K
PG0K	P836
PGHG	PGHG
PGQC	PGQC
PGQC	P8JZ
PGR8	PGR8
PGR8	P8KR
PH90	PH90
PHAS	PHAS
PHAS	PZQ
PHAS	PF8M
PHAS	PF8N
PHAS	PL58
PHAS	P9DA
PHAS	P4QM
PHAS	P4QN
PHEC	PHEC
PHG4	PHG4
PHG4	P9IS
PHG4	PVQ
PHG4	PL9B
PHG4	PL9C
PHHW	PHHW
PHN8	PHN8
PHQS	PHQS
PHQS	PEHT
PHQS	PLK
PHQS	P3ZS
PHQS	P9Y7
PHQS	PLKW
PIT0	PIT0
PIT0	PB0W
PIXG	PIXG
PIXG	PMWJ
PJ04	PJ04
PJ10	PJ10
PJ10	PN00
PJ1W	PJ1W
PJ1W	PMZ5
PJ2S	PJ2S
PJ2S	PMY8
PJ3O	PJ3O
PJ4K	PJ4K
PJ4K	PMUO
PJ5G	PJ5G
PJ78	PJ78
PJ78	PB5E
PJ84	PJ84
PJ90	PJ90
PJ9W	PJ9W
PJAS	PJAS
PJBO	PJBO
PJEC	PJEC
PJEC	P2QW
PJF8	PJF8
PJPW	PJPW
PJPW	P2FI
PJPW	P2FK
PJW4	PJW4
PJW4	P81Z
PJW4	PFZE
PK44	PK44
PK44	P8AV
PK44	PG8J
PK44	PCFQ
PK44	P21L
PK44	P60T
PKK4	PKK4
PL5G	PL5G
PL5G	P9DH
PL5G	P4QE
PL5G	PHAZ
PL5G	PF8E
PL5G	PZJ
PL9W	PL9W
PL9W	P8C6
PL9W	P1SN
PLIS	PLIS
PLIS	P9WW
PLIS	PLJK
PLRO	PLRO
PLRO	PEH
PLRO	PE9Z
PLRO	P3RZ
PLRO	PHZ4
PLSK	PLSK
PLSK	PDL
PM6S	PM6S
PM8K	PM8K
PMC4	PMC4
PMC4	PAQV
PMC4	PIJ1
PMC4	PDO5
PMC4	P35J
PMC4	P79C
PMOK	PMOK
PMOK	PMSQ
PMPG	PMPG
PMS4	PMS4
PMT0	PMT0
PMTW	PMTW
PMTW	PIZ3
PMUS	PMUS
PMVO	PMVO
PMVO	PJ2A
PMWK	PMWK
PMWK	PIXF
PMXG	PMXG
PMXG	PJ3K
PMYC	PMYC
PMYC	PJ2O
PMZ8	PMZ8
PMZ8	PJ1T
PN04	PN04
PN04	PJ0W
P6T	P6T
P6T	P204
P6T	P205
P7P	P7P
PT1	PT1
PT1	PHI9
PT1	P9O5
PT1	P4EW
PT1	PLBV
PT1	PEWW
PTX	PTX
PTX	P9N9
PTX	P4FS
PTX	PLAZ
PTX	PHHB
PTX	PEXS
PUT	PUT
PVP	PVP
PVP	PL9D
PVP	PHG5
P11X	P11X
P11X	PL3F
P239	P239
P239	PG6T
P239	PK2F
P245	P245
P245	P88B
P245	PG5W
P245	PCIF
P245	PK1J
P245	P63I
P251	P251
P251	P86N
P251	PG4V
P251	PCJB
P251	PK0N
P251	P64E
P25X	P25X
P25X	PCK7
P25X	PJZR
P25X	P65A
P2XH	P2XH
P2XH	PDFR
P2XH	PIRR
P2XH	PMK5
P2XH	P6ZG
P31X	P31X
P31X	PIMJ
P31X	PDKL
P31X	PMFQ
P31X	PAV1
P31X	P75S
P34L	P34L
P34L	PART
P34L	PIJX
P34L	PDN9
P34L	PMD2
P34L	P78G
P391	P391
P3CL	P3CL
P3CL	PM4T
P3CL	PDUL
P3CL	PICE
P3IT	P3IT
P3IT	PI6D
P3IT	PAB3
P3IT	P5Z
P3IT	PE0T
P3IT	PLZ2
P3KL	P3KL
P3KL	PI5P
P3KL	PAAD
P3KL	PLXY
P3KL	PE2L
P3KL	P7Z
P3LH	P3LH
P3LH	PLXI
P3LH	P8H
P3LH	PI52
P3LH	PA9K
P3LH	PE3H
P3RP	P3RP
P3RP	PHZE
P3RP	PA46
P3RP	PE9P
P3RP	PLRY
P3RP	PE7
P3YT	P3YT
P3YT	P4K2
P3YT	PF22
P3YT	PEGU
P42D	P42D
P42D	PLH1
P42D	PHO8
P42D	PNV
P42D	P9UJ
P42D	PEKE
P4MT	P4MT
P4MT	PXW
P4MT	P9GL
P4MT	PL74
P4MT	PHCS
P4MT	PF4T
P4QD	P4QD
P4QD	PL5H
P4QD	PHB0
P4QD	PF8D
P4QD	PZI
P4R9	P4R9
P4R9	PHAB
P4R9	PL4N
P4R9	P10A
P4R9	P9CQ
P4R9	PF99
P4S5	P4S5
P4S5	PH9I
P4S5	P114
P4S5	PFA5
P5BP	P5BP
P5BP	PBQQ
P5LH	P5LH
P5LH	PC0D
P5RP	P5RP
P5RP	PGH1
P5RP	P8LM
P5RP	PKCS
P5RP	P1SD
P5RP	PC6M
P62D	P62D
P62D	PCHA
P65X	P65X
P65X	PCKU
P6PH	P6PH
P6PH	P7LU
P6PH	PFJR
P6PH	P2OT
P6PH	PJGE
P6PH	PD5S
P73P	P73P
P73P	PCTM
P74L	P74L
P74L	PCSP
P7DH	P7DH
P7DH	PDSA
P7DH	PAJJ
P7DH	P3A9
P7DH	PDS9
P7DH	PIEN
P7DH	P7DG
P7DH	P3A8
P7F9	P7F9
P7HX	P7HX
P7HX	PJCA
P7HX	P2ST
P7HX	PFE5
P7IT	P7IT
P7PX	P7PX
P845	P845
P845	PCMX
P845	PJXB
P845	P280
P845	P680
P845	PG2O
P8D1	P8D1
P8GL	P8GL
P8L1	P8L1
P73R	P73R
P73R	PCTK
P74N	P74N
P74N	PCSN
P7CN	P7CN
P7CN	P39H
P7CN	PAKN
P7CN	PIFF
P7CN	PDRG
P7CN	PM7M
P7FB	P7FB
P7H3	P7H3
P7H3	PFCB
P7O7	P7O7
P7PZ	P7PZ
P80N	P80N
P82F	P82F
P82F	P291
P82F	PFZU
P86V	P86V
P86V	PG53
P89J	P89J
P8C7	P8C7
P8D3	P8D3
P8K7	P8K7
P8L3	P8L3
P8LZ	P8LZ
P8TZ	P8TZ
P8TZ	P1JR
P8VR	P8VR
P8VR	PKMF
P8WN	P8WN
P987	P987
P993	P993
P993	P99H
P9AV	P9AV
P9AV	P4V9
P9AV	PH6P
P9AV	PL1P
P9AV	PBDA
P9AV	P13R
P9AV	P9AW
P9CN	P9CN
P9CN	PL4K
P9CN	P4RC
P9CN	P10E
P9CN	PF9C
P9CN	PHA8
PGPQ	PGPQ
PGQM	PGQM
PGQM	P8K4
PGRI	PGRI
PGV2	PGV2
PHEM	PHEM
PHJ2	PHJ2
PHJ2	P9OY
PHJ2	PLCO
PHJ2	PS8
PHJ2	P4E3
PHJ2	PEW3
PHMM	PHMM
PHNI	PHNI
PHSU	PHSU
PHUM	PHUM
PHUM	PA1K
PI8U	PI8U
PIFY	PIFY
PIFY	PM7T
PIN2	PIN2
PITA	PITA
PITA	PB16
PIWU	PIWU
PIWU	PMX5
PIXQ	PIXQ
PIXQ	PMW9
PIZI	PIZI
PIZI	PMUD
PJ0E	PJ0E
PJ1A	PJ1A
PJ1A	PMZQ
PJ26	PJ26
PJ26	PMYR
PJ32	PJ32
PJ32	PMXY
PJ3Y	PJ3Y
PJ4U	PJ4U
PJ4U	PB6E
PJ5Q	PJ5Q
PJ9A	PJ9A
PJB2	PJB2
PJBY	PJBY
PK5A	PK5A
PKF2	PKF2
PKF2	PC4K
PKF2	P5PN
PKF2	PGJ7
PKF2	P8NO
PKF2	P1Q5
PKJI	PKJI
PKJI	P8S0
PKJI	PGNO
PKJI	P1LP
PKYM	PKYM
PKYM	P16Q
P8LX	P8LX
P8WL	P8WL
P991	P991
P991	P99F
P9F9	P9F9
P9F9	P9L5
P9H1	P9H1
P9IT	P9IT
P9JP	P9JP
P9KL	P9KL
P9QT	P9QT
P9UD	P9UD
PAB9	PAB9
PAK5	PAK5
PALX	PALX
PAMT	PAMT
PANP	PANP
PAOL	PAOL
PATX	PATX
PAUT	PAUT
PB6D	PB6D
PBIT	PBIT
PBIT	PKW3
PBIT	P53T
PBIT	PH26
PBIT	P19B
PBP1	PBP1
PBP1	PGW5
PBP1	P902
PBP1	P5A0
PBP1	P1FD
PBP1	PKPN
PBPX	PBPX
PBPX	PGV8
PBPX	P8Z8
PBPX	P5AW
PBPX	P1GA
PBPX	PKOS
PBRP	PBRP
PBRP	P8YA
PBRP	PKNS
PBRP	P5CP
PBRP	PGU1
PBRP	P1H7
PBV9	PBV9
PBV9	PGQ6
PBV9	P5G8
PBV9	PKM1
PBV9	P1IY
PBW5	PBW5
PBW5	PGPD
PBW5	P8TU
PBW5	P5H4
PBW5	P1JW
PBW5	PKL8
PBX1	PBX1
PBX1	P8SZ
PBX1	PGOJ
PBX1	P5I0
PBX1	P1KR
PBX1	PKKE
PBYT	PBYT
PBYT	P4YG
PBYT	P5JU
PBYT	PBA3
PCB9	PCB9
PCB9	P8G1
PCB9	PGCP
PCB9	PK8C
PCB9	P5WC
PCB9	P1XA
PCFP	PCFP
PCFP	P8AW
PCFP	PG8K
PCFP	PK45
PCFP	P21K
PCFP	P60S
PCGL	PCGL
PCGL	P8A0
PCGL	PG7O
PCGL	PK3A
PCGL	P22F
PCGL	P61O
PCL1	PCL1
PCL1	PG44
PCL1	P85Y
PCL1	P664
PCL1	PJZ3
PCL1	P268
PCT1	PCT1
PCT1	P749
PD2T	PD2T
PD2T	P6MD
PD5H	PD5H
PD5H	P6P6
PD91	PD91
PD91	P6SQ
PDLH	PDLH
PDLH	PILO
PDLH	PATP
PDLH	PMET
PDLH	P32U
PDLH	P76O
PDMD	PDMD
PDMD	PASO
PDMD	PIKT
PDMD	P33P
PDMD	PMDY
PDMD	P77K
PDPX	PDPX
PDPX	PAOY
PDPX	PIH5
PDPX	PMAD
PDPX	P37A
PDPX	P7B4
PDSL	PDSL
PDSL	PIEH
PDSL	P3AL
PDSL	PM6R
PDSL	PAJC
PDSL	P7DS
PDTH	PDTH
PDTH	P3BF
PDTH	PIDN
PDTH	PM5X
PDTH	PAIE
PDTH	P7EO
PE1H	PE1H
PE1H	P3JH
PE2D	PE2D
PE2D	P3KD
PE8L	PE8L
PE8L	P3QL
PE8L	PI0D
PEGL	PEGL
PEGL	P3YK
PEMT	PEMT
PEMT	P44S
PENP	PENP
PENP	P45P
PER9	PER9
PER9	P499
PET1	PET1
PET1	P4B1
PETX	PETX
PETX	P4BX
PEUT	PEUT
PEUT	P4CT
PEYD	PEYD
PEYD	P4GD
PEZ9	PEZ9
PEZ9	P4H9
PF1X	PF1X
PF1X	P9KZ
PF1X	PHXN
PF1X	P4JX
PFCL	PFCL
PFCL	P7HD
PFF9	PFF9
PFG5	PFG5
PFH1	PFH1
PFZP	PFZP
PFZP	P296
PFZP	P82A
PG0L	PG0L
PGHH	PGHH
PGQD	PGQD
PGR9	PGR9
PGR9	P8KS
PHHX	PHHX
PHN9	PHN9
PIET	PIET
PIT1	PIT1
PIT1	PB0X
PIXH	PIXH
PIXH	PMWI
PIYD	PIYD
PJ05	PJ05
PJ11	PJ11
PJ11	PMZZ
PJ1X	PJ1X
PJ1X	PMZ4
PJ2T	PJ2T
PJ2T	PMY7
PJ3P	PJ3P
PJ79	PJ79
PJ79	PB5D
PJ91	PJ91
PJ9X	PJ9X
PJAT	PJAT
PJBP	PJBP
PJED	PJED
PJED	P2QV
PJPX	PJPX
PJPX	P2FH
PJW5	PJW5
PJW5	P820
PJW5	PFZF
PK0L	PK0L
PK0L	P86L
PK0L	PG4T
PK0L	P253
PK0L	PCJD
PK0L	P64G
PK1H	PK1H
PK1H	P889
PK1H	PG5U
PK1H	P247
PK1H	PCIH
PK1H	P63K
PK39	PK39
PK39	P89Z
PK39	PG7N
PK39	PCGM
PK39	P22G
PK39	P61P
PK9H	PK9H
PK9H	P1W5
PKK5	PKK5
PKPH	PKPH
PKPH	PBP7
PKPH	P5A6
PKPH	P1FJ
PKYD	PKYD
PL05	PL05
PL05	P4WY
PL05	P4WZ
PL05	PH54
PL05	P159
PL05	P15A
PL05	PBBK
PL05	PBBL
PL4L	PL4L
PL4L	PHA9
PL4L	P4RB
PL4L	P9CO
PL4L	P10D
PL4L	PF9B
PLIT	PLIT
PLIT	PLI1
PLIT	P9VK
PLW5	PLW5
PLW5	P9W
PLW5	P9X
PLW5	PI3Q
PLW5	PA8F
PLXX	PLXX
PLXX	PI5O
PLXX	PAAC
PLXX	P3KM
PLXX	PE2M
PLXX	P80
PM6T	PM6T
PM7P	PM7P
PM7P	PIFI
PM8L	PM8L
PMPH	PMPH
PMS5	PMS5
PMT1	PMT1
PMTX	PMTX
PMTX	PIZ4
PMUT	PMUT
PMUT	PIZS
PMWL	PMWL
PMWL	PIXE
PMXH	PMXH
PMXH	PJ3J
PMYD	PMYD
PMYD	PJ2N
PMZ9	PMZ9
PMZ9	PJ1S
PN05	PN05
PN05	PJ0V
P6U	P6U
P6U	P202
P7Q	P7Q
PIE	PIE
PIE	PLO3
PPI	PPI
PPI	P43Z
PPI	PHLG
PPI	PEM0
PPI	PLFD
