Family_ID	Feature_Type	Size	Genome_Count	Genome_Percentage	Classification	Representative	Rep_Sequence_Length	Min_Length	Max_Length	Mean_Length	Sequence_Diversity	Length_Variance
FAM_P1	P	6	6	100.0%	core	P3OK	420	420	420	420.0	0.667	0.0
FAM_P2	P	6	6	100.0%	core	P3PG	459	459	459	459.0	0.667	0.0
FAM_P3	P	6	6	100.0%	core	P3R8	483	483	483	483.0	0.833	0.0
FAM_P4	P	6	6	100.0%	core	P3S4	891	891	891	891.0	0.667	0.0
FAM_P5	P	6	6	100.0%	core	P3VO	2049	2049	2049	2049.0	0.833	0.0
FAM_P6	P	3	3	50.0%	accessory	P3WK	1653	1653	1653	1653.0	0.667	0.0
FAM_P7	P	6	6	100.0%	core	P3Z8	2022	2022	2022	2022.0	0.667	0.0
FAM_P8	P	6	6	100.0%	core	P404	747	747	747	747.0	0.667	0.0
FAM_P9	P	6	6	100.0%	core	P410	1203	1203	1203	1203.0	0.667	0.0
FAM_P10	P	6	6	100.0%	core	P42S	1149	1149	1149	1149.0	0.667	0.0
FAM_P11	P	6	6	100.0%	core	P44K	459	459	459	459.0	0.667	0.0
FAM_P12	P	4	2	33.3%	accessory	P46C	528	528	528	528.0	0.500	0.0
FAM_P13	P	6	6	100.0%	core	P478	921	921	921	921.0	0.667	0.0
FAM_P14	P	6	4	66.7%	accessory	P484	297	297	297	297.0	0.667	0.0
FAM_P15	P	7	6	100.0%	core	P49W	1329	531	1329	1124.1	0.714	124589.1
FAM_P16	P	3	3	50.0%	accessory	P4DG	2850	2847	2850	2849.0	0.667	3.0
FAM_P17	P	5	3	50.0%	accessory	P4JO	333	333	333	333.0	0.400	0.0
FAM_P18	P	4	4	66.7%	accessory	P4PW	567	567	567	567.0	0.750	0.0
FAM_P19	P	6	6	100.0%	core	P4QS	1056	1056	1056	1056.0	0.833	0.0
FAM_P20	P	6	6	100.0%	core	P10N	984	984	984	984.0	0.833	0.0
FAM_P21	P	6	6	100.0%	core	P12S	174	174	174	174.0	0.667	0.0
FAM_P22	P	6	6	100.0%	core	P13Q	1500	1500	1500	1500.0	0.667	0.0
FAM_P23	P	6	6	100.0%	core	P14H	138	138	138	138.0	0.667	0.0
FAM_P24	P	5	5	83.3%	accessory	P15B	1593	1593	1593	1593.0	0.600	0.0
FAM_P25	P	6	6	100.0%	core	P164	747	747	747	747.0	0.667	0.0
FAM_P26	P	4	2	33.3%	accessory	P4ZO	189	189	189	189.0	0.500	0.0
FAM_P27	P	9	2	33.3%	accessory	P4HH	327	327	327	327.0	0.333	0.0
FAM_P28	P	6	6	100.0%	core	P17W	945	945	945	945.0	0.833	0.0
FAM_P29	P	6	6	100.0%	core	P18Q	636	636	636	636.0	0.667	0.0
FAM_P30	P	6	6	100.0%	core	P19M	1374	1374	1374	1374.0	0.667	0.0
FAM_P31	P	6	6	100.0%	core	P1AI	177	177	177	177.0	0.500	0.0
FAM_P32	P	6	6	100.0%	core	P1BF	1392	1392	1392	1392.0	0.667	0.0
FAM_P33	P	6	6	100.0%	core	P1CB	1344	1344	1344	1344.0	0.667	0.0
FAM_P34	P	6	6	100.0%	core	P1D3	819	819	819	819.0	0.667	0.0
FAM_P35	P	6	6	100.0%	core	P1DY	567	567	567	567.0	0.667	0.0
FAM_P36	P	2	2	33.3%	accessory	P5B8	114	114	114	114.0	0.500	0.0
FAM_P37	P	6	6	100.0%	core	P1GM	858	858	858	858.0	0.833	0.0
FAM_P38	P	6	6	100.0%	core	P1HI	816	816	816	816.0	0.833	0.0
FAM_P39	P	9	3	50.0%	accessory	P466	414	309	414	390.7	0.333	2143.8
FAM_P40	P	6	6	100.0%	core	P1MI	1191	1191	1527	1426.0	0.833	15198.0
FAM_P41	P	6	6	100.0%	core	P1N8	939	939	939	939.0	0.833	0.0
FAM_P42	P	6	6	100.0%	core	P1O5	738	738	738	738.0	0.667	0.0
FAM_P43	P	6	6	100.0%	core	P1P7	255	255	255	255.0	0.667	0.0
FAM_P44	P	6	6	100.0%	core	P1PY	963	963	963	963.0	0.667	0.0
FAM_P45	P	6	6	100.0%	core	P1QZ	2145	2145	2145	2145.0	0.667	0.0
FAM_P46	P	6	6	100.0%	core	P1RV	1086	1086	1086	1086.0	0.667	0.0
FAM_P47	P	7	6	100.0%	core	P1SV	1329	1329	1332	1329.4	0.857	1.3
FAM_P48	P	7	4	66.7%	accessory	P134	288	288	543	402.0	0.571	13425.0
FAM_P49	P	6	6	100.0%	core	P1VU	231	231	231	231.0	0.500	0.0
FAM_P50	P	6	6	100.0%	core	P1WQ	1578	1578	1578	1578.0	0.833	0.0
FAM_P51	P	6	6	100.0%	core	P1XI	1281	1281	1281	1281.0	0.667	0.0
FAM_P52	P	6	6	100.0%	core	P1YD	906	906	906	906.0	0.667	0.0
FAM_P53	P	6	6	100.0%	core	P21R	372	372	372	372.0	0.667	0.0
FAM_P54	P	3	3	50.0%	accessory	P61W	237	237	237	237.0	0.667	0.0
FAM_P55	P	6	6	100.0%	core	P23K	576	576	576	576.0	0.667	0.0
FAM_P56	P	6	6	100.0%	core	P24B	1365	1365	1365	1365.0	0.667	0.0
FAM_P57	P	6	6	100.0%	core	P257	531	531	531	531.0	0.500	0.0
FAM_P58	P	3	3	50.0%	accessory	P65G	735	735	735	735.0	0.333	0.0
FAM_P59	P	5	5	83.3%	accessory	P26G	1626	1626	1626	1626.0	0.800	0.0
FAM_P60	P	6	6	100.0%	core	P27D	1326	1326	1326	1326.0	0.667	0.0
FAM_P61	P	6	6	100.0%	core	P2BP	1491	1482	1491	1489.5	0.667	13.5
FAM_P62	P	6	6	100.0%	core	P2CL	897	897	897	897.0	0.667	0.0
FAM_P63	P	6	6	100.0%	core	P2E6	402	402	402	402.0	0.500	0.0
FAM_P64	P	6	6	100.0%	core	P2F2	726	726	726	726.0	0.667	0.0
FAM_P65	P	6	6	100.0%	core	P2G5	273	273	273	273.0	0.500	0.0
FAM_P66	P	6	6	100.0%	core	P2H1	759	759	759	759.0	0.667	0.0
FAM_P67	P	6	6	100.0%	core	P2HX	540	540	540	540.0	0.167	0.0
FAM_P68	P	6	6	100.0%	core	P2J7	1023	1023	1023	1023.0	0.667	0.0
FAM_P69	P	6	6	100.0%	core	P2KA	441	441	441	441.0	0.833	0.0
FAM_P70	P	6	6	100.0%	core	P2L4	831	825	831	830.0	0.667	6.0
FAM_P71	P	6	6	100.0%	core	P2OI	903	903	903	903.0	0.667	0.0
FAM_P72	P	6	6	100.0%	core	P2PA	1179	1179	1179	1179.0	0.667	0.0
FAM_P73	P	6	6	100.0%	core	P2QD	474	474	474	474.0	0.667	0.0
FAM_P74	P	6	6	100.0%	core	P2RC	597	597	597	597.0	0.833	0.0
FAM_P75	P	7	6	100.0%	core	P2SD	1494	408	1494	1277.6	0.857	172591.3
FAM_P76	P	7	6	100.0%	core	P2TE	666	225	666	571.7	0.714	30035.6
FAM_P77	P	6	6	100.0%	core	P2U8	1452	1452	1452	1452.0	0.667	0.0
FAM_P78	P	6	6	100.0%	core	P2V4	1047	1047	1047	1047.0	0.667	0.0
FAM_P79	P	6	6	100.0%	core	P2WU	585	585	585	585.0	0.667	0.0
FAM_P80	P	6	6	100.0%	core	P2XP	438	438	438	438.0	0.667	0.0
FAM_P81	P	6	6	100.0%	core	P2Z8	1161	1161	1161	1161.0	0.667	0.0
FAM_P82	P	6	6	100.0%	core	P302	1029	1029	1029	1029.0	0.667	0.0
FAM_P83	P	6	6	100.0%	core	P321	516	516	516	516.0	0.667	0.0
FAM_P84	P	6	6	100.0%	core	P32Y	690	690	690	690.0	0.667	0.0
FAM_P85	P	6	6	100.0%	core	P33T	336	336	336	336.0	0.500	0.0
FAM_P86	P	6	6	100.0%	core	P34P	1437	1437	1437	1437.0	0.667	0.0
FAM_P87	P	6	6	100.0%	core	P35N	1260	1260	1260	1260.0	0.667	0.0
FAM_P88	P	6	6	100.0%	core	P37E	1656	1656	1656	1656.0	0.833	0.0
FAM_P89	P	3	3	50.0%	accessory	P39U	102	102	102	102.0	0.667	0.0
FAM_P90	P	6	6	100.0%	core	P3AO	1656	1656	1665	1662.0	0.833	21.6
FAM_P91	P	6	6	100.0%	core	P3BK	969	969	969	969.0	0.833	0.0
FAM_P92	P	3	3	50.0%	accessory	P7GK	564	564	564	564.0	0.667	0.0
FAM_P93	P	6	6	100.0%	core	P2I6	822	822	822	822.0	0.500	0.0
FAM_P94	P	2	2	33.3%	accessory	P7US	1047	1047	1047	1047.0	1.000	0.0
FAM_P95	P	6	6	100.0%	core	P28F	981	981	981	981.0	0.500	0.0
SING_P878	P	1	1	16.7%	accessory	P878	1638	1638	1638	1638.0	1.000	0.0
SING_P8CK	P	1	1	16.7%	accessory	P8CK	336	336	336	336.0	1.000	0.0
FAM_P96	P	8	6	100.0%	core	P3JO	555	129	594	510.4	0.875	23933.4
SING_P8KK	P	1	1	16.7%	accessory	P8KK	225	225	225	225.0	1.000	0.0
SING_P8LG	P	1	1	16.7%	accessory	P8LG	258	258	258	258.0	1.000	0.0
FAM_P97	P	6	6	100.0%	core	P1NV	228	228	228	228.0	0.333	0.0
SING_P8V8	P	1	1	16.7%	accessory	P8V8	2166	2166	2166	2166.0	1.000	0.0
FAM_P98	P	5	5	83.3%	accessory	P4KB	249	186	270	228.0	0.800	1543.5
SING_P9K4	P	1	1	16.7%	accessory	P9K4	546	546	546	546.0	1.000	0.0
SING_P9QC	P	1	1	16.7%	accessory	P9QC	93	93	93	93.0	1.000	0.0
SING_P9VO	P	1	1	16.7%	accessory	P9VO	303	303	303	303.0	1.000	0.0
SING_PA10	P	1	1	16.7%	accessory	PA10	1236	1236	1236	1236.0	1.000	0.0
SING_PAIS	P	1	1	16.7%	accessory	PAIS	123	123	123	123.0	1.000	0.0
SING_PALG	P	1	1	16.7%	accessory	PALG	1179	1179	1179	1179.0	1.000	0.0
SING_PAN8	P	1	1	16.7%	accessory	PAN8	399	399	399	399.0	1.000	0.0
SING_PAPW	P	1	1	16.7%	accessory	PAPW	1269	1269	1269	1269.0	1.000	0.0
SING_PATG	P	1	1	16.7%	accessory	PATG	1569	1569	1569	1569.0	1.000	0.0
SING_PAUC	P	1	1	16.7%	accessory	PAUC	1359	1359	1359	1359.0	1.000	0.0
FAM_P99	P	2	2	33.3%	accessory	PAXW	1554	1554	1554	1554.0	1.000	0.0
SING_PAZO	P	1	1	16.7%	accessory	PAZO	1350	1350	1350	1350.0	1.000	0.0
SING_PB1G	P	1	1	16.7%	accessory	PB1G	429	429	429	429.0	1.000	0.0
SING_PB50	P	1	1	16.7%	accessory	PB50	474	474	474	474.0	1.000	0.0
SING_PB6S	P	1	1	16.7%	accessory	PB6S	906	906	906	906.0	1.000	0.0
FAM_P100	P	4	2	33.3%	accessory	P45J	588	588	588	588.0	0.500	0.0
FAM_P101	P	6	6	100.0%	core	P15M	948	948	1419	1262.0	0.833	59157.6
FAM_P102	P	5	5	83.3%	accessory	P14R	1383	1383	1383	1383.0	0.600	0.0
FAM_P103	P	6	6	100.0%	core	P133	669	669	669	669.0	0.833	0.0
FAM_P104	P	6	6	100.0%	core	P11P	2640	2640	2640	2640.0	0.667	0.0
FAM_P105	P	6	6	100.0%	core	P180	720	720	720	720.0	0.667	0.0
FAM_P106	P	6	6	100.0%	core	P18U	861	861	861	861.0	0.667	0.0
FAM_P107	P	6	6	100.0%	core	P19Q	765	765	765	765.0	0.667	0.0
FAM_P108	P	6	6	100.0%	core	P1AM	294	294	294	294.0	0.667	0.0
FAM_P109	P	6	6	100.0%	core	P1CF	552	552	552	552.0	0.833	0.0
FAM_P110	P	6	6	100.0%	core	P1E2	240	240	240	240.0	0.667	0.0
FAM_P111	P	6	6	100.0%	core	P1EW	1443	1443	1443	1443.0	0.667	0.0
FAM_P112	P	6	6	100.0%	core	P1FS	1662	1662	1662	1662.0	0.667	0.0
FAM_P113	P	6	6	100.0%	core	P1HM	921	921	921	921.0	0.833	0.0
FAM_P114	P	6	4	66.7%	accessory	P4DI	906	906	906	906.0	0.500	0.0
FAM_P115	P	6	6	100.0%	core	P1KB	444	444	444	444.0	0.833	0.0
FAM_P116	P	6	6	100.0%	core	P1LB	1053	1053	1053	1053.0	0.833	0.0
FAM_P117	P	8	4	66.7%	accessory	P3XY	183	183	183	183.0	0.625	0.0
FAM_P118	P	6	6	100.0%	core	P1MK	399	399	399	399.0	0.667	0.0
FAM_P119	P	6	6	100.0%	core	P1NG	1467	1467	1476	1470.0	0.667	21.6
FAM_P120	P	6	6	100.0%	core	P1OD	264	264	264	264.0	0.667	0.0
FAM_P121	P	6	6	100.0%	core	P1PB	1359	1359	1359	1359.0	0.667	0.0
FAM_P122	P	6	6	100.0%	core	P1T1	945	945	945	945.0	0.667	0.0
FAM_P123	P	6	6	100.0%	core	P1TZ	2016	2016	2016	2016.0	0.833	0.0
FAM_P124	P	6	6	100.0%	core	P1V5	1188	1188	1188	1188.0	0.667	0.0
FAM_P125	P	5	5	83.3%	accessory	P1W1	948	948	948	948.0	0.600	0.0
FAM_P126	P	6	6	100.0%	core	P1WX	1275	1275	1275	1275.0	0.833	0.0
FAM_P127	P	5	5	83.3%	accessory	P1XP	1203	1203	1203	1203.0	0.600	0.0
FAM_P128	P	6	6	100.0%	core	P1YK	576	576	576	576.0	0.167	0.0
FAM_P129	P	6	6	100.0%	core	P1ZH	1362	1362	1362	1362.0	0.667	0.0
FAM_P130	P	6	6	100.0%	core	P212	2145	2145	2145	2145.0	0.833	0.0
FAM_P131	P	6	6	100.0%	core	P21Y	1134	1134	1134	1134.0	0.667	0.0
FAM_P132	P	6	6	100.0%	core	P22W	762	762	762	762.0	0.667	0.0
FAM_P133	P	6	6	100.0%	core	P23P	786	786	786	786.0	0.833	0.0
FAM_P134	P	5	5	83.3%	accessory	P26N	1401	1401	1401	1401.0	0.600	0.0
FAM_P135	P	6	6	100.0%	core	P28A	708	708	708	708.0	0.667	0.0
FAM_P136	P	6	6	100.0%	core	P2A3	828	828	828	828.0	0.667	0.0
FAM_P137	P	6	6	100.0%	core	P2AU	654	654	654	654.0	0.667	0.0
FAM_P138	P	6	6	100.0%	core	P2BW	2352	2352	2352	2352.0	0.833	0.0
FAM_P139	P	6	6	100.0%	core	P2CS	2295	2295	2295	2295.0	0.667	0.0
FAM_P140	P	6	6	100.0%	core	P2DQ	1041	1041	1041	1041.0	0.667	0.0
FAM_P141	P	6	6	100.0%	core	P2FP	690	690	690	690.0	0.667	0.0
FAM_P142	P	6	6	100.0%	core	P2GL	243	243	243	243.0	0.667	0.0
FAM_P143	P	6	6	100.0%	core	P2HH	426	426	426	426.0	0.667	0.0
FAM_P144	P	3	3	50.0%	accessory	P6IC	195	195	195	195.0	0.667	0.0
FAM_P145	P	6	6	100.0%	core	P2KQ	2322	2322	2322	2322.0	0.833	0.0
FAM_P146	P	6	6	100.0%	core	P2MP	402	402	402	402.0	0.667	0.0
FAM_P147	P	6	6	100.0%	core	P2NH	531	531	531	531.0	0.667	0.0
FAM_P148	P	6	6	100.0%	core	P2O8	2619	2619	2619	2619.0	0.667	0.0
FAM_P149	P	6	6	100.0%	core	P2OZ	2070	2070	2070	2070.0	0.833	0.0
FAM_P150	P	6	6	100.0%	core	P2Q4	363	363	465	380.0	0.667	1734.0
FAM_P151	P	4	4	66.7%	accessory	P6RD	798	798	798	798.0	0.750	0.0
FAM_P152	P	6	6	100.0%	core	P2T5	1647	1647	1647	1647.0	0.667	0.0
FAM_P153	P	6	6	100.0%	core	P2TX	1542	1542	1542	1542.0	0.667	0.0
FAM_P154	P	6	6	100.0%	core	P2UT	894	891	975	907.0	0.667	1111.2
FAM_P155	P	6	6	100.0%	core	P2VP	825	825	825	825.0	0.667	0.0
FAM_P156	P	6	6	100.0%	core	P2WJ	489	489	489	489.0	0.667	0.0
FAM_P157	P	5	5	83.3%	accessory	P2XF	1386	1386	1386	1386.0	0.600	0.0
FAM_P158	P	6	6	100.0%	core	P2Y8	1260	1260	1260	1260.0	0.667	0.0
FAM_P159	P	6	6	100.0%	core	P2Z1	531	531	531	531.0	0.667	0.0
FAM_P160	P	6	6	100.0%	core	P30N	1065	1065	1065	1065.0	0.667	0.0
FAM_P161	P	6	6	100.0%	core	P32D	357	357	357	357.0	0.667	0.0
FAM_P162	P	6	6	100.0%	core	P35Y	639	639	639	639.0	0.833	0.0
FAM_P163	P	6	6	100.0%	core	P36T	555	555	558	556.0	0.667	2.4
FAM_P164	P	3	3	50.0%	accessory	P7CF	6342	6342	6342	6342.0	0.667	0.0
FAM_P165	P	6	6	100.0%	core	P3A3	258	258	267	262.5	0.833	24.3
FAM_P166	P	6	6	100.0%	core	P3AZ	678	678	678	678.0	0.833	0.0
FAM_P167	P	6	6	100.0%	core	P3BV	690	690	690	690.0	0.833	0.0
FAM_P168	P	6	6	100.0%	core	P3CS	951	951	951	951.0	0.833	0.0
FAM_P169	P	6	6	100.0%	core	P1L	2907	2907	2907	2907.0	0.667	0.0
FAM_P170	P	6	6	100.0%	core	P2H	921	921	921	921.0	0.667	0.0
FAM_P171	P	6	6	100.0%	core	P3D	663	663	663	663.0	0.667	0.0
FAM_P172	P	6	6	100.0%	core	P3GC	801	801	801	801.0	0.667	0.0
FAM_P173	P	6	6	100.0%	core	P3J0	294	294	294	294.0	0.667	0.0
FAM_P174	P	19	3	50.0%	accessory	P3KS	381	381	381	381.0	0.211	0.0
FAM_P175	P	6	6	100.0%	core	P3MK	3075	3075	3075	3075.0	0.667	0.0
FAM_P176	P	6	6	100.0%	core	P3NG	309	309	309	309.0	0.500	0.0
FAM_P177	P	6	6	100.0%	core	P3P8	2355	2355	2355	2355.0	0.833	0.0
FAM_P178	P	6	6	100.0%	core	P3Q4	606	606	606	606.0	0.667	0.0
FAM_P179	P	6	6	100.0%	core	P3R0	594	594	594	594.0	0.667	0.0
FAM_P180	P	6	6	100.0%	core	P3RW	867	867	867	867.0	0.667	0.0
FAM_P181	P	6	6	100.0%	core	P3TN	1464	1464	1464	1464.0	0.833	0.0
FAM_P182	P	6	6	100.0%	core	P3VF	765	765	765	765.0	0.667	0.0
FAM_P183	P	6	6	100.0%	core	P3X7	942	942	942	942.0	0.667	0.0
FAM_P184	P	6	6	100.0%	core	P3ZV	261	261	261	261.0	0.500	0.0
FAM_P185	P	6	6	100.0%	core	P40R	912	912	912	912.0	0.667	0.0
FAM_P186	P	4	2	33.3%	accessory	P457	747	741	747	744.0	0.500	12.0
FAM_P187	P	6	6	100.0%	core	P470	1074	1074	1074	1074.0	0.667	0.0
FAM_P188	P	6	4	66.7%	accessory	P47W	165	165	165	165.0	0.500	0.0
FAM_P189	P	4	4	66.7%	accessory	P4CC	957	957	957	957.0	0.500	0.0
FAM_P190	P	6	6	100.0%	core	P4E4	333	333	333	333.0	0.667	0.0
FAM_P191	P	4	4	66.7%	accessory	P4F0	1206	1206	1206	1206.0	0.750	0.0
FAM_P192	P	6	6	100.0%	core	P4FW	1305	1305	1305	1305.0	0.667	0.0
FAM_P193	P	6	2	33.3%	accessory	P4GS	105	105	105	105.0	0.333	0.0
FAM_P194	P	5	2	33.3%	accessory	P4OD	3081	3081	3081	3081.0	0.600	0.0
FAM_P195	P	7	5	83.3%	accessory	P48W	294	294	294	294.0	0.714	0.0
FAM_P196	P	6	6	100.0%	core	P4M4	354	354	354	354.0	0.667	0.0
FAM_P197	P	6	6	100.0%	core	P4N0	399	399	399	399.0	0.667	0.0
FAM_P198	P	21	3	50.0%	accessory	P3KT	348	348	348	348.0	0.143	0.0
FAM_P199	P	6	6	100.0%	core	P4PO	327	327	327	327.0	0.667	0.0
FAM_P200	P	2	2	33.3%	accessory	P7GW	9510	9510	9510	9510.0	1.000	0.0
SING_PFGK	P	1	1	16.7%	accessory	PFGK	2352	2352	2352	2352.0	1.000	0.0
SING_PFIC	P	1	1	16.7%	accessory	PFIC	93	93	93	93.0	1.000	0.0
FAM_P201	P	6	6	100.0%	core	P2I3	702	702	702	702.0	0.167	0.0
SING_PFS4	P	1	1	16.7%	accessory	PFS4	831	831	831	831.0	1.000	0.0
FAM_P202	P	2	2	33.3%	accessory	P82P	606	606	606	606.0	1.000	0.0
SING_PG9W	P	1	1	16.7%	accessory	PG9W	1275	1275	1275	1275.0	1.000	0.0
FAM_P203	P	6	6	100.0%	core	P1WM	153	153	153	153.0	0.500	0.0
SING_PGQS	P	1	1	16.7%	accessory	PGQS	309	309	309	309.0	1.000	0.0
FAM_P204	P	6	6	100.0%	core	P1HU	852	852	852	852.0	0.833	0.0
FAM_P205	P	6	6	100.0%	core	P14I	216	216	216	216.0	0.500	0.0
SING_PH8K	P	1	1	16.7%	accessory	PH8K	297	297	297	297.0	1.000	0.0
SING_PHC4	P	1	1	16.7%	accessory	PHC4	309	309	309	309.0	1.000	0.0
SING_PHES	P	1	1	16.7%	accessory	PHES	375	375	375	375.0	1.000	0.0
SING_PHMS	P	1	1	16.7%	accessory	PHMS	504	504	504	504.0	1.000	0.0
SING_PHNO	P	1	1	16.7%	accessory	PHNO	996	996	996	996.0	1.000	0.0
SING_PHT0	P	1	1	16.7%	accessory	PHT0	1698	1698	1698	1698.0	1.000	0.0
SING_PHXG	P	1	1	16.7%	accessory	PHXG	2349	2349	2349	2349.0	1.000	0.0
FAM_P206	P	6	6	100.0%	core	P4JA	363	177	363	332.0	0.500	5766.0
FAM_P207	P	4	4	66.7%	accessory	P3KX	927	927	927	927.0	1.000	0.0
SING_PI6C	P	1	1	16.7%	accessory	PI6C	210	210	210	210.0	1.000	0.0
FAM_P208	P	2	2	33.3%	accessory	PAHC	1260	1245	1260	1252.5	1.000	112.5
FAM_P209	P	6	6	100.0%	core	P325	243	243	243	243.0	0.667	0.0
SING_PIN8	P	1	1	16.7%	accessory	PIN8	525	525	525	525.0	1.000	0.0
FAM_P210	P	2	2	33.3%	accessory	PIX0	2682	2682	2682	2682.0	0.500	0.0
FAM_P211	P	2	2	33.3%	accessory	PIXW	921	921	921	921.0	0.500	0.0
SING_PIZO	P	1	1	16.7%	accessory	PIZO	2040	2040	2040	2040.0	1.000	0.0
FAM_P212	P	2	2	33.3%	accessory	P9J8	828	828	828	828.0	1.000	0.0
SING_PJ8K	P	1	1	16.7%	accessory	PJ8K	213	213	213	213.0	1.000	0.0
SING_PJ9G	P	1	1	16.7%	accessory	PJ9G	258	258	258	258.0	1.000	0.0
SING_PJAC	P	1	1	16.7%	accessory	PJAC	474	474	474	474.0	1.000	0.0
FAM_P213	P	6	6	100.0%	core	P2SZ	2415	2415	2415	2415.0	0.667	0.0
FAM_P214	P	3	3	50.0%	accessory	P2PJ	1278	1278	1278	1278.0	1.000	0.0
FAM_P215	P	6	6	100.0%	core	P2ON	699	699	699	699.0	0.667	0.0
FAM_P216	P	6	6	100.0%	core	P2NT	1398	1398	1398	1398.0	0.667	0.0
SING_PJIC	P	1	1	16.7%	accessory	PJIC	1449	1449	1449	1449.0	1.000	0.0
FAM_P217	P	6	6	100.0%	core	P2KF	2136	2124	2136	2130.0	0.667	43.2
FAM_P218	P	6	6	100.0%	core	P2JJ	2544	2544	2544	2544.0	0.667	0.0
FAM_P219	P	3	3	50.0%	accessory	P2IN	462	462	462	462.0	0.667	0.0
FAM_P220	P	6	6	100.0%	core	P2GW	222	222	222	222.0	0.667	0.0
FAM_P221	P	6	6	100.0%	core	P2G0	1368	1368	1368	1368.0	0.667	0.0
FAM_P222	P	6	6	100.0%	core	P2DA	456	456	1134	1021.0	0.833	76614.0
FAM_P223	P	6	6	100.0%	core	P2CG	300	300	300	300.0	0.500	0.0
FAM_P224	P	6	6	100.0%	core	P2BK	1842	1842	1842	1842.0	0.833	0.0
FAM_P225	P	6	6	100.0%	core	P29Q	288	288	288	288.0	0.500	0.0
FAM_P226	P	6	6	100.0%	core	P28R	276	276	276	276.0	0.500	0.0
FAM_P227	P	6	6	100.0%	core	P27V	1020	1020	1020	1020.0	0.667	0.0
FAM_P228	P	8	2	33.3%	accessory	P1TM	1113	1113	1113	1113.0	0.250	0.0
FAM_P229	P	6	6	100.0%	core	P25K	762	762	762	762.0	0.667	0.0
FAM_P230	P	6	6	100.0%	core	P24O	918	918	918	918.0	0.667	0.0
FAM_P231	P	6	6	100.0%	core	P23S	672	672	672	672.0	0.667	0.0
FAM_P232	P	6	6	100.0%	core	P22X	1050	1050	1050	1050.0	0.667	0.0
FAM_P233	P	6	6	100.0%	core	P221	1014	1014	1014	1014.0	0.833	0.0
FAM_P234	P	6	6	100.0%	core	P213	960	960	960	960.0	0.667	0.0
SING_PK5G	P	1	1	16.7%	accessory	PK5G	327	327	327	327.0	1.000	0.0
FAM_P235	P	6	6	100.0%	core	P1VQ	699	699	699	699.0	0.667	0.0
FAM_P236	P	6	6	100.0%	core	P1UL	450	450	450	450.0	0.667	0.0
FAM_P237	P	6	6	100.0%	core	P1RR	279	279	279	279.0	0.667	0.0
FAM_P238	P	6	6	100.0%	core	P1QV	651	651	651	651.0	0.667	0.0
FAM_P239	P	6	6	100.0%	core	P1PZ	858	858	858	858.0	0.667	0.0
FAM_P240	P	6	6	100.0%	core	P1P3	723	723	723	723.0	0.667	0.0
FAM_P241	P	6	6	100.0%	core	P1O7	618	618	618	618.0	0.667	0.0
FAM_P242	P	6	6	100.0%	core	P1NA	1692	1692	1692	1692.0	0.667	0.0
SING_PKLG	P	1	1	16.7%	accessory	PKLG	1302	1302	1302	1302.0	1.000	0.0
FAM_P243	P	11	6	100.0%	core	P1IN	447	447	477	474.3	0.727	81.8
FAM_P244	P	3	3	50.0%	accessory	P8XP	1116	1074	1116	1102.0	1.000	588.0
FAM_P245	P	6	6	100.0%	core	P1G2	1425	1425	1425	1425.0	0.667	0.0
SING_PKPW	P	1	1	16.7%	accessory	PKPW	387	387	387	387.0	1.000	0.0
FAM_P246	P	6	6	100.0%	core	P1EL	2061	2061	2061	2061.0	0.667	0.0
FAM_P247	P	6	6	100.0%	core	P1DQ	579	579	579	579.0	0.667	0.0
FAM_P248	P	6	6	100.0%	core	P1CU	885	885	885	885.0	0.667	0.0
FAM_P249	P	6	6	100.0%	core	P1B2	198	198	198	198.0	0.167	0.0
FAM_P250	P	6	6	100.0%	core	P1A6	189	189	219	194.0	0.667	150.0
FAM_P251	P	6	6	100.0%	core	P19A	648	648	648	648.0	0.667	0.0
FAM_P252	P	6	6	100.0%	core	P18E	1593	1593	1593	1593.0	0.667	0.0
FAM_P253	P	6	6	100.0%	core	P17J	615	615	615	615.0	0.667	0.0
FAM_P254	P	8	6	100.0%	core	P13Y	570	123	570	426.8	0.625	38172.2
FAM_P255	P	5	5	83.3%	accessory	P10U	810	810	810	810.0	0.800	0.0
FAM_P256	P	6	6	100.0%	core	P4QV	1083	969	1083	1064.0	0.833	2166.0
FAM_P257	P	6	6	100.0%	core	P4LI	1419	1419	1419	1419.0	0.667	0.0
FAM_P258	P	4	4	66.7%	accessory	P9IX	681	681	1524	1313.2	1.000	177662.2
FAM_P259	P	6	6	100.0%	core	P4I6	1122	1122	1122	1122.0	0.667	0.0
FAM_P260	P	6	6	100.0%	core	P4FJ	810	810	810	810.0	0.667	0.0
FAM_P261	P	6	6	100.0%	core	P4EN	561	561	561	561.0	0.667	0.0
FAM_P262	P	9	4	66.7%	accessory	P1L1	300	300	300	300.0	0.333	0.0
FAM_P263	P	6	6	100.0%	core	P474	1173	1173	1173	1173.0	0.667	0.0
FAM_P264	P	3	3	50.0%	accessory	PHNR	909	909	909	909.0	0.667	0.0
FAM_P265	P	6	6	100.0%	core	P41Y	831	831	831	831.0	0.667	0.0
FAM_P266	P	3	2	33.3%	accessory	P9WJ	171	171	189	183.0	0.667	108.0
FAM_P267	P	3	3	50.0%	accessory	PHTT	258	258	258	258.0	0.667	0.0
FAM_P268	P	6	6	100.0%	core	P3RJ	1236	1236	1236	1236.0	0.667	0.0
FAM_P269	P	6	6	100.0%	core	P3QF	795	795	795	795.0	0.667	0.0
FAM_P270	P	6	6	100.0%	core	P3OL	978	978	978	978.0	0.667	0.0
FAM_P271	P	6	6	100.0%	core	P3NK	1416	1416	1416	1416.0	0.667	0.0
FAM_P272	P	6	6	100.0%	core	P3ML	1092	1092	1092	1092.0	0.667	0.0
SING_PLYC	P	1	1	16.7%	accessory	PLYC	1404	1404	1404	1404.0	1.000	0.0
FAM_P273	P	6	6	100.0%	core	P3GF	1425	1425	1425	1425.0	0.667	0.0
FAM_P274	P	6	6	100.0%	core	P3FJ	441	441	441	441.0	0.667	0.0
FAM_P275	P	6	6	100.0%	core	P2K	1152	1152	1152	1152.0	0.667	0.0
FAM_P276	P	6	6	100.0%	core	P1O	1503	1503	1503	1503.0	0.667	0.0
SING_PM90	P	1	1	16.7%	accessory	PM90	957	957	957	957.0	1.000	0.0
FAM_P277	P	6	6	100.0%	core	P36V	1344	1344	1344	1344.0	0.667	0.0
FAM_P278	P	6	6	100.0%	core	P353	360	360	360	360.0	0.667	0.0
FAM_P279	P	6	6	100.0%	core	P347	630	630	651	637.0	0.667	117.6
FAM_P280	P	4	4	66.7%	accessory	P33B	891	891	891	891.0	0.750	0.0
FAM_P281	P	6	6	100.0%	core	P32F	537	537	537	537.0	0.667	0.0
FAM_P282	P	4	4	66.7%	accessory	P31J	1476	1476	1476	1476.0	0.500	0.0
FAM_P283	P	6	6	100.0%	core	P2ZR	777	774	777	776.0	0.667	2.4
FAM_P284	P	6	6	100.0%	core	P2YV	1509	1509	1509	1509.0	0.667	0.0
FAM_P285	P	6	6	100.0%	core	P2XY	2415	2415	2415	2415.0	0.667	0.0
FAM_P286	P	6	6	100.0%	core	P2X2	633	633	633	633.0	0.667	0.0
FAM_P287	P	6	6	100.0%	core	P2W6	900	900	900	900.0	0.667	0.0
FAM_P288	P	6	6	100.0%	core	P2VA	1131	1131	1131	1131.0	0.667	0.0
FAM_P289	P	3	3	50.0%	accessory	P2TI	1170	1170	1170	1170.0	0.667	0.0
SING_PMQS	P	1	1	16.7%	accessory	PMQS	1554	1554	1554	1554.0	1.000	0.0
SING_PMRO	P	1	1	16.7%	accessory	PMRO	390	390	390	390.0	1.000	0.0
SING_PMTG	P	1	1	16.7%	accessory	PMTG	333	333	333	333.0	1.000	0.0
FAM_P290	P	2	2	33.3%	accessory	PIXV	936	936	936	936.0	0.500	0.0
FAM_P291	P	2	2	33.3%	accessory	PIWZ	951	951	951	951.0	0.500	0.0
FAM_P292	P	6	6	100.0%	core	P2T	1203	1203	1203	1203.0	0.667	0.0
FAM_P293	P	6	6	100.0%	core	P3GN	726	726	726	726.0	0.667	0.0
FAM_P294	P	4	4	66.7%	accessory	P85	102	102	102	102.0	0.500	0.0
FAM_P295	P	6	6	100.0%	core	P3NY	3144	3144	3147	3145.0	0.667	2.4
FAM_P296	P	6	6	100.0%	core	P3OY	330	330	330	330.0	0.500	0.0
FAM_P297	P	6	6	100.0%	core	P3PU	3150	3150	3150	3150.0	0.667	0.0
FAM_P298	P	5	4	66.7%	accessory	P16D	570	546	570	550.8	0.800	115.2
FAM_P299	P	6	6	100.0%	core	P41O	732	732	732	732.0	0.667	0.0
FAM_P300	P	6	6	100.0%	core	P42N	1293	1293	1293	1293.0	0.667	0.0
FAM_P301	P	6	6	100.0%	core	P44E	1041	1041	1041	1041.0	0.667	0.0
FAM_P302	P	6	6	100.0%	core	P4EG	576	576	576	576.0	0.667	0.0
FAM_P303	P	6	6	100.0%	core	P4FC	174	174	174	174.0	0.167	0.0
FAM_P304	P	4	4	66.7%	accessory	P9MT	789	789	789	789.0	0.750	0.0
SING_PV9	P	1	1	16.7%	accessory	PV9	630	630	630	630.0	1.000	0.0
FAM_P305	P	6	6	100.0%	core	P4KZ	720	720	720	720.0	0.667	0.0
FAM_P306	P	6	6	100.0%	core	P4PJ	591	591	591	591.0	0.667	0.0
FAM_P307	P	9	6	100.0%	core	P4QK	375	375	1680	1109.0	0.778	297886.5
FAM_P308	P	6	6	100.0%	core	P139	171	171	171	171.0	0.500	0.0
FAM_P309	P	6	6	100.0%	core	P145	1389	1389	1389	1389.0	0.667	0.0
FAM_P310	P	6	6	100.0%	core	P151	198	198	198	198.0	0.667	0.0
FAM_P311	P	6	6	100.0%	core	P15X	900	819	900	886.5	0.833	1093.5
FAM_P312	P	6	6	100.0%	core	P17P	309	309	309	309.0	0.667	0.0
FAM_P313	P	6	6	100.0%	core	P18L	579	579	579	579.0	0.667	0.0
FAM_P314	P	6	6	100.0%	core	P19H	1026	1026	1026	1026.0	0.667	0.0
FAM_P315	P	6	6	100.0%	core	P1AD	867	867	867	867.0	0.667	0.0
FAM_P316	P	6	6	100.0%	core	P1B9	930	930	930	930.0	0.667	0.0
FAM_P317	P	6	6	100.0%	core	P1C5	1536	1536	1536	1536.0	0.667	0.0
FAM_P318	P	6	6	100.0%	core	P1ID	1080	1080	1080	1080.0	0.500	0.0
FAM_P319	P	6	6	100.0%	core	P1MT	999	999	999	999.0	0.667	0.0
FAM_P320	P	6	6	100.0%	core	P1NP	345	345	345	345.0	0.667	0.0
FAM_P321	P	6	6	100.0%	core	P1Z	1401	1401	1401	1401.0	0.667	0.0
FAM_P322	P	6	6	100.0%	core	P2V	441	441	441	441.0	0.667	0.0
FAM_P323	P	3	3	50.0%	accessory	P3R	741	741	741	741.0	0.667	0.0
FAM_P324	P	6	6	100.0%	core	P3GP	1197	1197	1197	1197.0	0.667	0.0
FAM_P325	P	6	6	100.0%	core	P3HL	915	915	915	915.0	0.667	0.0
SING_P7B	P	1	1	16.7%	accessory	P7B	1143	1143	1143	1143.0	1.000	0.0
FAM_P326	P	6	6	100.0%	core	P3MA	1452	1452	1452	1452.0	0.833	0.0
FAM_P327	P	6	6	100.0%	core	P3N7	768	768	768	768.0	0.667	0.0
FAM_P328	P	6	6	100.0%	core	P3O0	690	690	690	690.0	0.667	0.0
FAM_P329	P	6	6	100.0%	core	P3P0	1992	1992	1992	1992.0	0.667	0.0
FAM_P330	P	6	6	100.0%	core	P41R	717	717	717	717.0	0.667	0.0
FAM_P331	P	6	6	100.0%	core	P43J	648	648	648	648.0	0.667	0.0
FAM_P332	P	6	6	100.0%	core	P44G	630	630	630	630.0	0.667	0.0
FAM_P333	P	4	4	66.7%	accessory	P9RV	174	174	174	174.0	0.500	0.0
FAM_P334	P	6	6	100.0%	core	P4AE	1326	1326	1326	1326.0	0.667	0.0
FAM_P335	P	6	6	100.0%	core	P4EI	114	114	114	114.0	0.500	0.0
FAM_P336	P	6	6	100.0%	core	P4FE	954	954	954	954.0	0.667	0.0
FAM_P337	P	6	6	100.0%	core	P4G8	1047	1047	1047	1047.0	0.667	0.0
FAM_P338	P	6	6	100.0%	core	P4L1	1299	1299	1299	1299.0	0.667	0.0
FAM_P339	P	6	6	100.0%	core	P4MW	1461	1461	1461	1461.0	0.667	0.0
FAM_P340	P	6	6	100.0%	core	P4QO	882	882	882	882.0	0.667	0.0
FAM_P341	P	6	6	100.0%	core	P11J	435	435	435	435.0	0.667	0.0
FAM_P342	P	5	5	83.3%	accessory	P12F	2307	2307	2307	2307.0	0.800	0.0
FAM_P343	P	5	5	83.3%	accessory	P13B	438	438	438	438.0	0.600	0.0
FAM_P344	P	6	6	100.0%	core	P15Z	96	96	96	96.0	0.500	0.0
SING_P16V	P	1	1	16.7%	accessory	P16V	228	228	228	228.0	1.000	0.0
FAM_P345	P	6	6	100.0%	core	P17R	330	330	330	330.0	0.667	0.0
FAM_P346	P	6	6	100.0%	core	P1BB	861	861	861	861.0	0.667	0.0
FAM_P347	P	6	6	100.0%	core	P1IF	543	543	546	543.5	0.500	1.5
FAM_P348	P	8	6	100.0%	core	P1LZ	2280	732	2280	1705.1	0.750	467681.0
FAM_P349	P	6	6	100.0%	core	P1MV	1158	1158	1158	1158.0	0.667	0.0
FAM_P350	P	6	6	100.0%	core	P1NR	696	696	696	696.0	0.833	0.0
FAM_P351	P	6	6	100.0%	core	P1PJ	1206	1206	1206	1206.0	0.667	0.0
FAM_P352	P	6	6	100.0%	core	P1QF	1842	1842	1842	1842.0	0.833	0.0
FAM_P353	P	6	6	100.0%	core	P1RB	783	783	783	783.0	0.667	0.0
FAM_P354	P	6	6	100.0%	core	P1S7	2145	2145	2145	2145.0	0.833	0.0
SING_P1UV	P	1	1	16.7%	accessory	P1UV	528	528	528	528.0	1.000	0.0
SING_P207	P	1	1	16.7%	accessory	P207	315	315	315	315.0	1.000	0.0
FAM_P355	P	6	6	100.0%	core	P29Z	1188	1188	1188	1188.0	0.667	0.0
FAM_P356	P	4	4	66.7%	accessory	P2DJ	2517	2517	2517	2517.0	0.500	0.0
FAM_P357	P	6	6	100.0%	core	P2EF	1944	1944	1944	1944.0	0.667	0.0
FAM_P358	P	6	6	100.0%	core	P2FB	2337	2337	2337	2337.0	0.667	0.0
FAM_P359	P	6	6	100.0%	core	P2G7	933	930	933	932.0	0.667	2.4
FAM_P360	P	6	6	100.0%	core	P1HP	696	696	696	696.0	0.833	0.0
FAM_P361	P	6	6	100.0%	core	P1FY	351	351	351	351.0	0.667	0.0
SING_PKPY	P	1	1	16.7%	accessory	PKPY	711	711	711	711.0	1.000	0.0
FAM_P362	P	6	6	100.0%	core	P1EJ	657	657	657	657.0	0.667	0.0
FAM_P363	P	6	6	100.0%	core	P1DO	180	180	180	180.0	0.500	0.0
FAM_P364	P	6	6	100.0%	core	P1B0	984	984	984	984.0	0.833	0.0
FAM_P365	P	6	6	100.0%	core	P1A4	1488	1488	1488	1488.0	0.833	0.0
FAM_P366	P	6	6	100.0%	core	P198	1098	1098	1098	1098.0	0.667	0.0
FAM_P367	P	6	6	100.0%	core	P18C	768	768	768	768.0	0.667	0.0
FAM_P368	P	5	5	83.3%	accessory	P10S	216	216	216	216.0	0.400	0.0
FAM_P369	P	4	4	66.7%	accessory	P9IZ	267	267	267	267.0	0.750	0.0
FAM_P370	P	6	6	100.0%	core	P4I4	1137	1137	1137	1137.0	0.667	0.0
FAM_P371	P	6	6	100.0%	core	P4FH	237	237	237	237.0	0.333	0.0
FAM_P372	P	6	6	100.0%	core	P4EL	246	246	246	246.0	0.500	0.0
FAM_P373	P	2	1	16.7%	accessory	PLIE	531	531	531	531.0	0.500	0.0
FAM_P374	P	6	6	100.0%	core	P3RH	1146	1146	1146	1146.0	0.667	0.0
SING_PLYE	P	1	1	16.7%	accessory	PLYE	927	927	927	927.0	1.000	0.0
SING_PLZA	P	1	1	16.7%	accessory	PLZA	219	219	219	219.0	1.000	0.0
FAM_P375	P	6	6	100.0%	core	P3H8	459	459	546	517.0	0.667	2018.4
SING_PM92	P	1	1	16.7%	accessory	PM92	1128	1128	1128	1128.0	1.000	0.0
FAM_P376	P	2	2	33.3%	accessory	P2TG	588	588	588	588.0	0.500	0.0
SING_PMP2	P	1	1	16.7%	accessory	PMP2	1341	1341	1341	1341.0	1.000	0.0
SING_PMPY	P	1	1	16.7%	accessory	PMPY	816	816	816	816.0	1.000	0.0
FAM_P377	P	27	4	66.7%	accessory	P1G0	276	216	276	263.2	0.519	600.6
SING_PMRQ	P	1	1	16.7%	accessory	PMRQ	381	381	381	381.0	1.000	0.0
SING_PMTI	P	1	1	16.7%	accessory	PMTI	1260	1260	1260	1260.0	1.000	0.0
FAM_P378	P	2	2	33.3%	accessory	PIXT	522	522	522	522.0	0.500	0.0
FAM_P379	P	2	2	33.3%	accessory	PIWX	483	483	483	483.0	0.500	0.0
FAM_P380	P	6	6	100.0%	core	P3GR	153	153	153	153.0	0.333	0.0
SING_PIG6	P	1	1	16.7%	accessory	PIG6	3123	3123	3123	3123.0	1.000	0.0
FAM_P381	P	2	2	33.3%	accessory	PAPP	849	843	849	846.0	1.000	18.0
SING_PIME	P	1	1	16.7%	accessory	PIME	1005	1005	1005	1005.0	1.000	0.0
SING_PINA	P	1	1	16.7%	accessory	PINA	2376	2376	2376	2376.0	1.000	0.0
FAM_P382	P	2	2	33.3%	accessory	PIX2	1005	1005	1005	1005.0	0.500	0.0
FAM_P383	P	2	2	33.3%	accessory	PIXY	957	957	957	957.0	0.500	0.0
SING_PIZQ	P	1	1	16.7%	accessory	PIZQ	300	300	300	300.0	1.000	0.0
FAM_P384	P	2	2	33.3%	accessory	P9JA	858	858	858	858.0	1.000	0.0
FAM_P385	P	2	2	33.3%	accessory	PB4X	2631	2628	2631	2629.5	1.000	4.5
SING_PJ8M	P	1	1	16.7%	accessory	PJ8M	276	276	276	276.0	1.000	0.0
SING_PJ9I	P	1	1	16.7%	accessory	PJ9I	414	414	414	414.0	1.000	0.0
SING_PJAE	P	1	1	16.7%	accessory	PJAE	834	834	834	834.0	1.000	0.0
SING_PJBA	P	1	1	16.7%	accessory	PJBA	381	381	381	381.0	1.000	0.0
FAM_P386	P	6	6	100.0%	core	P2SX	813	813	813	813.0	0.667	0.0
FAM_P387	P	6	6	100.0%	core	P2S1	1392	1392	1392	1392.0	0.667	0.0
FAM_P388	P	4	4	66.7%	accessory	P2PH	468	465	468	467.2	0.750	2.2
FAM_P389	P	6	6	100.0%	core	P2OL	1692	1692	1692	1692.0	0.667	0.0
FAM_P390	P	6	6	100.0%	core	P2NR	825	825	825	825.0	0.667	0.0
SING_PJIE	P	1	1	16.7%	accessory	PJIE	927	927	927	927.0	1.000	0.0
FAM_P391	P	6	6	100.0%	core	P2M6	1059	1059	1059	1059.0	0.667	0.0
FAM_P392	P	6	6	100.0%	core	P2L9	1434	1434	1434	1434.0	0.667	0.0
FAM_P393	P	6	6	100.0%	core	P2JH	573	573	573	573.0	0.667	0.0
FAM_P394	P	3	3	50.0%	accessory	P2IL	984	975	984	981.0	0.667	27.0
FAM_P395	P	6	6	100.0%	core	P2HQ	435	435	435	435.0	0.667	0.0
FAM_P396	P	6	6	100.0%	core	P2FY	1128	1128	1128	1128.0	0.667	0.0
FAM_P397	P	6	6	100.0%	core	P2CE	306	306	306	306.0	0.667	0.0
FAM_P398	P	6	6	100.0%	core	P2BI	216	216	216	216.0	0.167	0.0
FAM_P399	P	6	6	100.0%	core	P29O	987	987	987	987.0	0.667	0.0
FAM_P400	P	6	6	100.0%	core	P28P	720	720	720	720.0	0.667	0.0
FAM_P401	P	6	6	100.0%	core	P27T	1080	1080	1080	1080.0	0.667	0.0
FAM_P402	P	6	6	100.0%	core	P26X	1734	1734	1734	1734.0	0.667	0.0
SING_PK5I	P	1	1	16.7%	accessory	PK5I	465	465	465	465.0	1.000	0.0
FAM_P403	P	6	6	100.0%	core	P1UJ	900	900	900	900.0	0.833	0.0
FAM_P404	P	6	6	100.0%	core	P1TL	1203	1203	1203	1203.0	0.667	0.0
FAM_P405	P	2	2	33.3%	accessory	PGRX	267	258	267	262.5	1.000	40.5
FAM_P406	P	6	6	100.0%	core	P1RP	1221	1221	1221	1221.0	0.667	0.0
FAM_P407	P	6	6	100.0%	core	P1QT	600	600	600	600.0	0.667	0.0
FAM_P408	P	6	6	100.0%	core	P1P1	1689	1554	1689	1644.0	0.667	4860.0
FAM_P409	P	6	6	100.0%	core	P1MD	1716	1716	1716	1716.0	0.667	0.0
SING_PKLI	P	1	1	16.7%	accessory	PKLI	807	807	807	807.0	1.000	0.0
SING_PB64	P	1	1	16.7%	accessory	PB64	207	207	207	207.0	1.000	0.0
FAM_P410	P	5	5	83.3%	accessory	P192	858	858	858	858.0	0.600	0.0
FAM_P411	P	6	6	100.0%	core	P1AU	465	465	465	465.0	0.667	0.0
FAM_P412	P	5	5	83.3%	accessory	P1DF	1125	1125	1125	1125.0	0.800	0.0
FAM_P413	P	6	6	100.0%	core	P1E9	1284	1284	1284	1284.0	0.667	0.0
FAM_P414	P	6	6	100.0%	core	P1F4	603	603	603	603.0	0.667	0.0
FAM_P415	P	5	4	66.7%	accessory	P1GY	480	114	480	384.0	0.800	25218.0
FAM_P416	P	6	6	100.0%	core	P1I2	798	798	798	798.0	0.833	0.0
FAM_P417	P	6	6	100.0%	core	P1T9	1698	1698	1698	1698.0	0.667	0.0
FAM_P418	P	6	6	100.0%	core	P1VD	480	480	480	480.0	0.833	0.0
FAM_P419	P	5	5	83.3%	accessory	P1W9	2013	2013	2013	2013.0	0.600	0.0
FAM_P420	P	6	6	100.0%	core	P1XW	3282	3282	3282	3282.0	0.833	0.0
FAM_P421	P	6	6	100.0%	core	P1YS	1038	1038	1038	1038.0	0.667	0.0
FAM_P422	P	3	3	50.0%	accessory	P5ZN	207	207	207	207.0	0.667	0.0
FAM_P423	P	6	6	100.0%	core	P21B	531	531	531	531.0	0.667	0.0
FAM_P424	P	6	6	100.0%	core	P226	768	768	768	768.0	0.667	0.0
FAM_P425	P	6	6	100.0%	core	P234	909	909	909	909.0	0.667	0.0
FAM_P426	P	7	6	100.0%	core	P2AA	1608	372	1608	1364.6	0.857	221986.3
FAM_P427	P	6	6	100.0%	core	P2B8	621	621	621	621.0	0.667	0.0
FAM_P428	P	6	6	100.0%	core	P2C4	966	966	966	966.0	0.667	0.0
FAM_P429	P	6	6	100.0%	core	P2CZ	1146	1146	1146	1146.0	0.833	0.0
FAM_P430	P	6	6	100.0%	core	P2DY	879	879	879	879.0	0.667	0.0
FAM_P431	P	6	6	100.0%	core	P2EU	552	552	552	552.0	0.667	0.0
FAM_P432	P	6	6	100.0%	core	P2HP	1332	1332	1332	1332.0	0.833	0.0
FAM_P433	P	6	6	100.0%	core	P2K2	759	759	759	759.0	0.667	0.0
FAM_P434	P	6	6	100.0%	core	P2KY	2394	2394	2394	2394.0	0.667	0.0
FAM_P435	P	3	3	50.0%	accessory	P6N0	360	360	360	360.0	0.667	0.0
FAM_P436	P	4	4	66.7%	accessory	P6NW	771	771	771	771.0	0.750	0.0
FAM_P437	P	2	2	33.3%	accessory	P6SH	747	747	747	747.0	0.500	0.0
FAM_P438	P	6	6	100.0%	core	P3FW	483	480	483	481.0	0.667	2.4
FAM_P439	P	3	3	50.0%	accessory	P3JG	294	294	294	294.0	0.667	0.0
FAM_P440	P	5	5	83.3%	accessory	P3M4	816	816	816	816.0	0.800	0.0
FAM_P441	P	6	6	100.0%	core	P3OS	1449	1449	1449	1449.0	0.667	0.0
FAM_P442	P	6	6	100.0%	core	P3PO	354	354	354	354.0	0.667	0.0
FAM_P443	P	3	3	50.0%	accessory	P3QK	1356	1356	1356	1356.0	0.667	0.0
FAM_P444	P	3	3	50.0%	accessory	P3SC	462	462	462	462.0	0.667	0.0
FAM_P445	P	6	6	100.0%	core	P3T8	2106	2106	2106	2106.0	0.667	0.0
FAM_P446	P	6	6	100.0%	core	P3U4	642	642	642	642.0	0.667	0.0
FAM_P447	P	6	6	100.0%	core	P3V0	1425	1425	1425	1425.0	0.667	0.0
FAM_P448	P	6	6	100.0%	core	P3VW	1482	1482	1482	1482.0	0.833	0.0
FAM_P449	P	3	3	50.0%	accessory	P3WS	423	423	423	423.0	0.667	0.0
FAM_P450	P	6	6	100.0%	core	P3ZG	714	714	714	714.0	0.833	0.0
FAM_P451	P	6	6	100.0%	core	P40C	921	921	921	921.0	0.667	0.0
FAM_P452	P	6	6	100.0%	core	P418	1686	1686	1686	1686.0	0.667	0.0
FAM_P453	P	6	6	100.0%	core	P424	1653	1653	1653	1653.0	0.667	0.0
FAM_P454	P	6	6	100.0%	core	P430	1284	1284	1284	1284.0	0.667	0.0
FAM_P455	P	6	6	100.0%	core	P46K	1794	1794	1794	1794.0	0.667	0.0
FAM_P456	P	4	2	33.3%	accessory	P48C	447	447	447	447.0	0.500	0.0
FAM_P457	P	3	3	50.0%	accessory	P4J0	1143	1143	1143	1143.0	0.667	0.0
FAM_P458	P	4	4	66.7%	accessory	P4JW	435	435	435	435.0	0.750	0.0
FAM_P459	P	6	6	100.0%	core	P4KS	660	660	660	660.0	0.667	0.0
FAM_P460	P	6	6	100.0%	core	P4LO	279	279	279	279.0	0.500	0.0
FAM_P461	P	6	6	100.0%	core	P4Q4	966	966	966	966.0	0.667	0.0
FAM_P462	P	6	6	100.0%	core	P103	1542	1542	1542	1542.0	0.667	0.0
FAM_P463	P	5	5	83.3%	accessory	P10V	2601	2250	2601	2530.8	0.800	24640.2
FAM_P464	P	6	4	66.7%	accessory	P177	1197	156	1281	644.0	0.667	242152.8
FAM_P465	P	2	2	33.3%	accessory	P5BG	960	960	960	960.0	0.500	0.0
FAM_P466	P	2	2	33.3%	accessory	P5GS	1119	1119	1119	1119.0	0.500	0.0
FAM_P467	P	6	6	100.0%	core	P1EB	1446	1446	1521	1471.0	0.667	1500.0
FAM_P468	P	6	6	100.0%	core	P1F6	741	741	741	741.0	0.667	0.0
FAM_P469	P	6	6	100.0%	core	P1HY	1005	1005	1005	1005.0	0.833	0.0
FAM_P470	P	6	6	100.0%	core	P1IR	195	195	195	195.0	0.500	0.0
FAM_P471	P	6	6	100.0%	core	P1KI	849	849	849	849.0	0.833	0.0
FAM_P472	P	6	6	100.0%	core	P1ON	2673	2673	2673	2673.0	0.833	0.0
FAM_P473	P	6	6	100.0%	core	P1TB	858	858	858	858.0	0.667	0.0
FAM_P474	P	6	6	100.0%	core	P1UA	1098	1098	1098	1098.0	0.667	0.0
FAM_P475	P	6	6	100.0%	core	P1VF	2280	2280	2280	2280.0	0.833	0.0
FAM_P476	P	6	6	100.0%	core	P1WB	1062	1062	1062	1062.0	0.667	0.0
FAM_P477	P	6	6	100.0%	core	P1XY	1254	1254	1254	1254.0	0.667	0.0
FAM_P478	P	6	6	100.0%	core	P1YU	699	699	699	699.0	0.667	0.0
FAM_P479	P	8	5	83.3%	accessory	P20G	4581	327	4587	2550.0	0.750	4735337.1
FAM_P480	P	6	6	100.0%	core	P21D	1539	1539	1539	1539.0	0.667	0.0
FAM_P481	P	6	6	100.0%	core	P228	1710	1710	1710	1710.0	0.667	0.0
FAM_P482	P	6	6	100.0%	core	P2BA	822	822	822	822.0	0.667	0.0
FAM_P483	P	6	6	100.0%	core	P2C6	552	552	552	552.0	0.833	0.0
FAM_P484	P	6	6	100.0%	core	P2D1	771	771	771	771.0	0.667	0.0
SING_PCTQ	P	1	1	16.7%	accessory	PCTQ	585	585	585	585.0	1.000	0.0
FAM_P485	P	6	6	100.0%	core	P2K4	837	837	837	837.0	0.667	0.0
FAM_P486	P	6	6	100.0%	core	P2LS	441	441	441	441.0	0.667	0.0
FAM_P487	P	6	6	100.0%	core	P2MU	1125	1125	1125	1125.0	0.667	0.0
FAM_P488	P	2	2	33.3%	accessory	P6SJ	222	222	222	222.0	0.500	0.0
FAM_P489	P	2	2	33.3%	accessory	P6TF	600	600	600	600.0	0.500	0.0
FAM_P490	P	2	2	33.3%	accessory	P6XV	300	300	300	300.0	0.500	0.0
FAM_P491	P	6	6	100.0%	core	P32N	1650	1650	1650	1650.0	0.667	0.0
FAM_P492	P	6	6	100.0%	core	P35C	969	969	969	969.0	0.667	0.0
FAM_P493	P	6	6	100.0%	core	P368	465	465	465	465.0	0.833	0.0
FAM_P494	P	6	6	100.0%	core	P373	957	957	957	957.0	0.833	0.0
FAM_P495	P	6	6	100.0%	core	P37Z	1503	1503	1503	1503.0	0.833	0.0
FAM_P496	P	6	6	100.0%	core	P3B9	1074	1074	1074	1074.0	0.833	0.0
FAM_P497	P	2	2	33.3%	accessory	P3FQ	591	591	591	591.0	0.500	0.0
FAM_P498	P	2	2	33.3%	accessory	P3K6	2334	2334	2334	2334.0	0.500	0.0
FAM_P499	P	2	2	33.3%	accessory	P3YD	213	213	213	213.0	0.500	0.0
FAM_P500	P	2	2	33.3%	accessory	P45H	240	240	240	240.0	0.500	0.0
FAM_P501	P	2	2	33.3%	accessory	P486	900	900	900	900.0	0.500	0.0
FAM_P502	P	2	2	33.3%	accessory	P492	1215	1215	1215	1215.0	0.500	0.0
FAM_P503	P	2	2	33.3%	accessory	P4AU	1620	1620	1620	1620.0	0.500	0.0
FAM_P504	P	2	2	33.3%	accessory	P4BQ	276	276	276	276.0	0.500	0.0
FAM_P505	P	4	4	66.7%	accessory	P4PY	3084	3084	3108	3096.0	0.750	192.0
FAM_P506	P	4	3	50.0%	accessory	P7GA	903	438	903	696.0	0.750	58866.0
FAM_P507	P	2	2	33.3%	accessory	P7FP	399	399	399	399.0	0.500	0.0
SING_PFGU	P	1	1	16.7%	accessory	PFGU	432	432	432	432.0	1.000	0.0
SING_PG0E	P	1	1	16.7%	accessory	PG0E	630	630	630	630.0	1.000	0.0
SING_PGA6	P	1	1	16.7%	accessory	PGA6	1230	1230	1230	1230.0	1.000	0.0
FAM_P508	P	6	6	100.0%	core	P1TF	1248	1248	1248	1248.0	0.833	0.0
FAM_P509	P	6	6	100.0%	core	P1LX	318	165	318	270.5	0.667	5459.1
SING_PGOE	P	1	1	16.7%	accessory	PGOE	1401	1401	1401	1401.0	1.000	0.0
SING_PGR2	P	1	1	16.7%	accessory	PGR2	426	426	426	426.0	1.000	0.0
SING_PGRY	P	1	1	16.7%	accessory	PGRY	510	510	510	510.0	1.000	0.0
FAM_P510	P	5	5	83.3%	accessory	P148	291	291	1101	777.0	0.600	196830.0
SING_PH8U	P	1	1	16.7%	accessory	PH8U	765	765	765	765.0	1.000	0.0
SING_PHE6	P	1	1	16.7%	accessory	PHE6	249	249	249	249.0	1.000	0.0
SING_PHN2	P	1	1	16.7%	accessory	PHN2	159	159	159	159.0	1.000	0.0
FAM_P511	P	6	6	100.0%	core	P3VB	327	327	327	327.0	0.667	0.0
FAM_P512	P	6	6	100.0%	core	P3RL	1668	1668	1668	1668.0	0.833	0.0
SING_PI9A	P	1	1	16.7%	accessory	PI9A	1272	1272	1272	1272.0	1.000	0.0
FAM_P513	P	8	6	100.0%	core	P3BC	1551	246	1551	1154.2	0.750	329401.9
SING_PINI	P	1	1	16.7%	accessory	PINI	1611	1611	1611	1611.0	1.000	0.0
FAM_P514	P	6	6	100.0%	core	P1OL	1056	1056	1056	1056.0	0.667	0.0
FAM_P515	P	6	6	100.0%	core	P1PH	804	753	804	787.0	0.667	693.6
FAM_P516	P	6	6	100.0%	core	P1QD	1458	1458	1458	1458.0	0.667	0.0
FAM_P517	P	6	6	100.0%	core	P1R9	717	717	717	717.0	0.667	0.0
FAM_P518	P	4	4	66.7%	accessory	P1S5	564	564	564	564.0	0.500	0.0
FAM_P519	P	6	6	100.0%	core	P1VP	201	201	201	201.0	0.167	0.0
FAM_P520	P	6	6	100.0%	core	P1WL	2244	2244	2244	2244.0	0.833	0.0
FAM_P521	P	4	4	66.7%	accessory	P21X	1440	1440	1440	1440.0	1.000	0.0
FAM_P522	P	6	6	100.0%	core	P24L	732	732	732	732.0	0.667	0.0
FAM_P523	P	6	6	100.0%	core	P25H	936	714	936	899.0	0.667	8214.0
FAM_P524	P	6	6	100.0%	core	P279	390	390	390	390.0	0.667	0.0
FAM_P525	P	6	6	100.0%	core	P285	1977	1977	1977	1977.0	0.667	0.0
FAM_P526	P	6	6	100.0%	core	P29X	426	426	426	426.0	0.667	0.0
FAM_P527	P	4	4	66.7%	accessory	P2DH	585	585	585	585.0	0.500	0.0
FAM_P528	P	6	6	100.0%	core	P2ED	1338	1338	1338	1338.0	0.833	0.0
FAM_P529	P	6	6	100.0%	core	P2F9	729	729	729	729.0	0.667	0.0
FAM_P530	P	6	6	100.0%	core	P2IT	2115	2115	2115	2115.0	0.667	0.0
FAM_P531	P	4	4	66.7%	accessory	P2JP	1023	1023	1023	1023.0	0.500	0.0
FAM_P532	P	6	6	100.0%	core	P2KL	1353	1353	1353	1353.0	0.667	0.0
FAM_P533	P	6	6	100.0%	core	P2LH	996	996	996	996.0	0.667	0.0
FAM_P534	P	6	6	100.0%	core	P2MD	2199	2199	2199	2199.0	0.667	0.0
FAM_P535	P	6	6	100.0%	core	P2N9	1353	1353	1353	1353.0	0.833	0.0
FAM_P536	P	6	6	100.0%	core	P2P1	300	300	309	301.5	0.667	13.5
FAM_P537	P	6	6	100.0%	core	P2PX	1392	1392	1392	1392.0	0.667	0.0
SING_P2QT	P	1	1	16.7%	accessory	P2QT	1260	1260	1260	1260.0	1.000	0.0
FAM_P538	P	6	6	100.0%	core	P2SL	1662	1662	1662	1662.0	0.667	0.0
FAM_P539	P	3	3	50.0%	accessory	P2TH	723	723	723	723.0	0.667	0.0
FAM_P540	P	6	6	100.0%	core	P2V9	675	675	675	675.0	0.667	0.0
FAM_P541	P	6	6	100.0%	core	P2W5	801	801	801	801.0	0.667	0.0
FAM_P542	P	6	6	100.0%	core	P2X1	2787	2787	2787	2787.0	0.667	0.0
FAM_P543	P	6	6	100.0%	core	P2XX	903	903	903	903.0	0.667	0.0
FAM_P544	P	6	6	100.0%	core	P2YT	747	747	747	747.0	0.667	0.0
FAM_P545	P	4	4	66.7%	accessory	P339	1533	1533	1533	1533.0	1.000	0.0
FAM_P546	P	6	6	100.0%	core	P345	1356	1356	1356	1356.0	0.667	0.0
FAM_P547	P	6	6	100.0%	core	P351	534	534	534	534.0	0.667	0.0
SING_P3AD	P	1	1	16.7%	accessory	P3AD	2721	2721	2721	2721.0	1.000	0.0
FAM_P548	P	6	6	100.0%	core	P3C5	777	777	777	777.0	0.833	0.0
FAM_P549	P	6	6	100.0%	core	P3D1	1554	1521	1554	1548.5	0.833	181.5
FAM_P550	P	3	3	50.0%	accessory	P3ID	225	225	225	225.0	0.667	0.0
FAM_P551	P	6	6	100.0%	core	P3J9	1056	1056	1056	1056.0	0.833	0.0
FAM_P552	P	5	5	83.3%	accessory	P3L1	858	687	858	823.8	0.800	5848.2
FAM_P553	P	3	3	50.0%	accessory	P3LX	411	411	411	411.0	0.667	0.0
FAM_P554	P	5	5	83.3%	accessory	P3MT	951	951	951	951.0	0.600	0.0
FAM_P555	P	6	6	100.0%	core	P3NP	525	510	525	522.5	0.667	37.5
FAM_P556	P	6	6	100.0%	core	P3PH	1773	1773	1773	1773.0	0.667	0.0
FAM_P557	P	6	6	100.0%	core	P3QD	1653	1653	1653	1653.0	0.667	0.0
FAM_P558	P	6	6	100.0%	core	P3R9	816	816	816	816.0	0.667	0.0
FAM_P559	P	6	6	100.0%	core	P3S5	2973	2973	2973	2973.0	0.833	0.0
FAM_P560	P	6	6	100.0%	core	P3TX	561	561	561	561.0	0.833	0.0
FAM_P561	P	6	6	100.0%	core	P3VP	1674	1674	1674	1674.0	0.833	0.0
FAM_P562	P	3	3	50.0%	accessory	P3WL	1281	1281	1281	1281.0	0.667	0.0
FAM_P563	P	6	6	100.0%	core	P3Z9	909	909	909	909.0	0.667	0.0
FAM_P564	P	6	6	100.0%	core	P405	504	504	504	504.0	0.667	0.0
FAM_P565	P	6	6	100.0%	core	P411	759	759	759	759.0	0.667	0.0
FAM_P566	P	6	6	100.0%	core	P41X	324	324	324	324.0	0.667	0.0
FAM_P567	P	5	5	83.3%	accessory	P42T	1431	1431	1431	1431.0	0.800	0.0
FAM_P568	P	19	2	33.3%	accessory	P46D	3474	216	3480	1847.4	0.526	992011.6
FAM_P569	P	6	6	100.0%	core	P49X	495	495	495	495.0	0.667	0.0
FAM_P570	P	5	3	50.0%	accessory	P4JP	1026	1026	1026	1026.0	0.400	0.0
FAM_P571	P	6	6	100.0%	core	P4KL	267	267	267	267.0	0.667	0.0
FAM_P572	P	13	2	33.3%	accessory	P4HG	2502	1224	2580	1770.9	0.538	397352.1
FAM_P573	P	4	4	66.7%	accessory	P4PX	1122	1122	1122	1122.0	0.750	0.0
FAM_P574	P	6	6	100.0%	core	P4QT	2268	2268	2268	2268.0	0.667	0.0
FAM_P575	P	6	2	33.3%	accessory	P4OK	336	336	576	496.0	0.500	15360.0
FAM_P576	P	4	4	66.7%	accessory	P12T	168	168	168	168.0	0.500	0.0
FAM_P577	P	5	5	83.3%	accessory	P15C	954	954	954	954.0	0.600	0.0
FAM_P578	P	6	6	100.0%	core	P165	687	687	687	687.0	0.667	0.0
FAM_P579	P	6	2	33.3%	accessory	P45N	315	315	315	315.0	0.500	0.0
FAM_P580	P	4	2	33.3%	accessory	P4ZP	189	189	189	189.0	0.500	0.0
FAM_P581	P	4	2	33.3%	accessory	P4NB	300	201	300	250.5	0.500	3267.0
FAM_P582	P	2	2	33.3%	accessory	P5B9	417	417	417	417.0	0.500	0.0
FAM_P583	P	3	3	50.0%	accessory	P5L1	582	582	582	582.0	0.667	0.0
FAM_P584	P	6	6	100.0%	core	P1MJ	948	948	951	950.0	0.667	2.4
FAM_P585	P	6	6	100.0%	core	P1N9	942	942	942	942.0	0.667	0.0
FAM_P586	P	6	6	100.0%	core	P1O6	663	663	663	663.0	0.667	0.0
FAM_P587	P	6	6	100.0%	core	P1P8	651	651	651	651.0	0.667	0.0
FAM_P588	P	6	6	100.0%	core	P1R0	1479	1479	1479	1479.0	0.667	0.0
FAM_P589	P	6	6	100.0%	core	P1RW	933	933	933	933.0	0.667	0.0
FAM_P590	P	6	6	100.0%	core	P1SW	1539	1539	1539	1539.0	0.833	0.0
FAM_P591	P	6	6	100.0%	core	P1VV	1035	1035	1035	1035.0	0.667	0.0
FAM_P592	P	6	6	100.0%	core	P1WR	1467	1467	1467	1467.0	0.667	0.0
FAM_P593	P	4	2	33.3%	accessory	P3Y5	744	744	744	744.0	0.500	0.0
FAM_P594	P	6	6	100.0%	core	P21S	780	780	780	780.0	0.667	0.0
FAM_P595	P	3	3	50.0%	accessory	P61X	1428	1428	1428	1428.0	0.667	0.0
FAM_P596	P	6	6	100.0%	core	P24C	1290	1290	1290	1290.0	0.667	0.0
FAM_P597	P	6	6	100.0%	core	P258	147	147	147	147.0	0.167	0.0
FAM_P598	P	3	3	50.0%	accessory	P65H	333	333	333	333.0	0.333	0.0
FAM_P599	P	5	5	83.3%	accessory	P26H	771	771	771	771.0	0.600	0.0
FAM_P600	P	6	6	100.0%	core	P27E	579	579	579	579.0	0.667	0.0
FAM_P601	P	4	4	66.7%	accessory	P685	732	732	732	732.0	0.500	0.0
FAM_P602	P	6	6	100.0%	core	P2BQ	333	333	333	333.0	0.667	0.0
FAM_P603	P	6	6	100.0%	core	P2CM	702	702	702	702.0	0.667	0.0
FAM_P604	P	6	6	100.0%	core	P2G6	1968	1968	1968	1968.0	0.833	0.0
FAM_P605	P	6	6	100.0%	core	P2HY	315	315	315	315.0	0.500	0.0
FAM_P606	P	6	6	100.0%	core	P2J8	219	219	219	219.0	0.500	0.0
FAM_P607	P	6	6	100.0%	core	P2KB	540	507	540	534.5	0.667	181.5
FAM_P608	P	6	6	100.0%	core	P2L5	327	327	327	327.0	0.667	0.0
FAM_P609	P	6	6	100.0%	core	P2LY	714	714	714	714.0	0.667	0.0
FAM_P610	P	6	6	100.0%	core	P2N1	1203	1194	1203	1201.5	0.833	13.5
FAM_P611	P	6	6	100.0%	core	P2OJ	1020	1020	1020	1020.0	0.667	0.0
FAM_P612	P	6	6	100.0%	core	P2PB	825	825	825	825.0	0.667	0.0
FAM_P613	P	6	6	100.0%	core	P2QE	822	822	822	822.0	0.833	0.0
FAM_P614	P	6	6	100.0%	core	P2RD	642	642	642	642.0	0.833	0.0
FAM_P615	P	6	6	100.0%	core	P2SE	1716	1716	1716	1716.0	0.833	0.0
FAM_P616	P	3	3	50.0%	accessory	P6V9	2409	2409	2409	2409.0	0.667	0.0
FAM_P617	P	6	6	100.0%	core	P2U9	1497	1497	1497	1497.0	0.833	0.0
FAM_P618	P	6	6	100.0%	core	P2V5	1131	1131	1131	1131.0	0.833	0.0
FAM_P619	P	6	6	100.0%	core	P2VZ	468	468	468	468.0	0.667	0.0
FAM_P620	P	6	6	100.0%	core	P2WV	270	270	270	270.0	0.667	0.0
FAM_P621	P	6	6	100.0%	core	P2XQ	942	942	942	942.0	0.833	0.0
FAM_P622	P	6	6	100.0%	core	P2YJ	903	903	903	903.0	0.667	0.0
FAM_P623	P	6	6	100.0%	core	P2Z9	2433	2433	2433	2433.0	0.667	0.0
FAM_P624	P	6	6	100.0%	core	P303	966	966	966	966.0	0.833	0.0
FAM_P625	P	6	6	100.0%	core	P310	444	444	444	444.0	0.667	0.0
FAM_P626	P	6	6	100.0%	core	P32Z	1680	1680	1680	1680.0	0.667	0.0
FAM_P627	P	6	6	100.0%	core	P33U	2229	2229	2229	2229.0	0.667	0.0
FAM_P628	P	6	6	100.0%	core	P34Q	477	477	477	477.0	0.667	0.0
FAM_P629	P	6	6	100.0%	core	P35O	1005	1005	1005	1005.0	0.667	0.0
FAM_P630	P	6	6	100.0%	core	P36J	639	639	639	639.0	0.667	0.0
FAM_P631	P	6	6	100.0%	core	P37F	1422	1422	1422	1422.0	0.833	0.0
FAM_P632	P	5	5	83.3%	accessory	P39V	393	393	393	393.0	0.800	0.0
FAM_P633	P	5	5	83.3%	accessory	P3AP	1362	1362	1362	1362.0	0.800	0.0
FAM_P634	P	6	6	100.0%	core	P3BL	1383	1383	1383	1383.0	0.833	0.0
FAM_P635	P	6	6	100.0%	core	P2RL	2109	2109	2109	2109.0	0.833	0.0
FAM_P636	P	6	6	100.0%	core	P2MC	627	627	627	627.0	0.833	0.0
SING_P879	P	1	1	16.7%	accessory	P879	3354	3354	3354	3354.0	1.000	0.0
SING_P8DH	P	1	1	16.7%	accessory	P8DH	1890	1890	1890	1890.0	1.000	0.0
FAM_P637	P	5	2	33.3%	accessory	P8ED	243	174	522	396.6	0.800	30079.8
SING_P8LH	P	1	1	16.7%	accessory	P8LH	141	141	141	141.0	1.000	0.0
SING_P8V9	P	1	1	16.7%	accessory	P8V9	990	990	990	990.0	1.000	0.0
FAM_P638	P	6	6	100.0%	core	P4PR	174	174	174	174.0	0.667	0.0
SING_P9K5	P	1	1	16.7%	accessory	P9K5	312	312	312	312.0	1.000	0.0
SING_P9LX	P	1	1	16.7%	accessory	P9LX	558	558	558	558.0	1.000	0.0
SING_P9VP	P	1	1	16.7%	accessory	P9VP	516	516	516	516.0	1.000	0.0
SING_PA11	P	1	1	16.7%	accessory	PA11	1158	1158	1158	1158.0	1.000	0.0
SING_PABP	P	1	1	16.7%	accessory	PABP	525	525	525	525.0	1.000	0.0
SING_PAMD	P	1	1	16.7%	accessory	PAMD	333	333	333	333.0	1.000	0.0
SING_PAN9	P	1	1	16.7%	accessory	PAN9	549	549	549	549.0	1.000	0.0
SING_PAPX	P	1	1	16.7%	accessory	PAPX	492	492	492	492.0	1.000	0.0
SING_PATH	P	1	1	16.7%	accessory	PATH	1050	1050	1050	1050.0	1.000	0.0
SING_PAUD	P	1	1	16.7%	accessory	PAUD	1074	1074	1074	1074.0	1.000	0.0
FAM_P639	P	2	2	33.3%	accessory	PAXX	1125	1125	1131	1128.0	1.000	18.0
SING_PAZP	P	1	1	16.7%	accessory	PAZP	1434	1434	1434	1434.0	1.000	0.0
SING_PB1H	P	1	1	16.7%	accessory	PB1H	258	258	258	258.0	1.000	0.0
FAM_P640	P	3	3	50.0%	accessory	P2TL	1878	1875	1878	1877.0	0.667	3.0
SING_PB51	P	1	1	16.7%	accessory	PB51	414	414	414	414.0	1.000	0.0
SING_PB5X	P	1	1	16.7%	accessory	PB5X	963	963	963	963.0	1.000	0.0
SING_PB6T	P	1	1	16.7%	accessory	PB6T	1239	1239	1239	1239.0	1.000	0.0
FAM_P641	P	6	6	100.0%	core	P15L	1452	1452	1452	1452.0	0.667	0.0
FAM_P642	P	6	6	100.0%	core	P132	594	594	594	594.0	0.667	0.0
FAM_P643	P	6	6	100.0%	core	P11O	990	990	990	990.0	0.667	0.0
FAM_P644	P	6	6	100.0%	core	P181	1302	1302	1302	1302.0	0.667	0.0
FAM_P645	P	6	6	100.0%	core	P18V	1275	1275	1275	1275.0	0.667	0.0
FAM_P646	P	6	6	100.0%	core	P19R	786	786	786	786.0	0.667	0.0
FAM_P647	P	6	6	100.0%	core	P1AN	1647	1647	1647	1647.0	0.667	0.0
FAM_P648	P	6	6	100.0%	core	P1BK	1353	1353	1353	1353.0	0.833	0.0
FAM_P649	P	6	6	100.0%	core	P1CG	1857	1857	1857	1857.0	0.833	0.0
FAM_P650	P	6	6	100.0%	core	P1D8	249	249	249	249.0	0.667	0.0
FAM_P651	P	6	6	100.0%	core	P1E3	792	792	792	792.0	0.667	0.0
FAM_P652	P	6	6	100.0%	core	P1EX	972	972	972	972.0	0.667	0.0
FAM_P653	P	6	6	100.0%	core	P1FT	504	504	504	504.0	0.667	0.0
FAM_P654	P	6	6	100.0%	core	P1GR	411	411	411	411.0	0.833	0.0
FAM_P655	P	6	6	100.0%	core	P1HN	471	471	471	471.0	0.833	0.0
FAM_P656	P	6	4	66.7%	accessory	P4DJ	1071	1071	1071	1071.0	0.667	0.0
FAM_P657	P	8	6	100.0%	core	P1JY	1371	1371	1371	1371.0	0.750	0.0
FAM_P658	P	6	6	100.0%	core	P1KC	1140	1140	1140	1140.0	0.833	0.0
FAM_P659	P	6	6	100.0%	core	P1LC	1278	1278	1278	1278.0	0.833	0.0
FAM_P660	P	6	6	100.0%	core	P1M2	462	462	462	462.0	0.667	0.0
FAM_P661	P	7	3	50.0%	accessory	P3XX	192	192	192	192.0	0.571	0.0
FAM_P662	P	6	6	100.0%	core	P1ML	696	696	696	696.0	0.667	0.0
FAM_P663	P	6	6	100.0%	core	P1NH	987	987	987	987.0	0.667	0.0
FAM_P664	P	6	6	100.0%	core	P1OE	495	495	495	495.0	0.667	0.0
FAM_P665	P	6	6	100.0%	core	P1PC	1629	1629	1629	1629.0	0.667	0.0
FAM_P666	P	6	6	100.0%	core	P1T2	1695	1695	1695	1695.0	0.833	0.0
FAM_P667	P	6	6	100.0%	core	P1V6	837	837	837	837.0	0.667	0.0
FAM_P668	P	5	5	83.3%	accessory	P1W2	1440	1440	1440	1440.0	0.600	0.0
FAM_P669	P	6	6	100.0%	core	P1WY	1119	1119	1119	1119.0	0.667	0.0
FAM_P670	P	6	6	100.0%	core	P1XQ	423	423	423	423.0	0.667	0.0
FAM_P671	P	6	6	100.0%	core	P1YL	1623	1623	1623	1623.0	0.667	0.0
FAM_P672	P	6	6	100.0%	core	P1ZI	867	867	867	867.0	0.667	0.0
FAM_P673	P	6	6	100.0%	core	P21Z	2253	2241	2253	2251.0	0.667	24.0
FAM_P674	P	6	6	100.0%	core	P23Q	1278	1278	1278	1278.0	0.667	0.0
FAM_P675	P	3	3	50.0%	accessory	P65O	261	261	261	261.0	0.667	0.0
FAM_P676	P	5	5	83.3%	accessory	P26O	1317	1317	1317	1317.0	0.600	0.0
FAM_P677	P	4	4	66.7%	accessory	P27M	996	996	996	996.0	0.750	0.0
FAM_P678	P	6	6	100.0%	core	P28B	732	732	732	732.0	0.500	0.0
FAM_P679	P	6	6	100.0%	core	P2AV	291	291	300	297.0	0.833	21.6
FAM_P680	P	6	6	100.0%	core	P2BX	2019	2019	2019	2019.0	0.667	0.0
FAM_P681	P	6	6	100.0%	core	P2CT	1209	1209	1209	1209.0	0.667	0.0
FAM_P682	P	6	6	100.0%	core	P2DR	636	636	636	636.0	0.667	0.0
FAM_P683	P	6	6	100.0%	core	P2FQ	1491	1491	1491	1491.0	0.833	0.0
FAM_P684	P	6	6	100.0%	core	P2GM	1452	1452	1452	1452.0	0.667	0.0
FAM_P685	P	6	6	100.0%	core	P2HI	369	369	369	369.0	0.667	0.0
FAM_P686	P	6	6	100.0%	core	P2KR	237	237	237	237.0	0.667	0.0
FAM_P687	P	6	6	100.0%	core	P2LF	1341	1341	1341	1341.0	0.833	0.0
FAM_P688	P	3	3	50.0%	accessory	P6MT	747	747	747	747.0	0.667	0.0
FAM_P689	P	4	4	66.7%	accessory	P6NP	1029	1029	1029	1029.0	0.750	0.0
FAM_P690	P	6	6	100.0%	core	P2P0	912	912	912	912.0	0.833	0.0
FAM_P691	P	6	6	100.0%	core	P2Q5	1914	1914	1914	1914.0	0.667	0.0
FAM_P692	P	4	4	66.7%	accessory	P6RE	1125	1125	1125	1125.0	0.750	0.0
FAM_P693	P	7	4	66.7%	accessory	P4DR	492	489	492	491.1	0.714	2.1
FAM_P694	P	6	6	100.0%	core	P2T6	1365	1365	1365	1365.0	0.667	0.0
FAM_P695	P	6	6	100.0%	core	P2TY	534	534	534	534.0	0.667	0.0
FAM_P696	P	6	6	100.0%	core	P2UU	1476	1476	1476	1476.0	0.667	0.0
FAM_P697	P	6	6	100.0%	core	P2VQ	708	708	708	708.0	0.667	0.0
FAM_P698	P	6	6	100.0%	core	P2WK	1494	1494	1494	1494.0	0.667	0.0
FAM_P699	P	5	5	83.3%	accessory	P2XG	2037	2037	2037	2037.0	0.800	0.0
FAM_P700	P	6	6	100.0%	core	P2Y9	1470	1470	1470	1470.0	0.667	0.0
FAM_P701	P	6	6	100.0%	core	P2Z2	855	855	855	855.0	0.667	0.0
FAM_P702	P	6	6	100.0%	core	P32E	2823	2823	2823	2823.0	0.667	0.0
FAM_P703	P	6	6	100.0%	core	P35Z	1164	1164	1164	1164.0	0.833	0.0
FAM_P704	P	6	6	100.0%	core	P36U	207	207	207	207.0	0.500	0.0
FAM_P705	P	6	6	100.0%	core	P37Q	1005	1005	1005	1005.0	0.833	0.0
FAM_P706	P	3	3	50.0%	accessory	P7CG	2115	2115	2115	2115.0	0.667	0.0
FAM_P707	P	6	6	100.0%	core	P3A4	768	768	768	768.0	0.833	0.0
FAM_P708	P	6	6	100.0%	core	P3B0	789	789	789	789.0	0.833	0.0
FAM_P709	P	6	6	100.0%	core	P3BW	1425	1425	1425	1425.0	0.833	0.0
FAM_P710	P	6	6	100.0%	core	P3CT	915	915	915	915.0	0.833	0.0
FAM_P711	P	6	6	100.0%	core	P1M	2352	2352	2352	2352.0	0.667	0.0
FAM_P712	P	6	6	100.0%	core	P2I	831	831	831	831.0	0.667	0.0
FAM_P713	P	6	6	100.0%	core	P3E	927	927	927	927.0	0.667	0.0
FAM_P714	P	6	6	100.0%	core	P3GD	699	699	699	699.0	0.667	0.0
FAM_P715	P	4	4	66.7%	accessory	P3I5	762	639	765	732.0	0.750	3846.0
FAM_P716	P	6	6	100.0%	core	P3J1	399	399	399	399.0	0.667	0.0
FAM_P717	P	6	6	100.0%	core	P3P9	273	273	273	273.0	0.333	0.0
FAM_P718	P	6	6	100.0%	core	P3Q5	1875	1875	1875	1875.0	0.667	0.0
FAM_P719	P	6	6	100.0%	core	P3R1	687	687	687	687.0	0.667	0.0
FAM_P720	P	5	5	83.3%	accessory	P3RX	543	543	543	543.0	0.800	0.0
FAM_P721	P	6	6	100.0%	core	P3SS	744	744	744	744.0	0.667	0.0
FAM_P722	P	6	6	100.0%	core	P3TO	879	879	879	879.0	0.667	0.0
FAM_P723	P	5	5	83.3%	accessory	P3UK	708	708	708	708.0	0.600	0.0
FAM_P724	P	6	6	100.0%	core	P3VG	546	546	546	546.0	0.667	0.0
FAM_P725	P	6	6	100.0%	core	P3X8	381	381	381	381.0	0.667	0.0
FAM_P726	P	4	2	33.3%	accessory	P3Y4	690	690	690	690.0	0.500	0.0
FAM_P727	P	6	6	100.0%	core	P3ZW	267	267	267	267.0	0.667	0.0
FAM_P728	P	6	6	100.0%	core	P40S	2349	2349	2349	2349.0	0.667	0.0
FAM_P729	P	6	6	100.0%	core	P42K	4029	3990	4071	4025.5	0.833	991.5
FAM_P730	P	6	6	100.0%	core	P43G	4461	4461	4461	4461.0	0.833	0.0
FAM_P731	P	4	2	33.3%	accessory	P458	771	669	771	720.0	0.500	3468.0
FAM_P732	P	6	6	100.0%	core	P471	2700	2688	2700	2696.0	0.667	38.4
FAM_P733	P	6	4	66.7%	accessory	P47X	369	369	369	369.0	0.667	0.0
FAM_P734	P	4	4	66.7%	accessory	P4CD	1080	1080	1080	1080.0	0.500	0.0
FAM_P735	P	6	6	100.0%	core	P4E5	312	312	312	312.0	0.667	0.0
FAM_P736	P	6	6	100.0%	core	P4F1	756	756	756	756.0	0.667	0.0
FAM_P737	P	6	6	100.0%	core	P4FX	540	540	540	540.0	0.833	0.0
FAM_P738	P	9	2	33.3%	accessory	P4HP	342	342	342	342.0	0.444	0.0
FAM_P739	P	6	6	100.0%	core	P4L9	255	255	255	255.0	0.667	0.0
FAM_P740	P	6	6	100.0%	core	P4M5	1431	1395	1431	1407.0	0.667	345.6
FAM_P741	P	6	6	100.0%	core	P4N1	540	540	540	540.0	0.833	0.0
FAM_P742	P	6	6	100.0%	core	P4PP	219	219	219	219.0	0.833	0.0
SING_PFGL	P	1	1	16.7%	accessory	PFGL	372	372	372	372.0	1.000	0.0
FAM_P743	P	4	4	66.7%	accessory	P6O5	282	282	282	282.0	1.000	0.0
FAM_P744	P	6	6	100.0%	core	P2I2	411	411	411	411.0	0.500	0.0
FAM_P745	P	2	2	33.3%	accessory	P80Y	1305	1305	1305	1305.0	1.000	0.0
SING_PG9X	P	1	1	16.7%	accessory	PG9X	438	438	438	438.0	1.000	0.0
SING_PGBP	P	1	1	16.7%	accessory	PGBP	153	153	153	153.0	1.000	0.0
FAM_P746	P	6	6	100.0%	core	P1G9	324	324	324	324.0	0.667	0.0
SING_PHC5	P	1	1	16.7%	accessory	PHC5	1023	1023	1023	1023.0	1.000	0.0
SING_PHET	P	1	1	16.7%	accessory	PHET	528	528	528	528.0	1.000	0.0
SING_PHT1	P	1	1	16.7%	accessory	PHT1	120	120	120	120.0	1.000	0.0
FAM_P747	P	4	4	66.7%	accessory	P4J9	291	291	291	291.0	0.750	0.0
FAM_P748	P	6	6	100.0%	core	P3GS	750	750	750	750.0	0.500	0.0
FAM_P749	P	6	6	100.0%	core	P30	765	765	765	765.0	0.667	0.0
FAM_P750	P	6	6	100.0%	core	P33X	90	90	90	90.0	0.333	0.0
SING_PIN9	P	1	1	16.7%	accessory	PIN9	318	318	318	318.0	1.000	0.0
FAM_P751	P	2	2	33.3%	accessory	PIX1	1254	1254	1254	1254.0	0.500	0.0
FAM_P752	P	2	2	33.3%	accessory	PIXX	939	939	939	939.0	0.500	0.0
SING_PIZP	P	1	1	16.7%	accessory	PIZP	288	288	288	288.0	1.000	0.0
FAM_P753	P	2	2	33.3%	accessory	P9J9	858	858	858	858.0	1.000	0.0
SING_PJ7P	P	1	1	16.7%	accessory	PJ7P	105	105	105	105.0	1.000	0.0
SING_PJ8L	P	1	1	16.7%	accessory	PJ8L	336	336	336	336.0	1.000	0.0
SING_PJ9H	P	1	1	16.7%	accessory	PJ9H	777	777	777	777.0	1.000	0.0
SING_PJAD	P	1	1	16.7%	accessory	PJAD	345	345	345	345.0	1.000	0.0
FAM_P754	P	6	6	100.0%	core	P2SY	399	399	399	399.0	0.667	0.0
FAM_P755	P	6	6	100.0%	core	P2S2	1320	1320	1320	1320.0	0.667	0.0
FAM_P756	P	3	3	50.0%	accessory	P2PI	474	474	474	474.0	0.667	0.0
FAM_P757	P	6	6	100.0%	core	P2OM	1209	1203	1209	1207.0	0.667	9.6
SING_PJID	P	1	1	16.7%	accessory	PJID	1557	1557	1557	1557.0	1.000	0.0
FAM_P758	P	6	6	100.0%	core	P2LA	1296	1296	1296	1296.0	0.667	0.0
FAM_P759	P	6	6	100.0%	core	P2KE	561	561	561	561.0	0.667	0.0
FAM_P760	P	6	6	100.0%	core	P2JI	1182	1182	1182	1182.0	0.667	0.0
FAM_P761	P	3	3	50.0%	accessory	P2IM	1164	1164	1164	1164.0	0.667	0.0
FAM_P762	P	6	6	100.0%	core	P2HR	180	180	180	180.0	0.167	0.0
FAM_P763	P	6	6	100.0%	core	P2FZ	399	399	399	399.0	0.667	0.0
FAM_P764	P	6	5	83.3%	accessory	P6DB	435	105	435	367.0	1.000	17448.0
FAM_P765	P	6	6	100.0%	core	P2CF	405	405	405	405.0	0.667	0.0
FAM_P766	P	6	6	100.0%	core	P2BJ	1746	1746	1746	1746.0	0.667	0.0
FAM_P767	P	6	6	100.0%	core	P29P	1119	1119	1119	1119.0	0.833	0.0
FAM_P768	P	6	6	100.0%	core	P28Q	1053	1053	1053	1053.0	0.833	0.0
FAM_P769	P	6	6	100.0%	core	P27U	1164	1164	1164	1164.0	0.667	0.0
FAM_P770	P	6	6	100.0%	core	P26Y	711	711	711	711.0	0.667	0.0
FAM_P771	P	6	6	100.0%	core	P25J	1419	1419	1419	1419.0	0.667	0.0
FAM_P772	P	6	6	100.0%	core	P24N	396	396	396	396.0	0.667	0.0
FAM_P773	P	6	6	100.0%	core	P23R	1479	1479	1479	1479.0	0.667	0.0
FAM_P774	P	6	6	100.0%	core	P220	528	528	528	528.0	0.667	0.0
FAM_P775	P	6	6	100.0%	core	P1UK	576	576	576	576.0	0.667	0.0
FAM_P776	P	6	6	100.0%	core	P1TO	2190	2190	2190	2190.0	0.667	0.0
SING_PKCL	P	1	1	16.7%	accessory	PKCL	792	792	792	792.0	1.000	0.0
FAM_P777	P	6	6	100.0%	core	P1RQ	2007	2007	2007	2007.0	0.667	0.0
FAM_P778	P	6	6	100.0%	core	P1QU	1833	1833	1833	1833.0	0.667	0.0
FAM_P779	P	6	6	100.0%	core	P1P2	2628	2628	2628	2628.0	0.667	0.0
FAM_P780	P	6	6	100.0%	core	P1ME	933	933	933	933.0	0.667	0.0
FAM_P781	P	6	6	100.0%	core	P1LJ	273	273	273	273.0	0.667	0.0
SING_PKLH	P	1	1	16.7%	accessory	PKLH	1173	1173	1173	1173.0	1.000	0.0
SING_PKPX	P	1	1	16.7%	accessory	PKPX	324	324	324	324.0	1.000	0.0
FAM_P782	P	6	6	100.0%	core	P1EK	663	663	663	663.0	0.667	0.0
FAM_P783	P	6	6	100.0%	core	P1DP	1362	1362	1362	1362.0	0.833	0.0
FAM_P784	P	6	6	100.0%	core	P1CT	996	996	996	996.0	0.667	0.0
FAM_P785	P	6	6	100.0%	core	P1BX	1035	1035	1035	1035.0	0.833	0.0
FAM_P786	P	6	6	100.0%	core	P1B1	357	357	357	357.0	0.500	0.0
FAM_P787	P	6	6	100.0%	core	P1A5	369	369	369	369.0	0.667	0.0
FAM_P788	P	6	6	100.0%	core	P199	408	408	408	408.0	0.667	0.0
FAM_P789	P	6	6	100.0%	core	P18D	1029	1029	1029	1029.0	0.667	0.0
FAM_P790	P	6	6	100.0%	core	P17I	855	855	855	855.0	0.833	0.0
FAM_P791	P	5	5	83.3%	accessory	P13X	234	228	234	230.4	0.600	10.8
FAM_P792	P	6	6	100.0%	core	P4QU	660	660	660	660.0	0.667	0.0
FAM_P793	P	6	6	100.0%	core	P4PS	1986	1986	1986	1986.0	0.667	0.0
FAM_P794	P	6	6	100.0%	core	P4LH	1458	1458	1698	1618.0	0.667	15360.0
FAM_P795	P	4	4	66.7%	accessory	P9IY	249	249	249	249.0	0.750	0.0
FAM_P796	P	6	6	100.0%	core	P4I5	1227	1227	1227	1227.0	0.667	0.0
FAM_P797	P	6	6	100.0%	core	P4FI	1242	1242	1242	1242.0	0.667	0.0
FAM_P798	P	6	6	100.0%	core	P4EM	1047	1047	1047	1047.0	0.667	0.0
FAM_P799	P	13	6	100.0%	core	P1L2	867	273	867	649.4	0.462	72035.4
FAM_P800	P	2	1	16.7%	accessory	PLID	915	915	915	915.0	0.500	0.0
FAM_P801	P	6	6	100.0%	core	P3RI	786	786	786	786.0	0.667	0.0
FAM_P802	P	6	6	100.0%	core	P3QE	480	480	480	480.0	0.667	0.0
FAM_P803	P	6	6	100.0%	core	P3NJ	261	261	261	261.0	0.333	0.0
FAM_P804	P	6	6	100.0%	core	P3LI	1473	1473	1473	1473.0	0.667	0.0
SING_PLYD	P	1	1	16.7%	accessory	PLYD	1020	1020	1020	1020.0	1.000	0.0
SING_PLZ9	P	1	1	16.7%	accessory	PLZ9	177	177	177	177.0	1.000	0.0
FAM_P805	P	6	6	100.0%	core	P3H9	411	411	423	419.0	0.667	38.4
FAM_P806	P	6	6	100.0%	core	P3GE	1518	1518	1518	1518.0	0.667	0.0
FAM_P807	P	6	6	100.0%	core	P2J	1263	1263	1263	1263.0	0.667	0.0
FAM_P808	P	6	6	100.0%	core	P1N	696	696	696	696.0	0.667	0.0
SING_PM91	P	1	1	16.7%	accessory	PM91	1272	1272	1272	1272.0	1.000	0.0
FAM_P809	P	2	2	33.3%	accessory	PIGO	1653	1560	1653	1606.5	1.000	4324.5
FAM_P810	P	6	6	100.0%	core	P352	1134	1134	1167	1139.5	0.833	181.5
FAM_P811	P	4	4	66.7%	accessory	P346	1410	1410	1410	1410.0	0.500	0.0
FAM_P812	P	4	4	66.7%	accessory	P33A	936	936	936	936.0	0.750	0.0
FAM_P813	P	6	6	100.0%	core	P31I	411	411	411	411.0	0.667	0.0
FAM_P814	P	6	6	100.0%	core	P2YU	1011	1011	1140	1032.5	0.667	2773.5
SING_PMPX	P	1	1	16.7%	accessory	PMPX	1035	1035	1035	1035.0	1.000	0.0
SING_PMRP	P	1	1	16.7%	accessory	PMRP	222	222	222	222.0	1.000	0.0
FAM_P815	P	2	2	33.3%	accessory	PIXU	879	879	879	879.0	0.500	0.0
FAM_P816	P	2	2	33.3%	accessory	PIWY	858	858	858	858.0	0.500	0.0
FAM_P817	P	3	3	50.0%	accessory	PB61	558	498	558	538.0	1.000	1200.0
FAM_P818	P	6	6	100.0%	core	P1Y	606	606	606	606.0	0.667	0.0
FAM_P819	P	6	6	100.0%	core	P2U	1386	1386	1386	1386.0	0.667	0.0
FAM_P820	P	3	3	50.0%	accessory	P3Q	2598	2589	2598	2595.0	0.667	27.0
FAM_P821	P	6	6	100.0%	core	P3GO	558	558	558	558.0	0.500	0.0
FAM_P822	P	6	6	100.0%	core	P3HK	804	804	804	804.0	0.667	0.0
SING_P7A	P	1	1	16.7%	accessory	P7A	351	351	351	351.0	1.000	0.0
FAM_P823	P	6	6	100.0%	core	P3M9	1170	1170	1170	1170.0	0.667	0.0
FAM_P824	P	6	6	100.0%	core	P3N6	963	963	963	963.0	0.833	0.0
FAM_P825	P	6	6	100.0%	core	P3NZ	1203	1203	1203	1203.0	0.833	0.0
FAM_P826	P	6	6	100.0%	core	P3OZ	615	615	615	615.0	0.667	0.0
FAM_P827	P	6	6	100.0%	core	P3PV	1194	1194	1194	1194.0	0.667	0.0
FAM_P828	P	3	3	50.0%	accessory	P5BK	417	417	744	526.0	0.667	35643.0
FAM_P829	P	6	6	100.0%	core	P41Q	669	669	669	669.0	0.667	0.0
FAM_P830	P	6	6	100.0%	core	P42O	2445	2445	2445	2445.0	0.667	0.0
FAM_P831	P	6	6	100.0%	core	P43I	549	549	549	549.0	0.667	0.0
FAM_P832	P	6	6	100.0%	core	P44F	510	510	510	510.0	0.500	0.0
FAM_P833	P	6	6	100.0%	core	P4AD	414	414	414	414.0	0.667	0.0
FAM_P834	P	6	6	100.0%	core	P4EH	567	567	567	567.0	0.667	0.0
FAM_P835	P	6	6	100.0%	core	P4FD	1041	1041	1041	1041.0	0.833	0.0
FAM_P836	P	4	4	66.7%	accessory	P9MS	462	462	462	462.0	0.750	0.0
SING_PVA	P	1	1	16.7%	accessory	PVA	375	375	375	375.0	1.000	0.0
FAM_P837	P	6	6	100.0%	core	P4L0	1533	1533	1533	1533.0	0.667	0.0
FAM_P838	P	6	6	100.0%	core	P4MV	330	330	330	330.0	0.667	0.0
FAM_P839	P	6	6	100.0%	core	P4PK	765	765	765	765.0	0.667	0.0
FAM_P840	P	6	6	100.0%	core	P12E	861	861	861	861.0	0.667	0.0
FAM_P841	P	5	5	83.3%	accessory	P13A	177	177	177	177.0	0.600	0.0
FAM_P842	P	6	6	100.0%	core	P17Q	822	822	822	822.0	0.667	0.0
FAM_P843	P	6	6	100.0%	core	P19I	933	933	933	933.0	0.667	0.0
FAM_P844	P	6	6	100.0%	core	P1AE	759	759	759	759.0	0.667	0.0
FAM_P845	P	6	6	100.0%	core	P1BA	291	291	291	291.0	0.667	0.0
FAM_P846	P	6	6	100.0%	core	P1C6	654	654	654	654.0	0.667	0.0
FAM_P847	P	6	6	100.0%	core	P1IE	744	744	744	744.0	0.667	0.0
FAM_P848	P	6	6	100.0%	core	P1MU	1041	1041	1041	1041.0	0.667	0.0
FAM_P849	P	6	6	100.0%	core	P1NQ	1191	1191	1191	1191.0	0.667	0.0
FAM_P850	P	6	6	100.0%	core	P1QE	1530	1530	1530	1530.0	0.667	0.0
FAM_P851	P	6	6	100.0%	core	P1RA	687	687	687	687.0	0.667	0.0
FAM_P852	P	6	6	100.0%	core	P1S6	486	486	486	486.0	0.667	0.0
SING_P1UU	P	1	1	16.7%	accessory	P1UU	1209	1209	1209	1209.0	1.000	0.0
SING_P206	P	1	1	16.7%	accessory	P206	468	468	468	468.0	1.000	0.0
FAM_P853	P	6	6	100.0%	core	P24M	1101	1101	1101	1101.0	0.667	0.0
FAM_P854	P	6	6	100.0%	core	P286	252	252	252	252.0	0.500	0.0
FAM_P855	P	6	6	100.0%	core	P29Y	735	735	735	735.0	0.667	0.0
FAM_P856	P	4	4	66.7%	accessory	P2DI	696	675	696	685.5	0.500	147.0
FAM_P857	P	6	6	100.0%	core	P2EE	849	849	849	849.0	0.667	0.0
FAM_P858	P	6	6	100.0%	core	P2FA	654	654	654	654.0	0.667	0.0
FAM_P859	P	6	6	100.0%	core	P2H2	324	273	324	290.0	0.333	693.6
FAM_P860	P	4	4	66.7%	accessory	P2JQ	831	828	831	829.5	0.500	3.0
FAM_P861	P	6	6	100.0%	core	P2KM	720	720	720	720.0	0.667	0.0
FAM_P862	P	6	6	100.0%	core	P2LI	696	696	696	696.0	0.667	0.0
FAM_P863	P	6	6	100.0%	core	P2ME	246	246	246	246.0	0.667	0.0
FAM_P864	P	6	6	100.0%	core	P2NA	174	174	174	174.0	0.667	0.0
FAM_P865	P	6	6	100.0%	core	P2P2	996	996	996	996.0	0.667	0.0
FAM_P866	P	6	6	100.0%	core	P2PY	609	609	609	609.0	0.667	0.0
SING_P2QU	P	1	1	16.7%	accessory	P2QU	1074	1074	1074	1074.0	1.000	0.0
FAM_P867	P	6	6	100.0%	core	P2SM	429	429	429	429.0	0.667	0.0
SING_P3AE	P	1	1	16.7%	accessory	P3AE	1047	1047	1047	1047.0	1.000	0.0
FAM_P868	P	6	6	100.0%	core	P3C6	1431	1431	1431	1431.0	0.833	0.0
FAM_P869	P	6	6	100.0%	core	P10	1218	1218	1218	1218.0	0.833	0.0
FAM_P870	P	6	6	100.0%	core	P2OC	192	192	192	192.0	0.333	0.0
FAM_P871	P	6	6	100.0%	core	P2Q9	363	363	363	363.0	0.833	0.0
FAM_P872	P	6	6	100.0%	core	P2R6	810	810	810	810.0	0.833	0.0
FAM_P873	P	5	5	83.3%	accessory	P2S7	90	90	90	90.0	0.600	0.0
FAM_P874	P	6	6	100.0%	core	P2T8	1248	1248	1248	1248.0	0.833	0.0
FAM_P875	P	6	6	100.0%	core	P2U2	381	219	381	354.0	0.500	4374.0
FAM_P876	P	6	6	100.0%	core	P2UY	1485	1485	1485	1485.0	0.833	0.0
FAM_P877	P	4	4	66.7%	accessory	P6XQ	903	903	903	903.0	0.750	0.0
FAM_P878	P	6	6	100.0%	core	P2WO	1332	1332	1332	1332.0	0.667	0.0
FAM_P879	P	5	5	83.3%	accessory	P2XJ	879	879	879	879.0	0.600	0.0
FAM_P880	P	6	6	100.0%	core	P2ZV	705	705	705	705.0	0.667	0.0
FAM_P881	P	6	6	100.0%	core	P30S	426	420	426	425.0	0.667	6.0
FAM_P882	P	6	6	100.0%	core	P363	750	750	750	750.0	0.833	0.0
FAM_P883	P	6	6	100.0%	core	P37U	2856	2856	2856	2856.0	0.833	0.0
FAM_P884	P	6	6	100.0%	core	P3B4	447	447	447	447.0	0.833	0.0
FAM_P885	P	2	2	33.3%	accessory	P3K1	753	753	753	753.0	0.500	0.0
FAM_P886	P	6	6	100.0%	core	P3SW	3882	3882	3882	3882.0	0.833	0.0
FAM_P887	P	6	6	100.0%	core	P3XC	1149	1149	1149	1149.0	0.667	0.0
FAM_P888	P	6	5	83.3%	accessory	P3Y8	498	498	498	498.0	0.833	0.0
FAM_P889	P	6	6	100.0%	core	P3Z4	1041	1041	1041	1041.0	0.667	0.0
FAM_P890	P	6	6	100.0%	core	P400	927	927	927	927.0	0.667	0.0
FAM_P891	P	6	6	100.0%	core	P40W	1326	1326	1326	1326.0	0.833	0.0
FAM_P892	P	2	2	33.3%	accessory	P481	522	522	522	522.0	0.500	0.0
FAM_P893	P	2	2	33.3%	accessory	P48X	204	204	204	204.0	0.500	0.0
FAM_P894	P	2	2	33.3%	accessory	P49T	222	222	222	222.0	0.500	0.0
FAM_P895	P	2	2	33.3%	accessory	P4AP	702	702	702	702.0	0.500	0.0
FAM_P896	P	2	2	33.3%	accessory	P4BL	540	540	540	540.0	0.500	0.0
FAM_P897	P	2	2	33.3%	accessory	P4HT	186	186	186	186.0	0.500	0.0
FAM_P898	P	2	2	33.3%	accessory	P4IP	357	357	357	357.0	0.500	0.0
FAM_P899	P	2	2	33.3%	accessory	P4KH	585	585	585	585.0	0.500	0.0
FAM_P900	P	2	2	33.3%	accessory	P4OX	510	510	510	510.0	0.500	0.0
FAM_P901	P	4	4	66.7%	accessory	P7H1	861	861	861	861.0	0.750	0.0
SING_PFGP	P	1	1	16.7%	accessory	PFGP	264	264	264	264.0	1.000	0.0
FAM_P902	P	2	2	33.3%	accessory	P812	1017	1017	1017	1017.0	1.000	0.0
SING_PG09	P	1	1	16.7%	accessory	PG09	669	669	669	669.0	1.000	0.0
SING_PG15	P	1	1	16.7%	accessory	PG15	1605	1605	1605	1605.0	1.000	0.0
SING_PGA1	P	1	1	16.7%	accessory	PGA1	855	855	855	855.0	1.000	0.0
FAM_P903	P	6	6	100.0%	core	P1QI	543	543	543	543.0	0.667	0.0
FAM_P904	P	2	2	33.3%	accessory	P8KH	273	273	273	273.0	1.000	0.0
SING_PGRT	P	1	1	16.7%	accessory	PGRT	693	693	693	693.0	1.000	0.0
SING_PGUH	P	1	1	16.7%	accessory	PGUH	1416	1416	1416	1416.0	1.000	0.0
FAM_P905	P	6	6	100.0%	core	P1BP	339	339	339	339.0	0.667	0.0
FAM_P906	P	6	6	100.0%	core	P19W	210	210	210	210.0	0.167	0.0
SING_PH55	P	1	1	16.7%	accessory	PH55	306	306	306	306.0	1.000	0.0
FAM_P907	P	6	6	100.0%	core	P13J	234	234	234	234.0	0.667	0.0
SING_PH8P	P	1	1	16.7%	accessory	PH8P	381	381	381	381.0	1.000	0.0
FAM_P908	P	4	4	66.7%	accessory	P111	135	135	135	135.0	0.250	0.0
FAM_P909	P	6	6	100.0%	core	P101	1398	1398	1398	1398.0	0.833	0.0
SING_PHEX	P	1	1	16.7%	accessory	PHEX	4032	4032	4032	4032.0	1.000	0.0
SING_PHMX	P	1	1	16.7%	accessory	PHMX	909	909	909	909.0	1.000	0.0
FAM_P910	P	8	4	66.7%	accessory	P3YQ	699	699	699	699.0	0.750	0.0
FAM_P911	P	4	4	66.7%	accessory	P8YI	552	552	552	552.0	0.750	0.0
FAM_P912	P	4	4	66.7%	accessory	P3QQ	204	204	204	204.0	0.750	0.0
SING_PI4P	P	1	1	16.7%	accessory	PI4P	291	291	291	291.0	1.000	0.0
SING_PI95	P	1	1	16.7%	accessory	PI95	741	741	741	741.0	1.000	0.0
SING_PIG9	P	1	1	16.7%	accessory	PIG9	894	894	894	894.0	1.000	0.0
SING_PIND	P	1	1	16.7%	accessory	PIND	1041	1041	1041	1041.0	1.000	0.0
SING_PITL	P	1	1	16.7%	accessory	PITL	861	861	861	861.0	1.000	0.0
FAM_P913	P	3	2	33.3%	accessory	PJ49	885	885	885	885.0	0.667	0.0
SING_PJ61	P	1	1	16.7%	accessory	PJ61	381	381	381	381.0	1.000	0.0
SING_PJ6X	P	1	1	16.7%	accessory	PJ6X	165	165	165	165.0	1.000	0.0
SING_PJ8P	P	1	1	16.7%	accessory	PJ8P	1164	1164	1164	1164.0	1.000	0.0
SING_PJ9L	P	1	1	16.7%	accessory	PJ9L	1341	1341	1341	1341.0	1.000	0.0
SING_PJAH	P	1	1	16.7%	accessory	PJAH	876	876	876	876.0	1.000	0.0
SING_PJBD	P	1	1	16.7%	accessory	PJBD	567	567	567	567.0	1.000	0.0
FAM_P914	P	4	4	66.7%	accessory	P2SU	879	879	879	879.0	0.750	0.0
FAM_P915	P	6	6	100.0%	core	P2RY	453	453	453	453.0	0.667	0.0
FAM_P916	P	6	6	100.0%	core	P2R7	168	168	168	168.0	0.167	0.0
FAM_P917	P	5	5	83.3%	accessory	P2NP	3114	3114	3114	3114.0	1.000	0.0
FAM_P918	P	6	6	100.0%	core	P2M3	384	384	384	384.0	0.667	0.0
FAM_P919	P	6	6	100.0%	core	P2JE	564	564	564	564.0	0.833	0.0
FAM_P920	P	3	3	50.0%	accessory	P2II	510	510	510	510.0	0.667	0.0
FAM_P921	P	6	6	100.0%	core	P2HN	357	357	357	357.0	0.167	0.0
FAM_P922	P	6	6	100.0%	core	P2GR	180	180	180	180.0	0.167	0.0
FAM_P923	P	6	6	100.0%	core	P2FV	639	639	639	639.0	0.667	0.0
FAM_P924	P	6	6	100.0%	core	P2EX	978	978	978	978.0	0.667	0.0
FAM_P925	P	6	6	100.0%	core	P2E1	1890	1890	1890	1890.0	0.667	0.0
FAM_P926	P	6	6	100.0%	core	P2CB	663	663	663	663.0	0.667	0.0
FAM_P927	P	6	6	100.0%	core	P2BF	606	606	606	606.0	0.667	0.0
FAM_P928	P	6	6	100.0%	core	P2AH	582	582	582	582.0	0.667	0.0
FAM_P929	P	6	6	100.0%	core	P29L	495	495	495	495.0	0.667	0.0
FAM_P930	P	6	6	100.0%	core	P28M	1047	1047	1047	1047.0	0.833	0.0
FAM_P931	P	6	6	100.0%	core	P27Q	741	741	741	741.0	0.667	0.0
FAM_P932	P	6	6	100.0%	core	P26U	549	549	549	549.0	0.667	0.0
FAM_P933	P	5	3	50.0%	accessory	P65M	237	237	768	429.6	0.600	47449.8
FAM_P934	P	6	6	100.0%	core	P1Z4	738	738	738	738.0	0.667	0.0
FAM_P935	P	6	6	100.0%	core	P1Y8	849	849	849	849.0	0.667	0.0
FAM_P936	P	6	6	100.0%	core	P1UG	897	897	897	897.0	0.667	0.0
FAM_P937	P	6	6	100.0%	core	P1TI	1257	1257	1257	1257.0	0.667	0.0
FAM_P938	P	2	2	33.3%	accessory	P1SF	921	912	921	916.5	1.000	40.5
FAM_P939	P	6	6	100.0%	core	P1RM	1137	1137	1137	1137.0	0.833	0.0
FAM_P940	P	6	6	100.0%	core	P1PU	336	336	336	336.0	0.667	0.0
FAM_P941	P	8	6	100.0%	core	P1OX	1650	783	1650	1219.5	0.750	211826.6
FAM_P942	P	6	6	100.0%	core	P1MA	1158	1158	1158	1158.0	0.667	0.0
SING_PKLL	P	1	1	16.7%	accessory	PKLL	1041	1041	1041	1041.0	1.000	0.0
FAM_P943	P	2	2	33.3%	accessory	P8VT	444	243	444	343.5	1.000	20200.5
SING_PKQ1	P	1	1	16.7%	accessory	PKQ1	765	765	765	765.0	1.000	0.0
FAM_P944	P	6	6	100.0%	core	P1EG	873	873	873	873.0	0.667	0.0
FAM_P945	P	6	6	100.0%	core	P1DL	1911	1911	1911	1911.0	0.833	0.0
FAM_P946	P	6	6	100.0%	core	P1CP	1380	1380	1380	1380.0	0.667	0.0
FAM_P947	P	6	6	100.0%	core	P1BT	486	486	486	486.0	0.667	0.0
FAM_P948	P	6	6	100.0%	core	P1A1	1221	1221	1221	1221.0	0.667	0.0
FAM_P949	P	6	6	100.0%	core	P195	897	789	897	861.0	0.667	3110.4
FAM_P950	P	6	6	100.0%	core	P17E	306	306	306	306.0	0.667	0.0
FAM_P951	P	4	4	66.7%	accessory	P13T	2049	1761	2049	1893.0	0.750	23616.0
FAM_P952	P	6	6	100.0%	core	P12Z	540	297	540	459.0	0.667	15746.4
FAM_P953	P	3	2	33.3%	accessory	P9WK	2415	2373	2415	2387.0	0.667	588.0
FAM_P954	P	6	6	100.0%	core	P40F	816	816	816	816.0	0.667	0.0
FAM_P955	P	6	6	100.0%	core	P3ZJ	762	762	762	762.0	0.667	0.0
FAM_P956	P	6	6	100.0%	core	P3RD	1392	1392	1455	1434.0	0.667	1058.4
FAM_P957	P	5	5	83.3%	accessory	P3MG	471	471	471	471.0	0.600	0.0
FAM_P958	P	6	6	100.0%	core	P3L9	417	417	669	585.0	0.667	16934.4
SING_PM95	P	1	1	16.7%	accessory	PM95	4437	4437	4437	4437.0	1.000	0.0
FAM_P959	P	2	2	33.3%	accessory	P32A	204	204	204	204.0	0.500	0.0
SING_PMP5	P	1	1	16.7%	accessory	PMP5	288	288	288	288.0	1.000	0.0
SING_PMQX	P	1	1	16.7%	accessory	PMQX	657	657	657	657.0	1.000	0.0
SING_PMRT	P	1	1	16.7%	accessory	PMRT	222	222	222	222.0	1.000	0.0
SING_PMTL	P	1	1	16.7%	accessory	PMTL	927	927	927	927.0	1.000	0.0
FAM_P960	P	2	1	16.7%	accessory	PMSM	546	546	546	546.0	0.500	0.0
FAM_P961	P	6	6	100.0%	core	P16	288	288	288	288.0	0.833	0.0
FAM_P962	P	6	6	100.0%	core	P22	945	945	945	945.0	0.667	0.0
FAM_P963	P	6	6	100.0%	core	P2Y	855	855	855	855.0	0.667	0.0
FAM_P964	P	6	6	100.0%	core	P3FX	1365	1365	1365	1365.0	0.667	0.0
FAM_P965	P	6	6	100.0%	core	P3HO	1221	1221	1221	1221.0	0.667	0.0
SING_P7E	P	1	1	16.7%	accessory	P7E	1383	1383	1383	1383.0	1.000	0.0
FAM_P966	P	6	6	100.0%	core	P3MD	1284	1284	1284	1284.0	0.667	0.0
FAM_P967	P	6	6	100.0%	core	P3NA	975	975	975	975.0	0.667	0.0
FAM_P968	P	6	6	100.0%	core	P3O3	1374	1374	1374	1374.0	0.833	0.0
FAM_P969	P	6	6	100.0%	core	P3P3	579	579	579	579.0	0.667	0.0
FAM_P970	P	6	6	100.0%	core	P3PZ	528	528	528	528.0	0.667	0.0
FAM_P971	P	6	6	100.0%	core	P3XO	1053	1053	1053	1053.0	0.667	0.0
FAM_P972	P	6	6	100.0%	core	P4L4	915	915	915	915.0	0.667	0.0
FAM_P973	P	6	6	100.0%	core	P12I	1758	1758	1758	1758.0	0.667	0.0
FAM_P974	P	6	6	100.0%	core	P13E	1014	1014	1014	1014.0	0.667	0.0
FAM_P975	P	6	6	100.0%	core	P14A	588	588	588	588.0	0.667	0.0
SING_P16Y	P	1	1	16.7%	accessory	P16Y	408	408	408	408.0	1.000	0.0
FAM_P976	P	6	6	100.0%	core	P1MY	1992	1980	1992	1988.0	0.833	38.4
FAM_P977	P	6	6	100.0%	core	P1NU	1008	1008	1008	1008.0	0.667	0.0
FAM_P978	P	6	6	100.0%	core	P1PM	543	543	543	543.0	0.667	0.0
FAM_P979	P	6	6	100.0%	core	P1RE	1518	1518	1518	1518.0	0.833	0.0
FAM_P980	P	6	6	100.0%	core	P1SA	1341	1341	1341	1341.0	0.667	0.0
SING_P1UY	P	1	1	16.7%	accessory	P1UY	417	417	417	417.0	1.000	0.0
SING_P20A	P	1	1	16.7%	accessory	P20A	1704	1704	1704	1704.0	1.000	0.0
FAM_P981	P	6	6	100.0%	core	P2DM	2037	2037	2037	2037.0	0.833	0.0
FAM_P982	P	6	6	100.0%	core	P2FE	1419	1419	1419	1419.0	0.667	0.0
FAM_P983	P	6	6	100.0%	core	P2IY	387	387	387	387.0	0.667	0.0
FAM_P984	P	3	3	50.0%	accessory	P2LM	417	417	495	469.0	1.000	2028.0
FAM_P985	P	6	6	100.0%	core	P2MI	1050	1050	1050	1050.0	0.667	0.0
FAM_P986	P	6	6	100.0%	core	P2RU	924	924	924	924.0	0.667	0.0
FAM_P987	P	6	6	100.0%	core	P2SQ	1065	1065	1101	1071.0	0.667	216.0
FAM_P988	P	4	3	50.0%	accessory	P2TM	837	201	837	624.0	1.000	89892.0
FAM_P989	P	6	6	100.0%	core	P2UI	693	693	693	693.0	0.667	0.0
FAM_P990	P	6	6	100.0%	core	P2VE	741	741	741	741.0	0.667	0.0
FAM_P991	P	6	6	100.0%	core	P2X6	1410	1410	1410	1410.0	0.667	0.0
FAM_P992	P	5	5	83.3%	accessory	P2Y2	1749	1749	1749	1749.0	0.600	0.0
FAM_P993	P	2	2	33.3%	accessory	P38Q	999	999	999	999.0	1.000	0.0
FAM_P994	P	6	6	100.0%	core	P3CA	714	714	714	714.0	0.833	0.0
FAM_P995	P	2	2	33.3%	accessory	P3II	546	546	552	549.0	1.000	18.0
FAM_P996	P	6	6	100.0%	core	P3L6	720	720	720	720.0	0.667	0.0
FAM_P997	P	6	6	100.0%	core	P3MY	1110	1110	1110	1110.0	0.833	0.0
FAM_P998	P	6	6	100.0%	core	P3OQ	900	900	900	900.0	0.667	0.0
FAM_P999	P	6	6	100.0%	core	P3PM	573	573	573	573.0	0.833	0.0
FAM_P1000	P	3	2	33.3%	accessory	P3SA	408	93	408	254.0	1.000	24843.0
FAM_P1001	P	6	6	100.0%	core	P3T6	747	747	747	747.0	0.667	0.0
FAM_P1002	P	6	6	100.0%	core	P3U2	966	966	966	966.0	0.667	0.0
FAM_P1003	P	6	6	100.0%	core	P3UY	468	468	468	468.0	0.667	0.0
FAM_P1004	P	6	6	100.0%	core	P3VU	510	510	510	510.0	0.667	0.0
FAM_P1005	P	3	3	50.0%	accessory	P3WQ	1389	1389	1389	1389.0	0.667	0.0
FAM_P1006	P	6	6	100.0%	core	P3ZE	453	453	453	453.0	0.667	0.0
FAM_P1007	P	6	6	100.0%	core	P40A	468	468	468	468.0	0.667	0.0
FAM_P1008	P	6	6	100.0%	core	P416	1209	1128	1209	1155.0	0.667	1749.6
FAM_P1009	P	6	6	100.0%	core	P422	1719	1719	1719	1719.0	0.667	0.0
FAM_P1010	P	6	6	100.0%	core	P42Y	693	693	693	693.0	0.667	0.0
FAM_P1011	P	5	5	83.3%	accessory	P43U	540	540	540	540.0	0.600	0.0
FAM_P1012	P	6	6	100.0%	core	P44Q	330	330	330	330.0	0.667	0.0
FAM_P1013	P	2	2	33.3%	accessory	P45M	651	651	651	651.0	0.500	0.0
FAM_P1014	P	4	2	33.3%	accessory	P48A	216	216	216	216.0	0.500	0.0
FAM_P1015	P	6	6	100.0%	core	P4A2	1092	1092	1092	1092.0	0.667	0.0
FAM_P1016	P	6	6	100.0%	core	P4IY	654	639	654	651.5	0.667	37.5
FAM_P1017	P	4	4	66.7%	accessory	P4JU	741	741	741	741.0	0.750	0.0
FAM_P1018	P	6	6	100.0%	core	P4LM	1092	1092	1092	1092.0	0.667	0.0
FAM_P1019	P	6	6	100.0%	core	P4MI	1014	1014	1014	1014.0	0.667	0.0
FAM_P1020	P	3	3	50.0%	accessory	P16W	291	291	552	465.0	0.667	22707.0
FAM_P1021	P	6	6	100.0%	core	P4P6	882	882	882	882.0	0.667	0.0
FAM_P1022	P	6	6	100.0%	core	P4Q2	993	993	993	993.0	0.667	0.0
FAM_P1023	P	2	2	33.3%	accessory	P4VE	210	210	210	210.0	0.500	0.0
FAM_P1024	P	2	2	33.3%	accessory	P56Y	711	711	711	711.0	0.500	0.0
FAM_P1025	P	7	6	100.0%	core	P1E4	1374	177	1374	1170.0	0.857	199143.0
FAM_P1026	P	2	2	33.3%	accessory	P5BE	366	366	366	366.0	0.500	0.0
FAM_P1027	P	2	2	33.3%	accessory	P5GQ	510	510	510	510.0	0.500	0.0
FAM_P1028	P	2	2	33.3%	accessory	P5M2	1359	1359	1359	1359.0	0.500	0.0
FAM_P1029	P	2	2	33.3%	accessory	P5RE	501	501	501	501.0	0.500	0.0
FAM_P1030	P	2	2	33.3%	accessory	P5ZE	117	117	117	117.0	0.500	0.0
FAM_P1031	P	2	2	33.3%	accessory	P616	1236	1236	1236	1236.0	0.500	0.0
FAM_P1032	P	2	2	33.3%	accessory	P696	675	675	675	675.0	0.500	0.0
FAM_P1033	P	6	6	100.0%	core	P2GB	3801	3801	3801	3801.0	0.833	0.0
FAM_P1034	P	6	6	100.0%	core	P2H7	573	573	573	573.0	0.667	0.0
FAM_P1035	P	6	6	100.0%	core	P2JD	1221	1221	1221	1221.0	0.667	0.0
FAM_P1036	P	3	3	50.0%	accessory	P6Q2	1401	1401	1401	1401.0	0.667	0.0
FAM_P1037	P	6	6	100.0%	core	P2QJ	1545	1545	1545	1545.0	0.833	0.0
FAM_P1038	P	6	6	100.0%	core	P2RI	1683	1563	1683	1663.0	0.833	2400.0
FAM_P1039	P	6	6	100.0%	core	P2TN	726	726	726	726.0	0.667	0.0
FAM_P1040	P	6	6	100.0%	core	P2YO	768	768	768	768.0	0.667	0.0
FAM_P1041	P	6	6	100.0%	core	P2ZE	1104	1104	1104	1104.0	0.667	0.0
FAM_P1042	P	6	6	100.0%	core	P308	429	429	429	429.0	0.667	0.0
FAM_P1043	P	4	4	66.7%	accessory	P315	2187	2187	2187	2187.0	0.750	0.0
FAM_P1044	P	4	4	66.7%	accessory	P756	807	807	807	807.0	0.750	0.0
FAM_P1045	P	6	6	100.0%	core	P328	1080	1080	1080	1080.0	0.667	0.0
FAM_P1046	P	6	6	100.0%	core	P334	276	276	276	276.0	0.667	0.0
FAM_P1047	P	6	6	100.0%	core	P33Z	669	669	669	669.0	0.833	0.0
FAM_P1048	P	6	6	100.0%	core	P34V	870	870	870	870.0	0.667	0.0
FAM_P1049	P	6	6	100.0%	core	P36O	861	861	861	861.0	0.833	0.0
FAM_P1050	P	6	6	100.0%	core	P37K	936	936	936	936.0	0.833	0.0
FAM_P1051	P	3	3	50.0%	accessory	P7CA	1653	1653	1653	1653.0	0.667	0.0
FAM_P1052	P	6	6	100.0%	core	P3AU	738	738	738	738.0	0.833	0.0
FAM_P1053	P	6	6	100.0%	core	P3BQ	297	297	297	297.0	0.833	0.0
FAM_P1054	P	4	4	66.7%	accessory	P7GQ	762	720	762	741.0	0.750	588.0
SING_P7L6	P	1	1	16.7%	accessory	P7L6	468	468	468	468.0	1.000	0.0
SING_P7QI	P	1	1	16.7%	accessory	P7QI	99	99	99	99.0	1.000	0.0
SING_P82Y	P	1	1	16.7%	accessory	P82Y	1110	1110	1110	1110.0	1.000	0.0
SING_P87E	P	1	1	16.7%	accessory	P87E	1770	1770	1770	1770.0	1.000	0.0
FAM_P1055	P	6	6	100.0%	core	P246	450	450	450	450.0	0.667	0.0
FAM_P1056	P	6	6	100.0%	core	P22D	351	351	351	351.0	0.500	0.0
FAM_P1057	P	2	2	33.3%	accessory	P8CQ	495	495	495	495.0	1.000	0.0
SING_P8EI	P	1	1	16.7%	accessory	P8EI	177	177	177	177.0	1.000	0.0
FAM_P1058	P	6	6	100.0%	core	P1K4	549	549	549	549.0	0.833	0.0
SING_P8VE	P	1	1	16.7%	accessory	P8VE	93	93	93	93.0	1.000	0.0
SING_P8X6	P	1	1	16.7%	accessory	P8X6	1578	1578	1578	1578.0	1.000	0.0
FAM_P1059	P	6	6	100.0%	core	P1AX	981	981	981	981.0	0.833	0.0
SING_P99M	P	1	1	16.7%	accessory	P99M	123	123	123	123.0	1.000	0.0
SING_P9EY	P	1	1	16.7%	accessory	P9EY	255	255	255	255.0	1.000	0.0
SING_P9KA	P	1	1	16.7%	accessory	P9KA	477	477	477	477.0	1.000	0.0
SING_P9L6	P	1	1	16.7%	accessory	P9L6	375	375	375	375.0	1.000	0.0
SING_P9PM	P	1	1	16.7%	accessory	P9PM	123	123	123	123.0	1.000	0.0
SING_P9VU	P	1	1	16.7%	accessory	P9VU	1581	1581	1581	1581.0	1.000	0.0
SING_P9WQ	P	1	1	16.7%	accessory	P9WQ	297	297	297	297.0	1.000	0.0
SING_PA16	P	1	1	16.7%	accessory	PA16	471	471	471	471.0	1.000	0.0
FAM_P1060	P	6	6	100.0%	core	P3U5	264	264	264	264.0	0.333	0.0
FAM_P1061	P	2	2	33.3%	accessory	PAA2	990	990	990	990.0	1.000	0.0
SING_PABU	P	1	1	16.7%	accessory	PABU	1443	1443	1443	1443.0	1.000	0.0
SING_PAMI	P	1	1	16.7%	accessory	PAMI	1668	1668	1668	1668.0	1.000	0.0
SING_PANE	P	1	1	16.7%	accessory	PANE	207	207	207	207.0	1.000	0.0
SING_PAUI	P	1	1	16.7%	accessory	PAUI	1155	1155	1155	1155.0	1.000	0.0
FAM_P1062	P	5	5	83.3%	accessory	P733	129	129	129	129.0	0.400	0.0
SING_PAZU	P	1	1	16.7%	accessory	PAZU	789	789	789	789.0	1.000	0.0
FAM_P1063	P	3	3	50.0%	accessory	PB62	3006	1758	3006	2590.0	1.000	519168.0
SING_PB6Y	P	1	1	16.7%	accessory	PB6Y	204	204	204	204.0	1.000	0.0
FAM_P1064	P	2	2	33.3%	accessory	P4VD	186	186	186	186.0	0.500	0.0
FAM_P1065	P	6	6	100.0%	core	P17A	327	327	327	327.0	0.667	0.0
FAM_P1066	P	6	6	100.0%	core	P186	1509	1509	1509	1509.0	0.833	0.0
FAM_P1067	P	6	6	100.0%	core	P1AS	1437	1437	1437	1437.0	0.667	0.0
FAM_P1068	P	5	5	83.3%	accessory	P1DD	1086	1086	1086	1086.0	0.600	0.0
FAM_P1069	P	6	6	100.0%	core	P1E7	699	699	699	699.0	0.667	0.0
FAM_P1070	P	6	6	100.0%	core	P1F2	1011	1011	1011	1011.0	0.667	0.0
FAM_P1071	P	6	6	100.0%	core	P1GW	234	234	234	234.0	0.667	0.0
FAM_P1072	P	6	6	100.0%	core	P1KF	582	582	582	582.0	0.833	0.0
FAM_P1073	P	6	6	100.0%	core	P1LH	801	801	801	801.0	0.833	0.0
FAM_P1074	P	4	2	33.3%	accessory	P48I	435	435	483	459.0	0.500	768.0
FAM_P1075	P	6	6	100.0%	core	P1T7	921	921	921	921.0	0.667	0.0
FAM_P1076	P	6	6	100.0%	core	P1U5	510	510	510	510.0	0.667	0.0
FAM_P1077	P	5	5	83.3%	accessory	P1W7	759	759	759	759.0	0.800	0.0
FAM_P1078	P	7	6	100.0%	core	P1XU	1512	342	1512	1293.9	0.857	193874.1
FAM_P1079	P	6	6	100.0%	core	P1YQ	384	384	384	384.0	0.667	0.0
FAM_P1080	P	6	6	100.0%	core	P1ZN	342	342	342	342.0	0.667	0.0
FAM_P1081	P	6	6	100.0%	core	P219	738	738	738	738.0	0.667	0.0
FAM_P1082	P	6	6	100.0%	core	P232	606	606	606	606.0	0.667	0.0
FAM_P1083	P	3	3	50.0%	accessory	P635	1149	1149	1149	1149.0	0.667	0.0
FAM_P1084	P	6	6	100.0%	core	P2A8	738	738	738	738.0	0.667	0.0
FAM_P1085	P	6	6	100.0%	core	P2B6	2841	2841	2841	2841.0	0.833	0.0
FAM_P1086	P	6	6	100.0%	core	P2C2	693	693	693	693.0	0.667	0.0
FAM_P1087	P	5	5	83.3%	accessory	P2CX	540	540	540	540.0	0.600	0.0
FAM_P1088	P	6	6	100.0%	core	P2DW	525	525	525	525.0	0.667	0.0
FAM_P1089	P	6	6	100.0%	core	P2ES	294	294	294	294.0	0.500	0.0
FAM_P1090	P	6	6	100.0%	core	P2KW	1317	1317	1317	1317.0	0.667	0.0
FAM_P1091	P	3	3	50.0%	accessory	P6MY	270	270	270	270.0	0.667	0.0
FAM_P1092	P	4	4	66.7%	accessory	P6NU	624	624	624	624.0	0.750	0.0
FAM_P1093	P	6	6	100.0%	core	P2OD	1680	1680	1680	1680.0	0.833	0.0
FAM_P1094	P	6	6	100.0%	core	P2S8	1185	1185	1185	1185.0	0.667	0.0
FAM_P1095	P	6	6	100.0%	core	P2T9	1176	1176	1176	1176.0	0.667	0.0
FAM_P1096	P	6	6	100.0%	core	P2U3	624	624	624	624.0	0.667	0.0
FAM_P1097	P	6	6	100.0%	core	P2UZ	1266	1266	1266	1266.0	0.833	0.0
FAM_P1098	P	6	6	100.0%	core	P2VU	765	765	765	765.0	0.667	0.0
FAM_P1099	P	6	6	100.0%	core	P2WP	615	615	615	615.0	0.833	0.0
FAM_P1100	P	5	5	83.3%	accessory	P2XK	897	897	897	897.0	0.600	0.0
FAM_P1101	P	6	6	100.0%	core	P2YD	621	621	621	621.0	0.667	0.0
FAM_P1102	P	6	6	100.0%	core	P2ZW	360	360	360	360.0	0.667	0.0
FAM_P1103	P	6	6	100.0%	core	P32J	465	465	465	465.0	0.667	0.0
FAM_P1104	P	6	6	100.0%	core	P33E	759	759	759	759.0	0.833	0.0
FAM_P1105	P	6	6	100.0%	core	P364	756	756	756	756.0	0.833	0.0
FAM_P1106	P	6	6	100.0%	core	P36Z	342	342	342	342.0	0.500	0.0
FAM_P1107	P	6	6	100.0%	core	P37V	444	444	483	457.0	0.833	405.6
FAM_P1108	P	6	6	100.0%	core	P39F	603	603	603	603.0	0.833	0.0
FAM_P1109	P	2	2	33.3%	accessory	P3K2	261	261	261	261.0	0.500	0.0
FAM_P1110	P	2	2	33.3%	accessory	P3KY	357	357	357	357.0	0.500	0.0
FAM_P1111	P	2	2	33.3%	accessory	P48Y	807	807	807	807.0	0.500	0.0
FAM_P1112	P	2	2	33.3%	accessory	P49U	630	630	630	630.0	0.500	0.0
FAM_P1113	P	2	2	33.3%	accessory	P4AQ	561	561	561	561.0	0.500	0.0
FAM_P1114	P	2	2	33.3%	accessory	P4BM	252	252	252	252.0	0.500	0.0
FAM_P1115	P	2	2	33.3%	accessory	P4DE	183	183	183	183.0	0.500	0.0
FAM_P1116	P	2	2	33.3%	accessory	P4HU	90	90	90	90.0	0.500	0.0
FAM_P1117	P	2	2	33.3%	accessory	P4IQ	1662	1662	1662	1662.0	0.500	0.0
FAM_P1118	P	4	4	66.7%	accessory	P7H2	561	561	561	561.0	0.750	0.0
FAM_P1119	P	2	2	33.3%	accessory	P7FL	978	978	978	978.0	0.500	0.0
SING_PFGQ	P	1	1	16.7%	accessory	PFGQ	195	195	195	195.0	1.000	0.0
FAM_P1120	P	6	6	100.0%	core	P2P6	1323	1323	1323	1323.0	0.833	0.0
FAM_P1121	P	10	6	100.0%	core	P2OE	108	108	108	108.0	0.800	0.0
FAM_P1122	P	6	6	100.0%	core	P2NL	573	573	573	573.0	0.667	0.0
FAM_P1123	P	2	2	33.3%	accessory	P803	672	672	672	672.0	1.000	0.0
FAM_P1124	P	2	2	33.3%	accessory	P813	1473	1473	1473	1473.0	1.000	0.0
SING_PG0A	P	1	1	16.7%	accessory	PG0A	171	171	171	171.0	1.000	0.0
SING_PG16	P	1	1	16.7%	accessory	PG16	150	150	150	150.0	1.000	0.0
FAM_P1125	P	6	6	100.0%	core	P28K	1137	1137	1137	1137.0	0.500	0.0
SING_PGA2	P	1	1	16.7%	accessory	PGA2	477	477	477	477.0	1.000	0.0
FAM_P1126	P	8	6	100.0%	core	P1PI	1290	558	1290	972.8	0.750	120457.9
FAM_P1127	P	2	2	33.3%	accessory	P8KI	888	888	888	888.0	1.000	0.0
SING_PGRU	P	1	1	16.7%	accessory	PGRU	1428	1428	1428	1428.0	1.000	0.0
FAM_P1128	P	2	2	33.3%	accessory	P8VN	411	408	411	409.5	1.000	4.5
SING_PGUI	P	1	1	16.7%	accessory	PGUI	1281	1281	1281	1281.0	1.000	0.0
FAM_P1129	P	6	6	100.0%	core	P1EC	237	237	237	237.0	0.500	0.0
FAM_P1130	P	6	6	100.0%	core	P13I	174	174	174	174.0	0.667	0.0
SING_PH8Q	P	1	1	16.7%	accessory	PH8Q	384	384	384	384.0	1.000	0.0
SING_PHEY	P	1	1	16.7%	accessory	PHEY	3006	3006	3006	3006.0	1.000	0.0
SING_PHMY	P	1	1	16.7%	accessory	PHMY	348	348	348	348.0	1.000	0.0
SING_PI96	P	1	1	16.7%	accessory	PI96	2556	2556	2556	2556.0	1.000	0.0
SING_PIEI	P	1	1	16.7%	accessory	PIEI	1851	1851	1851	1851.0	1.000	0.0
FAM_P1131	P	6	6	100.0%	core	P39I	498	498	498	498.0	0.833	0.0
FAM_P1132	P	2	2	33.3%	accessory	P8WA	267	105	267	186.0	1.000	13122.0
SING_PINE	P	1	1	16.7%	accessory	PINE	702	702	702	702.0	1.000	0.0
SING_PIWA	P	1	1	16.7%	accessory	PIWA	150	150	150	150.0	1.000	0.0
FAM_P1133	P	2	2	33.3%	accessory	PJ1M	267	267	369	318.0	1.000	5202.0
SING_PJ62	P	1	1	16.7%	accessory	PJ62	1194	1194	1194	1194.0	1.000	0.0
SING_PJ8Q	P	1	1	16.7%	accessory	PJ8Q	1329	1329	1329	1329.0	1.000	0.0
SING_PJ9M	P	1	1	16.7%	accessory	PJ9M	741	741	741	741.0	1.000	0.0
SING_PJAI	P	1	1	16.7%	accessory	PJAI	888	888	888	888.0	1.000	0.0
SING_PJBE	P	1	1	16.7%	accessory	PJBE	159	159	159	159.0	1.000	0.0
FAM_P1134	P	6	6	100.0%	core	P2RX	1239	846	1239	1173.5	0.667	25741.5
FAM_P1135	P	3	3	50.0%	accessory	P2IH	438	438	438	438.0	0.667	0.0
FAM_P1136	P	6	6	100.0%	core	P2EW	810	810	810	810.0	0.667	0.0
FAM_P1137	P	6	6	100.0%	core	P2E0	1245	1245	1245	1245.0	0.667	0.0
FAM_P1138	P	8	6	100.0%	core	P2D6	810	252	825	676.1	0.875	63856.1
FAM_P1139	P	6	6	100.0%	core	P2CA	777	777	777	777.0	0.667	0.0
FAM_P1140	P	6	6	100.0%	core	P2BE	912	912	912	912.0	0.667	0.0
FAM_P1141	P	6	6	100.0%	core	P2AG	1350	1350	1350	1350.0	0.667	0.0
FAM_P1142	P	6	6	100.0%	core	P29K	489	489	489	489.0	0.667	0.0
FAM_P1143	P	6	6	100.0%	core	P28L	1008	1008	1008	1008.0	0.667	0.0
FAM_P1144	P	8	6	100.0%	core	P27P	897	312	897	671.2	0.625	68427.6
FAM_P1145	P	6	6	100.0%	core	P1Z3	981	981	981	981.0	0.667	0.0
FAM_P1146	P	6	6	100.0%	core	P1Y7	636	636	636	636.0	0.833	0.0
FAM_P1147	P	6	6	100.0%	core	P1WG	627	627	627	627.0	0.667	0.0
FAM_P1148	P	6	6	100.0%	core	P1VK	1980	1980	1980	1980.0	0.667	0.0
FAM_P1149	P	5	5	83.3%	accessory	P1UF	858	858	858	858.0	0.800	0.0
FAM_P1150	P	6	6	100.0%	core	P1TH	966	966	966	966.0	0.667	0.0
SING_PKCQ	P	1	1	16.7%	accessory	PKCQ	363	363	363	363.0	1.000	0.0
FAM_P1151	P	6	6	100.0%	core	P1RL	1014	1014	1014	1014.0	0.667	0.0
FAM_P1152	P	6	6	100.0%	core	P1QP	444	444	444	444.0	0.667	0.0
FAM_P1153	P	6	6	100.0%	core	P1PT	1653	1653	1653	1653.0	0.667	0.0
FAM_P1154	P	6	6	100.0%	core	P1O1	558	558	558	558.0	0.667	0.0
FAM_P1155	P	6	6	100.0%	core	P1M9	927	927	927	927.0	0.667	0.0
SING_PKLM	P	1	1	16.7%	accessory	PKLM	789	789	789	789.0	1.000	0.0
SING_PKMI	P	1	1	16.7%	accessory	PKMI	117	117	117	117.0	1.000	0.0
SING_PKQ2	P	1	1	16.7%	accessory	PKQ2	1524	1524	1524	1524.0	1.000	0.0
FAM_P1156	P	6	6	100.0%	core	P1DK	696	696	696	696.0	0.667	0.0
FAM_P1157	P	6	6	100.0%	core	P1CO	1044	1044	1044	1044.0	0.667	0.0
FAM_P1158	P	6	6	100.0%	core	P1BS	576	576	576	576.0	0.667	0.0
FAM_P1159	P	6	6	100.0%	core	P1AW	552	552	552	552.0	0.667	0.0
FAM_P1160	P	6	6	100.0%	core	P1A0	417	417	417	417.0	0.667	0.0
FAM_P1161	P	6	6	100.0%	core	P194	522	522	522	522.0	0.667	0.0
FAM_P1162	P	6	6	100.0%	core	P17D	747	747	747	747.0	0.667	0.0
FAM_P1163	P	4	4	66.7%	accessory	P9J3	405	405	405	405.0	0.750	0.0
FAM_P1164	P	2	1	16.7%	accessory	PLII	822	822	822	822.0	0.500	0.0
FAM_P1165	P	5	5	83.3%	accessory	P40E	1266	1266	1266	1266.0	0.600	0.0
FAM_P1166	P	6	6	100.0%	core	P3ZI	1242	1242	1242	1242.0	0.667	0.0
FAM_P1167	P	5	5	83.3%	accessory	P3MF	660	660	660	660.0	0.600	0.0
FAM_P1168	P	6	6	100.0%	core	P3L8	696	696	696	696.0	0.667	0.0
FAM_P1169	P	6	6	100.0%	core	P3H4	390	390	390	390.0	0.667	0.0
FAM_P1170	P	6	6	100.0%	core	P3CN	264	264	264	264.0	0.333	0.0
FAM_P1171	P	8	5	83.3%	accessory	P38L	414	243	687	457.9	0.750	33773.0
SING_PM96	P	1	1	16.7%	accessory	PM96	849	849	849	849.0	1.000	0.0
SING_PMRU	P	1	1	16.7%	accessory	PMRU	621	621	621	621.0	1.000	0.0
FAM_P1172	P	2	2	33.3%	accessory	PIZL	405	405	405	405.0	1.000	0.0
FAM_P1173	P	2	1	16.7%	accessory	PMSN	258	258	258	258.0	0.500	0.0
FAM_P1174	P	6	6	100.0%	core	P17	1332	1332	1332	1332.0	0.667	0.0
FAM_P1175	P	6	6	100.0%	core	P23	1725	1725	1725	1725.0	0.667	0.0
FAM_P1176	P	6	6	100.0%	core	P2Z	1371	1371	1371	1371.0	0.667	0.0
FAM_P1177	P	6	6	100.0%	core	P3FY	927	927	927	927.0	0.833	0.0
FAM_P1178	P	6	6	100.0%	core	P3GT	1353	1353	1353	1353.0	0.667	0.0
FAM_P1179	P	6	6	100.0%	core	P3HP	756	756	756	756.0	0.667	0.0
SING_P7F	P	1	1	16.7%	accessory	P7F	1611	1611	1611	1611.0	1.000	0.0
FAM_P1180	P	5	5	83.3%	accessory	P3ME	900	900	900	900.0	0.600	0.0
FAM_P1181	P	6	6	100.0%	core	P3O4	1818	1818	1818	1818.0	0.667	0.0
FAM_P1182	P	6	6	100.0%	core	P3P4	315	315	315	315.0	0.333	0.0
FAM_P1183	P	6	6	100.0%	core	P3XP	1434	1434	1434	1434.0	0.667	0.0
FAM_P1184	P	6	6	100.0%	core	P12J	1317	1269	1317	1301.0	0.667	614.4
FAM_P1185	P	5	5	83.3%	accessory	P157	1323	1023	1323	1203.0	0.600	27000.0
FAM_P1186	P	6	6	100.0%	core	P1D7	1026	849	1026	967.0	0.667	8354.4
SING_P1JF	P	1	1	16.7%	accessory	P1JF	282	282	282	282.0	1.000	0.0
FAM_P1187	P	6	6	100.0%	core	P1MZ	1470	1470	1470	1470.0	0.667	0.0
FAM_P1188	P	6	6	100.0%	core	P1PN	426	426	426	426.0	0.667	0.0
FAM_P1189	P	6	6	100.0%	core	P1QJ	978	978	978	978.0	0.667	0.0
SING_P1UZ	P	1	1	16.7%	accessory	P1UZ	594	594	594	594.0	1.000	0.0
FAM_P1190	P	6	6	100.0%	core	P1YJ	651	639	651	647.0	0.667	38.4
SING_P20B	P	1	1	16.7%	accessory	P20B	459	459	459	459.0	1.000	0.0
FAM_P1191	P	2	2	33.3%	accessory	P2AZ	2466	2466	2514	2490.0	1.000	1152.0
FAM_P1192	P	6	6	100.0%	core	P2IZ	723	723	723	723.0	0.667	0.0
FAM_P1193	P	4	4	66.7%	accessory	P2JV	354	354	354	354.0	0.750	0.0
FAM_P1194	P	6	6	100.0%	core	P2MJ	588	588	588	588.0	0.667	0.0
FAM_P1195	P	6	6	100.0%	core	P2RV	819	819	819	819.0	0.667	0.0
FAM_P1196	P	4	4	66.7%	accessory	P2SR	1293	1293	1293	1293.0	0.750	0.0
FAM_P1197	P	6	6	100.0%	core	P2VF	1386	1386	1386	1386.0	0.667	0.0
FAM_P1198	P	6	6	100.0%	core	P2WB	1428	1428	1428	1428.0	0.667	0.0
FAM_P1199	P	6	6	100.0%	core	P2X7	1050	1050	1050	1050.0	0.667	0.0
FAM_P1200	P	5	5	83.3%	accessory	P2Y3	1071	1071	1071	1071.0	0.600	0.0
FAM_P1201	P	6	6	100.0%	core	P33F	435	426	435	432.0	0.667	21.6
FAM_P1202	P	6	6	100.0%	core	P34B	1632	1632	1632	1632.0	0.667	0.0
FAM_P1203	P	6	6	100.0%	core	P357	978	978	978	978.0	0.667	0.0
FAM_P1204	P	2	2	33.3%	accessory	P38R	903	903	903	903.0	1.000	0.0
FAM_P1205	P	6	6	100.0%	core	P3CB	405	405	405	405.0	0.667	0.0
FAM_P1206	P	6	6	100.0%	core	P3HN	771	624	771	722.0	0.667	5762.4
FAM_P1207	P	6	6	100.0%	core	P3L7	1428	1428	1428	1428.0	0.667	0.0
FAM_P1208	P	6	6	100.0%	core	P3M3	1050	1050	1050	1050.0	0.667	0.0
FAM_P1209	P	6	6	100.0%	core	P3MZ	276	276	276	276.0	0.667	0.0
FAM_P1210	P	6	6	100.0%	core	P3OR	243	243	243	243.0	0.667	0.0
FAM_P1211	P	6	6	100.0%	core	P3PN	312	312	312	312.0	0.667	0.0
FAM_P1212	P	6	6	100.0%	core	P3QJ	1293	1293	1293	1293.0	0.667	0.0
FAM_P1213	P	6	6	100.0%	core	P3T7	414	414	414	414.0	0.667	0.0
FAM_P1214	P	5	5	83.3%	accessory	P3U3	954	954	954	954.0	0.600	0.0
FAM_P1215	P	6	6	100.0%	core	P3UZ	1080	1080	1080	1080.0	0.667	0.0
FAM_P1216	P	6	6	100.0%	core	P3VV	1419	1419	1419	1419.0	0.833	0.0
FAM_P1217	P	3	3	50.0%	accessory	P3WR	450	450	450	450.0	0.667	0.0
FAM_P1218	P	6	6	100.0%	core	P3XN	954	954	954	954.0	0.833	0.0
FAM_P1219	P	6	6	100.0%	core	P3ZF	705	705	705	705.0	0.667	0.0
FAM_P1220	P	6	6	100.0%	core	P40B	1119	1119	1119	1119.0	0.667	0.0
FAM_P1221	P	6	6	100.0%	core	P417	537	537	537	537.0	0.667	0.0
FAM_P1222	P	6	6	100.0%	core	P423	969	969	969	969.0	0.667	0.0
FAM_P1223	P	6	6	100.0%	core	P42Z	1089	1089	1089	1089.0	0.667	0.0
FAM_P1224	P	5	5	83.3%	accessory	P43V	702	702	702	702.0	0.600	0.0
FAM_P1225	P	6	6	100.0%	core	P44R	660	660	660	660.0	0.667	0.0
FAM_P1226	P	6	6	100.0%	core	P46J	1119	1119	1119	1119.0	0.667	0.0
FAM_P1227	P	4	2	33.3%	accessory	P48B	237	237	237	237.0	0.250	0.0
FAM_P1228	P	3	2	33.3%	accessory	P497	1938	279	1938	1385.0	0.667	917427.0
FAM_P1229	P	6	6	100.0%	core	P4A3	639	639	639	639.0	0.667	0.0
FAM_P1230	P	6	6	100.0%	core	P4I3	864	858	864	860.0	0.667	9.6
FAM_P1231	P	9	6	100.0%	core	P4IZ	1251	153	1251	887.7	0.778	297037.0
FAM_P1232	P	4	4	66.7%	accessory	P4JV	423	423	423	423.0	0.750	0.0
FAM_P1233	P	6	6	100.0%	core	P4KR	294	294	294	294.0	0.500	0.0
FAM_P1234	P	6	6	100.0%	core	P4LN	585	585	585	585.0	0.667	0.0
FAM_P1235	P	6	6	100.0%	core	P4MJ	909	909	909	909.0	0.833	0.0
FAM_P1236	P	6	6	100.0%	core	P4P7	621	621	621	621.0	0.667	0.0
FAM_P1237	P	6	6	100.0%	core	P4Q3	891	891	891	891.0	0.667	0.0
FAM_P1238	P	6	6	100.0%	core	P102	1062	1062	1062	1062.0	0.667	0.0
FAM_P1239	P	2	2	33.3%	accessory	P5BF	2823	2823	2823	2823.0	0.500	0.0
FAM_P1240	P	2	2	33.3%	accessory	P5GR	966	966	966	966.0	0.500	0.0
FAM_P1241	P	2	2	33.3%	accessory	P5M3	909	909	909	909.0	0.500	0.0
FAM_P1242	P	2	2	33.3%	accessory	P5RF	759	759	759	759.0	0.500	0.0
FAM_P1243	P	2	2	33.3%	accessory	P697	789	789	789	789.0	0.500	0.0
FAM_P1244	P	6	6	100.0%	core	P2GC	1470	1470	1470	1470.0	0.667	0.0
FAM_P1245	P	6	6	100.0%	core	P2H8	543	543	543	543.0	0.667	0.0
FAM_P1246	P	3	3	50.0%	accessory	P6Q3	1971	1971	1971	1971.0	0.667	0.0
FAM_P1247	P	6	6	100.0%	core	P2QK	1260	1260	1260	1260.0	0.833	0.0
FAM_P1248	P	6	6	100.0%	core	P2RJ	624	624	624	624.0	0.833	0.0
FAM_P1249	P	6	6	100.0%	core	P2TO	774	774	774	774.0	0.667	0.0
FAM_P1250	P	6	6	100.0%	core	P2YP	600	600	600	600.0	0.833	0.0
FAM_P1251	P	6	6	100.0%	core	P2ZF	663	663	663	663.0	0.667	0.0
FAM_P1252	P	6	6	100.0%	core	P309	705	705	705	705.0	0.667	0.0
FAM_P1253	P	6	6	100.0%	core	P316	825	825	825	825.0	0.667	0.0
FAM_P1254	P	4	4	66.7%	accessory	P757	948	948	948	948.0	0.750	0.0
FAM_P1255	P	6	6	100.0%	core	P340	1644	1644	1674	1649.0	0.833	150.0
FAM_P1256	P	6	6	100.0%	core	P34W	1029	1029	1029	1029.0	0.667	0.0
FAM_P1257	P	5	5	83.3%	accessory	P37L	396	396	396	396.0	0.800	0.0
FAM_P1258	P	3	3	50.0%	accessory	P7CB	3360	3360	3360	3360.0	0.667	0.0
FAM_P1259	P	6	6	100.0%	core	P3AV	540	540	540	540.0	0.833	0.0
FAM_P1260	P	6	6	100.0%	core	P3BR	513	513	528	516.0	0.833	36.0
FAM_P1261	P	4	4	66.7%	accessory	P7GR	213	213	213	213.0	0.750	0.0
SING_P7JF	P	1	1	16.7%	accessory	P7JF	519	519	519	519.0	1.000	0.0
SING_P7L7	P	1	1	16.7%	accessory	P7L7	921	921	921	921.0	1.000	0.0
FAM_P1262	P	6	6	100.0%	core	P2BG	1464	1464	1464	1464.0	0.833	0.0
FAM_P1263	P	8	6	100.0%	core	P2A4	927	276	927	696.0	0.625	81396.0
SING_P82Z	P	1	1	16.7%	accessory	P82Z	1149	1149	1149	1149.0	1.000	0.0
SING_P87F	P	1	1	16.7%	accessory	P87F	2481	2481	2481	2481.0	1.000	0.0
FAM_P1264	P	3	3	50.0%	accessory	P8CR	1734	1041	1734	1381.0	1.000	120189.0
FAM_P1265	P	6	6	100.0%	core	P1Y2	714	714	714	714.0	0.667	0.0
FAM_P1266	P	5	4	66.7%	accessory	P1ST	936	936	945	937.8	1.000	16.2
SING_P8SR	P	1	1	16.7%	accessory	P8SR	1215	1215	1215	1215.0	1.000	0.0
SING_P8WB	P	1	1	16.7%	accessory	P8WB	735	735	735	735.0	1.000	0.0
SING_P8X7	P	1	1	16.7%	accessory	P8X7	804	804	804	804.0	1.000	0.0
FAM_P1267	P	6	6	100.0%	core	P1HE	786	786	786	786.0	0.833	0.0
FAM_P1268	P	6	6	100.0%	core	P1DS	1599	1599	1659	1609.0	0.833	600.0
FAM_P1269	P	8	6	100.0%	core	P179	1215	93	1215	934.5	0.750	269760.9
SING_P9CB	P	1	1	16.7%	accessory	P9CB	222	222	222	222.0	1.000	0.0
FAM_P1270	P	2	2	33.3%	accessory	P9EZ	543	543	543	543.0	1.000	0.0
FAM_P1271	P	41	6	100.0%	core	P1FZ	378	210	504	360.7	0.585	5544.7
SING_P9JF	P	1	1	16.7%	accessory	P9JF	456	456	456	456.0	1.000	0.0
SING_P9KB	P	1	1	16.7%	accessory	P9KB	582	582	582	582.0	1.000	0.0
SING_P9PN	P	1	1	16.7%	accessory	P9PN	426	426	426	426.0	1.000	0.0
SING_P9VV	P	1	1	16.7%	accessory	P9VV	606	606	606	606.0	1.000	0.0
SING_PA17	P	1	1	16.7%	accessory	PA17	1281	1281	1281	1281.0	1.000	0.0
FAM_P1272	P	2	2	33.3%	accessory	PAA3	894	894	894	894.0	1.000	0.0
SING_PABV	P	1	1	16.7%	accessory	PABV	3528	3528	3528	3528.0	1.000	0.0
SING_PAMJ	P	1	1	16.7%	accessory	PAMJ	267	267	267	267.0	1.000	0.0
SING_PANF	P	1	1	16.7%	accessory	PANF	477	477	477	477.0	1.000	0.0
SING_PAUJ	P	1	1	16.7%	accessory	PAUJ	2745	2745	2745	2745.0	1.000	0.0
SING_PB63	P	1	1	16.7%	accessory	PB63	297	297	297	297.0	1.000	0.0
SING_PB6Z	P	1	1	16.7%	accessory	PB6Z	840	840	840	840.0	1.000	0.0
FAM_P1273	P	6	6	100.0%	core	P191	237	237	237	237.0	0.667	0.0
FAM_P1274	P	6	6	100.0%	core	P1AT	714	714	714	714.0	0.667	0.0
FAM_P1275	P	6	6	100.0%	core	P1BQ	828	828	828	828.0	0.667	0.0
FAM_P1276	P	5	5	83.3%	accessory	P1DE	1431	1431	1611	1539.0	0.800	9720.0
FAM_P1277	P	6	6	100.0%	core	P1E8	552	552	552	552.0	0.667	0.0
FAM_P1278	P	6	6	100.0%	core	P1F3	612	612	612	612.0	0.833	0.0
FAM_P1279	P	6	6	100.0%	core	P1G1	429	429	429	429.0	0.833	0.0
FAM_P1280	P	6	6	100.0%	core	P1GX	669	669	672	669.5	0.833	1.5
FAM_P1281	P	6	6	100.0%	core	P1HV	1359	1359	1359	1359.0	0.833	0.0
FAM_P1282	P	6	6	100.0%	core	P1KG	642	642	642	642.0	0.833	0.0
FAM_P1283	P	6	6	100.0%	core	P1LI	789	789	789	789.0	0.833	0.0
FAM_P1284	P	4	2	33.3%	accessory	P48H	195	195	195	195.0	0.500	0.0
FAM_P1285	P	6	6	100.0%	core	P1NN	1026	1026	1026	1026.0	0.833	0.0
FAM_P1286	P	6	6	100.0%	core	P1T8	1239	1239	1239	1239.0	0.667	0.0
FAM_P1287	P	6	6	100.0%	core	P1U6	852	852	852	852.0	0.667	0.0
FAM_P1288	P	6	6	100.0%	core	P1VC	702	702	702	702.0	0.667	0.0
FAM_P1289	P	5	5	83.3%	accessory	P1W8	414	414	414	414.0	0.800	0.0
FAM_P1290	P	6	6	100.0%	core	P1XV	984	984	984	984.0	0.667	0.0
FAM_P1291	P	6	6	100.0%	core	P1YR	690	690	690	690.0	0.667	0.0
FAM_P1292	P	6	6	100.0%	core	P1ZO	291	291	291	291.0	0.667	0.0
FAM_P1293	P	6	6	100.0%	core	P21A	336	336	336	336.0	0.667	0.0
FAM_P1294	P	6	6	100.0%	core	P225	411	411	411	411.0	0.667	0.0
FAM_P1295	P	6	6	100.0%	core	P233	1428	1428	1428	1428.0	0.667	0.0
FAM_P1296	P	3	3	50.0%	accessory	P636	915	903	915	911.0	0.667	48.0
FAM_P1297	P	6	6	100.0%	core	P2A9	2259	2259	2259	2259.0	0.667	0.0
FAM_P1298	P	6	6	100.0%	core	P2B7	1302	1302	1302	1302.0	0.667	0.0
FAM_P1299	P	6	6	100.0%	core	P2C3	987	987	987	987.0	0.833	0.0
FAM_P1300	P	5	5	83.3%	accessory	P2CY	1188	1188	1188	1188.0	0.800	0.0
FAM_P1301	P	6	6	100.0%	core	P2DX	996	996	996	996.0	0.667	0.0
FAM_P1302	P	6	6	100.0%	core	P2ET	636	636	636	636.0	0.833	0.0
FAM_P1303	P	6	6	100.0%	core	P2K1	1005	1005	1005	1005.0	0.667	0.0
FAM_P1304	P	6	6	100.0%	core	P2KX	2085	2082	2085	2084.5	0.833	1.5
FAM_P1305	P	3	3	50.0%	accessory	P6MZ	861	852	861	858.0	0.667	27.0
FAM_P1306	P	4	4	66.7%	accessory	P6NV	957	957	957	957.0	0.750	0.0
FAM_P1307	P	2	2	33.3%	accessory	P6QO	4767	4767	4767	4767.0	0.500	0.0
FAM_P1308	P	6	6	100.0%	core	P2S9	498	498	498	498.0	0.667	0.0
FAM_P1309	P	6	6	100.0%	core	P2TA	960	960	960	960.0	0.667	0.0
FAM_P1310	P	6	6	100.0%	core	P2U4	1890	1890	1890	1890.0	0.667	0.0
FAM_P1311	P	6	6	100.0%	core	P2V0	330	330	330	330.0	0.500	0.0
FAM_P1312	P	6	6	100.0%	core	P2VV	951	951	951	951.0	0.667	0.0
FAM_P1313	P	6	6	100.0%	core	P2WQ	1452	1452	1452	1452.0	0.667	0.0
FAM_P1314	P	5	5	83.3%	accessory	P2XL	897	897	897	897.0	0.600	0.0
FAM_P1315	P	6	6	100.0%	core	P2YE	984	984	984	984.0	0.667	0.0
FAM_P1316	P	6	6	100.0%	core	P2ZX	1101	1101	1101	1101.0	0.833	0.0
FAM_P1317	P	6	6	100.0%	core	P32K	1350	1350	1350	1350.0	0.833	0.0
FAM_P1318	P	6	6	100.0%	core	P365	1065	1065	1065	1065.0	0.833	0.0
FAM_P1319	P	5	5	83.3%	accessory	P370	252	252	252	252.0	0.600	0.0
FAM_P1320	P	6	6	100.0%	core	P37W	1512	1512	1512	1512.0	0.833	0.0
FAM_P1321	P	4	4	66.7%	accessory	P3AA	1413	1413	1413	1413.0	0.750	0.0
FAM_P1322	P	6	6	100.0%	core	P3B6	1590	1590	1617	1599.0	0.833	194.4
FAM_P1323	P	2	2	33.3%	accessory	P3K3	558	558	558	558.0	0.500	0.0
FAM_P1324	P	2	2	33.3%	accessory	P48Z	1707	1707	1707	1707.0	0.500	0.0
FAM_P1325	P	2	2	33.3%	accessory	P4AR	624	624	624	624.0	0.500	0.0
FAM_P1326	P	2	2	33.3%	accessory	P4BN	291	291	291	291.0	0.500	0.0
FAM_P1327	P	2	2	33.3%	accessory	P4GZ	1938	1938	1938	1938.0	0.500	0.0
FAM_P1328	P	2	2	33.3%	accessory	P4HV	2349	2349	2349	2349.0	0.500	0.0
FAM_P1329	P	2	2	33.3%	accessory	P4IR	282	282	282	282.0	0.500	0.0
FAM_P1330	P	2	2	33.3%	accessory	P7FM	1098	1098	1098	1098.0	0.500	0.0
SING_PFGR	P	1	1	16.7%	accessory	PFGR	1032	1032	1032	1032.0	1.000	0.0
FAM_P1331	P	6	6	100.0%	core	P2NK	333	333	333	333.0	0.500	0.0
FAM_P1332	P	2	2	33.3%	accessory	P804	669	669	669	669.0	1.000	0.0
FAM_P1333	P	2	2	33.3%	accessory	P814	750	750	750	750.0	1.000	0.0
SING_PG0B	P	1	1	16.7%	accessory	PG0B	789	789	789	789.0	1.000	0.0
FAM_P1334	P	6	6	100.0%	core	P28J	594	594	594	594.0	0.667	0.0
SING_PGA3	P	1	1	16.7%	accessory	PGA3	1821	1821	1821	1821.0	1.000	0.0
FAM_P1335	P	6	6	100.0%	core	P1KZ	900	900	900	900.0	0.833	0.0
FAM_P1336	P	2	2	33.3%	accessory	P8KJ	1377	1377	1377	1377.0	1.000	0.0
SING_PGRV	P	1	1	16.7%	accessory	PGRV	1998	1998	1998	1998.0	1.000	0.0
FAM_P1337	P	6	6	100.0%	core	P14B	2412	2412	2412	2412.0	0.833	0.0
SING_PH8R	P	1	1	16.7%	accessory	PH8R	396	396	396	396.0	1.000	0.0
SING_PHE3	P	1	1	16.7%	accessory	PHE3	1176	1176	1176	1176.0	1.000	0.0
SING_PHEZ	P	1	1	16.7%	accessory	PHEZ	234	234	234	234.0	1.000	0.0
SING_PHMZ	P	1	1	16.7%	accessory	PHMZ	636	636	636	636.0	1.000	0.0
FAM_P1338	P	6	6	100.0%	core	P4J5	333	333	333	333.0	0.667	0.0
SING_PI97	P	1	1	16.7%	accessory	PI97	567	567	567	567.0	1.000	0.0
SING_PIEJ	P	1	1	16.7%	accessory	PIEJ	198	198	198	198.0	1.000	0.0
SING_PINF	P	1	1	16.7%	accessory	PINF	360	360	360	360.0	1.000	0.0
FAM_P1339	P	5	3	50.0%	accessory	P6VA	672	426	1188	676.8	0.600	96793.2
SING_PJ4B	P	1	1	16.7%	accessory	PJ4B	345	345	345	345.0	1.000	0.0
SING_PJ63	P	1	1	16.7%	accessory	PJ63	1725	1725	1725	1725.0	1.000	0.0
SING_PJ7V	P	1	1	16.7%	accessory	PJ7V	1362	1362	1362	1362.0	1.000	0.0
SING_PJ8R	P	1	1	16.7%	accessory	PJ8R	2424	2424	2424	2424.0	1.000	0.0
SING_PJ9N	P	1	1	16.7%	accessory	PJ9N	768	768	768	768.0	1.000	0.0
SING_PJAJ	P	1	1	16.7%	accessory	PJAJ	1575	1575	1575	1575.0	1.000	0.0
SING_PJBF	P	1	1	16.7%	accessory	PJBF	426	426	426	426.0	1.000	0.0
FAM_P1340	P	3	3	50.0%	accessory	P2IG	1197	1197	1197	1197.0	0.667	0.0
FAM_P1341	P	6	6	100.0%	core	P2EV	783	783	783	783.0	0.667	0.0
FAM_P1342	P	6	6	100.0%	core	P2DZ	1008	1008	1008	1008.0	0.667	0.0
FAM_P1343	P	6	6	100.0%	core	P2C9	1299	1299	1299	1299.0	0.667	0.0
FAM_P1344	P	6	6	100.0%	core	P2BD	933	933	933	933.0	0.667	0.0
FAM_P1345	P	6	6	100.0%	core	P29J	342	342	342	342.0	0.667	0.0
FAM_P1346	P	6	6	100.0%	core	P1Z2	732	732	732	732.0	0.667	0.0
FAM_P1347	P	6	6	100.0%	core	P1Y6	504	504	504	504.0	0.667	0.0
FAM_P1348	P	6	6	100.0%	core	P1XB	324	324	324	324.0	0.667	0.0
FAM_P1349	P	6	6	100.0%	core	P1WF	1290	1290	1290	1290.0	0.667	0.0
FAM_P1350	P	6	6	100.0%	core	P1VJ	576	576	576	576.0	0.667	0.0
FAM_P1351	P	6	6	100.0%	core	P1UE	792	792	792	792.0	0.667	0.0
FAM_P1352	P	6	6	100.0%	core	P1TG	327	327	327	327.0	0.667	0.0
FAM_P1353	P	6	6	100.0%	core	P1RK	813	813	813	813.0	0.833	0.0
FAM_P1354	P	6	6	100.0%	core	P1QO	663	663	663	663.0	0.667	0.0
FAM_P1355	P	6	6	100.0%	core	P1PS	891	891	891	891.0	0.667	0.0
FAM_P1356	P	6	6	100.0%	core	P1O0	1053	1053	1053	1053.0	0.667	0.0
FAM_P1357	P	5	5	83.3%	accessory	P1N4	1251	1251	1251	1251.0	0.600	0.0
FAM_P1358	P	6	6	100.0%	core	P1M8	732	732	732	732.0	0.833	0.0
FAM_P1359	P	6	6	100.0%	core	P1EE	657	657	657	657.0	0.667	0.0
FAM_P1360	P	6	6	100.0%	core	P1DJ	582	582	582	582.0	0.667	0.0
FAM_P1361	P	6	6	100.0%	core	P1CN	837	837	837	837.0	0.667	0.0
FAM_P1362	P	6	6	100.0%	core	P1BR	888	888	888	888.0	0.667	0.0
FAM_P1363	P	6	6	100.0%	core	P1AV	750	750	750	750.0	0.833	0.0
FAM_P1364	P	6	6	100.0%	core	P19Z	1005	1005	1005	1005.0	0.667	0.0
FAM_P1365	P	5	5	83.3%	accessory	P193	2013	2013	2013	2013.0	0.600	0.0
FAM_P1366	P	8	6	100.0%	core	P188	1266	120	1266	802.5	0.750	269552.6
FAM_P1367	P	6	6	100.0%	core	P17C	561	561	561	561.0	0.667	0.0
FAM_P1368	P	5	5	83.3%	accessory	P14N	1023	981	1023	1006.2	0.600	529.2
SING_PLE3	P	1	1	16.7%	accessory	PLE3	213	213	213	213.0	1.000	0.0
FAM_P1369	P	4	4	66.7%	accessory	P2PR	1137	1137	1137	1137.0	0.500	0.0
FAM_P1370	P	6	6	100.0%	core	P2QN	1026	1026	1026	1026.0	0.833	0.0
FAM_P1371	P	3	3	50.0%	accessory	P6TQ	354	279	354	329.0	0.667	1875.0
FAM_P1372	P	6	6	100.0%	core	P2TR	1041	1041	1041	1041.0	0.667	0.0
FAM_P1373	P	6	6	100.0%	core	P30C	4029	4029	4029	4029.0	0.833	0.0
FAM_P1374	P	6	6	100.0%	core	P319	690	690	690	690.0	0.667	0.0
FAM_P1375	P	2	2	33.3%	accessory	P772	861	861	861	861.0	0.500	0.0
FAM_P1376	P	2	2	33.3%	accessory	P7DA	2208	2208	2208	2208.0	0.500	0.0
FAM_P1377	P	3	3	50.0%	accessory	P7FY	978	978	978	978.0	0.667	0.0
SING_P7OU	P	1	1	16.7%	accessory	P7OU	921	921	921	921.0	1.000	0.0
SING_P87I	P	1	1	16.7%	accessory	P87I	1653	1653	1653	1653.0	1.000	0.0
SING_P8B2	P	1	1	16.7%	accessory	P8B2	1113	1113	1113	1113.0	1.000	0.0
SING_P8BY	P	1	1	16.7%	accessory	P8BY	912	912	912	912.0	1.000	0.0
SING_P8CU	P	1	1	16.7%	accessory	P8CU	651	651	651	651.0	1.000	0.0
SING_P8SU	P	1	1	16.7%	accessory	P8SU	606	606	606	606.0	1.000	0.0
FAM_P1378	P	2	2	33.3%	accessory	P8VI	207	207	207	207.0	1.000	0.0
SING_P8WE	P	1	1	16.7%	accessory	P8WE	2601	2601	2601	2601.0	1.000	0.0
SING_P8XA	P	1	1	16.7%	accessory	P8XA	6108	6108	6108	6108.0	1.000	0.0
FAM_P1379	P	4	4	66.7%	accessory	P30E	540	444	540	492.0	0.500	3072.0
FAM_P1380	P	6	6	100.0%	core	P2ZI	321	321	321	321.0	0.667	0.0
FAM_P1381	P	3	3	50.0%	accessory	P2VX	381	381	381	381.0	0.667	0.0
SING_PMP9	P	1	1	16.7%	accessory	PMP9	309	309	309	309.0	1.000	0.0
SING_PMQ5	P	1	1	16.7%	accessory	PMQ5	585	585	585	585.0	1.000	0.0
SING_PMR1	P	1	1	16.7%	accessory	PMR1	1668	1668	1668	1668.0	1.000	0.0
SING_PMRX	P	1	1	16.7%	accessory	PMRX	210	210	210	210.0	1.000	0.0
SING_PMUL	P	1	1	16.7%	accessory	PMUL	1191	1191	1191	1191.0	1.000	0.0
FAM_P1382	P	3	3	50.0%	accessory	P8VG	780	780	780	780.0	1.000	0.0
FAM_P1383	P	6	6	100.0%	core	P1A	591	591	591	591.0	0.667	0.0
FAM_P1384	P	6	6	100.0%	core	P26	459	459	459	459.0	0.500	0.0
FAM_P1385	P	6	6	100.0%	core	P32	1893	1893	1893	1893.0	0.667	0.0
FAM_P1386	P	6	6	100.0%	core	P3G1	531	531	531	531.0	0.667	0.0
FAM_P1387	P	6	6	100.0%	core	P3GW	1026	1026	1026	1026.0	0.667	0.0
FAM_P1388	P	6	6	100.0%	core	P3HS	741	741	741	741.0	0.667	0.0
SING_P6M	P	1	1	16.7%	accessory	P6M	342	342	342	342.0	1.000	0.0
FAM_P1389	P	6	6	100.0%	core	P3NB	2943	1398	3018	2621.5	0.833	405703.5
FAM_P1390	P	6	6	100.0%	core	P3O8	1128	1128	1128	1128.0	0.667	0.0
FAM_P1391	P	4	4	66.7%	accessory	P3VS	543	543	570	556.5	0.500	243.0
FAM_P1392	P	6	6	100.0%	core	P3WW	114	114	114	114.0	0.333	0.0
FAM_P1393	P	2	2	33.3%	accessory	PL8M	441	441	441	441.0	0.500	0.0
FAM_P1394	P	6	6	100.0%	core	P12M	801	801	801	801.0	0.667	0.0
FAM_P1395	P	4	4	66.7%	accessory	P1HQ	303	303	339	312.0	1.000	324.0
SING_P1IM	P	1	1	16.7%	accessory	P1IM	1533	1533	1533	1533.0	1.000	0.0
SING_P1JI	P	1	1	16.7%	accessory	P1JI	1119	1119	1119	1119.0	1.000	0.0
FAM_P1396	P	4	4	66.7%	accessory	P1OU	1323	1323	1323	1323.0	0.750	0.0
FAM_P1397	P	2	2	33.3%	accessory	P4H1	270	270	270	270.0	0.500	0.0
FAM_P1398	P	2	2	33.3%	accessory	P4HX	450	450	450	450.0	0.500	0.0
FAM_P1399	P	2	2	33.3%	accessory	P4N9	408	408	408	408.0	0.500	0.0
SING_PFBH	P	1	1	16.7%	accessory	PFBH	108	108	108	108.0	1.000	0.0
FAM_P1400	P	3	3	50.0%	accessory	P7H5	210	210	210	210.0	0.667	0.0
FAM_P1401	P	2	2	33.3%	accessory	P7FO	834	834	834	834.0	0.500	0.0
SING_PFGT	P	1	1	16.7%	accessory	PFGT	834	834	834	834.0	1.000	0.0
SING_PG0D	P	1	1	16.7%	accessory	PG0D	1752	1752	1752	1752.0	1.000	0.0
FAM_P1402	P	2	2	33.3%	accessory	PAM3	561	345	561	453.0	1.000	23328.0
SING_PG7H	P	1	1	16.7%	accessory	PG7H	171	171	171	171.0	1.000	0.0
SING_PGA5	P	1	1	16.7%	accessory	PGA5	1200	1200	1200	1200.0	1.000	0.0
FAM_P1403	P	2	2	33.3%	accessory	P8LT	750	567	750	658.5	1.000	16744.5
FAM_P1404	P	6	6	100.0%	core	P1OM	1104	1092	1104	1100.5	0.667	30.3
SING_PGR1	P	1	1	16.7%	accessory	PGR1	228	228	228	228.0	1.000	0.0
SING_PH8T	P	1	1	16.7%	accessory	PH8T	1140	1140	1140	1140.0	1.000	0.0
FAM_P1405	P	4	4	66.7%	accessory	P10X	171	171	171	171.0	0.250	0.0
FAM_P1406	P	2	2	33.3%	accessory	P5BH	315	315	315	315.0	0.500	0.0
FAM_P1407	P	2	2	33.3%	accessory	P5GT	1215	1215	1215	1215.0	0.500	0.0
FAM_P1408	P	2	2	33.3%	accessory	P5KD	246	246	246	246.0	0.500	0.0
FAM_P1409	P	2	2	33.3%	accessory	P699	828	828	828	828.0	0.500	0.0
FAM_P1410	P	6	6	100.0%	core	P2GE	489	489	489	489.0	0.667	0.0
FAM_P1411	P	6	6	100.0%	core	P2HA	1125	1125	1125	1125.0	0.667	0.0
FAM_P1412	P	6	6	100.0%	core	P2LB	1974	1974	1974	1974.0	0.833	0.0
FAM_P1413	P	6	6	100.0%	core	P2NX	1014	1014	1014	1014.0	0.667	0.0
FAM_P1414	P	4	4	66.7%	accessory	P2PQ	975	975	975	975.0	0.500	0.0
FAM_P1415	P	6	6	100.0%	core	P2TQ	960	960	960	960.0	0.667	0.0
FAM_P1416	P	6	6	100.0%	core	P30B	366	366	366	366.0	0.333	0.0
FAM_P1417	P	6	6	100.0%	core	P318	1632	1632	1632	1632.0	0.667	0.0
FAM_P1418	P	2	2	33.3%	accessory	P771	1002	1002	1002	1002.0	0.500	0.0
FAM_P1419	P	3	3	50.0%	accessory	P7FX	120	120	120	120.0	0.667	0.0
SING_P7OT	P	1	1	16.7%	accessory	P7OT	885	885	885	885.0	1.000	0.0
FAM_P1420	P	4	4	66.7%	accessory	P2JU	1305	1305	1305	1305.0	1.000	0.0
FAM_P1421	P	2	2	33.3%	accessory	P831	1206	1206	1248	1227.0	1.000	882.0
SING_P87H	P	1	1	16.7%	accessory	P87H	492	492	492	492.0	1.000	0.0
SING_P8ST	P	1	1	16.7%	accessory	P8ST	2109	2109	2109	2109.0	1.000	0.0
FAM_P1422	P	6	6	100.0%	core	P1K1	483	483	483	483.0	0.833	0.0
FAM_P1423	P	2	2	33.3%	accessory	P8VH	603	603	603	603.0	1.000	0.0
SING_P8WD	P	1	1	16.7%	accessory	P8WD	9621	9621	9621	9621.0	1.000	0.0
SING_P8X9	P	1	1	16.7%	accessory	P8X9	9492	9492	9492	9492.0	1.000	0.0
SING_P9FX	P	1	1	16.7%	accessory	P9FX	1023	1023	1023	1023.0	1.000	0.0
SING_P9GT	P	1	1	16.7%	accessory	P9GT	1206	1206	1206	1206.0	1.000	0.0
SING_P9JH	P	1	1	16.7%	accessory	P9JH	1632	1632	1632	1632.0	1.000	0.0
SING_P9KD	P	1	1	16.7%	accessory	P9KD	462	462	462	462.0	1.000	0.0
SING_P9QL	P	1	1	16.7%	accessory	P9QL	624	624	624	624.0	1.000	0.0
SING_P9VX	P	1	1	16.7%	accessory	P9VX	360	360	360	360.0	1.000	0.0
SING_P9WT	P	1	1	16.7%	accessory	P9WT	879	879	879	879.0	1.000	0.0
FAM_P1424	P	5	5	83.3%	accessory	P3IW	297	297	498	417.6	0.800	12120.3
SING_PABX	P	1	1	16.7%	accessory	PABX	411	411	411	411.0	1.000	0.0
FAM_P1425	P	2	2	33.3%	accessory	PAI5	285	285	285	285.0	1.000	0.0
SING_PAJX	P	1	1	16.7%	accessory	PAJX	1371	1371	1371	1371.0	1.000	0.0
SING_PALP	P	1	1	16.7%	accessory	PALP	1587	1587	1587	1587.0	1.000	0.0
SING_PAML	P	1	1	16.7%	accessory	PAML	90	90	90	90.0	1.000	0.0
SING_PANH	P	1	1	16.7%	accessory	PANH	369	369	369	369.0	1.000	0.0
SING_PAOD	P	1	1	16.7%	accessory	PAOD	1188	1188	1188	1188.0	1.000	0.0
SING_PAUL	P	1	1	16.7%	accessory	PAUL	999	999	999	999.0	1.000	0.0
FAM_P1426	P	2	2	33.3%	accessory	PB59	363	363	366	364.5	1.000	4.5
SING_PB65	P	1	1	16.7%	accessory	PB65	855	855	855	855.0	1.000	0.0
FAM_P1427	P	2	2	33.3%	accessory	P4ZQ	1245	1245	1245	1245.0	0.500	0.0
FAM_P1428	P	5	2	33.3%	accessory	P45O	525	459	525	487.2	0.600	1204.2
FAM_P1429	P	6	5	83.3%	accessory	P189	1374	354	1374	1149.0	0.833	169110.0
FAM_P1430	P	6	6	100.0%	core	P1CK	759	759	759	759.0	0.667	0.0
FAM_P1431	P	5	5	83.3%	accessory	P1DG	966	966	966	966.0	0.600	0.0
FAM_P1432	P	6	6	100.0%	core	P1EA	2634	2634	2634	2634.0	0.833	0.0
FAM_P1433	P	6	6	100.0%	core	P1F5	522	522	522	522.0	0.833	0.0
FAM_P1434	P	5	3	50.0%	accessory	P1H0	351	351	1140	982.2	0.600	124504.2
FAM_P1435	P	6	6	100.0%	core	P1HX	414	414	414	414.0	0.667	0.0
FAM_P1436	P	4	4	66.7%	accessory	P1I3	150	150	150	150.0	0.500	0.0
FAM_P1437	P	3	3	50.0%	accessory	P5KL	210	177	210	199.0	0.667	363.0
FAM_P1438	P	6	6	100.0%	core	P1TA	735	735	738	735.5	0.667	1.5
FAM_P1439	P	6	6	100.0%	core	P1U9	912	912	912	912.0	0.667	0.0
FAM_P1440	P	6	6	100.0%	core	P1VE	336	336	336	336.0	0.667	0.0
FAM_P1441	P	5	5	83.3%	accessory	P1WA	849	849	849	849.0	0.800	0.0
FAM_P1442	P	6	6	100.0%	core	P1X2	2274	2274	2313	2294.0	0.833	434.4
FAM_P1443	P	6	6	100.0%	core	P1XX	1194	1194	1194	1194.0	0.833	0.0
FAM_P1444	P	6	6	100.0%	core	P1YT	420	420	420	420.0	0.667	0.0
FAM_P1445	P	6	6	100.0%	core	P1ZQ	483	483	483	483.0	0.667	0.0
FAM_P1446	P	3	3	50.0%	accessory	P5ZO	852	852	852	852.0	0.667	0.0
FAM_P1447	P	6	6	100.0%	core	P21C	1173	1173	1173	1173.0	0.667	0.0
FAM_P1448	P	2	2	33.3%	accessory	P5ZJ	399	399	399	399.0	0.500	0.0
FAM_P1449	P	3	3	50.0%	accessory	P633	495	495	615	535.0	0.667	4800.0
FAM_P1450	P	2	2	33.3%	accessory	P65R	570	570	570	570.0	0.500	0.0
FAM_P1451	P	6	6	100.0%	core	P2HC	948	948	948	948.0	0.667	0.0
FAM_P1452	P	6	6	100.0%	core	P2I8	606	606	606	606.0	0.333	0.0
FAM_P1453	P	5	5	83.3%	accessory	P2NB	354	354	354	354.0	0.800	0.0
FAM_P1454	P	6	6	100.0%	core	P2NZ	2061	2061	2061	2061.0	0.833	0.0
FAM_P1455	P	4	4	66.7%	accessory	P2PS	324	324	324	324.0	0.500	0.0
FAM_P1456	P	6	6	100.0%	core	P2QO	1197	1197	1197	1197.0	0.833	0.0
FAM_P1457	P	6	6	100.0%	core	P2RN	2082	2082	2082	2082.0	0.833	0.0
FAM_P1458	P	6	6	100.0%	core	P30D	4224	4224	4224	4224.0	0.833	0.0
FAM_P1459	P	4	4	66.7%	accessory	P73J	1230	1230	1230	1230.0	0.750	0.0
FAM_P1460	P	2	2	33.3%	accessory	P773	684	684	684	684.0	0.500	0.0
FAM_P1461	P	3	3	50.0%	accessory	P37P	1815	1773	1815	1787.0	0.667	588.0
FAM_P1462	P	2	2	33.3%	accessory	P7GV	411	411	411	411.0	0.500	0.0
SING_P7OV	P	1	1	16.7%	accessory	P7OV	855	855	855	855.0	1.000	0.0
SING_P87J	P	1	1	16.7%	accessory	P87J	666	666	666	666.0	1.000	0.0
SING_P8B3	P	1	1	16.7%	accessory	P8B3	708	708	708	708.0	1.000	0.0
SING_P8BZ	P	1	1	16.7%	accessory	P8BZ	327	327	327	327.0	1.000	0.0
SING_P8CV	P	1	1	16.7%	accessory	P8CV	1206	1206	1206	1206.0	1.000	0.0
SING_P8VJ	P	1	1	16.7%	accessory	P8VJ	1197	1197	1197	1197.0	1.000	0.0
SING_P8WF	P	1	1	16.7%	accessory	P8WF	867	867	867	867.0	1.000	0.0
SING_P8XB	P	1	1	16.7%	accessory	P8XB	960	960	960	960.0	1.000	0.0
FAM_P1463	P	5	3	50.0%	accessory	P467	2580	1863	2580	2292.0	0.600	153373.5
SING_P9FZ	P	1	1	16.7%	accessory	P9FZ	1071	1071	1071	1071.0	1.000	0.0
SING_P9JJ	P	1	1	16.7%	accessory	P9JJ	1104	1104	1104	1104.0	1.000	0.0
SING_P9KF	P	1	1	16.7%	accessory	P9KF	309	309	309	309.0	1.000	0.0
SING_P9PR	P	1	1	16.7%	accessory	P9PR	792	792	792	792.0	1.000	0.0
SING_P9QN	P	1	1	16.7%	accessory	P9QN	1164	1164	1164	1164.0	1.000	0.0
SING_P9VZ	P	1	1	16.7%	accessory	P9VZ	447	447	447	447.0	1.000	0.0
SING_P9WV	P	1	1	16.7%	accessory	P9WV	681	681	681	681.0	1.000	0.0
FAM_P1464	P	6	6	100.0%	core	P1C	378	378	378	378.0	0.500	0.0
SING_PAJZ	P	1	1	16.7%	accessory	PAJZ	1740	1740	1740	1740.0	1.000	0.0
SING_PAKV	P	1	1	16.7%	accessory	PAKV	219	219	219	219.0	1.000	0.0
SING_PALR	P	1	1	16.7%	accessory	PALR	1155	1155	1155	1155.0	1.000	0.0
SING_PAMN	P	1	1	16.7%	accessory	PAMN	720	720	720	720.0	1.000	0.0
FAM_P1465	P	2	1	16.7%	accessory	P9QD	222	222	222	222.0	1.000	0.0
FAM_P1466	P	2	2	33.3%	accessory	PAXB	1284	1284	1284	1284.0	1.000	0.0
SING_PB5B	P	1	1	16.7%	accessory	PB5B	648	648	648	648.0	1.000	0.0
SING_PB67	P	1	1	16.7%	accessory	PB67	1191	1191	1191	1191.0	1.000	0.0
FAM_P1467	P	2	2	33.3%	accessory	P4YS	546	546	546	546.0	0.500	0.0
FAM_P1468	P	6	6	100.0%	core	P1H1	315	315	315	315.0	0.833	0.0
FAM_P1469	P	6	6	100.0%	core	P1HZ	636	636	636	636.0	0.833	0.0
FAM_P1470	P	6	6	100.0%	core	P1IS	330	330	330	330.0	0.333	0.0
FAM_P1471	P	6	6	100.0%	core	P1TC	2496	2496	2496	2496.0	0.667	0.0
FAM_P1472	P	6	6	100.0%	core	P1X4	846	846	846	846.0	0.667	0.0
FAM_P1473	P	6	6	100.0%	core	P1XZ	1191	1191	1191	1191.0	0.667	0.0
FAM_P1474	P	6	6	100.0%	core	P1YV	2661	2661	2661	2661.0	0.667	0.0
FAM_P1475	P	4	3	50.0%	accessory	P20H	792	483	1350	993.8	0.750	185132.2
FAM_P1476	P	6	6	100.0%	core	P21E	516	516	516	516.0	0.667	0.0
FAM_P1477	P	6	6	100.0%	core	P229	924	924	924	924.0	0.833	0.0
FAM_P1478	P	6	6	100.0%	core	P2AF	660	660	660	660.0	0.833	0.0
FAM_P1479	P	2	2	33.3%	accessory	P74F	948	948	948	948.0	0.500	0.0
FAM_P1480	P	6	6	100.0%	core	P2GV	291	126	297	265.5	0.833	4679.1
FAM_P1481	P	6	6	100.0%	core	P2HS	504	504	504	504.0	0.833	0.0
FAM_P1482	P	6	6	100.0%	core	P2LT	744	744	744	744.0	0.833	0.0
FAM_P1483	P	2	2	33.3%	accessory	P6SK	408	408	408	408.0	0.500	0.0
FAM_P1484	P	2	2	33.3%	accessory	P6TG	315	315	315	315.0	0.500	0.0
FAM_P1485	P	6	6	100.0%	core	P32O	315	315	315	315.0	0.667	0.0
FAM_P1486	P	6	6	100.0%	core	P35D	1053	1053	1053	1053.0	0.667	0.0
FAM_P1487	P	6	6	100.0%	core	P369	651	651	651	651.0	0.833	0.0
FAM_P1488	P	6	6	100.0%	core	P374	1503	1503	1503	1503.0	0.833	0.0
FAM_P1489	P	6	6	100.0%	core	P385	1020	1020	1020	1020.0	0.833	0.0
FAM_P1490	P	7	6	100.0%	core	P39K	2637	1035	2637	2223.9	0.857	505949.1
FAM_P1491	P	5	5	83.3%	accessory	P3AG	342	339	342	341.4	0.800	1.8
FAM_P1492	P	6	6	100.0%	core	P3BA	780	780	783	781.5	0.833	2.7
FAM_P1493	P	2	2	33.3%	accessory	P3DZ	108	108	108	108.0	0.500	0.0
FAM_P1494	P	2	2	33.3%	accessory	P3FR	606	606	606	606.0	0.500	0.0
FAM_P1495	P	2	2	33.3%	accessory	P3K7	957	957	957	957.0	0.500	0.0
FAM_P1496	P	2	2	33.3%	accessory	P3ON	1572	1572	1572	1572.0	0.500	0.0
FAM_P1497	P	2	2	33.3%	accessory	P3YE	1053	1053	1053	1053.0	0.500	0.0
FAM_P1498	P	2	2	33.3%	accessory	P487	1437	1437	1437	1437.0	0.500	0.0
FAM_P1499	P	2	2	33.3%	accessory	P493	390	390	390	390.0	0.500	0.0
FAM_P1500	P	2	2	33.3%	accessory	P4AV	369	369	369	369.0	0.500	0.0
FAM_P1501	P	2	2	33.3%	accessory	P4BR	699	699	699	699.0	0.500	0.0
SING_PFGV	P	1	1	16.7%	accessory	PFGV	204	204	204	204.0	1.000	0.0
FAM_P1502	P	6	6	100.0%	core	P1TE	1086	1086	1086	1086.0	0.833	0.0
FAM_P1503	P	6	6	100.0%	core	P1KV	333	333	333	333.0	0.833	0.0
FAM_P1504	P	5	5	83.3%	accessory	P1IX	228	228	228	228.0	0.800	0.0
SING_PGR3	P	1	1	16.7%	accessory	PGR3	528	528	528	528.0	1.000	0.0
SING_PGRZ	P	1	1	16.7%	accessory	PGRZ	2478	2478	2478	2478.0	1.000	0.0
FAM_P1505	P	5	3	50.0%	accessory	P4VT	633	504	1260	706.8	0.600	99794.7
SING_PH8V	P	1	1	16.7%	accessory	PH8V	1116	1116	1116	1116.0	1.000	0.0
SING_PHE7	P	1	1	16.7%	accessory	PHE7	2139	2139	2139	2139.0	1.000	0.0
SING_PHJJ	P	1	1	16.7%	accessory	PHJJ	264	264	264	264.0	1.000	0.0
FAM_P1506	P	4	4	66.7%	accessory	P9RY	93	93	93	93.0	0.250	0.0
SING_PHN3	P	1	1	16.7%	accessory	PHN3	426	426	426	426.0	1.000	0.0
SING_PHYN	P	1	1	16.7%	accessory	PHYN	540	540	540	540.0	1.000	0.0
FAM_P1507	P	6	6	100.0%	core	P35H	462	462	462	462.0	0.667	0.0
SING_PINJ	P	1	1	16.7%	accessory	PINJ	708	708	708	708.0	1.000	0.0
SING_PJ1R	P	1	1	16.7%	accessory	PJ1R	282	282	282	282.0	1.000	0.0
SING_PJ5B	P	1	1	16.7%	accessory	PJ5B	867	867	867	867.0	1.000	0.0
SING_PJ67	P	1	1	16.7%	accessory	PJ67	2202	2202	2202	2202.0	1.000	0.0
SING_PJ7Z	P	1	1	16.7%	accessory	PJ7Z	348	348	348	348.0	1.000	0.0
SING_PJ8V	P	1	1	16.7%	accessory	PJ8V	267	267	267	267.0	1.000	0.0
SING_PJ9R	P	1	1	16.7%	accessory	PJ9R	384	384	384	384.0	1.000	0.0
SING_PJAN	P	1	1	16.7%	accessory	PJAN	891	891	891	891.0	1.000	0.0
SING_PJBJ	P	1	1	16.7%	accessory	PJBJ	231	231	231	231.0	1.000	0.0
FAM_P1508	P	2	1	16.7%	accessory	PJDB	720	720	1152	936.0	1.000	93312.0
FAM_P1509	P	2	2	33.3%	accessory	P2R1	798	798	798	798.0	1.000	0.0
FAM_P1510	P	6	6	100.0%	core	P29F	1500	1317	1500	1439.0	0.667	8930.4
FAM_P1511	P	6	6	100.0%	core	P20S	450	450	450	450.0	0.667	0.0
SING_PK5R	P	1	1	16.7%	accessory	PK5R	171	171	171	171.0	1.000	0.0
FAM_P1512	P	6	6	100.0%	core	P1YY	1299	1299	1299	1299.0	0.667	0.0
FAM_P1513	P	6	6	100.0%	core	P1X7	201	201	201	201.0	0.500	0.0
FAM_P1514	P	4	4	66.7%	accessory	P1OS	663	663	663	663.0	0.750	0.0
SING_PKJZ	P	1	1	16.7%	accessory	PKJZ	1605	1605	1605	1605.0	1.000	0.0
FAM_P1515	P	6	6	100.0%	core	P1CJ	1359	1161	1359	1293.0	0.833	10454.4
FAM_P1516	P	5	3	50.0%	accessory	P11H	591	591	591	591.0	0.800	0.0
FAM_P1517	P	4	4	66.7%	accessory	P46V	2097	2097	2097	2097.0	0.500	0.0
FAM_P1518	P	2	1	16.7%	accessory	PLIN	201	201	201	201.0	0.500	0.0
FAM_P1519	P	6	6	100.0%	core	P3W1	792	792	792	792.0	0.667	0.0
FAM_P1520	P	6	6	100.0%	core	P3UE	1032	1032	1032	1032.0	0.667	0.0
SING_PLRJ	P	1	1	16.7%	accessory	PLRJ	996	996	996	996.0	1.000	0.0
FAM_P1521	P	2	2	33.3%	accessory	PA3	1461	447	1461	954.0	1.000	514098.0
FAM_P1522	P	6	6	100.0%	core	P3GZ	1149	1149	1149	1149.0	0.667	0.0
FAM_P1523	P	5	5	83.3%	accessory	P3G4	2244	2244	2244	2244.0	0.600	0.0
FAM_P1524	P	6	6	100.0%	core	P29	1767	1767	1767	1767.0	0.667	0.0
SING_PM8F	P	1	1	16.7%	accessory	PM8F	945	945	945	945.0	1.000	0.0
SING_PM9B	P	1	1	16.7%	accessory	PM9B	363	363	363	363.0	1.000	0.0
SING_PMR3	P	1	1	16.7%	accessory	PMR3	2424	2424	2424	2424.0	1.000	0.0
SING_PMRZ	P	1	1	16.7%	accessory	PMRZ	1032	1032	1032	1032.0	1.000	0.0
SING_PMUN	P	1	1	16.7%	accessory	PMUN	981	981	981	981.0	1.000	0.0
FAM_P1525	P	6	6	100.0%	core	P28	366	366	366	366.0	0.667	0.0
FAM_P1526	P	6	6	100.0%	core	P34	1854	1758	1854	1838.0	0.667	1536.0
FAM_P1527	P	6	6	100.0%	core	P3G3	2535	2535	2535	2535.0	0.667	0.0
FAM_P1528	P	6	6	100.0%	core	P3GY	789	789	789	789.0	0.833	0.0
FAM_P1529	P	3	3	50.0%	accessory	P5S	480	468	480	476.0	0.667	48.0
SING_P7K	P	1	1	16.7%	accessory	P7K	732	732	732	732.0	1.000	0.0
FAM_P1530	P	6	6	100.0%	core	P4DV	738	738	738	738.0	0.667	0.0
FAM_P1531	P	6	6	100.0%	core	P4ER	648	648	648	648.0	0.667	0.0
FAM_P1532	P	6	6	100.0%	core	P4FN	798	798	798	798.0	0.667	0.0
FAM_P1533	P	6	6	100.0%	core	P13K	450	450	450	450.0	0.667	0.0
SING_P1HS	P	1	1	16.7%	accessory	P1HS	93	93	93	93.0	1.000	0.0
SING_P1JK	P	1	1	16.7%	accessory	P1JK	993	993	993	993.0	1.000	0.0
FAM_P1534	P	7	6	100.0%	core	P1OW	777	282	777	657.4	0.857	43651.3
SING_P1SG	P	1	1	16.7%	accessory	P1SG	1332	1332	1332	1332.0	1.000	0.0
FAM_P1535	P	8	6	100.0%	core	P1XS	1062	192	1062	786.0	0.625	144843.4
FAM_P1536	P	6	6	100.0%	core	P24W	1827	1827	1827	1827.0	0.667	0.0
FAM_P1537	P	4	4	66.7%	accessory	P25S	141	141	141	141.0	0.500	0.0
FAM_P1538	P	6	6	100.0%	core	P2J4	1806	1779	1806	1797.0	0.833	194.4
FAM_P1539	P	4	4	66.7%	accessory	P2K0	906	906	906	906.0	0.750	0.0
FAM_P1540	P	6	6	100.0%	core	P2TS	1830	1830	1830	1830.0	0.667	0.0
FAM_P1541	P	6	6	100.0%	core	P33K	846	846	846	846.0	0.667	0.0
FAM_P1542	P	6	6	100.0%	core	P34G	1518	1518	1518	1518.0	0.667	0.0
FAM_P1543	P	2	2	33.3%	accessory	P380	999	999	999	999.0	1.000	0.0
SING_P38W	P	1	1	16.7%	accessory	P38W	987	987	987	987.0	1.000	0.0
FAM_P1544	P	6	6	100.0%	core	P3CG	900	900	900	900.0	0.833	0.0
FAM_P1545	P	3	3	50.0%	accessory	P3KG	957	957	957	957.0	0.667	0.0
FAM_P1546	P	3	3	50.0%	accessory	P3LC	762	762	762	762.0	0.667	0.0
FAM_P1547	P	6	6	100.0%	core	P3SG	1383	1374	1383	1380.0	0.667	21.6
FAM_P1548	P	6	6	100.0%	core	P3TC	630	630	630	630.0	0.667	0.0
FAM_P1549	P	6	6	100.0%	core	P3U8	1113	1113	1113	1113.0	0.667	0.0
FAM_P1550	P	6	6	100.0%	core	P3V4	1221	1221	1221	1221.0	0.667	0.0
FAM_P1551	P	6	6	100.0%	core	P3W0	735	735	735	735.0	0.667	0.0
FAM_P1552	P	6	6	100.0%	core	P41C	723	723	723	723.0	0.667	0.0
FAM_P1553	P	6	6	100.0%	core	P428	993	993	993	993.0	0.667	0.0
FAM_P1554	P	6	6	100.0%	core	P434	285	285	285	285.0	0.333	0.0
FAM_P1555	P	5	5	83.3%	accessory	P440	564	564	564	564.0	0.600	0.0
FAM_P1556	P	6	6	100.0%	core	P46O	858	858	858	858.0	0.833	0.0
FAM_P1557	P	3	3	50.0%	accessory	P113	297	297	324	315.0	0.667	243.0
FAM_P1558	P	6	6	100.0%	core	P4LS	624	624	624	624.0	0.667	0.0
FAM_P1559	P	6	6	100.0%	core	P4MO	156	156	156	156.0	0.667	0.0
FAM_P1560	P	9	5	83.3%	accessory	P4OG	3477	1275	3498	3211.3	0.778	534197.5
FAM_P1561	P	6	6	100.0%	core	P4PC	1050	1050	1050	1050.0	0.667	0.0
FAM_P1562	P	5	5	83.3%	accessory	P4Q8	1419	1419	1419	1419.0	0.800	0.0
FAM_P1563	P	3	3	50.0%	accessory	P4R4	639	639	639	639.0	0.667	0.0
FAM_P1564	P	4	4	66.7%	accessory	P10Z	612	612	612	612.0	0.500	0.0
FAM_P1565	P	2	2	33.3%	accessory	P500	651	651	651	651.0	0.500	0.0
FAM_P1566	P	2	2	33.3%	accessory	P574	171	171	171	171.0	0.500	0.0
FAM_P1567	P	2	2	33.3%	accessory	P5GW	747	747	747	747.0	0.500	0.0
FAM_P1568	P	2	2	33.3%	accessory	P5IO	348	348	348	348.0	0.500	0.0
FAM_P1569	P	2	2	33.3%	accessory	P5KG	270	270	270	270.0	0.500	0.0
FAM_P1570	P	2	2	33.3%	accessory	P5W0	855	855	855	855.0	0.500	0.0
FAM_P1571	P	2	2	33.3%	accessory	P5ZK	1632	1632	1632	1632.0	0.500	0.0
FAM_P1572	P	3	3	50.0%	accessory	P634	675	675	894	748.0	0.667	15987.0
FAM_P1573	P	2	2	33.3%	accessory	P65S	234	234	234	234.0	0.500	0.0
FAM_P1574	P	6	6	100.0%	core	P2GH	1941	1941	1941	1941.0	0.667	0.0
FAM_P1575	P	6	6	100.0%	core	P2HD	1290	1290	1290	1290.0	0.833	0.0
FAM_P1576	P	6	6	100.0%	core	P2I9	630	630	630	630.0	0.667	0.0
FAM_P1577	P	6	6	100.0%	core	P2ML	945	945	945	945.0	0.833	0.0
FAM_P1578	P	6	6	100.0%	core	P2O0	768	768	768	768.0	0.667	0.0
FAM_P1579	P	4	4	66.7%	accessory	P2SW	657	591	657	640.5	0.750	1089.0
FAM_P1580	P	2	2	33.3%	accessory	P74G	387	387	387	387.0	0.500	0.0
FAM_P1581	P	2	2	33.3%	accessory	P774	942	942	942	942.0	0.500	0.0
SING_P7OW	P	1	1	16.7%	accessory	P7OW	747	747	747	747.0	1.000	0.0
FAM_P1582	P	5	5	83.3%	accessory	P6DA	879	879	879	879.0	0.800	0.0
SING_P87K	P	1	1	16.7%	accessory	P87K	1338	1338	1338	1338.0	1.000	0.0
SING_P8B4	P	1	1	16.7%	accessory	P8B4	168	168	168	168.0	1.000	0.0
SING_P8C0	P	1	1	16.7%	accessory	P8C0	618	618	618	618.0	1.000	0.0
SING_P8CW	P	1	1	16.7%	accessory	P8CW	201	201	201	201.0	1.000	0.0
SING_P8K0	P	1	1	16.7%	accessory	P8K0	573	573	573	573.0	1.000	0.0
FAM_P1583	P	2	2	33.3%	accessory	P8VK	201	201	201	201.0	0.500	0.0
SING_P8WG	P	1	1	16.7%	accessory	P8WG	249	249	249	249.0	1.000	0.0
SING_P8XC	P	1	1	16.7%	accessory	P8XC	1803	1803	1803	1803.0	1.000	0.0
SING_P9JK	P	1	1	16.7%	accessory	P9JK	348	348	348	348.0	1.000	0.0
SING_P9KG	P	1	1	16.7%	accessory	P9KG	915	915	915	915.0	1.000	0.0
SING_P9PS	P	1	1	16.7%	accessory	P9PS	1971	1971	1971	1971.0	1.000	0.0
SING_P9QO	P	1	1	16.7%	accessory	P9QO	1890	1890	1890	1890.0	1.000	0.0
SING_P9W0	P	1	1	16.7%	accessory	P9W0	432	432	432	432.0	1.000	0.0
FAM_P1584	P	6	6	100.0%	core	P3AQ	915	906	915	913.5	0.833	13.5
SING_PAK0	P	1	1	16.7%	accessory	PAK0	783	783	783	783.0	1.000	0.0
SING_PALS	P	1	1	16.7%	accessory	PALS	3387	3387	3387	3387.0	1.000	0.0
SING_PAMO	P	1	1	16.7%	accessory	PAMO	600	600	600	600.0	1.000	0.0
SING_PANK	P	1	1	16.7%	accessory	PANK	273	273	273	273.0	1.000	0.0
SING_PB68	P	1	1	16.7%	accessory	PB68	726	726	726	726.0	1.000	0.0
FAM_P1585	P	2	2	33.3%	accessory	P4ZN	210	210	210	210.0	0.500	0.0
FAM_P1586	P	16	2	33.3%	accessory	P3YV	1317	810	1317	1266.0	0.500	16098.0
FAM_P1587	P	6	6	100.0%	core	P18B	579	579	591	583.0	0.667	38.4
FAM_P1588	P	6	6	100.0%	core	P1H2	1659	1659	1659	1659.0	0.833	0.0
FAM_P1589	P	6	6	100.0%	core	P1I0	651	651	672	661.5	0.833	132.3
FAM_P1590	P	6	6	100.0%	core	P1I5	705	705	1053	927.0	0.833	30110.4
FAM_P1591	P	6	6	100.0%	core	P1IT	1059	1059	1059	1059.0	0.833	0.0
FAM_P1592	P	6	6	100.0%	core	P1JS	894	894	894	894.0	0.833	0.0
FAM_P1593	P	6	6	100.0%	core	P1KK	1947	1941	1947	1944.0	0.833	10.8
FAM_P1594	P	6	6	100.0%	core	P1TD	1038	1038	1038	1038.0	0.833	0.0
FAM_P1595	P	6	6	100.0%	core	P1X5	777	777	777	777.0	0.667	0.0
FAM_P1596	P	6	6	100.0%	core	P1Y0	339	339	339	339.0	0.667	0.0
FAM_P1597	P	6	6	100.0%	core	P1YW	1356	1356	1356	1356.0	0.667	0.0
FAM_P1598	P	6	6	100.0%	core	P21F	1557	1557	1557	1557.0	0.667	0.0
FAM_P1599	P	6	6	100.0%	core	P22A	1827	1827	1827	1827.0	0.667	0.0
FAM_P1600	P	4	4	66.7%	accessory	P25Q	810	810	810	810.0	0.750	0.0
FAM_P1601	P	4	4	66.7%	accessory	P67R	432	432	432	432.0	0.750	0.0
FAM_P1602	P	6	6	100.0%	core	P29H	867	867	867	867.0	0.833	0.0
FAM_P1603	P	2	2	33.3%	accessory	P74E	1125	1125	1125	1125.0	1.000	0.0
FAM_P1604	P	6	6	100.0%	core	P2L0	1017	1017	1029	1021.0	0.667	38.4
FAM_P1605	P	6	6	100.0%	core	P2LU	1071	1071	1071	1071.0	0.667	0.0
FAM_P1606	P	2	2	33.3%	accessory	P6SL	939	939	939	939.0	0.500	0.0
FAM_P1607	P	2	2	33.3%	accessory	P6TH	219	219	219	219.0	0.500	0.0
FAM_P1608	P	6	6	100.0%	core	P32P	1959	1959	1959	1959.0	0.667	0.0
FAM_P1609	P	6	6	100.0%	core	P35E	546	546	546	546.0	0.667	0.0
FAM_P1610	P	6	6	100.0%	core	P36A	855	855	855	855.0	0.667	0.0
FAM_P1611	P	6	6	100.0%	core	P375	1023	1023	1023	1023.0	0.833	0.0
FAM_P1612	P	6	6	100.0%	core	P3BB	864	705	864	784.5	0.833	7584.3
FAM_P1613	P	2	2	33.3%	accessory	P3FS	549	549	549	549.0	0.500	0.0
FAM_P1614	P	9	4	66.7%	accessory	P3IG	2142	1902	2142	2047.3	0.667	12062.5
FAM_P1615	P	2	2	33.3%	accessory	P3JC	975	975	975	975.0	0.500	0.0
FAM_P1616	P	2	2	33.3%	accessory	P3S8	222	222	222	222.0	0.500	0.0
FAM_P1617	P	2	2	33.3%	accessory	P3YF	363	363	363	363.0	0.500	0.0
FAM_P1618	P	2	2	33.3%	accessory	P488	270	270	270	270.0	0.500	0.0
FAM_P1619	P	2	2	33.3%	accessory	P494	462	462	462	462.0	0.500	0.0
FAM_P1620	P	2	2	33.3%	accessory	P4AW	762	762	762	762.0	0.500	0.0
FAM_P1621	P	2	2	33.3%	accessory	P4BS	303	303	303	303.0	0.500	0.0
FAM_P1622	P	2	2	33.3%	accessory	P4CO	2091	2091	2091	2091.0	0.500	0.0
FAM_P1623	P	2	2	33.3%	accessory	P4I0	300	300	300	300.0	0.500	0.0
FAM_P1624	P	2	2	33.3%	accessory	P4NC	408	408	408	408.0	0.500	0.0
FAM_P1625	P	4	4	66.7%	accessory	P7H8	858	402	858	744.0	0.750	51984.0
SING_PFGW	P	1	1	16.7%	accessory	PFGW	966	966	966	966.0	1.000	0.0
FAM_P1626	P	8	6	100.0%	core	P2GU	3105	1233	3105	2332.5	0.750	743109.4
FAM_P1627	P	2	2	33.3%	accessory	P832	2028	2028	2028	2028.0	1.000	0.0
FAM_P1628	P	2	2	33.3%	accessory	P89W	429	429	429	429.0	1.000	0.0
SING_PGEO	P	1	1	16.7%	accessory	PGEO	903	903	903	903.0	1.000	0.0
SING_PGHC	P	1	1	16.7%	accessory	PGHC	492	492	492	492.0	1.000	0.0
FAM_P1629	P	3	3	50.0%	accessory	P1LU	1938	1938	3795	2864.0	1.000	862131.0
SING_PGS0	P	1	1	16.7%	accessory	PGS0	108	108	108	108.0	1.000	0.0
FAM_P1630	P	6	6	100.0%	core	P15Y	1188	1188	1188	1188.0	0.833	0.0
SING_PH8W	P	1	1	16.7%	accessory	PH8W	1407	1407	1407	1407.0	1.000	0.0
SING_PHE8	P	1	1	16.7%	accessory	PHE8	909	909	909	909.0	1.000	0.0
SING_PHN4	P	1	1	16.7%	accessory	PHN4	426	426	426	426.0	1.000	0.0
FAM_P1631	P	2	2	33.3%	accessory	PA2R	903	903	903	903.0	1.000	0.0
SING_PUU	P	1	1	16.7%	accessory	PUU	696	696	696	696.0	1.000	0.0
FAM_P1632	P	2	2	33.3%	accessory	P11Y	747	747	747	747.0	0.500	0.0
FAM_P1633	P	2	2	33.3%	accessory	P1SM	369	369	942	655.5	1.000	164164.5
SING_P21I	P	1	1	16.7%	accessory	P21I	471	471	471	471.0	1.000	0.0
FAM_P1634	P	6	6	100.0%	core	P252	564	564	564	564.0	0.667	0.0
SING_P386	P	1	1	16.7%	accessory	P386	195	195	195	195.0	1.000	0.0
SING_P392	P	1	1	16.7%	accessory	P392	633	633	633	633.0	1.000	0.0
FAM_P1635	P	5	4	66.7%	accessory	P3CM	1422	627	1422	1109.4	0.800	183313.8
FAM_P1636	P	5	5	83.3%	accessory	P3IU	261	261	261	261.0	0.600	0.0
FAM_P1637	P	6	6	100.0%	core	P3PY	165	162	165	163.0	0.667	2.4
FAM_P1638	P	6	6	100.0%	core	P3QU	459	459	459	459.0	0.667	0.0
FAM_P1639	P	6	6	100.0%	core	P3RQ	510	510	510	510.0	0.667	0.0
FAM_P1640	P	6	6	100.0%	core	P3ZQ	1368	1362	1368	1365.0	0.667	7.2
FAM_P1641	P	6	3	50.0%	accessory	P45Y	1965	1929	1965	1941.0	0.667	345.6
FAM_P1642	P	3	3	50.0%	accessory	P4BA	1203	1203	1203	1203.0	0.667	0.0
FAM_P1643	P	6	6	100.0%	core	P4MU	1005	1005	1005	1005.0	0.833	0.0
FAM_P1644	P	6	6	100.0%	core	P4PI	2676	2676	2676	2676.0	0.833	0.0
FAM_P1645	P	6	6	100.0%	core	P10B	1032	1032	1032	1032.0	0.667	0.0
FAM_P1646	P	6	6	100.0%	core	P15S	1191	1191	1191	1191.0	0.833	0.0
FAM_P1647	P	2	2	33.3%	accessory	P5BQ	513	513	513	513.0	0.500	0.0
FAM_P1648	P	2	2	33.3%	accessory	P5DI	219	219	219	219.0	0.500	0.0
FAM_P1649	P	2	2	33.3%	accessory	P5KM	402	402	402	402.0	0.500	0.0
FAM_P1650	P	2	2	33.3%	accessory	P5LI	255	255	255	255.0	0.500	0.0
FAM_P1651	P	5	5	83.3%	accessory	P1SE	1158	1158	1158	1158.0	0.800	0.0
FAM_P1652	P	2	2	33.3%	accessory	P62E	924	924	924	924.0	0.500	0.0
FAM_P1653	P	2	2	33.3%	accessory	P65Y	750	750	750	750.0	0.500	0.0
FAM_P1654	P	2	2	33.3%	accessory	P6RA	1014	1014	1014	1014.0	0.500	0.0
FAM_P1655	P	3	3	50.0%	accessory	P6S6	1182	1182	1185	1183.0	0.667	3.0
FAM_P1656	P	2	2	33.3%	accessory	P6T2	378	378	378	378.0	0.500	0.0
FAM_P1657	P	2	2	33.3%	accessory	P73Q	282	282	282	282.0	1.000	0.0
FAM_P1658	P	2	2	33.3%	accessory	P74M	477	477	477	477.0	0.500	0.0
SING_P7FA	P	1	1	16.7%	accessory	P7FA	381	381	381	381.0	1.000	0.0
FAM_P1659	P	4	4	66.7%	accessory	P2SS	1149	1149	1149	1149.0	1.000	0.0
SING_P7PY	P	1	1	16.7%	accessory	P7PY	780	780	780	780.0	1.000	0.0
SING_P80M	P	1	1	16.7%	accessory	P80M	480	480	480	480.0	1.000	0.0
SING_P8D2	P	1	1	16.7%	accessory	P8D2	1497	1497	1497	1497.0	1.000	0.0
SING_P8L2	P	1	1	16.7%	accessory	P8L2	894	894	894	894.0	1.000	0.0
SING_P8LY	P	1	1	16.7%	accessory	P8LY	528	528	528	528.0	1.000	0.0
FAM_P1660	P	2	2	33.3%	accessory	P8VQ	885	885	966	925.5	1.000	3280.5
SING_P8WM	P	1	1	16.7%	accessory	P8WM	6465	6465	6465	6465.0	1.000	0.0
FAM_P1661	P	2	1	16.7%	accessory	P992	288	288	288	288.0	0.500	0.0
SING_P9AU	P	1	1	16.7%	accessory	P9AU	285	285	285	285.0	1.000	0.0
SING_P9FA	P	1	1	16.7%	accessory	P9FA	384	384	384	384.0	1.000	0.0
SING_P9JQ	P	1	1	16.7%	accessory	P9JQ	336	336	336	336.0	1.000	0.0
SING_P9KM	P	1	1	16.7%	accessory	P9KM	273	273	273	273.0	1.000	0.0
FAM_P1662	P	2	2	33.3%	accessory	P9PY	1116	1116	1116	1116.0	0.500	0.0
SING_P9UE	P	1	1	16.7%	accessory	P9UE	642	642	642	642.0	1.000	0.0
SING_PABA	P	1	1	16.7%	accessory	PABA	504	504	504	504.0	1.000	0.0
SING_PAK6	P	1	1	16.7%	accessory	PAK6	1269	1269	1269	1269.0	1.000	0.0
SING_PALY	P	1	1	16.7%	accessory	PALY	330	330	330	330.0	1.000	0.0
SING_PAMU	P	1	1	16.7%	accessory	PAMU	1437	1437	1437	1437.0	1.000	0.0
SING_PANQ	P	1	1	16.7%	accessory	PANQ	537	537	537	537.0	1.000	0.0
SING_PAOM	P	1	1	16.7%	accessory	PAOM	489	489	489	489.0	1.000	0.0
SING_PATY	P	1	1	16.7%	accessory	PATY	411	411	411	411.0	1.000	0.0
FAM_P1663	P	9	2	33.3%	accessory	P4HO	3243	204	3243	1401.7	0.889	1969856.5
FAM_P1664	P	6	6	100.0%	core	P17M	1221	1221	1221	1221.0	0.833	0.0
FAM_P1665	P	6	6	100.0%	core	P18H	1041	1041	1041	1041.0	0.833	0.0
FAM_P1666	P	6	6	100.0%	core	P1FE	2430	2397	2430	2424.5	0.833	181.5
FAM_P1667	P	6	6	100.0%	core	P1GB	240	240	240	240.0	0.667	0.0
FAM_P1668	P	6	6	100.0%	core	P1H8	465	465	465	465.0	0.833	0.0
FAM_P1669	P	6	6	100.0%	core	P1IZ	1359	1359	1359	1359.0	0.833	0.0
FAM_P1670	P	6	6	100.0%	core	P1JX	1395	1395	1395	1395.0	1.000	0.0
FAM_P1671	P	6	6	100.0%	core	P1KS	1416	1416	1416	1416.0	0.833	0.0
FAM_P1672	P	4	4	66.7%	accessory	P6AL	984	984	984	984.0	0.750	0.0
FAM_P1673	P	2	2	33.3%	accessory	P748	291	291	291	291.0	1.000	0.0
FAM_P1674	P	2	2	33.3%	accessory	P6ME	423	423	423	423.0	0.500	0.0
FAM_P1675	P	2	2	33.3%	accessory	P6P7	1104	1104	1104	1104.0	0.500	0.0
FAM_P1676	P	2	2	33.3%	accessory	P6SR	471	471	471	471.0	0.500	0.0
FAM_P1677	P	2	2	33.3%	accessory	P7C1	570	570	570	570.0	0.500	0.0
FAM_P1678	P	8	4	66.7%	accessory	P3JI	375	375	1005	772.9	0.625	63897.3
FAM_P1679	P	2	2	33.3%	accessory	P3N2	1032	1032	1032	1032.0	0.500	0.0
FAM_P1680	P	2	2	33.3%	accessory	P3QM	15876	15876	15876	15876.0	0.500	0.0
FAM_P1681	P	2	2	33.3%	accessory	P3YL	744	744	744	744.0	0.500	0.0
FAM_P1682	P	2	2	33.3%	accessory	P44T	243	243	243	243.0	0.500	0.0
FAM_P1683	P	2	2	33.3%	accessory	P47I	624	624	624	624.0	0.500	0.0
FAM_P1684	P	2	2	33.3%	accessory	P48E	735	735	735	735.0	0.500	0.0
FAM_P1685	P	2	2	33.3%	accessory	P49A	1626	1626	1626	1626.0	0.500	0.0
FAM_P1686	P	2	2	33.3%	accessory	P4B2	954	954	954	954.0	0.500	0.0
FAM_P1687	P	3	3	50.0%	accessory	P4CU	198	198	234	210.0	0.667	432.0
FAM_P1688	P	2	2	33.3%	accessory	P4HA	90	90	90	90.0	0.500	0.0
FAM_P1689	P	2	2	33.3%	accessory	P4NI	165	165	165	165.0	0.500	0.0
SING_PFFA	P	1	1	16.7%	accessory	PFFA	498	498	498	498.0	1.000	0.0
SING_PFG6	P	1	1	16.7%	accessory	PFG6	483	483	483	483.0	1.000	0.0
FAM_P1690	P	3	3	50.0%	accessory	P295	1224	1224	1224	1224.0	1.000	0.0
SING_PG1I	P	1	1	16.7%	accessory	PG1I	999	999	999	999.0	1.000	0.0
SING_PG8M	P	1	1	16.7%	accessory	PG8M	90	90	90	90.0	1.000	0.0
SING_PGRA	P	1	1	16.7%	accessory	PGRA	513	513	513	513.0	1.000	0.0
SING_PGUU	P	1	1	16.7%	accessory	PGUU	603	603	603	603.0	1.000	0.0
SING_PHNA	P	1	1	16.7%	accessory	PHNA	1074	1074	1074	1074.0	1.000	0.0
SING_PIEU	P	1	1	16.7%	accessory	PIEU	1998	1998	1998	1998.0	1.000	0.0
FAM_P1691	P	2	2	33.3%	accessory	PB0Y	507	507	507	507.0	1.000	0.0
FAM_P1692	P	2	2	33.3%	accessory	PIXI	873	873	873	873.0	0.500	0.0
SING_PIYE	P	1	1	16.7%	accessory	PIYE	1554	1554	1554	1554.0	1.000	0.0
SING_PJ06	P	1	1	16.7%	accessory	PJ06	1920	1920	1920	1920.0	1.000	0.0
FAM_P1693	P	2	2	33.3%	accessory	PJ12	1416	1416	1416	1416.0	0.500	0.0
FAM_P1694	P	2	2	33.3%	accessory	PJ1Y	216	216	216	216.0	0.500	0.0
FAM_P1695	P	2	2	33.3%	accessory	PJ2U	1146	1146	1146	1146.0	0.500	0.0
SING_PJ6E	P	1	1	16.7%	accessory	PJ6E	3825	3825	3825	3825.0	1.000	0.0
FAM_P1696	P	2	2	33.3%	accessory	PB5C	384	384	384	384.0	1.000	0.0
SING_PJ86	P	1	1	16.7%	accessory	PJ86	2823	2823	2823	2823.0	1.000	0.0
SING_PJ92	P	1	1	16.7%	accessory	PJ92	1236	1236	1236	1236.0	1.000	0.0
SING_PJAU	P	1	1	16.7%	accessory	PJAU	525	525	525	525.0	1.000	0.0
SING_PJBQ	P	1	1	16.7%	accessory	PJBQ	414	414	414	414.0	1.000	0.0
SING_PJEE	P	1	1	16.7%	accessory	PJEE	1143	1143	1143	1143.0	1.000	0.0
FAM_P1697	P	3	3	50.0%	accessory	P2LQ	285	285	285	285.0	0.667	0.0
FAM_P1698	P	2	2	33.3%	accessory	P2FG	675	675	675	675.0	0.500	0.0
FAM_P1699	P	3	3	50.0%	accessory	P821	1071	1071	1071	1071.0	1.000	0.0
FAM_P1700	P	3	3	50.0%	accessory	P23A	1092	1092	1092	1092.0	0.667	0.0
SING_PKK6	P	1	1	16.7%	accessory	PKK6	654	654	654	654.0	1.000	0.0
FAM_P1701	P	6	6	100.0%	core	P1J1	825	825	825	825.0	0.833	0.0
FAM_P1702	P	6	6	100.0%	core	P1FI	1734	1734	1734	1734.0	0.667	0.0
SING_PKYE	P	1	1	16.7%	accessory	PKYE	357	357	357	357.0	1.000	0.0
FAM_P1703	P	3	3	50.0%	accessory	P158	267	267	267	267.0	0.667	0.0
FAM_P1704	P	3	3	50.0%	accessory	PA91	246	246	246	246.0	1.000	0.0
SING_PM8M	P	1	1	16.7%	accessory	PM8M	105	105	105	105.0	1.000	0.0
SING_PMOM	P	1	1	16.7%	accessory	PMOM	1767	1767	1767	1767.0	1.000	0.0
SING_PMPI	P	1	1	16.7%	accessory	PMPI	2106	2106	2106	2106.0	1.000	0.0
SING_PMS6	P	1	1	16.7%	accessory	PMS6	441	441	441	441.0	1.000	0.0
FAM_P1705	P	2	2	33.3%	accessory	PIZ5	279	279	279	279.0	0.500	0.0
FAM_P1706	P	2	2	33.3%	accessory	PIZT	816	816	816	816.0	1.000	0.0
SING_PMVQ	P	1	1	16.7%	accessory	PMVQ	96	96	96	96.0	1.000	0.0
FAM_P1707	P	2	2	33.3%	accessory	PIXD	513	513	513	513.0	0.500	0.0
FAM_P1708	P	2	2	33.3%	accessory	PJ3I	1164	1164	1164	1164.0	0.500	0.0
FAM_P1709	P	2	2	33.3%	accessory	PJ2M	327	327	327	327.0	0.500	0.0
SING_PMZA	P	1	1	16.7%	accessory	PMZA	327	327	327	327.0	1.000	0.0
FAM_P1710	P	2	2	33.3%	accessory	PJ0U	612	612	612	612.0	0.500	0.0
FAM_P1711	P	6	6	100.0%	core	P3CO	942	942	942	942.0	0.833	0.0
FAM_P1712	P	2	1	16.7%	accessory	P201	864	864	864	864.0	1.000	0.0
FAM_P1713	P	6	6	100.0%	core	P3LP	303	303	498	433.0	0.667	10140.0
SING_PUV	P	1	1	16.7%	accessory	PUV	894	894	894	894.0	1.000	0.0
FAM_P1714	P	2	2	33.3%	accessory	P11Z	498	498	498	498.0	0.500	0.0
FAM_P1715	P	2	2	33.3%	accessory	P16F	174	174	174	174.0	0.500	0.0
FAM_P1716	P	2	2	33.3%	accessory	P187	96	96	96	96.0	1.000	0.0
FAM_P1717	P	3	3	50.0%	accessory	P1ZR	126	126	126	126.0	0.667	0.0
FAM_P1718	P	3	3	50.0%	accessory	P23B	483	483	483	483.0	0.667	0.0
FAM_P1719	P	3	3	50.0%	accessory	P387	1191	1191	1266	1240.0	1.000	1803.0
SING_P393	P	1	1	16.7%	accessory	P393	432	432	432	432.0	1.000	0.0
FAM_P1720	P	6	6	100.0%	core	P2C	1083	1083	1083	1083.0	0.833	0.0
FAM_P1721	P	4	4	66.7%	accessory	P3HZ	1410	1353	1410	1381.5	0.750	1083.0
FAM_P1722	P	6	6	100.0%	core	P3IV	774	627	774	722.5	0.667	5505.9
FAM_P1723	P	6	6	100.0%	core	P3QV	918	918	918	918.0	0.667	0.0
FAM_P1724	P	9	5	83.3%	accessory	P3XZ	681	264	681	634.0	0.667	19253.2
FAM_P1725	P	4	2	33.3%	accessory	P49S	285	285	318	301.5	0.500	363.0
FAM_P1726	P	6	6	100.0%	core	P4JB	141	138	141	139.0	0.667	2.4
FAM_P1727	P	3	2	33.3%	accessory	P9W6	465	465	465	465.0	0.667	0.0
FAM_P1728	P	2	2	33.3%	accessory	PJU	1917	1917	1917	1917.0	0.500	0.0
SING_PLY6	P	1	1	16.7%	accessory	PLY6	1212	1212	1212	1212.0	1.000	0.0
FAM_P1729	P	2	2	33.3%	accessory	P3M	1239	1239	1239	1239.0	0.500	0.0
FAM_P1730	P	2	1	16.7%	accessory	PM7Y	1359	1359	1359	1359.0	1.000	0.0
SING_PM8U	P	1	1	16.7%	accessory	PM8U	288	288	288	288.0	1.000	0.0
FAM_P1731	P	2	2	33.3%	accessory	PJ3W	816	816	816	816.0	1.000	0.0
SING_PMPQ	P	1	1	16.7%	accessory	PMPQ	810	810	810	810.0	1.000	0.0
SING_PMRI	P	1	1	16.7%	accessory	PMRI	507	507	507	507.0	1.000	0.0
SING_PMTA	P	1	1	16.7%	accessory	PMTA	117	117	117	117.0	1.000	0.0
FAM_P1732	P	2	2	33.3%	accessory	PIZD	1320	1320	1320	1320.0	0.500	0.0
FAM_P1733	P	2	2	33.3%	accessory	PJ01	282	282	282	282.0	0.500	0.0
FAM_P1734	P	2	2	33.3%	accessory	PIY1	258	258	258	258.0	0.500	0.0
FAM_P1735	P	2	2	33.3%	accessory	PIX5	837	837	837	837.0	0.500	0.0
FAM_P1736	P	2	2	33.3%	accessory	PJ3A	2457	2457	2457	2457.0	0.500	0.0
FAM_P1737	P	2	2	33.3%	accessory	PJ2E	534	534	534	534.0	0.500	0.0
FAM_P1738	P	2	2	33.3%	accessory	PJ1I	303	303	303	303.0	0.500	0.0
SING_PN0E	P	1	1	16.7%	accessory	PN0E	1467	1467	1467	1467.0	1.000	0.0
SING_P73	P	1	1	16.7%	accessory	P73	1428	1428	1428	1428.0	1.000	0.0
FAM_P1739	P	2	2	33.3%	accessory	P51E	372	372	372	372.0	0.500	0.0
FAM_P1740	P	2	2	33.3%	accessory	P5B5	351	351	351	351.0	0.500	0.0
FAM_P1741	P	2	2	33.3%	accessory	P5EQ	357	357	357	357.0	0.500	0.0
FAM_P1742	P	2	2	33.3%	accessory	P5K6	2124	2124	2124	2124.0	0.500	0.0
FAM_P1743	P	2	2	33.3%	accessory	P5LY	1194	1194	1194	1194.0	1.000	0.0
FAM_P1744	P	2	2	33.3%	accessory	P691	1449	1449	1449	1449.0	0.500	0.0
FAM_P1745	P	2	2	33.3%	accessory	P6SZ	2028	2028	2028	2028.0	0.500	0.0
FAM_P1746	P	2	2	33.3%	accessory	P6VN	603	603	603	603.0	0.500	0.0
FAM_P1747	P	2	2	33.3%	accessory	P6WJ	90	90	90	90.0	0.500	0.0
FAM_P1748	P	2	2	33.3%	accessory	P6KE	279	279	279	279.0	0.500	0.0
FAM_P1749	P	2	2	33.3%	accessory	P6M6	723	723	723	723.0	0.500	0.0
FAM_P1750	P	2	2	33.3%	accessory	P6TA	1038	1038	1038	1038.0	0.500	0.0
SING_P73Y	P	1	1	16.7%	accessory	P73Y	186	186	186	186.0	1.000	0.0
FAM_P1751	P	2	2	33.3%	accessory	P7BY	378	378	378	378.0	0.500	0.0
FAM_P1752	P	5	5	83.3%	accessory	P39O	1344	1344	1344	1344.0	0.800	0.0
FAM_P1753	P	2	2	33.3%	accessory	P7DQ	285	285	285	285.0	0.500	0.0
FAM_P1754	P	2	2	33.3%	accessory	P7FI	555	555	555	555.0	0.500	0.0
FAM_P1755	P	2	2	33.3%	accessory	P7HA	276	276	276	276.0	0.500	0.0
SING_P7I6	P	1	1	16.7%	accessory	P7I6	93	93	93	93.0	1.000	0.0
FAM_P1756	P	2	2	33.3%	accessory	P7J2	933	933	933	933.0	1.000	0.0
FAM_P1757	P	2	2	33.3%	accessory	P7JY	693	693	693	693.0	1.000	0.0
FAM_P1758	P	2	2	33.3%	accessory	P7UM	816	816	816	816.0	1.000	0.0
SING_P7ZY	P	1	1	16.7%	accessory	P7ZY	2523	2523	2523	2523.0	1.000	0.0
FAM_P1759	P	2	2	33.3%	accessory	P82M	456	456	456	456.0	1.000	0.0
SING_P872	P	1	1	16.7%	accessory	P872	537	537	537	537.0	1.000	0.0
SING_P8KE	P	1	1	16.7%	accessory	P8KE	360	360	360	360.0	1.000	0.0
SING_P8LA	P	1	1	16.7%	accessory	P8LA	1350	1350	1350	1350.0	1.000	0.0
SING_P8U6	P	1	1	16.7%	accessory	P8U6	789	789	789	789.0	1.000	0.0
SING_P9JR	P	1	1	16.7%	accessory	P9JR	282	282	282	282.0	1.000	0.0
SING_P9KN	P	1	1	16.7%	accessory	P9KN	297	297	297	297.0	1.000	0.0
FAM_P1760	P	7	4	66.7%	accessory	P16K	207	153	216	204.4	0.857	532.3
FAM_P1761	P	2	2	33.3%	accessory	P9PZ	3660	3660	3660	3660.0	1.000	0.0
SING_P9UF	P	1	1	16.7%	accessory	P9UF	216	216	216	216.0	1.000	0.0
SING_PABB	P	1	1	16.7%	accessory	PABB	486	486	486	486.0	1.000	0.0
SING_PADZ	P	1	1	16.7%	accessory	PADZ	567	567	567	567.0	1.000	0.0
SING_PAK7	P	1	1	16.7%	accessory	PAK7	1083	1083	1083	1083.0	1.000	0.0
SING_PAMV	P	1	1	16.7%	accessory	PAMV	3045	3045	3045	3045.0	1.000	0.0
SING_PANR	P	1	1	16.7%	accessory	PANR	522	522	522	522.0	1.000	0.0
SING_PATZ	P	1	1	16.7%	accessory	PATZ	885	885	885	885.0	1.000	0.0
FAM_P1762	P	8	2	33.3%	accessory	P4GJ	423	423	462	432.8	0.500	325.9
FAM_P1763	P	8	6	100.0%	core	P1B5	474	435	1899	1157.6	0.750	467934.3
FAM_P1764	P	6	6	100.0%	core	P1FF	1101	1101	1101	1101.0	0.833	0.0
FAM_P1765	P	6	6	100.0%	core	P1GC	1212	1212	1212	1212.0	0.667	0.0
FAM_P1766	P	6	6	100.0%	core	P1H9	1005	1005	1005	1005.0	0.833	0.0
FAM_P1767	P	6	6	100.0%	core	P1J0	951	951	951	951.0	0.833	0.0
FAM_P1768	P	6	6	100.0%	core	P1KT	1404	1404	1404	1404.0	0.667	0.0
FAM_P1769	P	7	6	100.0%	core	P1LR	1110	1101	1110	1108.7	0.714	11.6
FAM_P1770	P	6	6	100.0%	core	P22H	1011	1011	1011	1011.0	0.833	0.0
FAM_P1771	P	2	2	33.3%	accessory	P747	309	309	309	309.0	0.500	0.0
FAM_P1772	P	2	2	33.3%	accessory	P6MF	606	606	606	606.0	0.500	0.0
FAM_P1773	P	2	2	33.3%	accessory	P6P8	687	687	687	687.0	0.500	0.0
FAM_P1774	P	2	2	33.3%	accessory	P6SS	1677	1677	1677	1677.0	0.500	0.0
FAM_P1775	P	2	2	33.3%	accessory	P7C2	1317	1317	1317	1317.0	0.500	0.0
FAM_P1776	P	2	2	33.3%	accessory	P3JJ	312	312	312	312.0	0.500	0.0
FAM_P1777	P	2	2	33.3%	accessory	P3N3	1305	1305	1305	1305.0	0.500	0.0
FAM_P1778	P	3	3	50.0%	accessory	P3QN	2163	2163	2163	2163.0	0.667	0.0
FAM_P1779	P	2	2	33.3%	accessory	P3YM	387	387	387	387.0	0.500	0.0
FAM_P1780	P	5	5	83.3%	accessory	P43Y	981	981	1071	1035.0	0.800	2430.0
FAM_P1781	P	2	2	33.3%	accessory	P45R	273	273	273	273.0	0.500	0.0
FAM_P1782	P	2	2	33.3%	accessory	P47J	288	288	288	288.0	0.500	0.0
FAM_P1783	P	2	2	33.3%	accessory	P49B	1269	1269	1269	1269.0	0.500	0.0
FAM_P1784	P	2	2	33.3%	accessory	P4A7	1344	1344	1344	1344.0	0.500	0.0
FAM_P1785	P	2	2	33.3%	accessory	P4B3	708	708	708	708.0	0.500	0.0
FAM_P1786	P	2	2	33.3%	accessory	P4BZ	129	129	129	129.0	0.500	0.0
FAM_P1787	P	2	2	33.3%	accessory	P4CV	1125	1125	1125	1125.0	0.500	0.0
FAM_P1788	P	2	2	33.3%	accessory	P4I7	1230	1230	1230	1230.0	0.500	0.0
FAM_P1789	P	2	2	33.3%	accessory	P4NJ	759	759	759	759.0	0.500	0.0
SING_PFG7	P	1	1	16.7%	accessory	PFG7	102	102	102	102.0	1.000	0.0
SING_PFW7	P	1	1	16.7%	accessory	PFW7	717	717	717	717.0	1.000	0.0
FAM_P1790	P	3	3	50.0%	accessory	P294	405	405	405	405.0	0.667	0.0
SING_PG1J	P	1	1	16.7%	accessory	PG1J	342	342	342	342.0	1.000	0.0
SING_PGPJ	P	1	1	16.7%	accessory	PGPJ	1089	1089	1089	1089.0	1.000	0.0
FAM_P1791	P	2	2	33.3%	accessory	P8KT	324	324	324	324.0	1.000	0.0
FAM_P1792	P	6	6	100.0%	core	P1C7	1308	1308	1308	1308.0	0.833	0.0
SING_PHEF	P	1	1	16.7%	accessory	PHEF	1164	1164	1164	1164.0	1.000	0.0
SING_PHNB	P	1	1	16.7%	accessory	PHNB	855	855	855	855.0	1.000	0.0
SING_PHUF	P	1	1	16.7%	accessory	PHUF	438	438	438	438.0	1.000	0.0
FAM_P1793	P	2	2	33.3%	accessory	PB0Z	1491	1491	1491	1491.0	1.000	0.0
FAM_P1794	P	2	2	33.3%	accessory	PIXJ	1785	1785	1785	1785.0	0.500	0.0
SING_PJ07	P	1	1	16.7%	accessory	PJ07	2985	2985	2985	2985.0	1.000	0.0
FAM_P1795	P	2	2	33.3%	accessory	PJ13	1047	1047	1047	1047.0	0.500	0.0
FAM_P1796	P	2	2	33.3%	accessory	PJ1Z	606	606	606	606.0	0.500	0.0
FAM_P1797	P	2	2	33.3%	accessory	PJ2V	297	297	297	297.0	0.500	0.0
FAM_P1798	P	2	1	16.7%	accessory	PJ6C	417	417	417	417.0	1.000	0.0
SING_PJ7B	P	1	1	16.7%	accessory	PJ7B	648	648	648	648.0	1.000	0.0
SING_PJ87	P	1	1	16.7%	accessory	PJ87	492	492	492	492.0	1.000	0.0
SING_PJ93	P	1	1	16.7%	accessory	PJ93	2109	2109	2109	2109.0	1.000	0.0
SING_PJ9Z	P	1	1	16.7%	accessory	PJ9Z	4713	4713	4713	4713.0	1.000	0.0
SING_PJAV	P	1	1	16.7%	accessory	PJAV	252	252	252	252.0	1.000	0.0
SING_PJBR	P	1	1	16.7%	accessory	PJBR	1104	1104	1104	1104.0	1.000	0.0
SING_PJEF	P	1	1	16.7%	accessory	PJEF	1218	1218	1218	1218.0	1.000	0.0
FAM_P1799	P	2	2	33.3%	accessory	P2LP	156	156	156	156.0	0.500	0.0
FAM_P1800	P	2	2	33.3%	accessory	P2FF	765	765	765	765.0	1.000	0.0
FAM_P1801	P	2	2	33.3%	accessory	P2B1	1065	1065	1065	1065.0	1.000	0.0
FAM_P1802	P	3	3	50.0%	accessory	P822	1080	1080	1080	1080.0	1.000	0.0
FAM_P1803	P	2	2	33.3%	accessory	P1S2	753	753	753	753.0	1.000	0.0
FAM_P1804	P	2	2	33.3%	accessory	P1QC	849	726	849	787.5	1.000	7564.5
FAM_P1805	P	6	6	100.0%	core	P1FH	567	567	567	567.0	0.833	0.0
SING_PKYF	P	1	1	16.7%	accessory	PKYF	180	180	180	180.0	1.000	0.0
FAM_P1806	P	5	5	83.3%	accessory	P441	522	522	690	622.8	0.800	8467.2
FAM_P1807	P	5	4	66.7%	accessory	P8VW	774	774	774	774.0	0.800	0.0
SING_PM8N	P	1	1	16.7%	accessory	PM8N	282	282	282	282.0	1.000	0.0
SING_PMQF	P	1	1	16.7%	accessory	PMQF	1068	1068	1068	1068.0	1.000	0.0
SING_PMRB	P	1	1	16.7%	accessory	PMRB	282	282	282	282.0	1.000	0.0
SING_PMS7	P	1	1	16.7%	accessory	PMS7	774	774	774	774.0	1.000	0.0
FAM_P1808	P	2	2	33.3%	accessory	PIZ6	231	231	231	231.0	0.500	0.0
FAM_P1809	P	2	2	33.3%	accessory	PIZU	411	411	411	411.0	0.500	0.0
FAM_P1810	P	2	2	33.3%	accessory	PIY8	213	213	213	213.0	0.500	0.0
FAM_P1811	P	2	2	33.3%	accessory	PJ3H	1692	1692	1692	1692.0	1.000	0.0
FAM_P1812	P	2	2	33.3%	accessory	PJ2L	258	258	258	258.0	0.500	0.0
FAM_P1813	P	2	2	33.3%	accessory	PJ0T	810	810	810	810.0	0.500	0.0
SING_P6W	P	1	1	16.7%	accessory	P6W	894	894	894	894.0	1.000	0.0
FAM_P1814	P	2	2	33.3%	accessory	P120	1071	1071	1071	1071.0	0.500	0.0
FAM_P1815	P	2	2	33.3%	accessory	P16G	213	213	213	213.0	0.500	0.0
SING_P1KO	P	1	1	16.7%	accessory	P1KO	147	147	147	147.0	1.000	0.0
FAM_P1816	P	3	3	50.0%	accessory	P1SO	825	825	825	825.0	1.000	0.0
SING_P1ZS	P	1	1	16.7%	accessory	P1ZS	1242	1242	1242	1242.0	1.000	0.0
FAM_P1817	P	3	3	50.0%	accessory	P23C	1509	1509	1509	1509.0	0.667	0.0
SING_P394	P	1	1	16.7%	accessory	P394	807	807	807	807.0	1.000	0.0
FAM_P1818	P	6	6	100.0%	core	P3G8	1281	1281	1281	1281.0	0.833	0.0
FAM_P1819	P	5	4	66.7%	accessory	P3I0	3435	378	3525	2549.4	0.800	1891608.3
FAM_P1820	P	2	2	33.3%	accessory	P454	426	426	426	426.0	0.500	0.0
FAM_P1821	P	5	5	83.3%	accessory	P146	336	336	1260	889.8	0.800	255580.2
FAM_P1822	P	4	2	33.3%	accessory	P4ZC	312	312	312	312.0	0.500	0.0
FAM_P1823	P	2	2	33.3%	accessory	P5BS	324	324	324	324.0	0.500	0.0
FAM_P1824	P	2	2	33.3%	accessory	P5IW	543	543	543	543.0	0.500	0.0
FAM_P1825	P	2	2	33.3%	accessory	P5RS	681	681	681	681.0	0.500	0.0
FAM_P1826	P	2	2	33.3%	accessory	P5YW	1059	1059	1059	1059.0	0.500	0.0
FAM_P1827	P	2	2	33.3%	accessory	P62G	747	747	747	747.0	0.500	0.0
FAM_P1828	P	5	5	83.3%	accessory	P2FT	1368	1365	1368	1366.8	0.600	2.7
FAM_P1829	P	2	2	33.3%	accessory	P6RC	1008	1008	1008	1008.0	0.500	0.0
FAM_P1830	P	2	2	33.3%	accessory	P6T4	456	456	456	456.0	0.500	0.0
FAM_P1831	P	2	2	33.3%	accessory	P6U0	1104	1104	1104	1104.0	0.500	0.0
FAM_P1832	P	2	2	33.3%	accessory	P73S	294	294	294	294.0	1.000	0.0
FAM_P1833	P	2	2	33.3%	accessory	P74O	1350	1350	1350	1350.0	1.000	0.0
SING_P7Q0	P	1	1	16.7%	accessory	P7Q0	423	423	423	423.0	1.000	0.0
SING_P80O	P	1	1	16.7%	accessory	P80O	333	333	333	333.0	1.000	0.0
SING_P89K	P	1	1	16.7%	accessory	P89K	1044	1044	1044	1044.0	1.000	0.0
SING_P8D4	P	1	1	16.7%	accessory	P8D4	270	270	270	270.0	1.000	0.0
SING_P8K8	P	1	1	16.7%	accessory	P8K8	132	132	132	132.0	1.000	0.0
SING_P8L4	P	1	1	16.7%	accessory	P8L4	189	189	189	189.0	1.000	0.0
SING_P8S8	P	1	1	16.7%	accessory	P8S8	120	120	120	120.0	1.000	0.0
FAM_P1834	P	2	2	33.3%	accessory	P1JQ	900	900	900	900.0	1.000	0.0
FAM_P1835	P	2	2	33.3%	accessory	P8VS	726	726	948	837.0	1.000	24642.0
SING_P8WO	P	1	1	16.7%	accessory	P8WO	1440	1440	1440	1440.0	1.000	0.0
SING_P988	P	1	1	16.7%	accessory	P988	312	312	312	312.0	1.000	0.0
FAM_P1836	P	2	1	16.7%	accessory	P994	1245	1245	1245	1245.0	0.500	0.0
SING_P9JS	P	1	1	16.7%	accessory	P9JS	522	522	522	522.0	1.000	0.0
SING_P9KO	P	1	1	16.7%	accessory	P9KO	216	216	216	216.0	1.000	0.0
FAM_P1837	P	2	2	33.3%	accessory	P9Q0	1230	1230	1230	1230.0	1.000	0.0
SING_P9QW	P	1	1	16.7%	accessory	P9QW	105	105	105	105.0	1.000	0.0
SING_P9UG	P	1	1	16.7%	accessory	P9UG	1308	1308	1308	1308.0	1.000	0.0
FAM_P1838	P	28	6	100.0%	core	P13W	1137	180	1137	853.1	0.714	134720.1
SING_PAE0	P	1	1	16.7%	accessory	PAE0	609	609	609	609.0	1.000	0.0
SING_PAK8	P	1	1	16.7%	accessory	PAK8	1065	1065	1065	1065.0	1.000	0.0
SING_PAMW	P	1	1	16.7%	accessory	PAMW	453	453	453	453.0	1.000	0.0
SING_PANS	P	1	1	16.7%	accessory	PANS	504	504	504	504.0	1.000	0.0
SING_PB4O	P	1	1	16.7%	accessory	PB4O	336	336	336	336.0	1.000	0.0
FAM_P1839	P	6	6	100.0%	core	P153	915	588	915	860.5	0.833	17821.5
FAM_P1840	P	6	6	100.0%	core	P1FG	747	747	747	747.0	0.667	0.0
FAM_P1841	P	6	6	100.0%	core	P1GD	666	666	666	666.0	0.667	0.0
FAM_P1842	P	6	6	100.0%	core	P1GE	549	549	549	549.0	0.667	0.0
FAM_P1843	P	6	6	100.0%	core	P1HA	414	414	414	414.0	0.833	0.0
FAM_P1844	P	6	6	100.0%	core	P1JZ	1437	1437	1437	1437.0	0.833	0.0
FAM_P1845	P	6	6	100.0%	core	P1KU	723	723	723	723.0	0.667	0.0
FAM_P1846	P	7	6	100.0%	core	P1LS	2034	2034	2100	2043.4	0.714	622.3
FAM_P1847	P	4	4	66.7%	accessory	P25Y	375	375	402	388.5	0.500	243.0
FAM_P1848	P	2	2	33.3%	accessory	P746	228	228	228	228.0	1.000	0.0
FAM_P1849	P	3	3	50.0%	accessory	P6KO	993	993	993	993.0	0.667	0.0
FAM_P1850	P	2	2	33.3%	accessory	P6MG	2319	2319	2319	2319.0	0.500	0.0
FAM_P1851	P	2	2	33.3%	accessory	P6P9	525	525	525	525.0	0.500	0.0
FAM_P1852	P	2	2	33.3%	accessory	P6ST	612	612	612	612.0	0.500	0.0
FAM_P1853	P	2	2	33.3%	accessory	P7C3	774	774	774	774.0	0.500	0.0
FAM_P1854	P	2	2	33.3%	accessory	P7DV	543	543	543	543.0	0.500	0.0
FAM_P1855	P	2	2	33.3%	accessory	P3JK	795	795	795	795.0	0.500	0.0
FAM_P1856	P	2	2	33.3%	accessory	P3N4	1542	1542	1542	1542.0	0.500	0.0
FAM_P1857	P	3	3	50.0%	accessory	P3QO	1176	1176	1176	1176.0	0.667	0.0
FAM_P1858	P	2	2	33.3%	accessory	P3YN	330	330	330	330.0	0.500	0.0
FAM_P1859	P	2	2	33.3%	accessory	P44V	192	192	192	192.0	0.500	0.0
FAM_P1860	P	2	2	33.3%	accessory	P47K	219	219	219	219.0	0.500	0.0
FAM_P1861	P	2	2	33.3%	accessory	P49C	279	279	279	279.0	0.500	0.0
FAM_P1862	P	2	2	33.3%	accessory	P4A8	147	147	147	147.0	0.500	0.0
FAM_P1863	P	2	2	33.3%	accessory	P4B4	657	657	657	657.0	0.500	0.0
FAM_P1864	P	2	2	33.3%	accessory	P4C0	264	264	264	264.0	0.500	0.0
FAM_P1865	P	2	2	33.3%	accessory	P4I8	744	744	744	744.0	0.500	0.0
FAM_P1866	P	2	2	33.3%	accessory	P7HG	3903	3903	3903	3903.0	0.500	0.0
FAM_P1867	P	2	2	33.3%	accessory	P7FZ	201	201	201	201.0	0.500	0.0
SING_PFG8	P	1	1	16.7%	accessory	PFG8	615	615	615	615.0	1.000	0.0
SING_PFW8	P	1	1	16.7%	accessory	PFW8	501	501	501	501.0	1.000	0.0
FAM_P1868	P	3	3	50.0%	accessory	P293	2172	2172	2172	2172.0	1.000	0.0
SING_PG1K	P	1	1	16.7%	accessory	PG1K	213	213	213	213.0	1.000	0.0
FAM_P1869	P	2	2	33.3%	accessory	P86W	1581	1581	1581	1581.0	1.000	0.0
SING_PGPK	P	1	1	16.7%	accessory	PGPK	987	987	987	987.0	1.000	0.0
SING_PGQG	P	1	1	16.7%	accessory	PGQG	177	177	177	177.0	1.000	0.0
SING_PHEG	P	1	1	16.7%	accessory	PHEG	1068	1068	1068	1068.0	1.000	0.0
SING_PHNC	P	1	1	16.7%	accessory	PHNC	1773	1773	1773	1773.0	1.000	0.0
SING_PHX4	P	1	1	16.7%	accessory	PHX4	390	390	390	390.0	1.000	0.0
SING_PI60	P	1	1	16.7%	accessory	PI60	282	282	282	282.0	1.000	0.0
FAM_P1870	P	4	4	66.7%	accessory	P3I4	2772	2760	2772	2766.0	0.750	48.0
FAM_P1871	P	2	2	33.3%	accessory	PIXK	873	873	873	873.0	0.500	0.0
FAM_P1872	P	2	2	33.3%	accessory	PIYG	1041	1041	1041	1041.0	0.500	0.0
FAM_P1873	P	2	2	33.3%	accessory	PJ14	513	513	513	513.0	0.500	0.0
FAM_P1874	P	2	2	33.3%	accessory	PJ20	282	282	282	282.0	0.500	0.0
FAM_P1875	P	2	2	33.3%	accessory	PJ2W	471	471	471	471.0	0.500	0.0
SING_PJ4O	P	1	1	16.7%	accessory	PJ4O	981	981	981	981.0	1.000	0.0
SING_PJ5K	P	1	1	16.7%	accessory	PJ5K	954	954	954	954.0	1.000	0.0
FAM_P1876	P	2	1	16.7%	accessory	PJ6D	231	231	231	231.0	1.000	0.0
SING_PJ7C	P	1	1	16.7%	accessory	PJ7C	216	216	216	216.0	1.000	0.0
SING_PJ94	P	1	1	16.7%	accessory	PJ94	213	213	213	213.0	1.000	0.0
SING_PJA0	P	1	1	16.7%	accessory	PJA0	591	591	591	591.0	1.000	0.0
SING_PJAW	P	1	1	16.7%	accessory	PJAW	651	651	651	651.0	1.000	0.0
SING_PJBS	P	1	1	16.7%	accessory	PJBS	870	870	870	870.0	1.000	0.0
FAM_P1877	P	2	2	33.3%	accessory	P2B0	750	750	750	750.0	0.500	0.0
FAM_P1878	P	3	3	50.0%	accessory	P823	1173	1173	1173	1173.0	1.000	0.0
FAM_P1879	P	2	2	33.3%	accessory	P1S1	513	513	513	513.0	0.500	0.0
FAM_P1880	P	2	2	33.3%	accessory	P1QB	423	423	423	423.0	0.500	0.0
SING_PKYG	P	1	1	16.7%	accessory	PKYG	183	183	183	183.0	1.000	0.0
FAM_P1881	P	6	6	100.0%	core	P156	1149	1149	2652	2151.0	1.000	602402.4
FAM_P1882	P	2	2	33.3%	accessory	PLA0	1128	1128	1128	1128.0	1.000	0.0
SING_PM8O	P	1	1	16.7%	accessory	PM8O	783	783	783	783.0	1.000	0.0
FAM_P1883	P	3	3	50.0%	accessory	P30Z	384	384	384	384.0	1.000	0.0
FAM_P1884	P	2	2	33.3%	accessory	PJ0J	306	306	306	306.0	0.500	0.0
SING_PMQG	P	1	1	16.7%	accessory	PMQG	723	723	723	723.0	1.000	0.0
SING_PMRC	P	1	1	16.7%	accessory	PMRC	156	156	156	156.0	1.000	0.0
FAM_P1885	P	2	2	33.3%	accessory	PIZ7	255	255	255	255.0	0.500	0.0
FAM_P1886	P	2	2	33.3%	accessory	PIZV	207	207	207	207.0	0.500	0.0
FAM_P1887	P	2	2	33.3%	accessory	PIY7	1182	1182	1182	1182.0	0.500	0.0
FAM_P1888	P	2	2	33.3%	accessory	PIXB	582	582	582	582.0	0.500	0.0
FAM_P1889	P	2	2	33.3%	accessory	PJ3E	177	165	177	171.0	1.000	72.0
FAM_P1890	P	2	2	33.3%	accessory	PJ2K	792	792	792	792.0	0.500	0.0
FAM_P1891	P	2	2	33.3%	accessory	PJ0S	1260	1260	1260	1260.0	0.500	0.0
FAM_P1892	P	6	5	83.3%	accessory	P38I	267	267	369	320.0	0.833	1658.4
FAM_P1893	P	2	2	33.3%	accessory	PLBR	1209	1209	1209	1209.0	0.500	0.0
FAM_P1894	P	2	2	33.3%	accessory	PL9Z	246	246	246	246.0	1.000	0.0
FAM_P1895	P	2	2	33.3%	accessory	P115	858	858	858	858.0	1.000	0.0
FAM_P1896	P	2	2	33.3%	accessory	P121	768	768	768	768.0	0.500	0.0
FAM_P1897	P	2	2	33.3%	accessory	P16H	498	498	498	498.0	0.500	0.0
SING_P1ZT	P	1	1	16.7%	accessory	P1ZT	957	957	957	957.0	1.000	0.0
FAM_P1898	P	3	3	50.0%	accessory	P23D	2667	2667	2667	2667.0	1.000	0.0
SING_P395	P	1	1	16.7%	accessory	P395	1314	1314	1314	1314.0	1.000	0.0
FAM_P1899	P	6	6	100.0%	core	P3H5	1296	1296	1299	1298.0	0.833	2.4
FAM_P1900	P	2	2	33.3%	accessory	P3JT	417	417	417	417.0	0.500	0.0
FAM_P1901	P	2	2	33.3%	accessory	P3KP	192	192	192	192.0	0.500	0.0
FAM_P1902	P	2	2	33.3%	accessory	P3LL	3984	3984	3984	3984.0	0.500	0.0
FAM_P1903	P	2	2	33.3%	accessory	P3YX	981	981	981	981.0	0.500	0.0
FAM_P1904	P	2	2	33.3%	accessory	P41L	1326	1326	1326	1326.0	0.500	0.0
FAM_P1905	P	2	2	33.3%	accessory	P455	456	456	456	456.0	0.500	0.0
FAM_P1906	P	2	2	33.3%	accessory	P49L	8382	8382	8382	8382.0	0.500	0.0
FAM_P1907	P	3	3	50.0%	accessory	P4BD	564	564	594	574.0	0.667	300.0
FAM_P1908	P	2	2	33.3%	accessory	P4C9	330	330	330	330.0	0.500	0.0
FAM_P1909	P	2	2	33.3%	accessory	P4D5	516	516	516	516.0	0.500	0.0
FAM_P1910	P	2	2	33.3%	accessory	P4GP	438	438	438	438.0	0.500	0.0
FAM_P1911	P	2	2	33.3%	accessory	P4IH	273	273	273	273.0	0.500	0.0
FAM_P1912	P	2	2	33.3%	accessory	P4JD	306	306	306	306.0	0.500	0.0
FAM_P1913	P	2	2	33.3%	accessory	P4K9	183	183	183	183.0	0.500	0.0
FAM_P1914	P	6	6	100.0%	core	P13F	942	942	942	942.0	0.833	0.0
FAM_P1915	P	2	2	33.3%	accessory	P515	156	156	156	156.0	0.500	0.0
FAM_P1916	P	2	2	33.3%	accessory	P5IX	282	282	282	282.0	0.500	0.0
FAM_P1917	P	2	2	33.3%	accessory	P62H	1056	1056	1056	1056.0	0.500	0.0
FAM_P1918	P	3	3	50.0%	accessory	P265	795	564	795	641.0	0.667	17787.0
FAM_P1919	P	13	6	100.0%	core	P1IQ	375	264	378	341.3	0.692	2878.7
FAM_P1920	P	2	2	33.3%	accessory	P6T5	1539	1539	1539	1539.0	0.500	0.0
FAM_P1921	P	3	3	50.0%	accessory	P6U1	315	315	1440	690.0	0.667	421875.0
FAM_P1922	P	2	2	33.3%	accessory	P73T	531	531	531	531.0	1.000	0.0
FAM_P1923	P	2	2	33.3%	accessory	P74P	1125	1125	1125	1125.0	0.500	0.0
FAM_P1924	P	2	2	33.3%	accessory	P7FD	876	876	876	876.0	0.500	0.0
SING_P7Q1	P	1	1	16.7%	accessory	P7Q1	711	711	711	711.0	1.000	0.0
FAM_P1925	P	2	2	33.3%	accessory	P3Y3	960	960	960	960.0	0.500	0.0
FAM_P1926	P	2	2	33.3%	accessory	P3YZ	609	609	609	609.0	0.500	0.0
FAM_P1927	P	2	2	33.3%	accessory	P41N	1482	1482	1482	1482.0	0.500	0.0
FAM_P1928	P	2	2	33.3%	accessory	P4AJ	492	492	492	492.0	0.500	0.0
FAM_P1929	P	2	2	33.3%	accessory	P4BF	270	270	270	270.0	0.500	0.0
FAM_P1930	P	2	2	33.3%	accessory	P4GR	588	588	588	588.0	0.500	0.0
FAM_P1931	P	2	2	33.3%	accessory	P4IJ	1158	1158	1158	1158.0	0.500	0.0
FAM_P1932	P	2	2	33.3%	accessory	P4SB	264	264	264	264.0	0.500	0.0
FAM_P1933	P	6	6	100.0%	core	P13H	1425	1425	1425	1425.0	0.833	0.0
FAM_P1934	P	3	3	50.0%	accessory	P4YJ	534	534	534	534.0	0.667	0.0
FAM_P1935	P	2	2	33.3%	accessory	P517	585	585	585	585.0	0.500	0.0
FAM_P1936	P	2	2	33.3%	accessory	P52Z	126	126	126	126.0	0.500	0.0
FAM_P1937	P	2	2	33.3%	accessory	P5RV	648	648	648	648.0	0.500	0.0
FAM_P1938	P	2	2	33.3%	accessory	P62J	1563	1563	1563	1563.0	0.500	0.0
SING_P399	P	1	1	16.7%	accessory	P399	546	546	546	546.0	1.000	0.0
FAM_P1939	P	2	2	33.3%	accessory	P3JX	591	591	591	591.0	0.500	0.0
FAM_P1940	P	2	2	33.3%	accessory	P3OD	282	282	282	282.0	0.500	0.0
FAM_P1941	P	2	2	33.3%	accessory	P3Z1	699	699	699	699.0	0.500	0.0
FAM_P1942	P	2	2	33.3%	accessory	P41P	138	138	138	138.0	0.500	0.0
FAM_P1943	P	2	2	33.3%	accessory	P49P	396	396	396	396.0	0.500	0.0
FAM_P1944	P	2	2	33.3%	accessory	P4AL	783	783	783	783.0	0.500	0.0
FAM_P1945	P	2	2	33.3%	accessory	P4D9	645	645	645	645.0	0.500	0.0
FAM_P1946	P	2	2	33.3%	accessory	P4IL	1176	1176	1176	1176.0	0.500	0.0
FAM_P1947	P	2	2	33.3%	accessory	P16S	288	288	288	288.0	0.500	0.0
FAM_P1948	P	3	2	33.3%	accessory	P9VN	3078	1329	3078	1912.0	0.667	1019667.0
FAM_P1949	P	3	2	33.3%	accessory	P9W8	1056	1056	1059	1058.0	0.667	3.0
FAM_P1950	P	2	2	33.3%	accessory	PJ0	327	327	327	327.0	0.500	0.0
SING_PLY4	P	1	1	16.7%	accessory	PLY4	558	558	558	558.0	1.000	0.0
FAM_P1951	P	2	2	33.3%	accessory	P3O	606	606	606	606.0	0.500	0.0
FAM_P1952	P	2	2	33.3%	accessory	P31R	153	153	153	153.0	0.500	0.0
SING_PMQK	P	1	1	16.7%	accessory	PMQK	339	339	339	339.0	1.000	0.0
SING_PMRG	P	1	1	16.7%	accessory	PMRG	219	219	219	219.0	1.000	0.0
SING_PM80	P	1	1	16.7%	accessory	PM80	111	111	111	111.0	1.000	0.0
SING_PM8W	P	1	1	16.7%	accessory	PM8W	1032	1032	1032	1032.0	1.000	0.0
FAM_P1953	P	2	2	33.3%	accessory	P31N	96	96	96	96.0	0.500	0.0
SING_PMOW	P	1	1	16.7%	accessory	PMOW	708	708	708	708.0	1.000	0.0
SING_PMPS	P	1	1	16.7%	accessory	PMPS	1002	1002	1002	1002.0	1.000	0.0
FAM_P1954	P	2	1	16.7%	accessory	PM7U	186	186	186	186.0	0.500	0.0
SING_PMRK	P	1	1	16.7%	accessory	PMRK	1254	1254	1254	1254.0	1.000	0.0
SING_PMTC	P	1	1	16.7%	accessory	PMTC	246	246	246	246.0	1.000	0.0
FAM_P1955	P	4	4	66.7%	accessory	P4CN	309	309	1242	774.0	0.750	288306.0
FAM_P1956	P	2	2	33.3%	accessory	PIXZ	276	276	276	276.0	0.500	0.0
FAM_P1957	P	2	2	33.3%	accessory	PIX3	390	390	390	390.0	0.500	0.0
FAM_P1958	P	2	2	33.3%	accessory	PJ38	657	657	657	657.0	0.500	0.0
FAM_P1959	P	2	2	33.3%	accessory	PJ2C	228	228	228	228.0	0.500	0.0
FAM_P1960	P	2	2	33.3%	accessory	PJ1G	354	354	354	354.0	0.500	0.0
SING_PK5C	P	1	1	16.7%	accessory	PK5C	1230	1230	1230	1230.0	1.000	0.0
SING_PKPS	P	1	1	16.7%	accessory	PKPS	177	177	177	177.0	1.000	0.0
SING_PKRK	P	1	1	16.7%	accessory	PKRK	210	210	210	210.0	1.000	0.0
FAM_P1961	P	3	3	50.0%	accessory	P128	591	591	591	591.0	0.667	0.0
FAM_P1962	P	2	1	16.7%	accessory	PLIC	741	741	741	741.0	0.500	0.0
SING_PLY8	P	1	1	16.7%	accessory	PLY8	990	990	990	990.0	1.000	0.0
FAM_P1963	P	2	2	33.3%	accessory	P49K	1266	1266	1266	1266.0	0.500	0.0
FAM_P1964	P	3	3	50.0%	accessory	P4BC	1386	1386	1434	1402.0	0.667	768.0
FAM_P1965	P	2	2	33.3%	accessory	P4C8	342	342	342	342.0	0.500	0.0
FAM_P1966	P	2	2	33.3%	accessory	P4D4	1047	1047	1047	1047.0	0.500	0.0
FAM_P1967	P	2	2	33.3%	accessory	P4GO	318	318	318	318.0	0.500	0.0
FAM_P1968	P	2	2	33.3%	accessory	P4IG	411	411	411	411.0	0.500	0.0
FAM_P1969	P	2	2	33.3%	accessory	P4K8	501	501	501	501.0	0.500	0.0
FAM_P1970	P	2	2	33.3%	accessory	P4OO	570	570	570	570.0	0.500	0.0
FAM_P1971	P	2	2	33.3%	accessory	P7GS	1974	1974	1974	1974.0	0.500	0.0
FAM_P1972	P	2	2	33.3%	accessory	P7IZ	1092	1092	1092	1092.0	1.000	0.0
FAM_P1973	P	2	2	33.3%	accessory	P7UR	963	963	963	963.0	1.000	0.0
FAM_P1974	P	2	2	33.3%	accessory	P82L	1224	1224	1224	1224.0	1.000	0.0
SING_PG80	P	1	1	16.7%	accessory	PG80	774	774	774	774.0	1.000	0.0
SING_PG9S	P	1	1	16.7%	accessory	PG9S	1887	1887	1887	1887.0	1.000	0.0
FAM_P1975	P	2	2	33.3%	accessory	P8K6	171	171	171	171.0	1.000	0.0
SING_PGRK	P	1	1	16.7%	accessory	PGRK	912	912	912	912.0	1.000	0.0
SING_PGV4	P	1	1	16.7%	accessory	PGV4	1872	1872	1872	1872.0	1.000	0.0
SING_P9WG	P	1	1	16.7%	accessory	P9WG	705	705	705	705.0	1.000	0.0
SING_PABK	P	1	1	16.7%	accessory	PABK	1485	1485	1485	1485.0	1.000	0.0
SING_PAKG	P	1	1	16.7%	accessory	PAKG	117	117	117	117.0	1.000	0.0
SING_PALC	P	1	1	16.7%	accessory	PALC	879	879	879	879.0	1.000	0.0
SING_PAM8	P	1	1	16.7%	accessory	PAM8	1767	1767	1767	1767.0	1.000	0.0
FAM_P1976	P	2	2	33.3%	accessory	PAPS	2073	2073	2073	2073.0	1.000	0.0
SING_PB1C	P	1	1	16.7%	accessory	PB1C	1998	1998	1998	1998.0	1.000	0.0
FAM_P1977	P	2	2	33.3%	accessory	PB4W	387	387	387	387.0	1.000	0.0
SING_PB6O	P	1	1	16.7%	accessory	PB6O	237	237	237	237.0	1.000	0.0
SING_PB7K	P	1	1	16.7%	accessory	PB7K	393	393	393	393.0	1.000	0.0
FAM_P1978	P	2	2	33.3%	accessory	P4TV	2460	2460	2460	2460.0	0.500	0.0
FAM_P1979	P	2	2	33.3%	accessory	P51G	279	279	279	279.0	0.500	0.0
FAM_P1980	P	2	2	33.3%	accessory	P5B7	243	243	243	243.0	0.500	0.0
FAM_P1981	P	6	2	33.3%	accessory	P4GK	717	699	717	711.0	0.500	86.4
FAM_P1982	P	3	3	50.0%	accessory	P5FN	129	129	129	129.0	0.667	0.0
FAM_P1983	P	2	2	33.3%	accessory	P5M0	702	702	702	702.0	0.500	0.0
FAM_P1984	P	2	2	33.3%	accessory	P5RB	843	843	843	843.0	0.500	0.0
FAM_P1985	P	2	2	33.3%	accessory	P38G	126	126	126	126.0	1.000	0.0
FAM_P1986	P	2	2	33.3%	accessory	P1	96	96	96	96.0	1.000	0.0
FAM_P1987	P	2	2	33.3%	accessory	P3K0	552	552	552	552.0	0.500	0.0
FAM_P1988	P	2	2	33.3%	accessory	P3VK	105	105	105	105.0	0.500	0.0
FAM_P1989	P	2	2	33.3%	accessory	P480	183	183	183	183.0	0.500	0.0
FAM_P1990	P	2	2	33.3%	accessory	P4AO	2523	2523	2523	2523.0	0.500	0.0
FAM_P1991	P	12	5	83.3%	accessory	P4C4	426	255	426	403.5	0.500	2486.5
FAM_P1992	P	3	3	50.0%	accessory	P4GW	822	822	822	822.0	0.667	0.0
FAM_P1993	P	2	2	33.3%	accessory	P4IO	441	441	441	441.0	0.500	0.0
FAM_P1994	P	4	4	66.7%	accessory	P4LC	645	645	813	729.0	0.750	9408.0
SING_PGRM	P	1	1	16.7%	accessory	PGRM	261	261	261	261.0	1.000	0.0
FAM_P1995	P	2	2	33.3%	accessory	P8VD	1146	924	1146	1035.0	1.000	24642.0
SING_PHEQ	P	1	1	16.7%	accessory	PHEQ	540	540	540	540.0	1.000	0.0
SING_PHMQ	P	1	1	16.7%	accessory	PHMQ	1191	1191	1191	1191.0	1.000	0.0
SING_PHNM	P	1	1	16.7%	accessory	PHNM	357	357	357	357.0	1.000	0.0
SING_PHSY	P	1	1	16.7%	accessory	PHSY	591	591	591	591.0	1.000	0.0
SING_PHXE	P	1	1	16.7%	accessory	PHXE	705	705	705	705.0	1.000	0.0
FAM_P1996	P	4	4	66.7%	accessory	P9LL	384	384	384	384.0	0.750	0.0
FAM_P1997	P	6	6	100.0%	core	P3Q0	378	378	378	378.0	0.667	0.0
FAM_P1998	P	4	4	66.7%	accessory	P3DE	315	123	315	267.0	0.750	9216.0
FAM_P1999	P	4	2	33.3%	accessory	P8EF	603	603	603	603.0	0.750	0.0
SING_PIG2	P	1	1	16.7%	accessory	PIG2	1089	1089	1089	1089.0	1.000	0.0
SING_PIN6	P	1	1	16.7%	accessory	PIN6	198	198	198	198.0	1.000	0.0
FAM_P2000	P	12	6	100.0%	core	P2IS	1185	1185	1185	1185.0	0.667	0.0
FAM_P2001	P	2	2	33.3%	accessory	PB1A	906	897	906	901.5	1.000	40.5
SING_PIW2	P	1	1	16.7%	accessory	PIW2	2523	2523	2523	2523.0	1.000	0.0
FAM_P2002	P	6	6	100.0%	core	P2LW	888	888	888	888.0	0.667	0.0
FAM_P2003	P	6	5	83.3%	accessory	P2MY	372	372	1704	1357.5	0.833	259317.9
FAM_P2004	P	6	6	100.0%	core	P2OG	1005	1005	1005	1005.0	0.667	0.0
FAM_P2005	P	6	6	100.0%	core	P2P8	1542	1542	1542	1542.0	0.833	0.0
FAM_P2006	P	6	6	100.0%	core	P2QB	777	777	777	777.0	0.667	0.0
FAM_P2007	P	6	6	100.0%	core	P2RA	1221	1221	1221	1221.0	0.833	0.0
FAM_P2008	P	6	6	100.0%	core	P2SB	348	348	348	348.0	0.667	0.0
FAM_P2009	P	6	6	100.0%	core	P2TC	567	567	567	567.0	0.667	0.0
FAM_P2010	P	6	6	100.0%	core	P2U6	459	459	459	459.0	0.667	0.0
FAM_P2011	P	5	5	83.3%	accessory	P2V2	219	219	219	219.0	0.600	0.0
FAM_P2012	P	4	4	66.7%	accessory	P6XU	849	849	849	849.0	0.750	0.0
FAM_P2013	P	42	6	100.0%	core	P1Z0	255	252	255	254.9	0.119	0.2
FAM_P2014	P	6	6	100.0%	core	P2XN	600	600	600	600.0	0.667	0.0
FAM_P2015	P	6	6	100.0%	core	P2YG	1374	1374	1374	1374.0	0.667	0.0
FAM_P2016	P	6	6	100.0%	core	P2Z6	609	609	609	609.0	0.667	0.0
FAM_P2017	P	6	6	100.0%	core	P2ZZ	858	858	858	858.0	0.667	0.0
FAM_P2018	P	6	6	100.0%	core	P30V	1290	1290	1290	1290.0	0.667	0.0
FAM_P2019	P	6	6	100.0%	core	P31Z	1326	1326	1326	1326.0	0.667	0.0
FAM_P2020	P	6	6	100.0%	core	P32W	597	597	597	597.0	0.667	0.0
FAM_P2021	P	6	6	100.0%	core	P33R	789	789	789	789.0	0.667	0.0
FAM_P2022	P	6	6	100.0%	core	P34N	339	339	339	339.0	0.500	0.0
FAM_P2023	P	6	6	100.0%	core	P35L	309	309	309	309.0	0.333	0.0
FAM_P2024	P	6	6	100.0%	core	P37C	465	465	465	465.0	0.833	0.0
FAM_P2025	P	6	6	100.0%	core	P39S	726	726	774	742.0	0.833	614.4
FAM_P2026	P	6	6	100.0%	core	P3AN	2151	2151	2151	2151.0	0.833	0.0
FAM_P2027	P	3	3	50.0%	accessory	P7EQ	264	150	264	226.0	0.667	4332.0
FAM_P2028	P	3	3	50.0%	accessory	P7GI	231	231	231	231.0	0.667	0.0
FAM_P2029	P	2	2	33.3%	accessory	P7HE	321	321	390	355.5	1.000	2380.5
FAM_P2030	P	6	6	100.0%	core	P28H	567	567	567	567.0	0.500	0.0
FAM_P2031	P	6	6	100.0%	core	P27S	861	861	861	861.0	0.500	0.0
SING_P876	P	1	1	16.7%	accessory	P876	555	555	555	555.0	1.000	0.0
SING_P8CI	P	1	1	16.7%	accessory	P8CI	990	990	990	990.0	1.000	0.0
SING_P8DE	P	1	1	16.7%	accessory	P8DE	444	444	444	444.0	1.000	0.0
SING_P8LE	P	1	1	16.7%	accessory	P8LE	582	582	582	582.0	1.000	0.0
SING_P8PU	P	1	1	16.7%	accessory	P8PU	486	486	486	486.0	1.000	0.0
FAM_P2032	P	6	6	100.0%	core	P1E1	288	288	288	288.0	0.667	0.0
SING_PM8X	P	1	1	16.7%	accessory	PM8X	531	531	531	531.0	1.000	0.0
FAM_P2033	P	6	6	100.0%	core	P36Y	3780	3780	3780	3780.0	0.667	0.0
FAM_P2034	P	6	6	100.0%	core	P362	330	330	330	330.0	0.667	0.0
FAM_P2035	P	6	6	100.0%	core	P356	1809	1809	1809	1809.0	0.667	0.0
FAM_P2036	P	6	6	100.0%	core	P34A	720	720	720	720.0	0.667	0.0
FAM_P2037	P	6	6	100.0%	core	P32I	324	324	324	324.0	0.667	0.0
FAM_P2038	P	6	6	100.0%	core	P31M	1191	1191	1191	1191.0	0.667	0.0
FAM_P2039	P	6	6	100.0%	core	P30Q	273	273	273	273.0	0.167	0.0
FAM_P2040	P	6	6	100.0%	core	P2ZU	1401	1401	1401	1401.0	0.667	0.0
FAM_P2041	P	7	6	100.0%	core	P2Y1	1056	195	1056	836.6	0.714	143317.3
FAM_P2042	P	6	6	100.0%	core	P2X5	111	111	111	111.0	0.667	0.0
FAM_P2043	P	6	6	100.0%	core	P2W9	816	810	816	814.0	0.667	9.6
FAM_P2044	P	6	6	100.0%	core	P2VD	1353	1353	1353	1353.0	0.667	0.0
FAM_P2045	P	6	6	100.0%	core	P2UG	993	984	993	991.5	0.667	13.5
SING_PMPT	P	1	1	16.7%	accessory	PMPT	1707	1707	1707	1707.0	1.000	0.0
SING_PMRL	P	1	1	16.7%	accessory	PMRL	1548	1548	1548	1548.0	1.000	0.0
FAM_P2046	P	6	3	50.0%	accessory	PB71	780	780	780	780.0	0.667	0.0
SING_PMTD	P	1	1	16.7%	accessory	PMTD	249	249	249	249.0	1.000	0.0
SING_PMU9	P	1	1	16.7%	accessory	PMU9	795	795	795	795.0	1.000	0.0
FAM_P2047	P	4	4	66.7%	accessory	P4CM	576	576	576	576.0	0.500	0.0
SING_PN0H	P	1	1	16.7%	accessory	PN0H	198	198	198	198.0	1.000	0.0
FAM_P2048	P	6	6	100.0%	core	P1U	984	984	984	984.0	0.667	0.0
FAM_P2049	P	6	6	100.0%	core	P2Q	744	744	744	744.0	0.667	0.0
FAM_P2050	P	6	6	100.0%	core	P3GK	795	795	795	795.0	0.833	0.0
FAM_P2051	P	6	6	100.0%	core	P3HG	654	654	654	654.0	0.667	0.0
FAM_P2052	P	6	6	100.0%	core	P3J3	267	267	1140	558.0	0.667	203234.4
FAM_P2053	P	6	6	100.0%	core	P3KO	543	543	543	543.0	0.667	0.0
FAM_P2054	P	6	6	100.0%	core	P3M6	276	276	276	276.0	0.667	0.0
FAM_P2055	P	21	6	100.0%	core	P12A	906	354	906	850.6	0.524	21697.8
FAM_P2056	P	6	6	100.0%	core	P3NV	978	978	978	978.0	0.667	0.0
FAM_P2057	P	6	6	100.0%	core	P3OV	492	492	492	492.0	0.667	0.0
FAM_P2058	P	6	6	100.0%	core	P3PR	552	552	552	552.0	0.667	0.0
FAM_P2059	P	6	6	100.0%	core	P3RS	495	495	495	495.0	0.667	0.0
FAM_P2060	P	6	6	100.0%	core	P3TS	297	297	297	297.0	0.500	0.0
FAM_P2061	P	7	5	83.3%	accessory	P3UO	453	453	1452	990.9	0.571	210647.1
FAM_P2062	P	6	6	100.0%	core	P3VI	1320	1320	1320	1320.0	0.667	0.0
FAM_P2063	P	6	6	100.0%	core	P3WB	348	348	348	348.0	0.667	0.0
FAM_P2064	P	6	6	100.0%	core	P3XG	789	789	789	789.0	0.667	0.0
FAM_P2065	P	6	6	100.0%	core	P3ZM	1134	1134	1134	1134.0	0.667	0.0
FAM_P2066	P	6	6	100.0%	core	P40J	663	663	663	663.0	0.667	0.0
FAM_P2067	P	6	6	100.0%	core	P41I	846	846	846	846.0	0.667	0.0
FAM_P2068	P	6	6	100.0%	core	P43E	1323	1323	1323	1323.0	0.667	0.0
FAM_P2069	P	6	6	100.0%	core	P44B	627	627	627	627.0	0.500	0.0
FAM_P2070	P	6	6	100.0%	core	P4ED	972	972	1227	1142.0	0.667	17340.0
FAM_P2071	P	6	6	100.0%	core	P4F9	960	960	960	960.0	0.667	0.0
FAM_P2072	P	6	6	100.0%	core	P4G5	1239	1239	1239	1239.0	0.667	0.0
FAM_P2073	P	3	3	50.0%	accessory	P8CT	1242	474	1242	731.0	1.000	195843.0
FAM_P2074	P	6	6	100.0%	core	P4KW	1269	1269	1269	1269.0	0.667	0.0
FAM_P2075	P	6	6	100.0%	core	P4LY	855	855	855	855.0	0.667	0.0
FAM_P2076	P	6	6	100.0%	core	P4MR	921	921	921	921.0	0.667	0.0
FAM_P2077	P	6	6	100.0%	core	P4PH	168	168	168	168.0	0.667	0.0
FAM_P2078	P	5	5	83.3%	accessory	P10I	1446	1446	1446	1446.0	0.800	0.0
FAM_P2079	P	6	5	83.3%	accessory	P11E	738	738	4158	2800.0	0.833	1248936.0
FAM_P2080	P	6	6	100.0%	core	P136	1176	1173	1176	1174.0	0.833	2.4
FAM_P2081	P	6	6	100.0%	core	P142	696	696	696	696.0	0.667	0.0
FAM_P2082	P	6	6	100.0%	core	P14Y	1158	1158	1158	1158.0	0.667	0.0
FAM_P2083	P	6	6	100.0%	core	P15U	435	435	435	435.0	0.667	0.0
FAM_P2084	P	6	6	100.0%	core	P18I	216	216	216	216.0	0.667	0.0
FAM_P2085	P	6	6	100.0%	core	P19E	582	582	582	582.0	0.667	0.0
FAM_P2086	P	6	6	100.0%	core	P1AA	357	357	357	357.0	0.667	0.0
FAM_P2087	P	6	6	100.0%	core	P1C2	708	705	708	707.5	0.667	1.5
FAM_P2088	P	6	6	100.0%	core	P1CY	1284	1284	1284	1284.0	0.667	0.0
FAM_P2089	P	6	6	100.0%	core	P1DU	972	972	972	972.0	0.667	0.0
FAM_P2090	P	6	6	100.0%	core	P1IA	951	951	951	951.0	0.667	0.0
FAM_P2091	P	6	6	100.0%	core	P1MQ	1236	1236	1236	1236.0	0.667	0.0
FAM_P2092	P	2	2	33.3%	accessory	P6TD	654	654	654	654.0	0.500	0.0
FAM_P2093	P	4	4	66.7%	accessory	P6XT	492	492	498	495.0	0.750	12.0
FAM_P2094	P	6	6	100.0%	core	P32L	1650	1650	1650	1650.0	0.833	0.0
FAM_P2095	P	6	6	100.0%	core	P366	1398	1398	1398	1398.0	0.833	0.0
FAM_P2096	P	5	5	83.3%	accessory	P371	315	315	315	315.0	0.600	0.0
FAM_P2097	P	6	6	100.0%	core	P37X	1080	1080	1101	1094.0	0.833	117.6
FAM_P2098	P	4	4	66.7%	accessory	P3AB	165	165	165	165.0	0.750	0.0
FAM_P2099	P	6	6	100.0%	core	P3B7	606	606	606	606.0	0.833	0.0
FAM_P2100	P	3	3	50.0%	accessory	P3IC	1392	1392	1476	1420.0	0.667	2352.0
FAM_P2101	P	2	2	33.3%	accessory	P3K4	222	222	222	222.0	0.500	0.0
FAM_P2102	P	2	2	33.3%	accessory	P3QC	195	195	195	195.0	0.500	0.0
FAM_P2103	P	2	2	33.3%	accessory	P3YB	492	492	492	492.0	0.500	0.0
FAM_P2104	P	2	2	33.3%	accessory	P41V	1242	1242	1242	1242.0	0.500	0.0
FAM_P2105	P	2	2	33.3%	accessory	P45F	372	372	372	372.0	0.500	0.0
FAM_P2106	P	2	2	33.3%	accessory	P490	2145	2145	2145	2145.0	0.500	0.0
FAM_P2107	P	2	2	33.3%	accessory	P4AS	111	111	111	111.0	0.500	0.0
FAM_P2108	P	2	2	33.3%	accessory	P4BO	360	360	360	360.0	0.500	0.0
FAM_P2109	P	2	2	33.3%	accessory	P4H0	183	183	183	183.0	0.500	0.0
FAM_P2110	P	2	2	33.3%	accessory	P4HW	3402	3402	3402	3402.0	0.500	0.0
FAM_P2111	P	2	2	33.3%	accessory	P4LG	201	201	201	201.0	0.500	0.0
FAM_P2112	P	2	2	33.3%	accessory	P4N8	234	234	234	234.0	0.500	0.0
FAM_P2113	P	3	3	50.0%	accessory	P7H4	462	462	462	462.0	0.667	0.0
FAM_P2114	P	2	2	33.3%	accessory	P7FN	513	513	513	513.0	0.500	0.0
SING_PFGS	P	1	1	16.7%	accessory	PFGS	183	183	183	183.0	1.000	0.0
FAM_P2115	P	6	6	100.0%	core	P2NJ	339	339	339	339.0	0.667	0.0
FAM_P2116	P	6	6	100.0%	core	P2K6	1089	1089	1089	1089.0	0.833	0.0
FAM_P2117	P	4	4	66.7%	accessory	P13V	747	747	1173	960.0	0.500	60492.0
FAM_P2118	P	3	3	50.0%	accessory	P3KF	2199	2199	2199	2199.0	0.667	0.0
FAM_P2119	P	6	6	100.0%	core	P3SF	684	684	684	684.0	0.667	0.0
FAM_P2120	P	6	6	100.0%	core	P3TB	1161	1161	1161	1161.0	0.667	0.0
FAM_P2121	P	6	6	100.0%	core	P3U7	1089	1089	1089	1089.0	0.667	0.0
FAM_P2122	P	6	6	100.0%	core	P3V3	753	753	753	753.0	0.833	0.0
FAM_P2123	P	6	6	100.0%	core	P3VZ	933	933	933	933.0	0.667	0.0
FAM_P2124	P	6	6	100.0%	core	P41B	288	288	288	288.0	0.667	0.0
FAM_P2125	P	6	6	100.0%	core	P427	1659	1659	1659	1659.0	0.667	0.0
FAM_P2126	P	6	6	100.0%	core	P433	1674	1674	1674	1674.0	0.833	0.0
FAM_P2127	P	6	6	100.0%	core	P46N	399	399	399	399.0	0.833	0.0
FAM_P2128	P	4	4	66.7%	accessory	P48F	723	723	723	723.0	0.750	0.0
FAM_P2129	P	3	3	50.0%	accessory	P112	477	477	477	477.0	0.667	0.0
FAM_P2130	P	6	4	66.7%	accessory	P4J3	702	702	702	702.0	0.667	0.0
FAM_P2131	P	6	6	100.0%	core	P4LR	852	852	852	852.0	0.667	0.0
FAM_P2132	P	6	6	100.0%	core	P4MN	648	648	648	648.0	0.667	0.0
FAM_P2133	P	6	6	100.0%	core	P4PB	759	759	759	759.0	0.833	0.0
FAM_P2134	P	5	5	83.3%	accessory	P4Q7	1386	1386	1386	1386.0	0.600	0.0
FAM_P2135	P	6	6	100.0%	core	P106	729	729	729	729.0	0.667	0.0
FAM_P2136	P	4	4	66.7%	accessory	P10Y	222	222	222	222.0	0.750	0.0
FAM_P2137	P	2	2	33.3%	accessory	P4ZZ	423	423	423	423.0	0.500	0.0
FAM_P2138	P	2	2	33.3%	accessory	P5F3	1023	1023	1023	1023.0	0.500	0.0
FAM_P2139	P	2	2	33.3%	accessory	P5GV	1392	1392	1392	1392.0	0.500	0.0
FAM_P2140	P	2	2	33.3%	accessory	P5IN	240	240	240	240.0	0.500	0.0
FAM_P2141	P	4	4	66.7%	accessory	P11R	327	327	327	327.0	0.750	0.0
FAM_P2142	P	6	6	100.0%	core	P1BJ	750	750	759	754.5	0.667	24.3
SING_P1JJ	P	1	1	16.7%	accessory	P1JJ	591	591	591	591.0	1.000	0.0
FAM_P2143	P	6	6	100.0%	core	P1U7	375	333	375	359.0	0.667	412.8
SING_P20F	P	1	1	16.7%	accessory	P20F	330	330	330	330.0	1.000	0.0
FAM_P2144	P	6	6	100.0%	core	P23Z	249	249	249	249.0	0.500	0.0
FAM_P2145	P	6	6	100.0%	core	P24V	1332	1332	1332	1332.0	0.667	0.0
FAM_P2146	P	4	4	66.7%	accessory	P25R	483	480	483	481.5	0.750	3.0
FAM_P2147	P	4	4	66.7%	accessory	P27J	231	231	231	231.0	0.750	0.0
FAM_P2148	P	4	4	66.7%	accessory	P29B	1068	1068	1350	1279.5	1.000	19881.0
FAM_P2149	P	6	6	100.0%	core	P2B3	630	615	630	625.0	0.667	60.0
FAM_P2150	P	6	6	100.0%	core	P2J3	201	201	201	201.0	0.667	0.0
FAM_P2151	P	4	4	66.7%	accessory	P2JZ	363	363	363	363.0	0.750	0.0
FAM_P2152	P	2	2	33.3%	accessory	P2R3	1071	1071	1071	1071.0	1.000	0.0
FAM_P2153	P	5	5	83.3%	accessory	P2XB	981	981	981	981.0	0.600	0.0
FAM_P2154	P	6	6	100.0%	core	P33J	759	759	759	759.0	0.667	0.0
FAM_P2155	P	6	6	100.0%	core	P34F	174	174	174	174.0	0.500	0.0
FAM_P2156	P	6	6	100.0%	core	P3CF	1167	1167	1167	1167.0	0.833	0.0
SING_P8K9	P	1	1	16.7%	accessory	P8K9	645	645	645	645.0	1.000	0.0
SING_P8L5	P	1	1	16.7%	accessory	P8L5	462	462	462	462.0	1.000	0.0
FAM_P2157	P	2	2	33.3%	accessory	P1JP	882	876	882	879.0	1.000	18.0
SING_P8WP	P	1	1	16.7%	accessory	P8WP	4368	4368	4368	4368.0	1.000	0.0
SING_P989	P	1	1	16.7%	accessory	P989	1323	1323	1323	1323.0	1.000	0.0
FAM_P2158	P	2	1	16.7%	accessory	P995	249	249	249	249.0	0.500	0.0
SING_P9JT	P	1	1	16.7%	accessory	P9JT	1428	1428	1428	1428.0	1.000	0.0
SING_P9KP	P	1	1	16.7%	accessory	P9KP	684	684	684	684.0	1.000	0.0
FAM_P2159	P	2	2	33.3%	accessory	P9Q1	957	957	957	957.0	1.000	0.0
SING_P9UH	P	1	1	16.7%	accessory	P9UH	3234	3234	3234	3234.0	1.000	0.0
SING_PAAH	P	1	1	16.7%	accessory	PAAH	216	216	216	216.0	1.000	0.0
SING_PABD	P	1	1	16.7%	accessory	PABD	291	291	291	291.0	1.000	0.0
SING_PAE1	P	1	1	16.7%	accessory	PAE1	597	597	597	597.0	1.000	0.0
FAM_P2160	P	2	2	33.3%	accessory	P3AK	915	915	915	915.0	1.000	0.0
SING_PAK9	P	1	1	16.7%	accessory	PAK9	315	315	315	315.0	1.000	0.0
FAM_P2161	P	2	2	33.3%	accessory	PAL5	234	234	234	234.0	1.000	0.0
SING_PANT	P	1	1	16.7%	accessory	PANT	1008	1008	1008	1008.0	1.000	0.0
FAM_P2162	P	2	2	33.3%	accessory	PB4P	744	744	744	744.0	1.000	0.0
SING_PB6H	P	1	1	16.7%	accessory	PB6H	384	384	384	384.0	1.000	0.0
FAM_P2163	P	6	6	100.0%	core	P152	2280	2280	2280	2280.0	0.833	0.0
FAM_P2164	P	6	6	100.0%	core	P1GF	1833	1833	1833	1833.0	0.833	0.0
FAM_P2165	P	6	6	100.0%	core	P1HB	366	366	366	366.0	0.833	0.0
FAM_P2166	P	6	6	100.0%	core	P1J4	900	900	900	900.0	0.833	0.0
FAM_P2167	P	6	6	100.0%	core	P1K0	1224	1224	1224	1224.0	0.833	0.0
FAM_P2168	P	2	2	33.3%	accessory	P5KX	639	639	639	639.0	0.500	0.0
FAM_P2169	P	6	4	66.7%	accessory	P25Z	444	156	633	411.0	0.500	46159.2
FAM_P2170	P	6	6	100.0%	core	P28V	708	708	708	708.0	0.667	0.0
FAM_P2171	P	2	2	33.3%	accessory	P751	738	738	738	738.0	1.000	0.0
FAM_P2172	P	2	2	33.3%	accessory	P745	501	501	501	501.0	1.000	0.0
FAM_P2173	P	2	2	33.3%	accessory	P6MH	585	585	585	585.0	0.500	0.0
FAM_P2174	P	2	2	33.3%	accessory	P6SU	384	384	384	384.0	0.500	0.0
FAM_P2175	P	3	3	50.0%	accessory	P7C4	459	459	558	492.0	0.667	3267.0
FAM_P2176	P	2	2	33.3%	accessory	P3N5	630	630	630	630.0	0.500	0.0
FAM_P2177	P	2	2	33.3%	accessory	P3XS	771	771	771	771.0	0.500	0.0
FAM_P2178	P	2	2	33.3%	accessory	P3YO	3066	3066	3066	3066.0	0.500	0.0
FAM_P2179	P	2	2	33.3%	accessory	P44W	189	189	189	189.0	0.500	0.0
FAM_P2180	P	2	2	33.3%	accessory	P49D	618	618	618	618.0	0.500	0.0
FAM_P2181	P	2	2	33.3%	accessory	P4B5	1311	1311	1311	1311.0	0.500	0.0
FAM_P2182	P	2	2	33.3%	accessory	P4C1	141	141	141	141.0	0.500	0.0
FAM_P2183	P	2	2	33.3%	accessory	P4CX	459	459	459	459.0	0.500	0.0
FAM_P2184	P	2	2	33.3%	accessory	P4I9	198	198	198	198.0	0.500	0.0
FAM_P2185	P	2	2	33.3%	accessory	P4NL	258	258	258	258.0	0.500	0.0
FAM_P2186	P	2	2	33.3%	accessory	P4R5	624	624	624	624.0	0.500	0.0
FAM_P2187	P	3	3	50.0%	accessory	P7GL	249	249	285	261.0	0.667	432.0
FAM_P2188	P	2	2	33.3%	accessory	P7G0	621	621	621	621.0	0.500	0.0
SING_PFG9	P	1	1	16.7%	accessory	PFG9	375	375	375	375.0	1.000	0.0
SING_PFW9	P	1	1	16.7%	accessory	PFW9	2685	2685	2685	2685.0	1.000	0.0
FAM_P2189	P	3	3	50.0%	accessory	P292	1683	1683	1683	1683.0	1.000	0.0
FAM_P2190	P	3	2	33.3%	accessory	P9PQ	1263	162	1263	575.0	1.000	359769.0
FAM_P2191	P	2	2	33.3%	accessory	P86X	1176	1176	1176	1176.0	1.000	0.0
FAM_P2192	P	11	5	83.3%	accessory	P20J	333	333	2253	942.8	0.636	282065.6
SING_PGPL	P	1	1	16.7%	accessory	PGPL	1179	1179	1179	1179.0	1.000	0.0
SING_PGQH	P	1	1	16.7%	accessory	PGQH	690	690	690	690.0	1.000	0.0
FAM_P2193	P	3	2	33.3%	accessory	P8CM	438	438	438	438.0	1.000	0.0
SING_PGUX	P	1	1	16.7%	accessory	PGUX	1524	1524	1524	1524.0	1.000	0.0
SING_PHEH	P	1	1	16.7%	accessory	PHEH	333	333	333	333.0	1.000	0.0
SING_PHND	P	1	1	16.7%	accessory	PHND	1035	1035	1035	1035.0	1.000	0.0
FAM_P2194	P	7	3	50.0%	accessory	P3S9	1335	180	4851	2551.7	0.714	4448711.6
SING_PI61	P	1	1	16.7%	accessory	PI61	510	510	510	510.0	1.000	0.0
FAM_P2195	P	2	2	33.3%	accessory	PIWP	876	876	876	876.0	0.500	0.0
FAM_P2196	P	2	2	33.3%	accessory	PIXL	378	378	378	378.0	0.500	0.0
FAM_P2197	P	2	2	33.3%	accessory	PIYH	639	639	639	639.0	1.000	0.0
FAM_P2198	P	2	2	33.3%	accessory	PJ15	801	801	801	801.0	0.500	0.0
FAM_P2199	P	2	2	33.3%	accessory	PJ21	312	312	312	312.0	0.500	0.0
FAM_P2200	P	2	2	33.3%	accessory	PJ2X	2391	2391	2391	2391.0	0.500	0.0
SING_PJ4P	P	1	1	16.7%	accessory	PJ4P	270	270	270	270.0	1.000	0.0
SING_PJ5L	P	1	1	16.7%	accessory	PJ5L	1110	1110	1110	1110.0	1.000	0.0
SING_PJ6H	P	1	1	16.7%	accessory	PJ6H	501	501	501	501.0	1.000	0.0
FAM_P2201	P	2	2	33.3%	accessory	PB7E	2235	2154	2235	2194.5	1.000	3280.5
SING_PJ95	P	1	1	16.7%	accessory	PJ95	387	387	387	387.0	1.000	0.0
SING_PJA1	P	1	1	16.7%	accessory	PJA1	798	798	798	798.0	1.000	0.0
SING_PJAX	P	1	1	16.7%	accessory	PJAX	204	204	204	204.0	1.000	0.0
SING_PJBT	P	1	1	16.7%	accessory	PJBT	1143	1143	1143	1143.0	1.000	0.0
FAM_P2202	P	3	3	50.0%	accessory	P824	249	249	249	249.0	0.667	0.0
FAM_P2203	P	6	6	100.0%	core	P1U0	987	987	999	995.0	0.667	38.4
FAM_P2204	P	2	2	33.3%	accessory	P1QA	717	717	717	717.0	0.500	0.0
SING_PKYH	P	1	1	16.7%	accessory	PKYH	1314	1314	1314	1314.0	1.000	0.0
FAM_P2205	P	6	6	100.0%	core	P4P9	873	873	876	875.0	0.667	2.4
FAM_P2206	P	4	4	66.7%	accessory	P7CH	246	246	591	418.5	0.500	39675.0
SING_PLA1	P	1	1	16.7%	accessory	PLA1	966	966	966	966.0	1.000	0.0
SING_PM8P	P	1	1	16.7%	accessory	PM8P	921	921	921	921.0	1.000	0.0
FAM_P2207	P	3	2	33.3%	accessory	PJ0K	1215	1215	1215	1215.0	1.000	0.0
SING_PMQH	P	1	1	16.7%	accessory	PMQH	486	486	486	486.0	1.000	0.0
SING_PMRD	P	1	1	16.7%	accessory	PMRD	627	627	627	627.0	1.000	0.0
FAM_P2208	P	5	2	33.3%	accessory	PJ0I	966	219	1494	856.2	1.000	215305.2
FAM_P2209	P	2	2	33.3%	accessory	PIZ8	408	408	408	408.0	0.500	0.0
FAM_P2210	P	2	2	33.3%	accessory	PIZW	1326	1326	1326	1326.0	1.000	0.0
FAM_P2211	P	2	2	33.3%	accessory	PIY6	330	330	330	330.0	0.500	0.0
FAM_P2212	P	2	2	33.3%	accessory	PIXA	426	426	426	426.0	1.000	0.0
FAM_P2213	P	2	2	33.3%	accessory	PJ2J	450	450	450	450.0	0.500	0.0
FAM_P2214	P	2	2	33.3%	accessory	PJ1Q	237	237	237	237.0	0.500	0.0
FAM_P2215	P	2	2	33.3%	accessory	PJ0R	435	435	435	435.0	1.000	0.0
SING_PUY	P	1	1	16.7%	accessory	PUY	342	342	342	342.0	1.000	0.0
FAM_P2216	P	2	2	33.3%	accessory	P122	789	789	789	789.0	0.500	0.0
SING_P1SQ	P	1	1	16.7%	accessory	P1SQ	363	363	363	363.0	1.000	0.0
SING_P1ZU	P	1	1	16.7%	accessory	P1ZU	213	213	213	213.0	1.000	0.0
FAM_P2217	P	6	4	66.7%	accessory	P322	255	255	957	630.0	0.667	94327.2
FAM_P2218	P	4	4	66.7%	accessory	P36I	327	327	648	487.5	0.750	34347.0
SING_P396	P	1	1	16.7%	accessory	P396	279	279	279	279.0	1.000	0.0
FAM_P2219	P	2	2	33.3%	accessory	P3JU	618	618	618	618.0	0.500	0.0
FAM_P2220	P	2	2	33.3%	accessory	P3YY	1020	1020	1020	1020.0	0.500	0.0
FAM_P2221	P	2	2	33.3%	accessory	P41M	321	321	321	321.0	0.500	0.0
FAM_P2222	P	2	2	33.3%	accessory	P456	1092	1092	1092	1092.0	0.500	0.0
FAM_P2223	P	2	2	33.3%	accessory	P48Q	273	273	273	273.0	0.500	0.0
FAM_P2224	P	2	2	33.3%	accessory	P49M	96	96	96	96.0	0.500	0.0
FAM_P2225	P	2	2	33.3%	accessory	P4AI	1611	1611	1611	1611.0	0.500	0.0
FAM_P2226	P	2	2	33.3%	accessory	P4BE	2361	2361	2361	2361.0	0.500	0.0
FAM_P2227	P	2	2	33.3%	accessory	P4D6	2169	2169	2169	2169.0	0.500	0.0
FAM_P2228	P	2	2	33.3%	accessory	P4GQ	192	192	192	192.0	0.500	0.0
FAM_P2229	P	2	2	33.3%	accessory	P4II	225	225	225	225.0	0.500	0.0
FAM_P2230	P	2	2	33.3%	accessory	P4OQ	348	348	348	348.0	0.500	0.0
FAM_P2231	P	2	2	33.3%	accessory	P4SA	213	213	213	213.0	0.500	0.0
FAM_P2232	P	9	2	33.3%	accessory	P4HN	210	210	282	226.0	0.444	1008.0
FAM_P2233	P	3	3	50.0%	accessory	P4YI	396	396	396	396.0	0.667	0.0
FAM_P2234	P	2	2	33.3%	accessory	P4ZE	282	282	282	282.0	0.500	0.0
FAM_P2235	P	2	2	33.3%	accessory	P5BU	252	252	252	252.0	0.500	0.0
FAM_P2236	P	3	3	50.0%	accessory	P5RU	570	570	849	663.0	0.667	25947.0
FAM_P2237	P	3	3	50.0%	accessory	P60Q	648	648	651	649.0	0.667	3.0
FAM_P2238	P	2	2	33.3%	accessory	P62I	537	537	537	537.0	0.500	0.0
FAM_P2239	P	2	2	33.3%	accessory	P6T6	456	456	456	456.0	0.500	0.0
FAM_P2240	P	2	2	33.3%	accessory	P73U	543	543	543	543.0	1.000	0.0
FAM_P2241	P	2	2	33.3%	accessory	P74Q	615	615	615	615.0	0.500	0.0
FAM_P2242	P	2	2	33.3%	accessory	P7FE	1968	1968	1968	1968.0	0.500	0.0
FAM_P2243	P	2	2	33.3%	accessory	P7H6	339	339	339	339.0	0.500	0.0
SING_P7Q2	P	1	1	16.7%	accessory	P7Q2	768	768	768	768.0	1.000	0.0
FAM_P2244	P	2	2	33.3%	accessory	P8CA	552	552	558	555.0	1.000	18.0
SING_P8D6	P	1	1	16.7%	accessory	P8D6	1329	1329	1329	1329.0	1.000	0.0
SING_P8KA	P	1	1	16.7%	accessory	P8KA	351	351	351	351.0	1.000	0.0
FAM_P2245	P	2	2	33.3%	accessory	P8L6	1419	1419	1419	1419.0	1.000	0.0
SING_P8U2	P	1	1	16.7%	accessory	P8U2	558	558	558	558.0	1.000	0.0
SING_P8WQ	P	1	1	16.7%	accessory	P8WQ	2460	2460	2460	2460.0	1.000	0.0
SING_P98A	P	1	1	16.7%	accessory	P98A	312	312	312	312.0	1.000	0.0
FAM_P2246	P	2	1	16.7%	accessory	P996	198	198	198	198.0	0.500	0.0
SING_P9JU	P	1	1	16.7%	accessory	P9JU	252	252	252	252.0	1.000	0.0
SING_P9KQ	P	1	1	16.7%	accessory	P9KQ	231	231	231	231.0	1.000	0.0
FAM_P2247	P	2	2	33.3%	accessory	P9Q2	2178	2178	2178	2178.0	1.000	0.0
SING_P9UI	P	1	1	16.7%	accessory	P9UI	984	984	984	984.0	1.000	0.0
SING_PA9M	P	1	1	16.7%	accessory	PA9M	564	564	564	564.0	1.000	0.0
SING_PAAI	P	1	1	16.7%	accessory	PAAI	1497	1497	1497	1497.0	1.000	0.0
SING_PABE	P	1	1	16.7%	accessory	PABE	1440	1440	1440	1440.0	1.000	0.0
SING_PAE2	P	1	1	16.7%	accessory	PAE2	1266	1266	1266	1266.0	1.000	0.0
FAM_P2248	P	2	2	33.3%	accessory	P3AJ	3513	3513	3513	3513.0	1.000	0.0
SING_PAKA	P	1	1	16.7%	accessory	PAKA	189	189	189	189.0	1.000	0.0
FAM_P2249	P	2	2	33.3%	accessory	PAL6	678	678	678	678.0	1.000	0.0
FAM_P2250	P	3	2	33.3%	accessory	PAM2	567	132	567	364.0	1.000	47937.0
SING_PAMY	P	1	1	16.7%	accessory	PAMY	237	237	237	237.0	1.000	0.0
SING_PAVU	P	1	1	16.7%	accessory	PAVU	450	450	450	450.0	1.000	0.0
SING_PAZE	P	1	1	16.7%	accessory	PAZE	279	279	279	279.0	1.000	0.0
FAM_P2251	P	2	2	33.3%	accessory	PB4Q	258	258	258	258.0	1.000	0.0
SING_PB6I	P	1	1	16.7%	accessory	PB6I	435	435	435	435.0	1.000	0.0
FAM_P2252	P	2	2	33.3%	accessory	P4ZD	228	228	228	228.0	0.500	0.0
FAM_P2253	P	6	6	100.0%	core	P1KW	1362	1362	1362	1362.0	0.833	0.0
FAM_P2254	P	2	2	33.3%	accessory	P5KY	282	282	282	282.0	0.500	0.0
FAM_P2255	P	2	2	33.3%	accessory	P5S1	1434	1434	1434	1434.0	0.500	0.0
FAM_P2256	P	2	2	33.3%	accessory	P750	465	465	465	465.0	0.500	0.0
FAM_P2257	P	2	2	33.3%	accessory	P744	501	501	501	501.0	1.000	0.0
FAM_P2258	P	2	2	33.3%	accessory	P6MI	1170	1170	1170	1170.0	0.500	0.0
FAM_P2259	P	2	2	33.3%	accessory	P6SV	507	507	507	507.0	0.500	0.0
FAM_P2260	P	3	3	50.0%	accessory	P6TR	324	324	324	324.0	0.667	0.0
FAM_P2261	P	2	2	33.3%	accessory	P6VJ	1083	1083	1083	1083.0	0.500	0.0
FAM_P2262	P	2	2	33.3%	accessory	P3HU	297	297	297	297.0	0.500	0.0
FAM_P2263	P	2	2	33.3%	accessory	P3JM	444	444	444	444.0	0.500	0.0
FAM_P2264	P	3	3	50.0%	accessory	P3LE	168	168	795	377.0	0.667	131043.0
FAM_P2265	P	2	2	33.3%	accessory	P3YP	330	330	330	330.0	0.500	0.0
FAM_P2266	P	2	2	33.3%	accessory	P44X	186	186	186	186.0	0.500	0.0
FAM_P2267	P	2	2	33.3%	accessory	P49E	735	735	735	735.0	0.500	0.0
FAM_P2268	P	2	2	33.3%	accessory	P4B6	789	789	789	789.0	0.500	0.0
FAM_P2269	P	2	2	33.3%	accessory	P4C2	672	672	672	672.0	0.500	0.0
FAM_P2270	P	4	3	50.0%	accessory	P4CY	510	510	549	520.5	0.750	363.0
FAM_P2271	P	2	2	33.3%	accessory	P4IA	186	186	186	186.0	0.500	0.0
FAM_P2272	P	2	2	33.3%	accessory	P4NM	279	279	279	279.0	0.500	0.0
FAM_P2273	P	2	2	33.3%	accessory	P4R6	369	369	369	369.0	0.500	0.0
FAM_P2274	P	4	4	66.7%	accessory	P7GM	453	453	540	496.5	0.750	2523.0
FAM_P2275	P	2	2	33.3%	accessory	P7G1	600	600	600	600.0	0.500	0.0
FAM_P2276	P	3	3	50.0%	accessory	P2RT	1185	1185	1185	1185.0	1.000	0.0
SING_PFI2	P	1	1	16.7%	accessory	PFI2	4650	4650	4650	4650.0	1.000	0.0
FAM_P2277	P	7	3	50.0%	accessory	P6KY	975	390	2097	863.6	0.571	354055.3
SING_PFWA	P	1	1	16.7%	accessory	PFWA	1071	1071	1071	1071.0	1.000	0.0
FAM_P2278	P	2	2	33.3%	accessory	P86Y	597	597	597	597.0	1.000	0.0
SING_PG9M	P	1	1	16.7%	accessory	PG9M	1440	1440	1440	1440.0	1.000	0.0
FAM_P2279	P	2	2	33.3%	accessory	P8GI	216	216	216	216.0	1.000	0.0
SING_PGPM	P	1	1	16.7%	accessory	PGPM	162	162	162	162.0	1.000	0.0
SING_PGQI	P	1	1	16.7%	accessory	PGQI	552	552	552	552.0	1.000	0.0
SING_PGUY	P	1	1	16.7%	accessory	PGUY	1215	1215	1215	1215.0	1.000	0.0
SING_PGVU	P	1	1	16.7%	accessory	PGVU	753	753	753	753.0	1.000	0.0
SING_PH6I	P	1	1	16.7%	accessory	PH6I	132	132	132	132.0	1.000	0.0
SING_PHEI	P	1	1	16.7%	accessory	PHEI	954	954	954	954.0	1.000	0.0
SING_PHNE	P	1	1	16.7%	accessory	PHNE	114	114	114	114.0	1.000	0.0
SING_PHQ2	P	1	1	16.7%	accessory	PHQ2	1104	1104	1104	1104.0	1.000	0.0
FAM_P2280	P	5	3	50.0%	accessory	P3I1	795	621	1416	849.6	0.600	107821.8
FAM_P2281	P	6	5	83.3%	accessory	P1I	651	159	807	647.0	0.833	59755.2
FAM_P2282	P	5	4	66.7%	accessory	P3A0	555	174	585	445.8	0.800	31115.7
FAM_P2283	P	2	2	33.3%	accessory	PB12	96	96	96	96.0	0.500	0.0
FAM_P2284	P	2	2	33.3%	accessory	PIWQ	201	201	201	201.0	0.500	0.0
FAM_P2285	P	2	2	33.3%	accessory	PIXM	978	978	978	978.0	0.500	0.0
FAM_P2286	P	2	2	33.3%	accessory	PIYI	642	642	642	642.0	0.500	0.0
FAM_P2287	P	2	2	33.3%	accessory	PJ16	153	153	153	153.0	0.500	0.0
FAM_P2288	P	2	2	33.3%	accessory	PJ22	201	201	201	201.0	0.500	0.0
FAM_P2289	P	2	2	33.3%	accessory	PJ2Y	252	252	252	252.0	0.500	0.0
SING_PJ4Q	P	1	1	16.7%	accessory	PJ4Q	405	405	405	405.0	1.000	0.0
SING_PJ5M	P	1	1	16.7%	accessory	PJ5M	903	903	903	903.0	1.000	0.0
SING_PJ6I	P	1	1	16.7%	accessory	PJ6I	774	774	774	774.0	1.000	0.0
FAM_P2290	P	2	2	33.3%	accessory	PB58	312	312	312	312.0	1.000	0.0
SING_PJ8A	P	1	1	16.7%	accessory	PJ8A	399	399	399	399.0	1.000	0.0
SING_PJ96	P	1	1	16.7%	accessory	PJ96	1104	1104	1104	1104.0	1.000	0.0
SING_PJA2	P	1	1	16.7%	accessory	PJA2	699	699	699	699.0	1.000	0.0
SING_PJAY	P	1	1	16.7%	accessory	PJAY	231	231	231	231.0	1.000	0.0
SING_PJBU	P	1	1	16.7%	accessory	PJBU	2316	2316	2316	2316.0	1.000	0.0
FAM_P2291	P	2	2	33.3%	accessory	P2PT	213	213	213	213.0	0.500	0.0
FAM_P2292	P	2	2	33.3%	accessory	P2AW	552	552	552	552.0	1.000	0.0
FAM_P2293	P	3	3	50.0%	accessory	P825	915	915	915	915.0	1.000	0.0
FAM_P2294	P	2	2	33.3%	accessory	P16U	333	333	333	333.0	0.500	0.0
FAM_P2295	P	2	2	33.3%	accessory	P107	183	183	183	183.0	0.500	0.0
SING_PLA2	P	1	1	16.7%	accessory	PLA2	1140	1140	1140	1140.0	1.000	0.0
FAM_P2296	P	3	2	33.3%	accessory	P9VL	1101	1101	1101	1101.0	0.667	0.0
SING_PLY2	P	1	1	16.7%	accessory	PLY2	1425	1425	1425	1425.0	1.000	0.0
SING_PLYY	P	1	1	16.7%	accessory	PLYY	201	201	201	201.0	1.000	0.0
SING_PM8Q	P	1	1	16.7%	accessory	PM8Q	1317	1317	1317	1317.0	1.000	0.0
FAM_P2297	P	3	2	33.3%	accessory	PJ0L	822	456	822	700.0	0.667	44652.0
SING_PMPM	P	1	1	16.7%	accessory	PMPM	150	150	150	150.0	1.000	0.0
SING_PMQI	P	1	1	16.7%	accessory	PMQI	180	180	180	180.0	1.000	0.0
SING_PMRE	P	1	1	16.7%	accessory	PMRE	678	678	678	678.0	1.000	0.0
FAM_P2298	P	2	2	33.3%	accessory	PIZ9	897	897	897	897.0	0.500	0.0
FAM_P2299	P	2	2	33.3%	accessory	PIZX	297	297	297	297.0	0.500	0.0
FAM_P2300	P	2	2	33.3%	accessory	PIY5	906	906	906	906.0	0.500	0.0
FAM_P2301	P	2	2	33.3%	accessory	PIX9	453	453	453	453.0	0.500	0.0
FAM_P2302	P	2	2	33.3%	accessory	PJ2I	2385	2385	2385	2385.0	0.500	0.0
FAM_P2303	P	2	2	33.3%	accessory	PJ1P	297	297	297	297.0	0.500	0.0
FAM_P2304	P	2	2	33.3%	accessory	PJ0Q	618	618	618	618.0	0.500	0.0
FAM_P2305	P	2	2	33.3%	accessory	P6Z	240	240	240	240.0	1.000	0.0
SING_PUZ	P	1	1	16.7%	accessory	PUZ	309	309	309	309.0	1.000	0.0
FAM_P2306	P	2	2	33.3%	accessory	P123	1383	1383	1383	1383.0	0.500	0.0
FAM_P2307	P	2	2	33.3%	accessory	P16J	312	312	312	312.0	0.500	0.0
SING_P1SR	P	1	1	16.7%	accessory	P1SR	306	306	306	306.0	1.000	0.0
SING_P1ZV	P	1	1	16.7%	accessory	P1ZV	1410	1410	1410	1410.0	1.000	0.0
FAM_P2308	P	3	3	50.0%	accessory	P2IJ	378	378	396	384.0	0.667	108.0
FAM_P2309	P	2	2	33.3%	accessory	P2L7	282	282	282	282.0	0.500	0.0
SING_P397	P	1	1	16.7%	accessory	P397	1122	1122	1122	1122.0	1.000	0.0
FAM_P2310	P	2	2	33.3%	accessory	P3JV	459	459	459	459.0	0.500	0.0
FAM_P2311	P	2	2	33.3%	accessory	PIZB	1428	1428	1428	1428.0	0.500	0.0
FAM_P2312	P	2	2	33.3%	accessory	PIZZ	372	372	372	372.0	0.500	0.0
FAM_P2313	P	2	2	33.3%	accessory	PIY3	447	447	447	447.0	0.500	0.0
FAM_P2314	P	2	2	33.3%	accessory	PIX7	1038	1038	1038	1038.0	0.500	0.0
FAM_P2315	P	2	2	33.3%	accessory	PJ3C	282	282	282	282.0	0.500	0.0
FAM_P2316	P	2	2	33.3%	accessory	PJ2G	312	312	312	312.0	0.500	0.0
FAM_P2317	P	2	2	33.3%	accessory	PJ1N	537	537	537	537.0	0.500	0.0
FAM_P2318	P	2	2	33.3%	accessory	PJ0O	801	171	801	486.0	1.000	198450.0
FAM_P2319	P	2	2	33.3%	accessory	PJH	2448	2448	2448	2448.0	1.000	0.0
FAM_P2320	P	2	2	33.3%	accessory	P8C9	201	201	201	201.0	1.000	0.0
FAM_P2321	P	2	2	33.3%	accessory	P125	1206	1206	1206	1206.0	0.500	0.0
FAM_P2322	P	2	2	33.3%	accessory	P16L	120	120	120	120.0	0.500	0.0
SING_P1ZX	P	1	1	16.7%	accessory	P1ZX	2190	2190	2190	2190.0	1.000	0.0
FAM_P2323	P	2	2	33.3%	accessory	P4SD	1152	1152	1152	1152.0	0.500	0.0
FAM_P2324	P	2	2	33.3%	accessory	P4U5	339	339	339	339.0	0.500	0.0
FAM_P2325	P	2	2	33.3%	accessory	P4XP	396	396	396	396.0	0.500	0.0
FAM_P2326	P	6	2	33.3%	accessory	P4GI	1038	1038	1044	1040.0	0.667	9.6
FAM_P2327	P	2	2	33.3%	accessory	P5B1	348	348	348	348.0	0.500	0.0
FAM_P2328	P	6	6	100.0%	core	P1J5	1305	1305	1305	1305.0	0.833	0.0
FAM_P2329	P	2	2	33.3%	accessory	P5J1	2892	2892	2892	2892.0	0.500	0.0
FAM_P2330	P	2	2	33.3%	accessory	P5JX	624	624	624	624.0	1.000	0.0
FAM_P2331	P	2	2	33.3%	accessory	P5RX	177	177	177	177.0	0.500	0.0
FAM_P2332	P	2	2	33.3%	accessory	P5Z1	645	645	645	645.0	0.500	0.0
FAM_P2333	P	2	2	33.3%	accessory	P6M5	1059	1059	1059	1059.0	0.500	0.0
FAM_P2334	P	2	2	33.3%	accessory	P6N1	276	276	276	276.0	0.500	0.0
FAM_P2335	P	2	2	33.3%	accessory	P6T9	459	459	459	459.0	0.500	0.0
FAM_P2336	P	2	2	33.3%	accessory	P74T	561	561	561	561.0	0.500	0.0
FAM_P2337	P	6	6	100.0%	core	P39N	903	903	903	903.0	0.833	0.0
FAM_P2338	P	2	2	33.3%	accessory	P7DP	2433	2433	2433	2433.0	0.500	0.0
FAM_P2339	P	2	2	33.3%	accessory	P7FH	435	435	435	435.0	1.000	0.0
FAM_P2340	P	4	4	66.7%	accessory	P7GD	435	435	435	435.0	0.750	0.0
FAM_P2341	P	2	2	33.3%	accessory	P7H9	279	279	279	279.0	0.500	0.0
FAM_P2342	P	2	2	33.3%	accessory	P7J1	861	861	861	861.0	1.000	0.0
FAM_P2343	P	2	2	33.3%	accessory	P7JX	996	996	996	996.0	1.000	0.0
FAM_P2344	P	2	2	33.3%	accessory	P7UL	957	957	957	957.0	1.000	0.0
SING_P7ZX	P	1	1	16.7%	accessory	P7ZX	741	741	741	741.0	1.000	0.0
SING_P871	P	1	1	16.7%	accessory	P871	429	429	429	429.0	1.000	0.0
FAM_P2345	P	2	2	33.3%	accessory	P1SL	495	489	495	492.0	1.000	18.0
SING_P8D9	P	1	1	16.7%	accessory	P8D9	426	426	426	426.0	1.000	0.0
SING_P8KD	P	1	1	16.7%	accessory	P8KD	300	300	300	300.0	1.000	0.0
SING_P8L9	P	1	1	16.7%	accessory	P8L9	693	693	693	693.0	1.000	0.0
SING_P8U5	P	1	1	16.7%	accessory	P8U5	969	969	969	969.0	1.000	0.0
SING_P8WT	P	1	1	16.7%	accessory	P8WT	513	513	513	513.0	1.000	0.0
FAM_P2346	P	2	1	16.7%	accessory	P98V	423	423	423	423.0	0.500	0.0
FAM_P2347	P	2	1	16.7%	accessory	P9FH	549	549	549	549.0	1.000	0.0
SING_P9JX	P	1	1	16.7%	accessory	P9JX	339	339	339	339.0	1.000	0.0
SING_P9KT	P	1	1	16.7%	accessory	P9KT	390	390	390	390.0	1.000	0.0
SING_P9Q5	P	1	1	16.7%	accessory	P9Q5	969	969	969	969.0	1.000	0.0
SING_P9WD	P	1	1	16.7%	accessory	P9WD	540	540	540	540.0	1.000	0.0
SING_PAAL	P	1	1	16.7%	accessory	PAAL	339	339	339	339.0	1.000	0.0
FAM_P2348	P	6	6	100.0%	core	P3CQ	495	495	495	495.0	0.833	0.0
FAM_P2349	P	6	6	100.0%	core	P2F	1068	1068	1068	1068.0	0.833	0.0
FAM_P2350	P	6	6	100.0%	core	P3B	2391	2244	2391	2366.5	0.667	3601.5
FAM_P2351	P	6	6	100.0%	core	P3GA	345	345	345	345.0	0.667	0.0
FAM_P2352	P	6	6	100.0%	core	P3H6	261	261	261	261.0	0.667	0.0
FAM_P2353	P	6	6	100.0%	core	P44I	447	447	447	447.0	0.667	0.0
FAM_P2354	P	22	4	66.7%	accessory	P3YR	744	600	744	717.3	0.500	3204.8
FAM_P2355	P	6	6	100.0%	core	P476	600	600	600	600.0	0.667	0.0
FAM_P2356	P	4	4	66.7%	accessory	P482	654	654	654	654.0	0.750	0.0
FAM_P2357	P	4	4	66.7%	accessory	P4CI	1158	1158	1158	1158.0	0.500	0.0
FAM_P2358	P	6	6	100.0%	core	P4EA	2514	2514	2514	2514.0	0.667	0.0
FAM_P2359	P	6	6	100.0%	core	P4F6	1644	1644	1644	1644.0	0.833	0.0
FAM_P2360	P	6	6	100.0%	core	P4G2	1074	1074	1074	1074.0	0.833	0.0
FAM_P2361	P	12	2	33.3%	accessory	P4GY	168	168	519	253.5	0.500	19197.0
FAM_P2362	P	4	4	66.7%	accessory	P4LE	981	981	981	981.0	0.750	0.0
FAM_P2363	P	6	6	100.0%	core	P4MA	3744	3744	3744	3744.0	0.833	0.0
FAM_P2364	P	7	5	83.3%	accessory	P174	192	192	192	192.0	0.571	0.0
FAM_P2365	P	9	2	33.3%	accessory	P4HD	1662	1662	1662	1662.0	0.111	0.0
FAM_P2366	P	6	6	100.0%	core	P4OY	507	279	507	469.0	0.667	8664.0
FAM_P2367	P	6	6	100.0%	core	P4PU	1128	1116	1128	1126.0	0.667	24.0
FAM_P2368	P	6	6	100.0%	core	P4QQ	1053	1053	1053	1053.0	0.667	0.0
FAM_P2369	P	6	6	100.0%	core	P10L	564	564	564	564.0	0.667	0.0
FAM_P2370	P	21	4	66.7%	accessory	P3YU	600	600	600	600.0	0.524	0.0
FAM_P2371	P	11	6	100.0%	core	P12O	252	117	1002	503.2	0.636	120303.2
FAM_P2372	P	6	6	100.0%	core	P13O	2103	2103	2103	2103.0	0.667	0.0
FAM_P2373	P	6	6	100.0%	core	P14F	1011	1011	1011	1011.0	0.667	0.0
FAM_P2374	P	4	4	66.7%	accessory	P162	519	519	519	519.0	0.500	0.0
FAM_P2375	P	9	2	33.3%	accessory	P4HJ	447	447	447	447.0	0.333	0.0
FAM_P2376	P	6	6	100.0%	core	P17U	1389	1389	1389	1389.0	0.667	0.0
FAM_P2377	P	6	6	100.0%	core	P18O	621	621	621	621.0	0.833	0.0
FAM_P2378	P	6	6	100.0%	core	P19K	1149	1149	1149	1149.0	0.667	0.0
FAM_P2379	P	6	6	100.0%	core	P1AG	1152	1152	1152	1152.0	0.667	0.0
FAM_P2380	P	6	6	100.0%	core	P1BD	669	669	669	669.0	0.833	0.0
FAM_P2381	P	6	6	100.0%	core	P1C9	408	408	408	408.0	0.667	0.0
FAM_P2382	P	6	6	100.0%	core	P1D1	504	504	504	504.0	0.667	0.0
FAM_P2383	P	6	6	100.0%	core	P1DX	459	459	459	459.0	0.667	0.0
FAM_P2384	P	6	6	100.0%	core	P1ER	642	642	642	642.0	0.667	0.0
FAM_P2385	P	6	6	100.0%	core	P1FN	645	645	645	645.0	0.667	0.0
FAM_P2386	P	6	6	100.0%	core	P1HG	189	189	189	189.0	0.167	0.0
FAM_P2387	P	5	5	83.3%	accessory	P1IH	393	393	2148	1446.0	0.600	924007.5
FAM_P2388	P	6	6	100.0%	core	P1JA	777	777	777	777.0	0.833	0.0
FAM_P2389	P	6	6	100.0%	core	P1K6	1218	1218	1221	1218.5	0.833	1.5
FAM_P2390	P	6	5	83.3%	accessory	P1L5	441	441	1356	1133.5	0.833	143317.5
FAM_P2391	P	4	4	66.7%	accessory	P5J6	90	90	90	90.0	0.500	0.0
FAM_P2392	P	48	5	83.3%	accessory	P48M	888	192	888	833.6	0.271	27556.3
FAM_P2393	P	6	6	100.0%	core	P1MG	579	579	579	579.0	0.667	0.0
FAM_P2394	P	6	6	100.0%	core	P1N6	699	699	699	699.0	0.667	0.0
FAM_P2395	P	6	6	100.0%	core	P1O3	480	480	480	480.0	0.667	0.0
FAM_P2396	P	6	6	100.0%	core	P1PW	267	267	267	267.0	0.667	0.0
FAM_P2397	P	6	6	100.0%	core	P1QX	456	456	456	456.0	0.667	0.0
FAM_P2398	P	6	6	100.0%	core	P1RT	810	810	810	810.0	0.667	0.0
FAM_P2399	P	6	6	100.0%	core	P1TQ	372	372	372	372.0	0.667	0.0
FAM_P2400	P	6	6	100.0%	core	P1UN	870	870	870	870.0	0.667	0.0
FAM_P2401	P	6	6	100.0%	core	P1VS	864	864	864	864.0	0.667	0.0
FAM_P2402	P	6	6	100.0%	core	P1WO	516	516	516	516.0	0.667	0.0
FAM_P2403	P	6	6	100.0%	core	P1XG	804	804	804	804.0	0.667	0.0
FAM_P2404	P	6	6	100.0%	core	P1YB	732	732	732	732.0	0.667	0.0
FAM_P2405	P	6	6	100.0%	core	P1Z8	1071	1071	1071	1071.0	0.667	0.0
FAM_P2406	P	6	6	100.0%	core	P22L	2562	2463	2562	2545.5	0.833	1633.5
FAM_P2407	P	6	6	100.0%	core	P23I	1272	1272	1272	1272.0	0.833	0.0
FAM_P2408	P	6	6	100.0%	core	P249	546	546	546	546.0	0.667	0.0
FAM_P2409	P	6	6	100.0%	core	P255	876	876	876	876.0	0.667	0.0
FAM_P2410	P	5	5	83.3%	accessory	P26E	1386	1386	1386	1386.0	0.800	0.0
FAM_P2411	P	6	6	100.0%	core	P27B	1203	1203	1203	1203.0	0.667	0.0
FAM_P2412	P	6	6	100.0%	core	P2AL	828	828	828	828.0	0.667	0.0
FAM_P2413	P	6	6	100.0%	core	P2E4	270	270	270	270.0	0.333	0.0
FAM_P2414	P	6	6	100.0%	core	P2F0	576	576	576	576.0	0.667	0.0
FAM_P2415	P	6	6	100.0%	core	P2GZ	1182	1182	1182	1182.0	0.667	0.0
FAM_P2416	P	6	6	100.0%	core	P2J5	552	552	552	552.0	0.833	0.0
FAM_P2417	P	6	6	100.0%	core	P2K8	1209	1209	1209	1209.0	0.667	0.0
FAM_P2418	P	6	6	100.0%	core	P2L2	1599	1599	1599	1599.0	0.833	0.0
FAM_P2419	P	6	6	100.0%	core	P2CJ	366	366	369	366.5	0.667	1.5
FAM_P2420	P	6	6	100.0%	core	P2BN	624	624	624	624.0	0.667	0.0
FAM_P2421	P	10	6	100.0%	core	P29R	411	144	888	537.0	0.600	100048.0
FAM_P2422	P	6	6	100.0%	core	P28U	2136	2136	2136	2136.0	0.667	0.0
FAM_P2423	P	6	6	100.0%	core	P27Y	966	189	966	707.0	0.833	160994.4
FAM_P2424	P	6	6	100.0%	core	P272	267	267	267	267.0	0.500	0.0
FAM_P2425	P	6	6	100.0%	core	P266	756	756	756	756.0	0.667	0.0
FAM_P2426	P	6	6	100.0%	core	P25N	1230	1230	1230	1230.0	0.667	0.0
FAM_P2427	P	6	6	100.0%	core	P24R	444	444	444	444.0	0.667	0.0
FAM_P2428	P	6	6	100.0%	core	P23V	1299	1299	1299	1299.0	0.667	0.0
FAM_P2429	P	6	6	100.0%	core	P224	471	468	471	470.5	0.667	1.5
FAM_P2430	P	6	6	100.0%	core	P216	993	993	993	993.0	0.667	0.0
SING_PK5D	P	1	1	16.7%	accessory	PK5D	624	624	624	624.0	1.000	0.0
FAM_P2431	P	6	6	100.0%	core	P1ZC	483	483	483	483.0	0.667	0.0
FAM_P2432	P	6	6	100.0%	core	P1YG	1800	1800	1800	1800.0	0.667	0.0
FAM_P2433	P	5	5	83.3%	accessory	P1XL	1362	1362	1362	1362.0	0.600	0.0
FAM_P2434	P	6	6	100.0%	core	P1WP	540	540	540	540.0	0.667	0.0
FAM_P2435	P	6	6	100.0%	core	P1VT	714	714	714	714.0	0.667	0.0
FAM_P2436	P	6	6	100.0%	core	P1UO	900	900	903	900.5	0.667	1.5
FAM_P2437	P	7	6	100.0%	core	P1SU	1338	219	1338	1018.3	0.714	298133.6
FAM_P2438	P	6	6	100.0%	core	P1RU	825	825	825	825.0	0.667	0.0
FAM_P2439	P	6	6	100.0%	core	P1QY	1203	1203	1203	1203.0	0.667	0.0
FAM_P2440	P	6	6	100.0%	core	P1P6	1131	1131	1131	1131.0	0.667	0.0
FAM_P2441	P	6	6	100.0%	core	P1KN	660	660	660	660.0	0.667	0.0
FAM_P2442	P	6	6	100.0%	core	P1HW	783	783	783	783.0	0.833	0.0
FAM_P2443	P	6	6	100.0%	core	P1G5	1515	1515	1515	1515.0	0.667	0.0
SING_PKPT	P	1	1	16.7%	accessory	PKPT	555	555	555	555.0	1.000	0.0
FAM_P2444	P	6	6	100.0%	core	P1EO	357	357	357	357.0	0.667	0.0
FAM_P2445	P	6	6	100.0%	core	P137	537	537	537	537.0	0.667	0.0
FAM_P2446	P	6	6	100.0%	core	P4Q1	807	807	807	807.0	0.667	0.0
FAM_P2447	P	6	6	100.0%	core	P4P1	807	807	807	807.0	0.667	0.0
FAM_P2448	P	4	4	66.7%	accessory	P4ME	567	567	567	567.0	0.500	0.0
FAM_P2449	P	4	4	66.7%	accessory	P9HU	1920	1920	1920	1920.0	0.750	0.0
FAM_P2450	P	6	6	100.0%	core	P4IU	1371	1371	1371	1371.0	0.667	0.0
FAM_P2451	P	6	6	100.0%	core	P4EQ	585	585	585	585.0	0.667	0.0
FAM_P2452	P	6	6	100.0%	core	P4DU	939	939	939	939.0	0.667	0.0
FAM_P2453	P	6	6	100.0%	core	P477	306	306	306	306.0	0.667	0.0
FAM_P2454	P	6	6	100.0%	core	P44N	318	318	318	318.0	0.500	0.0
FAM_P2455	P	6	6	100.0%	core	P43Q	792	792	795	792.5	0.667	1.5
FAM_P2456	P	6	6	100.0%	core	P421	1002	1002	1002	1002.0	0.667	0.0
FAM_P2457	P	3	2	33.3%	accessory	P9W9	834	834	834	834.0	0.667	0.0
FAM_P2458	P	3	3	50.0%	accessory	PHQT	450	450	450	450.0	1.000	0.0
FAM_P2459	P	6	6	100.0%	core	P3WG	1167	1167	1167	1167.0	0.667	0.0
FAM_P2460	P	6	6	100.0%	core	P3UU	741	741	741	741.0	0.667	0.0
FAM_P2461	P	6	6	100.0%	core	P3T2	957	957	957	957.0	0.667	0.0
FAM_P2462	P	6	6	100.0%	core	P3RM	1260	1260	1260	1260.0	0.667	0.0
FAM_P2463	P	6	6	100.0%	core	P3QI	933	933	933	933.0	0.667	0.0
FAM_P2464	P	6	6	100.0%	core	P3OP	1863	1863	1863	1863.0	0.667	0.0
FAM_P2465	P	6	6	100.0%	core	P3NN	810	810	810	810.0	0.667	0.0
FAM_P2466	P	5	5	83.3%	accessory	P3MQ	945	945	945	945.0	0.600	0.0
FAM_P2467	P	8	6	100.0%	core	P3LN	261	261	933	709.5	0.750	86016.9
SING_PLY9	P	1	1	16.7%	accessory	PLY9	1212	1212	1212	1212.0	1.000	0.0
FAM_P2468	P	6	6	100.0%	core	P3IQ	2445	2445	2445	2445.0	0.667	0.0
FAM_P2469	P	3	3	50.0%	accessory	P4F	744	744	813	790.0	1.000	1587.0
FAM_P2470	P	6	6	100.0%	core	P3FM	897	885	933	903.0	0.667	259.2
FAM_P2471	P	6	6	100.0%	core	P2N	2706	2706	2706	2706.0	0.667	0.0
FAM_P2472	P	6	6	100.0%	core	P1R	765	765	765	765.0	0.667	0.0
FAM_P2473	P	6	6	100.0%	core	P3CW	3222	3219	3222	3221.5	0.833	1.5
SING_PI98	P	1	1	16.7%	accessory	PI98	606	606	606	606.0	1.000	0.0
FAM_P2474	P	4	3	50.0%	accessory	P7C5	828	150	828	621.0	0.750	103596.0
SING_PING	P	1	1	16.7%	accessory	PING	1116	1116	1116	1116.0	1.000	0.0
FAM_P2475	P	2	2	33.3%	accessory	PIZ0	450	450	561	505.5	1.000	6160.5
SING_PJ4C	P	1	1	16.7%	accessory	PJ4C	855	855	855	855.0	1.000	0.0
SING_PJ64	P	1	1	16.7%	accessory	PJ64	948	948	948	948.0	1.000	0.0
FAM_P2476	P	2	2	33.3%	accessory	PB4R	1851	297	1851	1074.0	1.000	1207458.0
SING_PJ8S	P	1	1	16.7%	accessory	PJ8S	192	192	192	192.0	1.000	0.0
SING_PJ9O	P	1	1	16.7%	accessory	PJ9O	360	360	360	360.0	1.000	0.0
SING_PJAK	P	1	1	16.7%	accessory	PJAK	1257	1257	1257	1257.0	1.000	0.0
SING_PJBG	P	1	1	16.7%	accessory	PJBG	189	189	189	189.0	1.000	0.0
FAM_P2477	P	6	6	100.0%	core	P2MW	1068	1068	1068	1068.0	0.833	0.0
FAM_P2478	P	3	3	50.0%	accessory	P2IF	1482	1482	1482	1482.0	0.667	0.0
FAM_P2479	P	5	5	83.3%	accessory	P2D4	336	336	336	336.0	0.600	0.0
FAM_P2480	P	6	6	100.0%	core	P2C8	1413	1413	1413	1413.0	0.667	0.0
FAM_P2481	P	6	6	100.0%	core	P2BC	618	618	618	618.0	0.667	0.0
FAM_P2482	P	6	6	100.0%	core	P2AE	393	393	393	393.0	0.500	0.0
FAM_P2483	P	6	6	100.0%	core	P29I	249	249	249	249.0	0.667	0.0
SING_PJZG	P	1	1	16.7%	accessory	PJZG	294	294	294	294.0	1.000	0.0
FAM_P2484	P	3	3	50.0%	accessory	P22P	1167	1167	1263	1231.0	1.000	3072.0
FAM_P2485	P	6	6	100.0%	core	P20V	525	519	525	523.0	0.667	9.6
FAM_P2486	P	6	6	100.0%	core	P1Z1	2574	2574	2574	2574.0	0.667	0.0
FAM_P2487	P	6	6	100.0%	core	P1Y5	1557	1557	1557	1557.0	0.667	0.0
FAM_P2488	P	6	6	100.0%	core	P1WE	747	747	747	747.0	0.500	0.0
FAM_P2489	P	6	6	100.0%	core	P1VI	1044	999	1044	1036.5	0.667	337.5
FAM_P2490	P	6	6	100.0%	core	P1UD	1017	1017	1017	1017.0	0.667	0.0
FAM_P2491	P	6	6	100.0%	core	P1RJ	660	660	660	660.0	0.667	0.0
FAM_P2492	P	6	6	100.0%	core	P1QN	1803	1803	1803	1803.0	0.667	0.0
FAM_P2493	P	6	6	100.0%	core	P1PR	1983	1983	1983	1983.0	0.667	0.0
FAM_P2494	P	4	4	66.7%	accessory	P1OV	1185	1185	1185	1185.0	0.750	0.0
FAM_P2495	P	6	6	100.0%	core	P1NZ	648	648	648	648.0	0.833	0.0
FAM_P2496	P	6	6	100.0%	core	P1N3	1089	1089	1089	1089.0	0.667	0.0
FAM_P2497	P	2	2	33.3%	accessory	P5ZG	303	303	303	303.0	0.500	0.0
FAM_P2498	P	2	2	33.3%	accessory	P698	1302	1302	1302	1302.0	0.500	0.0
FAM_P2499	P	6	6	100.0%	core	P2GD	594	594	594	594.0	0.667	0.0
FAM_P2500	P	6	6	100.0%	core	P2NW	972	972	972	972.0	0.667	0.0
FAM_P2501	P	4	4	66.7%	accessory	P2PP	741	741	741	741.0	0.750	0.0
FAM_P2502	P	6	6	100.0%	core	P2QL	960	960	960	960.0	0.667	0.0
FAM_P2503	P	6	6	100.0%	core	P2RW	294	294	294	294.0	0.833	0.0
FAM_P2504	P	6	6	100.0%	core	P2TP	891	891	891	891.0	0.667	0.0
FAM_P2505	P	6	6	100.0%	core	P2ZG	2502	2502	2502	2502.0	0.833	0.0
FAM_P2506	P	6	6	100.0%	core	P30A	498	498	498	498.0	0.333	0.0
FAM_P2507	P	6	6	100.0%	core	P317	3684	3684	3684	3684.0	0.833	0.0
FAM_P2508	P	2	2	33.3%	accessory	P74C	1326	1326	1332	1329.0	1.000	18.0
FAM_P2509	P	3	3	50.0%	accessory	P764	360	360	504	408.0	0.667	6912.0
FAM_P2510	P	2	2	33.3%	accessory	P770	708	708	708	708.0	0.500	0.0
FAM_P2511	P	3	3	50.0%	accessory	P7FW	741	741	741	741.0	0.667	0.0
SING_P7JG	P	1	1	16.7%	accessory	P7JG	1221	1221	1221	1221.0	1.000	0.0
FAM_P2512	P	2	2	33.3%	accessory	P7M4	144	144	144	144.0	1.000	0.0
SING_P7NW	P	1	1	16.7%	accessory	P7NW	1065	1065	1065	1065.0	1.000	0.0
SING_P830	P	1	1	16.7%	accessory	P830	1230	1230	1230	1230.0	1.000	0.0
SING_P87G	P	1	1	16.7%	accessory	P87G	2646	2646	2646	2646.0	1.000	0.0
FAM_P2513	P	3	2	33.3%	accessory	P9WL	867	855	867	859.0	0.667	48.0
FAM_P2514	P	6	6	100.0%	core	P40D	1593	1593	1596	1593.5	0.667	1.5
FAM_P2515	P	6	6	100.0%	core	P3ZH	957	957	957	957.0	0.667	0.0
FAM_P2516	P	7	5	83.3%	accessory	P3UI	588	156	978	631.7	0.571	136028.6
FAM_P2517	P	6	6	100.0%	core	P3H3	2142	2142	2142	2142.0	0.833	0.0
FAM_P2518	P	6	6	100.0%	core	P39	309	309	309	309.0	0.667	0.0
FAM_P2519	P	6	6	100.0%	core	P2D	1317	1317	1317	1317.0	0.667	0.0
FAM_P2520	P	6	6	100.0%	core	P1G	2355	2355	2355	2355.0	0.667	0.0
SING_PM97	P	1	1	16.7%	accessory	PM97	3207	3207	3207	3207.0	1.000	0.0
FAM_P2521	P	6	6	100.0%	core	P30G	771	771	771	771.0	0.667	0.0
FAM_P2522	P	6	6	100.0%	core	P2ZK	879	879	879	879.0	0.667	0.0
SING_PMRV	P	1	1	16.7%	accessory	PMRV	333	333	333	333.0	1.000	0.0
FAM_P2523	P	3	3	50.0%	accessory	PB74	201	201	201	201.0	0.333	0.0
SING_PMUJ	P	1	1	16.7%	accessory	PMUJ	852	852	852	852.0	1.000	0.0
FAM_P2524	P	2	1	16.7%	accessory	PMSO	615	615	615	615.0	0.500	0.0
FAM_P2525	P	6	6	100.0%	core	P18	531	531	531	531.0	0.667	0.0
FAM_P2526	P	6	6	100.0%	core	P24	492	492	492	492.0	0.667	0.0
FAM_P2527	P	6	6	100.0%	core	P3FZ	456	456	456	456.0	0.500	0.0
FAM_P2528	P	6	6	100.0%	core	P3GU	2433	2433	2433	2433.0	0.667	0.0
FAM_P2529	P	6	6	100.0%	core	P3HQ	723	723	723	723.0	0.667	0.0
SING_P7G	P	1	1	16.7%	accessory	P7G	759	759	759	759.0	1.000	0.0
FAM_P2530	P	6	6	100.0%	core	P3O6	582	582	582	582.0	0.667	0.0
FAM_P2531	P	6	6	100.0%	core	P3WU	1569	1569	1569	1569.0	0.667	0.0
SING_P9JI	P	1	1	16.7%	accessory	P9JI	579	579	579	579.0	1.000	0.0
SING_P9KE	P	1	1	16.7%	accessory	P9KE	189	189	189	189.0	1.000	0.0
FAM_P2532	P	7	6	100.0%	core	P2DC	861	267	861	776.1	0.714	50405.1
FAM_P2533	P	12	6	100.0%	core	P49V	108	108	180	166.0	0.583	741.8
SING_P9VY	P	1	1	16.7%	accessory	P9VY	579	579	579	579.0	1.000	0.0
SING_P9WU	P	1	1	16.7%	accessory	P9WU	1029	1029	1029	1029.0	1.000	0.0
FAM_P2534	P	6	6	100.0%	core	P3GX	456	456	456	456.0	0.500	0.0
SING_PAI6	P	1	1	16.7%	accessory	PAI6	333	333	333	333.0	1.000	0.0
SING_PAJY	P	1	1	16.7%	accessory	PAJY	1935	1935	1935	1935.0	1.000	0.0
SING_PAKU	P	1	1	16.7%	accessory	PAKU	1764	1764	1764	1764.0	1.000	0.0
SING_PALQ	P	1	1	16.7%	accessory	PALQ	258	258	258	258.0	1.000	0.0
SING_PAMM	P	1	1	16.7%	accessory	PAMM	1473	1473	1473	1473.0	1.000	0.0
SING_PANI	P	1	1	16.7%	accessory	PANI	231	231	231	231.0	1.000	0.0
SING_PAUM	P	1	1	16.7%	accessory	PAUM	558	558	558	558.0	1.000	0.0
SING_PB5A	P	1	1	16.7%	accessory	PB5A	228	228	228	228.0	1.000	0.0
SING_PB66	P	1	1	16.7%	accessory	PB66	819	819	819	819.0	1.000	0.0
FAM_P2535	P	5	5	83.3%	accessory	P26Q	489	270	489	401.4	0.600	14388.3
FAM_P2536	P	3	3	50.0%	accessory	P22O	909	909	909	909.0	1.000	0.0
FAM_P2537	P	2	2	33.3%	accessory	P8D5	1836	924	1836	1380.0	1.000	415872.0
FAM_P2538	P	6	6	100.0%	core	P1X9	1851	1851	1851	1851.0	0.667	0.0
FAM_P2539	P	6	6	100.0%	core	P1WD	360	360	360	360.0	0.667	0.0
FAM_P2540	P	6	6	100.0%	core	P1VH	2004	2004	2004	2004.0	0.667	0.0
FAM_P2541	P	6	6	100.0%	core	P1UC	834	834	834	834.0	0.667	0.0
FAM_P2542	P	6	6	100.0%	core	P1RI	915	915	915	915.0	0.667	0.0
FAM_P2543	P	6	6	100.0%	core	P1QM	501	501	501	501.0	0.667	0.0
FAM_P2544	P	6	6	100.0%	core	P1PQ	969	969	969	969.0	0.667	0.0
FAM_P2545	P	6	6	100.0%	core	P1NX	2511	204	2592	2180.5	0.833	938622.3
FAM_P2546	P	6	6	100.0%	core	P1N2	858	858	858	858.0	0.500	0.0
FAM_P2547	P	6	6	100.0%	core	P1M6	732	648	732	704.0	0.667	1881.6
SING_PKOD	P	1	1	16.7%	accessory	PKOD	1461	1461	1461	1461.0	1.000	0.0
FAM_P2548	P	6	6	100.0%	core	P1F8	1773	1773	1773	1773.0	0.667	0.0
FAM_P2549	P	6	6	100.0%	core	P1DH	1116	1116	1116	1116.0	0.667	0.0
FAM_P2550	P	6	6	100.0%	core	P1CL	981	981	981	981.0	0.667	0.0
FAM_P2551	P	3	2	33.3%	accessory	P9WO	234	234	234	234.0	0.667	0.0
FAM_P2552	P	4	4	66.7%	accessory	PA07	375	375	1062	718.5	0.750	157323.0
FAM_P2553	P	6	6	100.0%	core	P3NC	624	624	624	624.0	0.500	0.0
FAM_P2554	P	6	6	100.0%	core	P3H1	3483	3483	3483	3483.0	0.833	0.0
FAM_P2555	P	6	6	100.0%	core	P3G6	891	891	891	891.0	0.667	0.0
FAM_P2556	P	6	6	100.0%	core	P37	795	795	795	795.0	0.667	0.0
FAM_P2557	P	6	6	100.0%	core	P2B	1359	1359	1359	1359.0	0.667	0.0
FAM_P2558	P	6	6	100.0%	core	P1E	990	990	990	990.0	0.833	0.0
SING_PM8D	P	1	1	16.7%	accessory	PM8D	1089	1089	1089	1089.0	1.000	0.0
SING_PM99	P	1	1	16.7%	accessory	PM99	2481	2481	2481	2481.0	1.000	0.0
FAM_P2559	P	6	6	100.0%	core	P227	543	543	543	543.0	0.667	0.0
FAM_P2560	P	6	6	100.0%	core	P235	1038	1038	1038	1038.0	0.667	0.0
FAM_P2561	P	6	6	100.0%	core	P26W	882	882	882	882.0	0.833	0.0
FAM_P2562	P	8	3	50.0%	accessory	P69G	345	312	345	321.0	0.375	221.1
FAM_P2563	P	6	6	100.0%	core	P2AD	483	483	483	483.0	0.667	0.0
FAM_P2564	P	6	6	100.0%	core	P2B9	1239	1239	1239	1239.0	0.667	0.0
FAM_P2565	P	6	6	100.0%	core	P2C5	1245	1245	1245	1245.0	0.667	0.0
FAM_P2566	P	6	6	100.0%	core	P2D0	891	891	891	891.0	0.667	0.0
FAM_P2567	P	6	6	100.0%	core	P2K3	678	678	678	678.0	0.667	0.0
FAM_P2568	P	6	6	100.0%	core	P2KZ	2706	2706	2706	2706.0	0.833	0.0
FAM_P2569	P	6	6	100.0%	core	P2LR	1743	1734	1746	1743.0	0.833	21.6
FAM_P2570	P	6	6	100.0%	core	P2NI	576	576	576	576.0	0.667	0.0
FAM_P2571	P	2	2	33.3%	accessory	P6SI	279	279	279	279.0	0.500	0.0
FAM_P2572	P	2	2	33.3%	accessory	P6TE	654	654	654	654.0	0.500	0.0
FAM_P2573	P	4	4	66.7%	accessory	P32M	1293	1293	1293	1293.0	0.750	0.0
FAM_P2574	P	6	6	100.0%	core	P35B	3324	3324	3324	3324.0	0.833	0.0
FAM_P2575	P	6	6	100.0%	core	P367	306	306	306	306.0	0.833	0.0
FAM_P2576	P	6	6	100.0%	core	P372	531	531	531	531.0	0.667	0.0
FAM_P2577	P	6	6	100.0%	core	P37Y	1083	1083	1083	1083.0	0.833	0.0
FAM_P2578	P	2	2	33.3%	accessory	P3FP	1110	1110	1110	1110.0	0.500	0.0
FAM_P2579	P	2	2	33.3%	accessory	P3K5	324	324	324	324.0	0.500	0.0
FAM_P2580	P	2	2	33.3%	accessory	P3YC	2103	2103	2103	2103.0	0.500	0.0
FAM_P2581	P	3	3	50.0%	accessory	P41W	291	291	1770	784.0	0.667	729147.0
FAM_P2582	P	2	2	33.3%	accessory	P45G	819	819	819	819.0	0.500	0.0
FAM_P2583	P	7	5	83.3%	accessory	P479	900	249	1257	852.9	0.714	192251.1
FAM_P2584	P	2	2	33.3%	accessory	P485	147	147	147	147.0	0.500	0.0
FAM_P2585	P	2	2	33.3%	accessory	P491	1008	1008	1008	1008.0	0.500	0.0
FAM_P2586	P	2	2	33.3%	accessory	P4AT	3813	3813	3813	3813.0	0.500	0.0
FAM_P2587	P	2	2	33.3%	accessory	P4BP	1620	1620	1620	1620.0	0.500	0.0
FAM_P2588	P	6	6	100.0%	core	P1T	1611	1611	1611	1611.0	0.667	0.0
FAM_P2589	P	6	6	100.0%	core	P2P	198	198	198	198.0	0.500	0.0
FAM_P2590	P	6	6	100.0%	core	P3FO	795	795	795	795.0	0.667	0.0
FAM_P2591	P	6	6	100.0%	core	P3HF	816	816	816	816.0	0.667	0.0
FAM_P2592	P	6	6	100.0%	core	P3KN	588	588	618	593.0	0.667	150.0
FAM_P2593	P	6	6	100.0%	core	P3M5	633	633	633	633.0	0.667	0.0
FAM_P2594	P	3	3	50.0%	accessory	PA7Q	183	120	183	161.0	1.000	1263.0
FAM_P2595	P	6	6	100.0%	core	P3OU	912	912	912	912.0	0.667	0.0
FAM_P2596	P	6	6	100.0%	core	P3PQ	471	471	471	471.0	0.667	0.0
FAM_P2597	P	6	6	100.0%	core	P3QW	678	678	678	678.0	0.833	0.0
FAM_P2598	P	6	6	100.0%	core	P3RR	723	723	723	723.0	0.667	0.0
FAM_P2599	P	23	6	100.0%	core	P118	300	234	468	440.5	0.565	4426.9
FAM_P2600	P	6	6	100.0%	core	P3SV	219	219	219	219.0	0.667	0.0
FAM_P2601	P	6	6	100.0%	core	P3TR	909	909	909	909.0	0.667	0.0
FAM_P2602	P	5	5	83.3%	accessory	P3UN	708	708	708	708.0	0.600	0.0
FAM_P2603	P	3	3	50.0%	accessory	PHTW	651	210	651	504.0	1.000	64827.0
FAM_P2604	P	6	6	100.0%	core	P3WA	405	405	405	405.0	0.667	0.0
FAM_P2605	P	6	6	100.0%	core	P3XF	1473	1473	1473	1473.0	0.667	0.0
FAM_P2606	P	6	6	100.0%	core	P3ZL	1107	1107	1107	1107.0	0.667	0.0
FAM_P2607	P	6	6	100.0%	core	P40I	900	900	900	900.0	0.667	0.0
FAM_P2608	P	6	6	100.0%	core	P41H	954	876	954	941.0	0.667	1014.0
FAM_P2609	P	6	6	100.0%	core	P42J	495	495	495	495.0	0.667	0.0
FAM_P2610	P	6	6	100.0%	core	P43D	786	786	786	786.0	0.667	0.0
FAM_P2611	P	6	6	100.0%	core	P44A	168	168	168	168.0	0.333	0.0
FAM_P2612	P	4	4	66.7%	accessory	P46W	747	747	747	747.0	0.500	0.0
FAM_P2613	P	6	6	100.0%	core	P4EC	375	375	375	375.0	0.667	0.0
FAM_P2614	P	6	6	100.0%	core	P4F8	3186	3186	3186	3186.0	0.833	0.0
FAM_P2615	P	6	6	100.0%	core	P4G4	702	702	702	702.0	0.667	0.0
FAM_P2616	P	6	6	100.0%	core	P4KV	420	420	420	420.0	0.667	0.0
FAM_P2617	P	6	6	100.0%	core	P4LX	810	810	810	810.0	0.667	0.0
FAM_P2618	P	6	6	100.0%	core	P4PG	129	129	129	129.0	0.500	0.0
FAM_P2619	P	6	6	100.0%	core	P4QG	225	225	225	225.0	0.500	0.0
FAM_P2620	P	7	5	83.3%	accessory	P10H	1527	693	1527	1080.4	0.714	176335.3
FAM_P2621	P	14	2	33.3%	accessory	P10C	981	900	981	975.2	0.357	468.6
FAM_P2622	P	6	6	100.0%	core	P141	681	681	681	681.0	0.833	0.0
FAM_P2623	P	6	6	100.0%	core	P14X	1686	1659	1686	1668.0	0.667	194.4
FAM_P2624	P	6	6	100.0%	core	P15T	666	666	666	666.0	0.667	0.0
FAM_P2625	P	6	6	100.0%	core	P17L	696	696	696	696.0	0.667	0.0
FAM_P2626	P	6	6	100.0%	core	P19D	816	816	828	818.0	0.667	24.0
FAM_P2627	P	6	6	100.0%	core	P1A9	1113	1113	1113	1113.0	0.667	0.0
FAM_P2628	P	6	6	100.0%	core	P1C1	678	678	678	678.0	0.667	0.0
FAM_P2629	P	6	6	100.0%	core	P1CX	1935	1935	1935	1935.0	0.667	0.0
FAM_P2630	P	6	6	100.0%	core	P1DT	1557	1557	1557	1557.0	0.667	0.0
FAM_P2631	P	6	6	100.0%	core	P1EP	291	291	291	291.0	0.333	0.0
FAM_P2632	P	7	6	100.0%	core	P1FL	2079	564	2079	1782.4	0.714	332377.3
FAM_P2633	P	6	6	100.0%	core	P1GH	225	225	225	225.0	0.333	0.0
FAM_P2634	P	6	6	100.0%	core	P1HD	270	270	270	270.0	0.667	0.0
FAM_P2635	P	6	6	100.0%	core	P1MP	1239	1239	1239	1239.0	0.667	0.0
FAM_P2636	P	6	6	100.0%	core	P1NL	1815	1815	1815	1815.0	0.667	0.0
FAM_P2637	P	6	6	100.0%	core	P1OH	1647	1647	1647	1647.0	0.667	0.0
FAM_P2638	P	6	6	100.0%	core	P1PD	1260	1260	1260	1260.0	0.667	0.0
FAM_P2639	P	6	6	100.0%	core	P1Q9	504	504	504	504.0	0.667	0.0
FAM_P2640	P	6	6	100.0%	core	P1R5	363	363	363	363.0	0.500	0.0
FAM_P2641	P	6	6	100.0%	core	P1SX	1164	1164	1164	1164.0	0.667	0.0
FAM_P2642	P	4	4	66.7%	accessory	P1TT	1257	1257	1257	1257.0	1.000	0.0
FAM_P2643	P	6	6	100.0%	core	P1UP	1053	1053	1053	1053.0	0.667	0.0
FAM_P2644	P	6	6	100.0%	core	P1VL	1701	1701	1701	1701.0	0.667	0.0
FAM_P2645	P	6	6	100.0%	core	P1WH	1038	1038	1038	1038.0	0.667	0.0
FAM_P2646	P	6	6	100.0%	core	P1XD	1215	1215	1215	1215.0	0.667	0.0
FAM_P2647	P	6	6	100.0%	core	P1Y9	261	261	261	261.0	0.667	0.0
FAM_P2648	P	6	6	100.0%	core	P1Z5	342	342	342	342.0	0.167	0.0
FAM_P2649	P	6	6	100.0%	core	P20X	450	450	450	450.0	0.667	0.0
FAM_P2650	P	6	6	100.0%	core	P21T	360	360	360	360.0	0.667	0.0
FAM_P2651	P	8	6	100.0%	core	P23L	861	276	861	642.0	0.625	67160.6
FAM_P2652	P	6	6	100.0%	core	P25D	1194	1194	1194	1194.0	0.667	0.0
FAM_P2653	P	6	6	100.0%	core	P269	480	480	480	480.0	0.667	0.0
FAM_P2654	P	6	6	100.0%	core	P275	312	312	312	312.0	0.667	0.0
FAM_P2655	P	6	6	100.0%	core	P281	444	444	444	444.0	0.500	0.0
FAM_P2656	P	4	4	66.7%	accessory	P28X	843	843	1179	1095.0	1.000	28224.0
FAM_P2657	P	6	6	100.0%	core	P2AP	672	672	672	672.0	0.667	0.0
FAM_P2658	P	6	6	100.0%	core	P2BL	507	507	507	507.0	0.667	0.0
FAM_P2659	P	6	6	100.0%	core	P2DD	477	477	477	477.0	0.667	0.0
FAM_P2660	P	6	6	100.0%	core	P2E9	453	423	453	443.0	0.833	240.0
FAM_P2661	P	6	6	100.0%	core	P2F5	492	492	492	492.0	0.667	0.0
FAM_P2662	P	6	6	100.0%	core	P2G1	1068	1068	1068	1068.0	0.667	0.0
FAM_P2663	P	7	6	100.0%	core	P2GX	237	237	1026	879.9	0.857	87962.1
FAM_P2664	P	6	6	100.0%	core	P2HT	354	354	354	354.0	0.333	0.0
FAM_P2665	P	6	6	100.0%	core	P2JL	807	807	807	807.0	0.667	0.0
FAM_P2666	P	6	6	100.0%	core	P2KH	402	402	402	402.0	0.667	0.0
FAM_P2667	P	6	6	100.0%	core	P2LD	1104	1104	1104	1104.0	0.667	0.0
FAM_P2668	P	6	6	100.0%	core	P2M9	597	597	597	597.0	0.667	0.0
FAM_P2669	P	6	6	100.0%	core	P2N5	1470	1470	1470	1470.0	0.667	0.0
FAM_P2670	P	6	6	100.0%	core	P2O1	930	930	930	930.0	0.667	0.0
FAM_P2671	P	5	3	50.0%	accessory	P2OX	522	522	522	522.0	0.600	0.0
FAM_P2672	P	6	6	100.0%	core	P2TD	1338	1338	1338	1338.0	0.667	0.0
FAM_P2673	P	6	6	100.0%	core	P2W1	1836	1836	1836	1836.0	0.667	0.0
FAM_P2674	P	6	6	100.0%	core	P2WX	627	627	627	627.0	0.667	0.0
FAM_P2675	P	4	4	66.7%	accessory	P2XT	243	243	243	243.0	0.500	0.0
FAM_P2676	P	6	6	100.0%	core	P30H	201	201	201	201.0	0.667	0.0
FAM_P2677	P	6	6	100.0%	core	P31D	1650	1650	1650	1650.0	0.833	0.0
FAM_P2678	P	6	6	100.0%	core	P329	1194	1194	1194	1194.0	0.667	0.0
FAM_P2679	P	6	6	100.0%	core	P335	1986	1986	1986	1986.0	0.667	0.0
FAM_P2680	P	6	6	100.0%	core	P341	1338	1338	1338	1338.0	0.667	0.0
FAM_P2681	P	6	6	100.0%	core	P34X	567	567	567	567.0	0.833	0.0
FAM_P2682	P	6	6	100.0%	core	P35T	732	732	732	732.0	0.667	0.0
FAM_P2683	P	6	6	100.0%	core	P36P	381	381	381	381.0	0.667	0.0
FAM_P2684	P	6	6	100.0%	core	P3B5	678	678	678	678.0	0.667	0.0
FAM_P2685	P	6	6	100.0%	core	P2	2463	2463	2463	2463.0	0.833	0.0
FAM_P2686	P	3	3	50.0%	accessory	P3CX	219	219	219	219.0	0.333	0.0
FAM_P2687	P	6	6	100.0%	core	P1Q	879	846	879	869.0	0.833	243.6
FAM_P2688	P	6	6	100.0%	core	P2M	588	588	588	588.0	0.667	0.0
FAM_P2689	P	6	6	100.0%	core	P3FL	381	381	381	381.0	0.500	0.0
FAM_P2690	P	6	6	100.0%	core	P3GH	387	387	387	387.0	0.500	0.0
FAM_P2691	P	6	6	100.0%	core	P3HD	708	708	708	708.0	0.667	0.0
FAM_P2692	P	3	3	50.0%	accessory	P3I9	1083	1083	1083	1083.0	0.667	0.0
FAM_P2693	P	6	6	100.0%	core	P3J5	1458	1458	1458	1458.0	0.667	0.0
FAM_P2694	P	6	6	100.0%	core	P3LT	1419	1419	1419	1419.0	0.667	0.0
FAM_P2695	P	5	5	83.3%	accessory	P3MP	1665	1665	1665	1665.0	0.600	0.0
FAM_P2696	P	6	6	100.0%	core	P3NL	321	321	321	321.0	0.667	0.0
FAM_P2697	P	6	6	100.0%	core	P3OH	450	450	450	450.0	0.667	0.0
FAM_P2698	P	6	6	100.0%	core	P3PD	696	696	696	696.0	0.667	0.0
FAM_P2699	P	6	6	100.0%	core	P3Q9	1305	1305	1305	1305.0	0.667	0.0
FAM_P2700	P	4	4	66.7%	accessory	P3R5	372	372	372	372.0	0.500	0.0
FAM_P2701	P	5	5	83.3%	accessory	P3S1	516	516	516	516.0	0.600	0.0
FAM_P2702	P	6	6	100.0%	core	P3SX	1134	1134	1134	1134.0	0.667	0.0
FAM_P2703	P	6	6	100.0%	core	P3TT	1059	1059	1059	1059.0	0.667	0.0
FAM_P2704	P	6	6	100.0%	core	P3VL	678	678	678	678.0	0.667	0.0
FAM_P2705	P	6	6	100.0%	core	P3WH	870	870	870	870.0	0.667	0.0
FAM_P2706	P	6	6	100.0%	core	P3XD	1047	1047	1047	1047.0	0.667	0.0
FAM_P2707	P	3	3	50.0%	accessory	P3Y9	468	468	468	468.0	0.667	0.0
FAM_P2708	P	6	6	100.0%	core	P3Z5	1155	1155	1155	1155.0	0.833	0.0
FAM_P2709	P	6	6	100.0%	core	P401	2226	2226	2226	2226.0	0.667	0.0
FAM_P2710	P	6	6	100.0%	core	P40X	384	384	384	384.0	0.333	0.0
FAM_P2711	P	6	6	100.0%	core	P41T	729	729	729	729.0	0.667	0.0
FAM_P2712	P	12	6	100.0%	core	P17H	618	618	618	618.0	0.667	0.0
FAM_P2713	P	6	6	100.0%	core	P44H	2163	2154	2163	2161.5	0.667	13.5
FAM_P2714	P	17	2	33.3%	accessory	P469	699	435	699	652.8	0.471	10599.8
FAM_P2715	P	6	6	100.0%	core	P475	2547	2547	2547	2547.0	0.667	0.0
FAM_P2716	P	4	4	66.7%	accessory	P4CH	582	582	582	582.0	0.500	0.0
FAM_P2717	P	6	6	100.0%	core	P4E9	1503	1503	1503	1503.0	0.667	0.0
FAM_P2718	P	6	6	100.0%	core	P4F5	942	942	942	942.0	0.667	0.0
FAM_P2719	P	6	6	100.0%	core	P4G1	3495	3495	3495	3495.0	0.667	0.0
FAM_P2720	P	5	3	50.0%	accessory	P4JL	207	207	207	207.0	0.400	0.0
FAM_P2721	P	4	4	66.7%	accessory	P4LD	759	759	759	759.0	0.750	0.0
FAM_P2722	P	6	6	100.0%	core	P4M9	1392	1392	1392	1392.0	0.667	0.0
FAM_P2723	P	13	5	83.3%	accessory	P175	921	345	2472	2025.5	0.692	738475.3
FAM_P2724	P	9	2	33.3%	accessory	P4HC	564	564	564	564.0	0.222	0.0
FAM_P2725	P	6	6	100.0%	core	P4PT	1935	1935	1935	1935.0	0.667	0.0
FAM_P2726	P	6	6	100.0%	core	P4QP	843	843	843	843.0	0.667	0.0
FAM_P2727	P	5	5	83.3%	accessory	P10K	909	909	909	909.0	0.800	0.0
FAM_P2728	P	3	3	50.0%	accessory	P4SH	291	291	291	291.0	0.667	0.0
FAM_P2729	P	6	6	100.0%	core	P12N	1440	1440	1440	1440.0	0.667	0.0
FAM_P2730	P	5	5	83.3%	accessory	P13N	666	666	666	666.0	0.800	0.0
FAM_P2731	P	6	6	100.0%	core	P14E	285	285	285	285.0	0.667	0.0
FAM_P2732	P	5	5	83.3%	accessory	P161	393	393	393	393.0	0.600	0.0
FAM_P2733	P	5	3	50.0%	accessory	P4JM	1602	1602	1602	1602.0	0.600	0.0
FAM_P2734	P	10	2	33.3%	accessory	P4HK	345	96	345	310.5	0.600	6590.5
FAM_P2735	P	6	6	100.0%	core	P17T	1035	1035	1035	1035.0	0.667	0.0
FAM_P2736	P	6	6	100.0%	core	P18N	1059	1059	1059	1059.0	0.667	0.0
FAM_P2737	P	6	6	100.0%	core	P19J	1212	1212	1212	1212.0	0.833	0.0
FAM_P2738	P	6	6	100.0%	core	P1AF	1596	1596	1596	1596.0	0.667	0.0
FAM_P2739	P	6	6	100.0%	core	P1BC	537	537	537	537.0	0.667	0.0
FAM_P2740	P	6	6	100.0%	core	P1C8	621	621	621	621.0	0.667	0.0
FAM_P2741	P	6	6	100.0%	core	P1D0	1491	1491	1491	1491.0	0.833	0.0
FAM_P2742	P	6	6	100.0%	core	P1DW	852	852	852	852.0	0.667	0.0
FAM_P2743	P	6	6	100.0%	core	P1EQ	1179	1179	1179	1179.0	0.667	0.0
FAM_P2744	P	6	6	100.0%	core	P1FM	1149	1149	1149	1149.0	0.667	0.0
FAM_P2745	P	6	6	100.0%	core	P1GK	669	669	669	669.0	0.833	0.0
FAM_P2746	P	6	6	100.0%	core	P1HF	624	624	624	624.0	0.667	0.0
FAM_P2747	P	8	2	33.3%	accessory	P468	330	330	330	330.0	0.375	0.0
FAM_P2748	P	24	5	83.3%	accessory	P3KU	1539	378	1539	1386.4	0.292	102705.1
FAM_P2749	P	6	6	100.0%	core	P1J9	738	738	738	738.0	0.833	0.0
FAM_P2750	P	6	6	100.0%	core	P1K5	747	747	747	747.0	0.833	0.0
FAM_P2751	P	5	5	83.3%	accessory	P1L4	1041	1041	1041	1041.0	0.800	0.0
FAM_P2752	P	44	5	83.3%	accessory	P45L	327	327	327	327.0	0.182	0.0
FAM_P2753	P	6	6	100.0%	core	P1MF	588	588	588	588.0	0.833	0.0
FAM_P2754	P	6	6	100.0%	core	P1N5	942	942	942	942.0	0.667	0.0
FAM_P2755	P	6	6	100.0%	core	P1O2	1944	1944	1944	1944.0	0.667	0.0
FAM_P2756	P	6	6	100.0%	core	P1P4	3705	3705	3765	3740.0	0.833	754.8
FAM_P2757	P	6	6	100.0%	core	P1PV	387	387	387	387.0	0.667	0.0
FAM_P2758	P	6	6	100.0%	core	P1QW	495	495	495	495.0	0.667	0.0
FAM_P2759	P	6	6	100.0%	core	P1RS	549	549	549	549.0	0.667	0.0
FAM_P2760	P	6	6	100.0%	core	P1TP	360	360	360	360.0	0.667	0.0
FAM_P2761	P	6	6	100.0%	core	P1UM	426	426	426	426.0	0.667	0.0
FAM_P2762	P	6	6	100.0%	core	P1WN	174	174	174	174.0	0.333	0.0
FAM_P2763	P	6	6	100.0%	core	P1YA	381	381	381	381.0	0.667	0.0
FAM_P2764	P	6	6	100.0%	core	P1Z7	1122	1122	1122	1122.0	0.667	0.0
FAM_P2765	P	14	2	33.3%	accessory	P4H3	345	345	345	345.0	0.357	0.0
FAM_P2766	P	6	6	100.0%	core	P20U	300	300	300	300.0	0.667	0.0
FAM_P2767	P	5	5	83.3%	accessory	P22K	135	135	234	154.8	0.400	1960.2
FAM_P2768	P	6	6	100.0%	core	P23H	366	366	366	366.0	0.667	0.0
FAM_P2769	P	6	6	100.0%	core	P248	330	330	330	330.0	0.833	0.0
FAM_P2770	P	6	6	100.0%	core	P254	795	795	795	795.0	0.667	0.0
FAM_P2771	P	5	5	83.3%	accessory	P26D	1212	1212	1212	1212.0	0.800	0.0
FAM_P2772	P	6	6	100.0%	core	P27A	1095	1095	1095	1095.0	0.667	0.0
FAM_P2773	P	3	3	50.0%	accessory	P68X	1266	1266	1266	1266.0	0.667	0.0
FAM_P2774	P	6	6	100.0%	core	P2AK	582	582	582	582.0	0.667	0.0
FAM_P2775	P	6	6	100.0%	core	P2BM	765	765	765	765.0	0.833	0.0
FAM_P2776	P	6	6	100.0%	core	P2CI	987	987	987	987.0	0.667	0.0
FAM_P2777	P	6	6	100.0%	core	P2DB	1155	1155	1155	1155.0	0.667	0.0
FAM_P2778	P	6	6	100.0%	core	P2E3	2136	2136	2136	2136.0	0.667	0.0
FAM_P2779	P	6	6	100.0%	core	P2EZ	567	567	567	567.0	0.667	0.0
FAM_P2780	P	6	6	100.0%	core	P2G2	939	939	939	939.0	0.667	0.0
FAM_P2781	P	6	6	100.0%	core	P2HU	534	534	534	534.0	0.333	0.0
FAM_P2782	P	6	6	100.0%	core	P2K7	522	522	678	574.0	0.500	6489.6
FAM_P2783	P	6	6	100.0%	core	P2L1	1227	1227	1227	1227.0	0.667	0.0
FAM_P2784	P	6	6	100.0%	core	P2LV	846	846	846	846.0	0.833	0.0
FAM_P2785	P	5	5	83.3%	accessory	P2MX	1623	1623	1623	1623.0	0.800	0.0
FAM_P2786	P	5	5	83.3%	accessory	P2NM	528	528	528	528.0	0.600	0.0
FAM_P2787	P	6	6	100.0%	core	P2OF	1272	1272	1272	1272.0	0.667	0.0
FAM_P2788	P	6	6	100.0%	core	P2P7	993	993	993	993.0	0.667	0.0
FAM_P2789	P	6	6	100.0%	core	P2QA	1656	1656	1656	1656.0	0.667	0.0
FAM_P2790	P	6	6	100.0%	core	P2R9	669	669	669	669.0	0.833	0.0
FAM_P2791	P	6	6	100.0%	core	P2SA	363	363	363	363.0	0.667	0.0
FAM_P2792	P	6	6	100.0%	core	P2TB	750	750	750	750.0	0.667	0.0
FAM_P2793	P	6	6	100.0%	core	P2U5	444	444	444	444.0	0.667	0.0
FAM_P2794	P	6	6	100.0%	core	P2V1	1260	1260	1260	1260.0	0.667	0.0
FAM_P2795	P	6	6	100.0%	core	P2WR	546	546	546	546.0	0.667	0.0
FAM_P2796	P	5	5	83.3%	accessory	P2XM	786	786	786	786.0	0.800	0.0
FAM_P2797	P	6	6	100.0%	core	P2YF	675	675	675	675.0	0.667	0.0
FAM_P2798	P	5	3	50.0%	accessory	P71D	273	273	273	273.0	0.800	0.0
FAM_P2799	P	6	6	100.0%	core	P2ZY	1845	1845	1845	1845.0	0.667	0.0
FAM_P2800	P	7	6	100.0%	core	P30U	1326	582	1326	1130.1	0.714	113024.1
SING_P741	P	1	1	16.7%	accessory	P741	297	297	297	297.0	1.000	0.0
FAM_P2801	P	6	6	100.0%	core	P31Y	609	609	609	609.0	0.667	0.0
FAM_P2802	P	6	6	100.0%	core	P32V	384	384	384	384.0	0.667	0.0
FAM_P2803	P	6	6	100.0%	core	P33Q	1017	1017	1017	1017.0	0.667	0.0
FAM_P2804	P	6	6	100.0%	core	P34M	1698	1698	1698	1698.0	0.667	0.0
FAM_P2805	P	6	6	100.0%	core	P35K	951	951	951	951.0	0.667	0.0
FAM_P2806	P	6	6	100.0%	core	P36G	450	450	450	450.0	0.667	0.0
FAM_P2807	P	6	6	100.0%	core	P37B	303	303	387	373.0	0.833	1176.0
FAM_P2808	P	4	4	66.7%	accessory	P39R	195	195	195	195.0	0.500	0.0
FAM_P2809	P	6	6	100.0%	core	P3AM	204	204	204	204.0	0.333	0.0
FAM_P2810	P	6	6	100.0%	core	P3BG	720	720	720	720.0	0.833	0.0
FAM_P2811	P	4	4	66.7%	accessory	P7GH	192	192	192	192.0	0.500	0.0
FAM_P2812	P	6	6	100.0%	core	P2RP	1392	1392	1392	1392.0	0.667	0.0
SING_P7K1	P	1	1	16.7%	accessory	P7K1	1254	1254	1254	1254.0	1.000	0.0
FAM_P2813	P	6	6	100.0%	core	P28I	291	291	291	291.0	0.500	0.0
FAM_P2814	P	6	6	100.0%	core	P26T	126	126	126	126.0	0.667	0.0
SING_P875	P	1	1	16.7%	accessory	P875	444	444	444	444.0	1.000	0.0
SING_P89T	P	1	1	16.7%	accessory	P89T	225	225	225	225.0	1.000	0.0
FAM_P2815	P	6	6	100.0%	core	P20Y	345	345	345	345.0	0.500	0.0
SING_P8CH	P	1	1	16.7%	accessory	P8CH	798	798	798	798.0	1.000	0.0
SING_P8LD	P	1	1	16.7%	accessory	P8LD	420	420	420	420.0	1.000	0.0
FAM_P2816	P	6	6	100.0%	core	P1B7	108	108	108	108.0	0.167	0.0
SING_P9C1	P	1	1	16.7%	accessory	P9C1	7875	7875	7875	7875.0	1.000	0.0
FAM_P2817	P	6	6	100.0%	core	P4PV	789	789	789	789.0	0.833	0.0
SING_P9FL	P	1	1	16.7%	accessory	P9FL	273	273	273	273.0	1.000	0.0
SING_P9J5	P	1	1	16.7%	accessory	P9J5	156	156	156	156.0	1.000	0.0
SING_P9K1	P	1	1	16.7%	accessory	P9K1	822	822	822	822.0	1.000	0.0
FAM_P2818	P	6	6	100.0%	core	P4FG	735	735	735	735.0	0.500	0.0
FAM_P2819	P	6	6	100.0%	core	P4EK	255	255	255	255.0	0.333	0.0
FAM_P2820	P	4	4	66.7%	accessory	P4DO	114	114	645	379.5	0.750	93987.0
SING_P9Q9	P	1	1	16.7%	accessory	P9Q9	696	696	696	696.0	1.000	0.0
SING_P9WH	P	1	1	16.7%	accessory	P9WH	912	912	912	912.0	1.000	0.0
SING_PABL	P	1	1	16.7%	accessory	PABL	426	426	426	426.0	1.000	0.0
FAM_P2821	P	6	6	100.0%	core	P3HA	711	711	711	711.0	0.667	0.0
SING_PAG1	P	1	1	16.7%	accessory	PAG1	423	423	423	423.0	1.000	0.0
SING_PAM9	P	1	1	16.7%	accessory	PAM9	6804	6804	6804	6804.0	1.000	0.0
SING_PAN5	P	1	1	16.7%	accessory	PAN5	642	642	642	642.0	1.000	0.0
SING_PB1D	P	1	1	16.7%	accessory	PB1D	1509	1509	1509	1509.0	1.000	0.0
SING_PB6P	P	1	1	16.7%	accessory	PB6P	708	708	708	708.0	1.000	0.0
FAM_P2822	P	6	6	100.0%	core	P15P	1389	1389	1389	1389.0	0.667	0.0
FAM_P2823	P	12	6	100.0%	core	P14U	1401	1401	1401	1401.0	0.833	0.0
FAM_P2824	P	6	6	100.0%	core	P140	894	894	894	894.0	0.833	0.0
FAM_P2825	P	6	6	100.0%	core	P138	1962	1962	2004	1983.0	0.667	529.2
FAM_P2826	P	6	6	100.0%	core	P17X	1383	1383	1383	1383.0	0.667	0.0
FAM_P2827	P	5	5	83.3%	accessory	P18R	201	201	201	201.0	0.600	0.0
FAM_P2828	P	6	6	100.0%	core	P19N	1257	1257	1257	1257.0	0.667	0.0
FAM_P2829	P	6	6	100.0%	core	P1AJ	765	765	765	765.0	0.833	0.0
FAM_P2830	P	4	4	66.7%	accessory	P1CC	1041	1041	1041	1041.0	0.500	0.0
FAM_P2831	P	6	6	100.0%	core	P1D4	1182	1182	1182	1182.0	0.833	0.0
FAM_P2832	P	6	6	100.0%	core	P1DZ	810	810	810	810.0	0.667	0.0
FAM_P2833	P	6	6	100.0%	core	P1ET	1476	1476	1476	1476.0	0.667	0.0
FAM_P2834	P	6	6	100.0%	core	P1FP	1050	1050	1050	1050.0	0.667	0.0
FAM_P2835	P	6	6	100.0%	core	P1GN	552	552	552	552.0	0.833	0.0
FAM_P2836	P	6	6	100.0%	core	P1HJ	1695	1695	1695	1695.0	0.833	0.0
FAM_P2837	P	5	3	50.0%	accessory	P465	432	432	432	432.0	0.400	0.0
FAM_P2838	P	6	6	100.0%	core	P1JC	981	978	981	978.5	0.833	1.5
FAM_P2839	P	6	6	100.0%	core	P1K8	489	489	489	489.0	0.833	0.0
FAM_P2840	P	5	5	83.3%	accessory	P1L8	453	453	453	453.0	0.800	0.0
FAM_P2841	P	17	2	33.3%	accessory	P48U	147	132	147	145.2	0.176	24.8
FAM_P2842	P	7	5	83.3%	accessory	P47U	297	297	297	297.0	0.714	0.0
FAM_P2843	P	6	6	100.0%	core	P1ND	1182	1182	1182	1182.0	0.833	0.0
FAM_P2844	P	6	6	100.0%	core	P1OA	864	864	864	864.0	0.833	0.0
FAM_P2845	P	6	6	100.0%	core	P1Q2	1296	1296	1296	1296.0	0.667	0.0
FAM_P2846	P	6	6	100.0%	core	P1R3	645	645	645	645.0	0.667	0.0
FAM_P2847	P	6	6	100.0%	core	P1SZ	3594	3594	3594	3594.0	0.667	0.0
FAM_P2848	P	6	6	100.0%	core	P1UT	1362	1362	1362	1362.0	0.667	0.0
FAM_P2849	P	6	6	100.0%	core	P1VY	471	471	471	471.0	0.500	0.0
FAM_P2850	P	6	6	100.0%	core	P1WU	1473	1473	1473	1473.0	0.667	0.0
FAM_P2851	P	5	5	83.3%	accessory	P1XM	519	519	519	519.0	0.600	0.0
FAM_P2852	P	6	6	100.0%	core	P1YH	480	480	480	480.0	0.667	0.0
FAM_P2853	P	6	6	100.0%	core	P1ZE	768	768	768	768.0	0.667	0.0
FAM_P2854	P	4	4	66.7%	accessory	P608	432	432	432	432.0	0.500	0.0
FAM_P2855	P	6	6	100.0%	core	P21V	966	966	966	966.0	0.667	0.0
FAM_P2856	P	6	6	100.0%	core	P22T	993	993	993	993.0	0.833	0.0
FAM_P2857	P	6	6	100.0%	core	P24F	1149	1149	1149	1149.0	0.667	0.0
FAM_P2858	P	6	6	100.0%	core	P25B	219	219	219	219.0	0.500	0.0
FAM_P2859	P	3	3	50.0%	accessory	P65K	501	501	501	501.0	0.667	0.0
FAM_P2860	P	5	5	83.3%	accessory	P26K	1329	1329	1329	1329.0	0.600	0.0
FAM_P2861	P	6	6	100.0%	core	P27H	1233	1233	1233	1233.0	0.667	0.0
FAM_P2862	P	6	6	100.0%	core	P287	1155	1155	1155	1155.0	0.667	0.0
FAM_P2863	P	6	6	100.0%	core	P2A0	660	660	660	660.0	0.667	0.0
FAM_P2864	P	6	6	100.0%	core	P2AR	816	816	816	816.0	0.667	0.0
FAM_P2865	P	6	6	100.0%	core	P2BT	450	450	450	450.0	0.667	0.0
FAM_P2866	P	6	6	100.0%	core	P2CP	1332	1332	1332	1332.0	0.667	0.0
SING_PCTD	P	1	1	16.7%	accessory	PCTD	312	312	312	312.0	1.000	0.0
FAM_P2867	P	6	6	100.0%	core	P2DN	396	396	396	396.0	0.667	0.0
FAM_P2868	P	6	6	100.0%	core	P2EJ	1434	1434	1434	1434.0	0.833	0.0
FAM_P2869	P	6	6	100.0%	core	P2GI	975	975	975	975.0	0.833	0.0
FAM_P2870	P	6	6	100.0%	core	P2HE	1377	1377	1377	1377.0	0.667	0.0
FAM_P2871	P	6	6	100.0%	core	P2IA	312	312	312	312.0	0.333	0.0
FAM_P2872	P	6	6	100.0%	core	P2JK	327	327	327	327.0	0.500	0.0
FAM_P2873	P	6	6	100.0%	core	P2KN	477	477	477	477.0	0.667	0.0
FAM_P2874	P	3	3	50.0%	accessory	P6KX	1296	1203	1296	1265.0	0.667	2883.0
FAM_P2875	P	6	6	100.0%	core	P2M8	1494	1488	1497	1494.5	0.667	12.3
FAM_P2876	P	6	6	100.0%	core	P2MM	834	834	834	834.0	0.833	0.0
FAM_P2877	P	6	6	100.0%	core	P2ND	426	426	426	426.0	0.833	0.0
FAM_P2878	P	6	6	100.0%	core	P2OU	291	291	291	291.0	0.500	0.0
FAM_P2879	P	14	5	83.3%	accessory	P2MQ	4236	696	4236	3718.7	0.857	1513831.5
FAM_P2880	P	6	6	100.0%	core	P2S3	1503	1503	1503	1503.0	0.833	0.0
FAM_P2881	P	6	6	100.0%	core	P2T2	1404	1404	1404	1404.0	0.667	0.0
FAM_P2882	P	6	6	100.0%	core	P2TU	420	420	420	420.0	0.500	0.0
FAM_P2883	P	6	6	100.0%	core	P2UQ	930	930	930	930.0	0.667	0.0
FAM_P2884	P	6	6	100.0%	core	P2VM	2547	2547	2547	2547.0	0.833	0.0
FAM_P2885	P	6	6	100.0%	core	P2WG	516	516	516	516.0	0.667	0.0
FAM_P2886	P	5	5	83.3%	accessory	P2XC	1266	1266	1266	1266.0	0.600	0.0
FAM_P2887	P	4	4	66.7%	accessory	P706	1395	1395	1395	1395.0	0.750	0.0
FAM_P2888	P	6	6	100.0%	core	P2YY	486	486	486	486.0	0.667	0.0
FAM_P2889	P	6	6	100.0%	core	P2ZP	1152	1152	1152	1152.0	0.833	0.0
FAM_P2890	P	6	6	100.0%	core	P30K	1896	1896	1896	1896.0	0.833	0.0
FAM_P2891	P	6	6	100.0%	core	P31A	873	873	873	873.0	0.667	0.0
FAM_P2892	P	6	6	100.0%	core	P35V	699	699	699	699.0	0.833	0.0
FAM_P2893	P	6	6	100.0%	core	P36Q	1944	1944	1944	1944.0	0.667	0.0
FAM_P2894	P	5	5	83.3%	accessory	P37M	714	714	714	714.0	0.600	0.0
FAM_P2895	P	3	3	50.0%	accessory	P7CC	6315	6315	6315	6315.0	0.667	0.0
FAM_P2896	P	6	6	100.0%	core	P3A1	1179	1179	1179	1179.0	0.833	0.0
FAM_P2897	P	6	6	100.0%	core	P3AW	474	474	474	474.0	0.833	0.0
FAM_P2898	P	6	6	100.0%	core	P3BS	648	648	648	648.0	0.833	0.0
FAM_P2899	P	6	6	100.0%	core	P3CP	2817	2817	2817	2817.0	0.833	0.0
FAM_P2900	P	6	6	100.0%	core	P1H	816	816	882	827.0	0.667	726.0
FAM_P2901	P	6	6	100.0%	core	P2E	1245	1245	1245	1245.0	0.667	0.0
FAM_P2902	P	6	6	100.0%	core	P3A	1551	1551	1551	1551.0	0.667	0.0
FAM_P2903	P	6	6	100.0%	core	P3G9	1422	1422	1422	1422.0	0.667	0.0
FAM_P2904	P	5	5	83.3%	accessory	P3MH	1182	1182	1182	1182.0	0.600	0.0
FAM_P2905	P	6	6	100.0%	core	P3ND	1158	1158	1158	1158.0	0.667	0.0
FAM_P2906	P	6	6	100.0%	core	P3O9	333	333	333	333.0	0.333	0.0
FAM_P2907	P	6	6	100.0%	core	P3P5	1299	1290	1299	1297.5	0.667	13.5
FAM_P2908	P	6	6	100.0%	core	P3Q1	552	552	552	552.0	0.667	0.0
FAM_P2909	P	6	6	100.0%	core	P3QX	780	780	780	780.0	0.667	0.0
FAM_P2910	P	6	6	100.0%	core	P3RT	1386	1386	1386	1386.0	0.833	0.0
FAM_P2911	P	4	4	66.7%	accessory	P3TK	90	90	90	90.0	0.250	0.0
FAM_P2912	P	6	6	100.0%	core	P3UG	2583	2583	2583	2583.0	0.833	0.0
FAM_P2913	P	6	6	100.0%	core	P3VC	447	447	447	447.0	0.667	0.0
FAM_P2914	P	6	6	100.0%	core	P3W8	1284	1284	1284	1284.0	0.833	0.0
FAM_P2915	P	6	6	100.0%	core	P3X4	792	792	792	792.0	0.667	0.0
FAM_P2916	P	20	2	33.3%	accessory	P3YW	270	270	270	270.0	0.500	0.0
FAM_P2917	P	6	6	100.0%	core	P40O	1872	1872	1872	1872.0	0.667	0.0
FAM_P2918	P	6	6	100.0%	core	P41K	1128	1128	1128	1128.0	0.667	0.0
FAM_P2919	P	6	6	100.0%	core	P42G	1722	1722	1722	1722.0	0.833	0.0
FAM_P2920	P	6	6	100.0%	core	P43C	780	780	780	780.0	0.667	0.0
FAM_P2921	P	6	6	100.0%	core	P448	1641	1641	1641	1641.0	0.667	0.0
FAM_P2922	P	6	3	50.0%	accessory	P461	1506	1506	1506	1506.0	0.500	0.0
FAM_P2923	P	4	4	66.7%	accessory	P46X	645	645	645	645.0	0.500	0.0
FAM_P2924	P	8	4	66.7%	accessory	P3Y0	648	648	786	751.5	0.625	4080.9
FAM_P2925	P	4	2	33.3%	accessory	P48P	180	180	180	180.0	0.250	0.0
FAM_P2926	P	6	6	100.0%	core	P4AH	1359	1359	1368	1362.0	0.667	21.6
FAM_P2927	P	6	6	100.0%	core	P4E1	651	651	651	651.0	0.667	0.0
FAM_P2928	P	6	6	100.0%	core	P4EX	417	417	417	417.0	0.667	0.0
FAM_P2929	P	6	6	100.0%	core	P4FT	825	825	825	825.0	0.667	0.0
FAM_P2930	P	9	2	33.3%	accessory	P4HL	717	642	717	708.7	0.667	625.0
FAM_P2931	P	6	6	100.0%	core	P4L5	612	612	612	612.0	0.667	0.0
FAM_P2932	P	6	6	100.0%	core	P4M1	1101	1101	1101	1101.0	0.667	0.0
FAM_P2933	P	6	6	100.0%	core	P4MX	1254	1254	1254	1254.0	0.667	0.0
FAM_P2934	P	23	3	50.0%	accessory	P3Y7	216	207	216	212.9	0.435	19.2
FAM_P2935	P	6	6	100.0%	core	P4PL	309	309	309	309.0	0.667	0.0
FAM_P2936	P	6	6	100.0%	core	P4QH	360	360	360	360.0	0.667	0.0
FAM_P2937	P	6	6	100.0%	core	P10F	753	753	753	753.0	0.667	0.0
FAM_P2938	P	6	4	66.7%	accessory	P459	414	330	423	404.5	0.667	1351.5
FAM_P2939	P	3	3	50.0%	accessory	P7GT	396	396	396	396.0	0.667	0.0
FAM_P2940	P	3	2	33.3%	accessory	P7FC	2502	159	2661	1774.0	1.000	1962489.0
FAM_P2941	P	3	3	50.0%	accessory	P7G7	1167	1167	1167	1167.0	0.667	0.0
SING_PFGH	P	1	1	16.7%	accessory	PFGH	162	162	162	162.0	1.000	0.0
FAM_P2942	P	6	6	100.0%	core	P2JG	168	168	168	168.0	0.333	0.0
FAM_P2943	P	6	6	100.0%	core	P2EN	312	312	312	312.0	0.333	0.0
FAM_P2944	P	6	6	100.0%	core	P27Z	1278	1278	1278	1278.0	0.500	0.0
FAM_P2945	P	6	6	100.0%	core	P274	660	660	690	665.0	0.667	150.0
SING_PG9T	P	1	1	16.7%	accessory	PG9T	396	396	396	396.0	1.000	0.0
FAM_P2946	P	6	6	100.0%	core	P1QQ	165	165	165	165.0	0.500	0.0
FAM_P2947	P	8	6	100.0%	core	P1OY	486	486	4395	3294.8	1.000	2396416.5
SING_PGQP	P	1	1	16.7%	accessory	PGQP	171	171	171	171.0	1.000	0.0
SING_PGRL	P	1	1	16.7%	accessory	PGRL	1296	1296	1296	1296.0	1.000	0.0
SING_PH7L	P	1	1	16.7%	accessory	PH7L	150	150	150	150.0	1.000	0.0
SING_PH9D	P	1	1	16.7%	accessory	PH9D	1806	1806	1806	1806.0	1.000	0.0
SING_PHEP	P	1	1	16.7%	accessory	PHEP	453	453	453	453.0	1.000	0.0
FAM_P2948	P	6	6	100.0%	core	P4E0	390	390	390	390.0	0.667	0.0
FAM_P2949	P	6	6	100.0%	core	P43L	1089	1074	1089	1086.5	0.667	37.5
SING_PHMP	P	1	1	16.7%	accessory	PHMP	519	519	519	519.0	1.000	0.0
SING_PHNL	P	1	1	16.7%	accessory	PHNL	171	171	171	171.0	1.000	0.0
FAM_P2950	P	6	6	100.0%	core	P409	129	129	129	129.0	0.333	0.0
SING_PHR5	P	1	1	16.7%	accessory	PHR5	93	93	93	93.0	1.000	0.0
SING_PHSX	P	1	1	16.7%	accessory	PHSX	1212	1212	1212	1212.0	1.000	0.0
FAM_P2951	P	4	4	66.7%	accessory	P3KZ	576	576	852	714.0	0.750	25392.0
FAM_P2952	P	7	4	66.7%	accessory	P3CH	426	327	960	459.9	0.714	51089.1
SING_PIG1	P	1	1	16.7%	accessory	PIG1	1044	1044	1044	1044.0	1.000	0.0
SING_PIN5	P	1	1	16.7%	accessory	PIN5	456	456	456	456.0	1.000	0.0
FAM_P2953	P	6	6	100.0%	core	P306	384	384	384	384.0	0.500	0.0
FAM_P2954	P	6	6	100.0%	core	P2YL	963	963	963	963.0	0.667	0.0
SING_PIW1	P	1	1	16.7%	accessory	PIW1	732	732	732	732.0	1.000	0.0
FAM_P2955	P	4	4	66.7%	accessory	P4CE	774	774	774	774.0	0.500	0.0
FAM_P2956	P	5	2	33.3%	accessory	PJ0H	1641	804	1641	984.6	1.000	134916.3
SING_PJ29	P	1	1	16.7%	accessory	PJ29	747	747	747	747.0	1.000	0.0
FAM_P2957	P	19	3	50.0%	accessory	PB6R	705	195	705	663.0	0.316	17196.0
SING_PJ4X	P	1	1	16.7%	accessory	PJ4X	1035	1035	1035	1035.0	1.000	0.0
FAM_P2958	P	13	4	66.7%	accessory	P4C6	1614	183	1614	1352.1	0.462	274931.1
SING_PJ8H	P	1	1	16.7%	accessory	PJ8H	258	258	258	258.0	1.000	0.0
SING_PJ9D	P	1	1	16.7%	accessory	PJ9D	216	216	216	216.0	1.000	0.0
SING_PJA9	P	1	1	16.7%	accessory	PJA9	318	318	318	318.0	1.000	0.0
SING_PJB5	P	1	1	16.7%	accessory	PJB5	399	399	399	399.0	1.000	0.0
FAM_P2959	P	6	6	100.0%	core	P2S6	1689	1689	1689	1689.0	0.667	0.0
FAM_P2960	P	6	6	100.0%	core	P2QI	432	432	432	432.0	0.667	0.0
FAM_P2961	P	4	4	66.7%	accessory	P2PM	663	663	663	663.0	0.750	0.0
FAM_P2962	P	6	6	100.0%	core	P2OQ	2334	2334	2340	2335.0	0.667	6.0
FAM_P2963	P	6	6	100.0%	core	P2NV	603	603	603	603.0	0.667	0.0
SING_PJI9	P	1	1	16.7%	accessory	PJI9	843	843	843	843.0	1.000	0.0
FAM_P2964	P	6	6	100.0%	core	P2MB	360	360	360	360.0	0.667	0.0
FAM_P2965	P	6	6	100.0%	core	P2LE	594	594	594	594.0	0.667	0.0
FAM_P2966	P	6	6	100.0%	core	P2KI	879	879	879	879.0	0.667	0.0
FAM_P2967	P	6	6	100.0%	core	P2JM	1374	1374	1374	1374.0	0.667	0.0
FAM_P2968	P	3	3	50.0%	accessory	P2IQ	195	195	195	195.0	0.667	0.0
FAM_P2969	P	6	6	100.0%	core	P2HV	393	393	393	393.0	0.167	0.0
FAM_P2970	P	6	6	100.0%	core	P2H0	1104	1104	1104	1104.0	0.667	0.0
FAM_P2971	P	6	6	100.0%	core	P2G3	471	471	471	471.0	0.667	0.0
FAM_P2972	P	6	6	100.0%	core	P2I1	192	192	192	192.0	0.167	0.0
FAM_P2973	P	2	2	33.3%	accessory	P80Z	483	357	483	420.0	1.000	7938.0
FAM_P2974	P	6	6	100.0%	core	P28O	327	327	327	327.0	0.667	0.0
FAM_P2975	P	4	4	66.7%	accessory	P67U	678	678	678	678.0	0.750	0.0
FAM_P2976	P	6	6	100.0%	core	P26Z	897	897	897	897.0	0.833	0.0
SING_PG9Y	P	1	1	16.7%	accessory	PG9Y	543	543	543	543.0	1.000	0.0
FAM_P2977	P	6	6	100.0%	core	P1WK	1542	1542	1542	1542.0	0.833	0.0
FAM_P2978	P	6	6	100.0%	core	P1SC	756	756	756	756.0	0.667	0.0
SING_PH2E	P	1	1	16.7%	accessory	PH2E	1170	1170	1170	1170.0	1.000	0.0
FAM_P2979	P	6	6	100.0%	core	P184	1647	1647	1647	1647.0	0.667	0.0
FAM_P2980	P	6	6	100.0%	core	P4MK	414	414	414	414.0	0.667	0.0
SING_PHEU	P	1	1	16.7%	accessory	PHEU	360	360	360	360.0	1.000	0.0
FAM_P2981	P	6	6	100.0%	core	P3ZB	513	513	513	513.0	0.500	0.0
SING_PHT2	P	1	1	16.7%	accessory	PHT2	1398	1398	1398	1398.0	1.000	0.0
FAM_P2982	P	4	4	66.7%	accessory	P4J8	171	171	171	171.0	0.500	0.0
FAM_P2983	P	4	4	66.7%	accessory	P3QT	363	363	363	363.0	0.750	0.0
FAM_P2984	P	6	6	100.0%	core	P3PW	648	648	648	648.0	0.667	0.0
FAM_P2985	P	3	3	50.0%	accessory	P8CS	183	183	183	183.0	1.000	0.0
FAM_P2986	P	6	6	100.0%	core	P1WZ	1014	1008	1014	1012.5	0.833	6.3
FAM_P2987	P	6	5	83.3%	accessory	P1LT	825	825	3789	1646.5	0.667	1285759.5
SING_P8SS	P	1	1	16.7%	accessory	P8SS	717	717	717	717.0	1.000	0.0
SING_P8WC	P	1	1	16.7%	accessory	P8WC	213	213	213	213.0	1.000	0.0
SING_P8X8	P	1	1	16.7%	accessory	P8X8	1101	1101	1101	1101.0	1.000	0.0
SING_P9FW	P	1	1	16.7%	accessory	P9FW	567	567	567	567.0	1.000	0.0
SING_P9JG	P	1	1	16.7%	accessory	P9JG	615	615	615	615.0	1.000	0.0
SING_P9KC	P	1	1	16.7%	accessory	P9KC	987	987	987	987.0	1.000	0.0
SING_P9PO	P	1	1	16.7%	accessory	P9PO	1137	1137	1137	1137.0	1.000	0.0
SING_P9VW	P	1	1	16.7%	accessory	P9VW	909	909	909	909.0	1.000	0.0
SING_P9WS	P	1	1	16.7%	accessory	P9WS	222	222	222	222.0	1.000	0.0
FAM_P2988	P	6	6	100.0%	core	P3IX	1740	1740	1740	1740.0	0.833	0.0
SING_PABW	P	1	1	16.7%	accessory	PABW	1359	1359	1359	1359.0	1.000	0.0
SING_PAJW	P	1	1	16.7%	accessory	PAJW	1404	1404	1404	1404.0	1.000	0.0
FAM_P2989	P	3	1	16.7%	accessory	PALM	279	279	285	281.0	1.000	12.0
SING_PAMK	P	1	1	16.7%	accessory	PAMK	321	321	321	321.0	1.000	0.0
SING_PANG	P	1	1	16.7%	accessory	PANG	210	210	210	210.0	1.000	0.0
SING_P1V2	P	1	1	16.7%	accessory	P1V2	810	810	810	810.0	1.000	0.0
FAM_P2990	P	6	6	100.0%	core	P23Y	336	336	336	336.0	0.500	0.0
FAM_P2991	P	6	6	100.0%	core	P24U	1254	1254	1254	1254.0	0.667	0.0
FAM_P2992	P	6	6	100.0%	core	P2J2	591	591	591	591.0	0.667	0.0
FAM_P2993	P	4	4	66.7%	accessory	P2JY	1164	1164	1164	1164.0	0.750	0.0
FAM_P2994	P	6	6	100.0%	core	P2UM	1521	1521	1521	1521.0	0.833	0.0
FAM_P2995	P	6	6	100.0%	core	P2WE	1641	1641	1641	1641.0	0.667	0.0
FAM_P2996	P	5	5	83.3%	accessory	P2XA	711	711	711	711.0	0.600	0.0
FAM_P2997	P	6	6	100.0%	core	P31Q	921	921	921	921.0	0.667	0.0
FAM_P2998	P	6	6	100.0%	core	P33I	681	681	681	681.0	0.667	0.0
FAM_P2999	P	6	6	100.0%	core	P34E	297	297	297	297.0	0.667	0.0
FAM_P3000	P	3	3	50.0%	accessory	P35A	303	303	303	303.0	0.667	0.0
FAM_P3001	P	2	2	33.3%	accessory	P38U	522	522	522	522.0	1.000	0.0
FAM_P3002	P	3	3	50.0%	accessory	P3KE	957	957	957	957.0	0.667	0.0
FAM_P3003	P	6	6	100.0%	core	P3SE	1449	1443	1449	1446.0	0.667	10.8
FAM_P3004	P	6	6	100.0%	core	P3TA	1089	1089	1089	1089.0	0.667	0.0
FAM_P3005	P	6	6	100.0%	core	P3V2	1665	1665	1665	1665.0	0.667	0.0
FAM_P3006	P	6	6	100.0%	core	P3VY	657	657	657	657.0	0.667	0.0
FAM_P3007	P	6	6	100.0%	core	P3XQ	2262	2262	2262	2262.0	0.833	0.0
FAM_P3008	P	6	6	100.0%	core	P41A	258	258	258	258.0	0.500	0.0
FAM_P3009	P	6	6	100.0%	core	P426	696	510	696	665.0	0.833	5766.0
FAM_P3010	P	6	6	100.0%	core	P432	684	684	684	684.0	0.667	0.0
FAM_P3011	P	6	6	100.0%	core	P46M	588	588	588	588.0	0.667	0.0
FAM_P3012	P	6	6	100.0%	core	P4A6	1509	1509	1509	1509.0	0.667	0.0
FAM_P3013	P	4	4	66.7%	accessory	P38K	369	300	369	338.2	0.750	812.2
FAM_P3014	P	5	5	83.3%	accessory	P4KU	912	912	912	912.0	0.600	0.0
FAM_P3015	P	6	6	100.0%	core	P4LQ	1014	1014	1014	1014.0	0.667	0.0
FAM_P3016	P	6	6	100.0%	core	P4MM	2676	2676	2676	2676.0	0.833	0.0
FAM_P3017	P	6	6	100.0%	core	P4PA	591	591	591	591.0	0.667	0.0
FAM_P3018	P	7	6	100.0%	core	P105	966	369	966	828.4	0.857	59647.3
FAM_P3019	P	2	2	33.3%	accessory	P5F2	204	204	204	204.0	0.500	0.0
FAM_P3020	P	2	2	33.3%	accessory	P5GU	1095	1095	1095	1095.0	0.500	0.0
FAM_P3021	P	3	3	50.0%	accessory	P5ZI	414	414	414	414.0	0.667	0.0
FAM_P3022	P	6	6	100.0%	core	P2GF	1104	1104	1104	1104.0	0.667	0.0
FAM_P3023	P	7	6	100.0%	core	P2HB	510	453	510	501.9	0.714	464.1
FAM_P3024	P	6	6	100.0%	core	P2NY	1323	1323	1323	1323.0	0.667	0.0
FAM_P3025	P	6	6	100.0%	core	P4G6	912	912	912	912.0	0.667	0.0
FAM_P3026	P	2	2	33.3%	accessory	P8DA	1059	750	1059	904.5	1.000	47740.5
FAM_P3027	P	6	6	100.0%	core	P4KX	531	522	531	529.5	0.667	13.5
FAM_P3028	P	13	6	100.0%	core	P4LZ	108	108	108	108.0	0.462	0.0
FAM_P3029	P	6	6	100.0%	core	P4MS	909	909	909	909.0	0.667	0.0
FAM_P3030	P	5	5	83.3%	accessory	P10J	1311	1296	1311	1308.0	0.600	45.0
FAM_P3031	P	4	2	33.3%	accessory	P11F	1998	795	1998	1345.5	1.000	334707.0
FAM_P3032	P	6	6	100.0%	core	P143	1545	1545	1545	1545.0	0.667	0.0
FAM_P3033	P	6	6	100.0%	core	P14Z	1683	1683	1683	1683.0	0.667	0.0
FAM_P3034	P	6	6	100.0%	core	P15V	384	384	384	384.0	0.500	0.0
FAM_P3035	P	6	6	100.0%	core	P17N	894	894	894	894.0	0.833	0.0
FAM_P3036	P	6	6	100.0%	core	P18J	441	441	441	441.0	0.667	0.0
FAM_P3037	P	6	6	100.0%	core	P19F	1170	1170	1170	1170.0	0.667	0.0
FAM_P3038	P	6	6	100.0%	core	P1AB	1215	1215	1215	1215.0	0.667	0.0
FAM_P3039	P	6	6	100.0%	core	P1C3	549	549	549	549.0	0.667	0.0
FAM_P3040	P	6	6	100.0%	core	P1DV	801	801	801	801.0	0.667	0.0
FAM_P3041	P	6	6	100.0%	core	P1IB	918	918	918	918.0	0.667	0.0
FAM_P3042	P	6	6	100.0%	core	P1MR	1011	1011	1011	1011.0	0.667	0.0
FAM_P3043	P	6	6	100.0%	core	P1OJ	651	651	651	651.0	0.667	0.0
FAM_P3044	P	6	6	100.0%	core	P1R7	891	891	891	891.0	0.667	0.0
FAM_P3045	P	4	4	66.7%	accessory	P1TV	765	765	765	765.0	0.750	0.0
FAM_P3046	P	6	6	100.0%	core	P1UR	660	660	660	660.0	0.667	0.0
FAM_P3047	P	6	6	100.0%	core	P1VN	357	357	357	357.0	0.667	0.0
FAM_P3048	P	6	6	100.0%	core	P1WJ	2067	2067	2067	2067.0	0.667	0.0
FAM_P3049	P	6	6	100.0%	core	P1XF	741	738	741	740.0	0.667	2.4
SING_P203	P	1	1	16.7%	accessory	P203	702	702	702	702.0	1.000	0.0
FAM_P3050	P	6	6	100.0%	core	P20Z	330	330	330	330.0	0.667	0.0
FAM_P3051	P	3	3	50.0%	accessory	P22R	777	777	777	777.0	0.667	0.0
FAM_P3052	P	8	6	100.0%	core	P23N	1410	207	1410	1058.2	0.625	283975.1
FAM_P3053	P	6	6	100.0%	core	P24J	1419	1419	1419	1419.0	0.833	0.0
FAM_P3054	P	6	6	100.0%	core	P25F	1032	1032	1032	1032.0	0.667	0.0
FAM_P3055	P	5	5	83.3%	accessory	P26B	1188	1188	1188	1188.0	0.600	0.0
FAM_P3056	P	6	6	100.0%	core	P283	759	759	759	759.0	0.667	0.0
FAM_P3057	P	6	6	100.0%	core	P29V	495	495	495	495.0	0.667	0.0
FAM_P3058	P	6	6	100.0%	core	P2DF	792	792	792	792.0	0.667	0.0
FAM_P3059	P	6	6	100.0%	core	P2EB	1518	1518	1518	1518.0	0.667	0.0
FAM_P3060	P	6	6	100.0%	core	P2F7	273	273	273	273.0	0.667	0.0
FAM_P3061	P	6	6	100.0%	core	P2JN	168	168	168	168.0	0.667	0.0
FAM_P3062	P	6	6	100.0%	core	P2KJ	1725	1725	1725	1725.0	0.667	0.0
FAM_P3063	P	6	6	100.0%	core	P2N7	2043	2043	2043	2043.0	0.667	0.0
FAM_P3064	P	6	6	100.0%	core	P2O3	1287	1287	1287	1287.0	0.667	0.0
FAM_P3065	P	6	6	100.0%	core	P2PV	1152	1152	1152	1152.0	0.667	0.0
FAM_P3066	P	6	6	100.0%	core	P2UB	420	420	420	420.0	0.667	0.0
FAM_P3067	P	6	6	100.0%	core	P2V7	1068	1068	1068	1068.0	0.667	0.0
FAM_P3068	P	6	6	100.0%	core	P2W3	621	621	621	621.0	0.833	0.0
FAM_P3069	P	6	6	100.0%	core	P2WZ	933	933	933	933.0	0.667	0.0
FAM_P3070	P	6	6	100.0%	core	P2XV	930	930	930	930.0	0.667	0.0
FAM_P3071	P	6	6	100.0%	core	P2YR	300	300	300	300.0	0.667	0.0
FAM_P3072	P	6	6	100.0%	core	P2ZN	1734	1734	1734	1734.0	0.667	0.0
FAM_P3073	P	6	6	100.0%	core	P30J	636	636	636	636.0	0.667	0.0
FAM_P3074	P	6	6	100.0%	core	P31F	639	639	639	639.0	0.667	0.0
FAM_P3075	P	4	4	66.7%	accessory	P337	696	696	696	696.0	0.750	0.0
FAM_P3076	P	6	6	100.0%	core	P343	2271	2268	2271	2270.5	0.667	1.5
FAM_P3077	P	6	6	100.0%	core	P34Z	147	147	147	147.0	0.500	0.0
FAM_P3078	P	11	5	83.3%	accessory	P12C	1152	312	1152	856.4	0.636	108382.3
FAM_P3079	P	6	6	100.0%	core	P3C3	1287	1287	1287	1287.0	0.833	0.0
FAM_P3080	P	6	6	100.0%	core	P3CZ	591	591	591	591.0	0.833	0.0
FAM_P3081	P	6	6	100.0%	core	P1S	699	699	699	699.0	0.667	0.0
FAM_P3082	P	6	6	100.0%	core	P2O	390	390	399	394.5	0.667	24.3
FAM_P3083	P	6	6	100.0%	core	P3FN	852	852	852	852.0	0.833	0.0
FAM_P3084	P	6	6	100.0%	core	P3GJ	2673	2673	2673	2673.0	0.833	0.0
FAM_P3085	P	3	3	50.0%	accessory	P3IB	414	414	414	414.0	0.667	0.0
FAM_P3086	P	6	6	100.0%	core	P3J7	1245	1245	1245	1245.0	0.667	0.0
FAM_P3087	P	6	6	100.0%	core	P3LV	951	951	951	951.0	0.667	0.0
FAM_P3088	P	5	5	83.3%	accessory	P3MR	867	867	867	867.0	0.600	0.0
FAM_P3089	P	6	6	100.0%	core	P3OJ	471	471	471	471.0	0.500	0.0
FAM_P3090	P	6	6	100.0%	core	P3PF	819	819	819	819.0	0.833	0.0
FAM_P3091	P	6	6	100.0%	core	P3QB	1221	1221	1221	1221.0	0.667	0.0
FAM_P3092	P	6	6	100.0%	core	P3R7	927	927	927	927.0	0.667	0.0
FAM_P3093	P	5	5	83.3%	accessory	P3S3	762	762	762	762.0	0.600	0.0
FAM_P3094	P	6	6	100.0%	core	P3SZ	993	993	993	993.0	0.667	0.0
FAM_P3095	P	6	6	100.0%	core	P3TV	681	681	681	681.0	0.833	0.0
FAM_P3096	P	6	6	100.0%	core	P3UR	936	936	936	936.0	0.667	0.0
FAM_P3097	P	6	6	100.0%	core	P3VN	573	573	573	573.0	0.833	0.0
FAM_P3098	P	3	3	50.0%	accessory	P3WJ	603	603	603	603.0	0.667	0.0
FAM_P3099	P	6	6	100.0%	core	P3Z7	678	678	678	678.0	0.667	0.0
FAM_P3100	P	6	6	100.0%	core	P403	660	660	660	660.0	0.667	0.0
FAM_P3101	P	6	6	100.0%	core	P40Z	627	627	627	627.0	0.667	0.0
FAM_P3102	P	6	6	100.0%	core	P42R	627	627	627	627.0	0.667	0.0
FAM_P3103	P	6	6	100.0%	core	P43N	1203	1203	1203	1203.0	0.667	0.0
FAM_P3104	P	6	6	100.0%	core	P44J	2055	2055	2055	2055.0	0.667	0.0
FAM_P3105	P	12	2	33.3%	accessory	P46B	582	579	582	580.5	0.417	2.5
FAM_P3106	P	4	4	66.7%	accessory	P483	216	216	216	216.0	0.500	0.0
FAM_P3107	P	4	4	66.7%	accessory	P4CJ	456	456	456	456.0	0.500	0.0
FAM_P3108	P	5	5	83.3%	accessory	P1IK	711	711	873	831.6	0.800	4924.8
FAM_P3109	P	6	6	100.0%	core	P4EB	228	228	228	228.0	0.667	0.0
FAM_P3110	P	6	6	100.0%	core	P4F7	954	954	954	954.0	0.667	0.0
FAM_P3111	P	6	6	100.0%	core	P4G3	1200	1200	1200	1200.0	0.833	0.0
FAM_P3112	P	5	3	50.0%	accessory	P4JN	1320	1320	1332	1322.4	0.400	28.8
FAM_P3113	P	4	4	66.7%	accessory	P4LF	1023	1023	1023	1023.0	0.750	0.0
FAM_P3114	P	6	6	100.0%	core	P4MB	1539	1539	1539	1539.0	0.667	0.0
FAM_P3115	P	7	5	83.3%	accessory	P173	189	189	189	189.0	0.571	0.0
FAM_P3116	P	9	2	33.3%	accessory	P4HE	1938	1938	1938	1938.0	0.333	0.0
FAM_P3117	P	6	6	100.0%	core	P4OZ	501	501	501	501.0	0.833	0.0
FAM_P3118	P	6	6	100.0%	core	P4QR	789	789	789	789.0	0.667	0.0
FAM_P3119	P	6	6	100.0%	core	P10M	1233	1233	1233	1233.0	0.667	0.0
FAM_P3120	P	10	2	33.3%	accessory	P4GX	147	147	432	373.8	0.500	14290.4
FAM_P3121	P	6	6	100.0%	core	P12R	531	531	531	531.0	0.667	0.0
FAM_P3122	P	6	6	100.0%	core	P13P	1062	1062	1062	1062.0	0.667	0.0
FAM_P3123	P	6	6	100.0%	core	P14G	1698	1698	1698	1698.0	0.667	0.0
FAM_P3124	P	6	6	100.0%	core	P163	2046	2046	2046	2046.0	0.667	0.0
FAM_P3125	P	6	3	50.0%	accessory	P4JK	1926	216	1926	1613.0	0.667	472902.0
FAM_P3126	P	9	2	33.3%	accessory	P4HI	351	288	351	344.0	0.444	441.0
FAM_P3127	P	6	6	100.0%	core	P17V	1533	1533	1533	1533.0	0.667	0.0
FAM_P3128	P	6	6	100.0%	core	P18P	696	696	696	696.0	0.667	0.0
FAM_P3129	P	6	6	100.0%	core	P19L	642	642	642	642.0	0.667	0.0
FAM_P3130	P	6	6	100.0%	core	P1AH	912	777	912	889.5	0.833	3037.5
FAM_P3131	P	6	6	100.0%	core	P1BE	591	591	591	591.0	0.667	0.0
FAM_P3132	P	6	6	100.0%	core	P1CA	273	273	273	273.0	0.667	0.0
FAM_P3133	P	6	6	100.0%	core	P1D2	447	447	447	447.0	0.667	0.0
FAM_P3134	P	3	3	50.0%	accessory	P58J	123	123	123	123.0	0.333	0.0
FAM_P3135	P	6	6	100.0%	core	P1ES	1812	1812	1812	1812.0	0.667	0.0
FAM_P3136	P	6	6	100.0%	core	P1FO	390	390	390	390.0	0.667	0.0
FAM_P3137	P	6	6	100.0%	core	P1HH	228	228	228	228.0	0.167	0.0
FAM_P3138	P	6	6	100.0%	core	P1JB	612	612	612	612.0	0.833	0.0
FAM_P3139	P	6	6	100.0%	core	P1K7	1218	1218	1218	1218.0	0.833	0.0
FAM_P3140	P	5	5	83.3%	accessory	P1L7	285	285	285	285.0	0.800	0.0
FAM_P3141	P	6	6	100.0%	core	P1LY	1089	1089	1089	1089.0	0.833	0.0
FAM_P3142	P	6	6	100.0%	core	P1MH	762	762	762	762.0	0.833	0.0
FAM_P3143	P	7	6	100.0%	core	P1N7	1251	195	1251	1071.9	0.857	154949.1
FAM_P3144	P	6	6	100.0%	core	P1O4	210	210	210	210.0	0.667	0.0
FAM_P3145	P	6	6	100.0%	core	P1PX	1356	1356	1356	1356.0	0.667	0.0
FAM_P3146	P	7	4	66.7%	accessory	P135	1149	1149	1149	1149.0	0.714	0.0
FAM_P3147	P	6	6	100.0%	core	P1XH	855	810	855	847.5	0.833	337.5
FAM_P3148	P	6	6	100.0%	core	P1YC	729	729	729	729.0	0.667	0.0
FAM_P3149	P	6	6	100.0%	core	P1Z9	363	363	363	363.0	0.667	0.0
FAM_P3150	P	15	3	50.0%	accessory	P45K	1851	228	1854	1744.0	0.533	175889.1
FAM_P3151	P	6	6	100.0%	core	P20W	405	405	405	405.0	0.667	0.0
FAM_P3152	P	6	6	100.0%	core	P22M	657	474	657	626.5	0.833	5581.5
FAM_P3153	P	6	6	100.0%	core	P23J	261	261	261	261.0	0.667	0.0
FAM_P3154	P	6	6	100.0%	core	P24A	849	849	849	849.0	0.667	0.0
FAM_P3155	P	6	6	100.0%	core	P256	2247	2247	2247	2247.0	0.833	0.0
FAM_P3156	P	3	3	50.0%	accessory	P65F	582	582	582	582.0	0.667	0.0
FAM_P3157	P	5	5	83.3%	accessory	P26F	933	933	933	933.0	0.600	0.0
FAM_P3158	P	6	6	100.0%	core	P27C	1179	1179	1179	1179.0	0.833	0.0
FAM_P3159	P	6	6	100.0%	core	P2AM	423	423	423	423.0	0.500	0.0
FAM_P3160	P	6	6	100.0%	core	P2BO	1521	1521	1521	1521.0	0.667	0.0
FAM_P3161	P	5	5	83.3%	accessory	P2CK	357	357	357	357.0	0.600	0.0
FAM_P3162	P	6	6	100.0%	core	P2E5	945	945	945	945.0	0.667	0.0
FAM_P3163	P	6	6	100.0%	core	P2F1	558	558	558	558.0	0.667	0.0
FAM_P3164	P	6	6	100.0%	core	P2G4	264	264	264	264.0	0.500	0.0
FAM_P3165	P	6	6	100.0%	core	P2HW	306	306	306	306.0	0.167	0.0
FAM_P3166	P	6	6	100.0%	core	P2J6	1914	1914	1914	1914.0	0.667	0.0
FAM_P3167	P	6	6	100.0%	core	P2K9	405	405	405	405.0	0.667	0.0
FAM_P3168	P	6	6	100.0%	core	P2L3	507	507	759	717.0	0.833	10584.0
FAM_P3169	P	6	6	100.0%	core	P2LX	1317	1317	1317	1317.0	0.833	0.0
FAM_P3170	P	5	5	83.3%	accessory	P2N0	1053	1053	1053	1053.0	0.600	0.0
FAM_P3171	P	6	6	100.0%	core	P2OH	984	984	984	984.0	0.833	0.0
FAM_P3172	P	6	6	100.0%	core	P2P9	1182	1182	1182	1182.0	0.667	0.0
FAM_P3173	P	6	6	100.0%	core	P2QC	1191	1191	1191	1191.0	0.667	0.0
FAM_P3174	P	6	6	100.0%	core	P2RB	459	459	459	459.0	0.833	0.0
FAM_P3175	P	4	4	66.7%	accessory	P2SC	450	450	450	450.0	0.500	0.0
FAM_P3176	P	6	6	100.0%	core	P2U7	993	993	993	993.0	0.833	0.0
FAM_P3177	P	6	6	100.0%	core	P2V3	1104	1104	1104	1104.0	0.667	0.0
FAM_P3178	P	6	6	100.0%	core	P2WT	528	528	528	528.0	0.667	0.0
FAM_P3179	P	6	6	100.0%	core	P2XO	873	873	873	873.0	0.833	0.0
FAM_P3180	P	6	6	100.0%	core	P2YH	699	699	699	699.0	0.667	0.0
FAM_P3181	P	6	6	100.0%	core	P2Z7	318	318	318	318.0	0.500	0.0
FAM_P3182	P	6	6	100.0%	core	P30W	1590	1590	1590	1590.0	0.833	0.0
FAM_P3183	P	6	6	100.0%	core	P320	210	210	210	210.0	0.500	0.0
FAM_P3184	P	6	6	100.0%	core	P32X	1314	1314	1314	1314.0	0.833	0.0
FAM_P3185	P	6	6	100.0%	core	P33S	444	444	444	444.0	0.667	0.0
FAM_P3186	P	6	6	100.0%	core	P34O	1302	1302	1302	1302.0	0.667	0.0
FAM_P3187	P	6	6	100.0%	core	P35M	1281	1281	1281	1281.0	0.833	0.0
FAM_P3188	P	6	6	100.0%	core	P37D	2139	2139	2139	2139.0	0.833	0.0
FAM_P3189	P	5	5	83.3%	accessory	P39T	831	831	831	831.0	0.800	0.0
FAM_P3190	P	10	6	100.0%	core	P3BI	1017	645	1689	1002.6	0.900	161625.6
FAM_P3191	P	3	3	50.0%	accessory	P7GJ	1362	1362	1362	1362.0	0.667	0.0
FAM_P3192	P	6	6	100.0%	core	P2I7	303	303	303	303.0	0.333	0.0
FAM_P3193	P	6	6	100.0%	core	P2CN	165	165	165	165.0	0.667	0.0
FAM_P3194	P	6	6	100.0%	core	P28G	705	705	705	705.0	0.500	0.0
FAM_P3195	P	6	6	100.0%	core	P27R	636	633	636	635.5	0.667	1.5
SING_P877	P	1	1	16.7%	accessory	P877	1578	1578	1578	1578.0	1.000	0.0
SING_P8DF	P	1	1	16.7%	accessory	P8DF	492	492	492	492.0	1.000	0.0
FAM_P3196	P	6	6	100.0%	core	P1X8	336	336	336	336.0	0.500	0.0
SING_P8LF	P	1	1	16.7%	accessory	P8LF	249	249	249	249.0	1.000	0.0
SING_P8V7	P	1	1	16.7%	accessory	P8V7	435	435	435	435.0	1.000	0.0
SING_P9AB	P	1	1	16.7%	accessory	P9AB	279	279	279	279.0	1.000	0.0
FAM_P3197	P	6	6	100.0%	core	P11Q	186	186	186	186.0	0.667	0.0
SING_P9ER	P	1	1	16.7%	accessory	P9ER	171	171	171	171.0	1.000	0.0
SING_P9K3	P	1	1	16.7%	accessory	P9K3	1596	1596	1596	1596.0	1.000	0.0
SING_P9QB	P	1	1	16.7%	accessory	P9QB	546	546	546	546.0	1.000	0.0
FAM_P3198	P	6	6	100.0%	core	P42V	2283	2283	2283	2283.0	0.833	0.0
SING_PA0Z	P	1	1	16.7%	accessory	PA0Z	987	987	987	987.0	1.000	0.0
SING_PABN	P	1	1	16.7%	accessory	PABN	1050	1050	1050	1050.0	1.000	0.0
SING_PALF	P	1	1	16.7%	accessory	PALF	1452	1452	1452	1452.0	1.000	0.0
SING_PAMB	P	1	1	16.7%	accessory	PAMB	387	387	387	387.0	1.000	0.0
SING_PAN7	P	1	1	16.7%	accessory	PAN7	1218	1218	1218	1218.0	1.000	0.0
FAM_P3199	P	2	2	33.3%	accessory	PAPV	1170	1170	1278	1224.0	1.000	5832.0
SING_PAUB	P	1	1	16.7%	accessory	PAUB	1821	1821	1821	1821.0	1.000	0.0
SING_PAZN	P	1	1	16.7%	accessory	PAZN	888	888	888	888.0	1.000	0.0
SING_PB1F	P	1	1	16.7%	accessory	PB1F	294	294	294	294.0	1.000	0.0
SING_PB4Z	P	1	1	16.7%	accessory	PB4Z	219	219	219	219.0	1.000	0.0
FAM_P3200	P	5	3	50.0%	accessory	P4NQ	198	198	198	198.0	0.600	0.0
FAM_P3201	P	6	6	100.0%	core	P15N	360	360	360	360.0	0.667	0.0
FAM_P3202	P	6	6	100.0%	core	P14S	1320	1320	1320	1320.0	0.667	0.0
FAM_P3203	P	4	4	66.7%	accessory	P172	165	165	165	165.0	0.750	0.0
FAM_P3204	P	6	6	100.0%	core	P17Z	336	336	336	336.0	0.500	0.0
FAM_P3205	P	6	6	100.0%	core	P18T	606	606	606	606.0	0.667	0.0
FAM_P3206	P	6	6	100.0%	core	P19P	1605	1605	1605	1605.0	0.667	0.0
FAM_P3207	P	6	6	100.0%	core	P1AL	1290	1290	1290	1290.0	0.667	0.0
FAM_P3208	P	6	6	100.0%	core	P1BI	2262	2262	2262	2262.0	0.833	0.0
FAM_P3209	P	6	6	100.0%	core	P1CE	1044	1044	1044	1044.0	0.667	0.0
FAM_P3210	P	6	6	100.0%	core	P1D6	255	255	255	255.0	0.667	0.0
FAM_P3211	P	6	6	100.0%	core	P1EV	870	870	870	870.0	0.667	0.0
FAM_P3212	P	6	6	100.0%	core	P1FR	1602	120	1602	1355.0	0.833	366054.0
FAM_P3213	P	3	3	50.0%	accessory	P5C7	1758	1758	1758	1758.0	0.667	0.0
FAM_P3214	P	6	6	100.0%	core	P1HL	918	918	918	918.0	0.833	0.0
FAM_P3215	P	6	3	50.0%	accessory	P463	267	267	1029	521.0	0.500	154838.4
FAM_P3216	P	9	3	50.0%	accessory	P4GH	426	426	426	426.0	0.556	0.0
FAM_P3217	P	6	6	100.0%	core	P1JE	1407	1407	1407	1407.0	0.833	0.0
FAM_P3218	P	6	6	100.0%	core	P1KA	2163	2163	2163	2163.0	0.833	0.0
FAM_P3219	P	5	5	83.3%	accessory	P1LA	855	855	855	855.0	0.800	0.0
FAM_P3220	P	6	6	100.0%	core	P1M0	1137	1137	1137	1137.0	0.667	0.0
FAM_P3221	P	24	5	83.3%	accessory	P16I	534	231	534	508.8	0.375	7318.1
FAM_P3222	P	6	6	100.0%	core	P1NF	573	573	573	573.0	0.667	0.0
FAM_P3223	P	6	6	100.0%	core	P1OC	2487	2487	2487	2487.0	0.667	0.0
FAM_P3224	P	6	6	100.0%	core	P1PA	1077	1077	1077	1077.0	0.833	0.0
FAM_P3225	P	6	6	100.0%	core	P1Q4	462	462	462	462.0	0.833	0.0
FAM_P3226	P	6	6	100.0%	core	P1TY	219	219	219	219.0	0.500	0.0
FAM_P3227	P	6	6	100.0%	core	P1V4	1227	1227	1227	1227.0	0.833	0.0
FAM_P3228	P	5	5	83.3%	accessory	P1W0	2019	2019	2019	2019.0	0.800	0.0
FAM_P3229	P	6	6	100.0%	core	P1WW	621	621	621	621.0	0.667	0.0
FAM_P3230	P	5	5	83.3%	accessory	P1XO	813	813	813	813.0	0.600	0.0
FAM_P3231	P	6	6	100.0%	core	P1ZG	249	249	249	249.0	0.167	0.0
FAM_P3232	P	6	6	100.0%	core	P211	411	411	411	411.0	0.667	0.0
FAM_P3233	P	6	6	100.0%	core	P22V	627	627	627	627.0	0.667	0.0
FAM_P3234	P	6	6	100.0%	core	P23O	1455	1455	1455	1455.0	0.667	0.0
FAM_P3235	P	6	6	100.0%	core	P24H	1317	1317	1317	1317.0	0.833	0.0
FAM_P3236	P	5	5	83.3%	accessory	P26M	2871	2871	2871	2871.0	0.600	0.0
FAM_P3237	P	6	6	100.0%	core	P27K	894	894	894	894.0	0.667	0.0
FAM_P3238	P	6	6	100.0%	core	P289	456	456	552	472.0	0.833	1536.0
FAM_P3239	P	6	6	100.0%	core	P2A2	1164	1164	1164	1164.0	0.667	0.0
FAM_P3240	P	5	5	83.3%	accessory	P2AT	171	171	171	171.0	0.600	0.0
FAM_P3241	P	6	6	100.0%	core	P2BV	1071	1071	1071	1071.0	0.667	0.0
FAM_P3242	P	6	6	100.0%	core	P2CR	390	390	390	390.0	0.667	0.0
FAM_P3243	P	6	6	100.0%	core	P2DP	576	576	576	576.0	0.667	0.0
FAM_P3244	P	6	6	100.0%	core	P2EL	966	966	966	966.0	0.667	0.0
FAM_P3245	P	6	6	100.0%	core	P2FO	876	876	876	876.0	0.667	0.0
FAM_P3246	P	6	6	100.0%	core	P2GK	1350	1350	1350	1350.0	0.833	0.0
FAM_P3247	P	6	6	100.0%	core	P2HG	219	219	219	219.0	0.667	0.0
FAM_P3248	P	6	6	100.0%	core	P2IP	477	477	477	477.0	0.667	0.0
FAM_P3249	P	6	6	100.0%	core	P2KP	228	228	228	228.0	0.500	0.0
FAM_P3250	P	6	6	100.0%	core	P2MO	807	807	807	807.0	0.667	0.0
FAM_P3251	P	6	6	100.0%	core	P2NG	567	567	567	567.0	0.833	0.0
FAM_P3252	P	6	6	100.0%	core	P2O7	2304	2304	2322	2311.0	0.833	78.0
FAM_P3253	P	6	6	100.0%	core	P2OW	153	153	213	183.0	0.667	1080.0
FAM_P3254	P	6	6	100.0%	core	P2Q3	1137	1137	1137	1137.0	0.833	0.0
FAM_P3255	P	6	3	50.0%	accessory	P6S8	747	552	747	654.5	0.500	5977.5
FAM_P3256	P	6	6	100.0%	core	P2T4	327	327	327	327.0	0.333	0.0
FAM_P3257	P	6	6	100.0%	core	P2TW	864	864	864	864.0	0.333	0.0
FAM_P3258	P	6	6	100.0%	core	P2US	1545	1545	1548	1546.0	0.667	2.4
FAM_P3259	P	6	6	100.0%	core	P2VO	204	204	204	204.0	0.667	0.0
FAM_P3260	P	6	6	100.0%	core	P2WI	783	783	783	783.0	0.667	0.0
FAM_P3261	P	5	5	83.3%	accessory	P2XE	1404	1404	1404	1404.0	0.600	0.0
FAM_P3262	P	6	6	100.0%	core	P2Y7	825	825	825	825.0	0.667	0.0
FAM_P3263	P	6	6	100.0%	core	P2Z0	1332	1332	1332	1332.0	0.667	0.0
FAM_P3264	P	6	6	100.0%	core	P30M	774	774	774	774.0	0.667	0.0
FAM_P3265	P	6	6	100.0%	core	P31C	1350	1350	1350	1350.0	0.667	0.0
FAM_P3266	P	6	6	100.0%	core	P32C	417	417	417	417.0	0.500	0.0
FAM_P3267	P	6	6	100.0%	core	P35X	399	399	399	399.0	0.667	0.0
FAM_P3268	P	4	4	66.7%	accessory	P36S	939	939	939	939.0	0.500	0.0
FAM_P3269	P	5	5	83.3%	accessory	P37O	453	453	453	453.0	0.800	0.0
FAM_P3270	P	3	3	50.0%	accessory	P7CE	4935	4935	4935	4935.0	0.667	0.0
FAM_P3271	P	6	6	100.0%	core	P3AY	726	726	726	726.0	0.667	0.0
FAM_P3272	P	6	6	100.0%	core	P3BU	474	474	474	474.0	0.833	0.0
FAM_P3273	P	6	6	100.0%	core	P3CR	450	450	450	450.0	0.833	0.0
FAM_P3274	P	6	6	100.0%	core	P1K	660	660	660	660.0	0.667	0.0
FAM_P3275	P	6	6	100.0%	core	P2G	1476	1476	1476	1476.0	0.833	0.0
FAM_P3276	P	6	6	100.0%	core	P3C	537	537	549	539.0	0.667	24.0
FAM_P3277	P	6	6	100.0%	core	P3GB	624	624	624	624.0	0.667	0.0
FAM_P3278	P	6	6	100.0%	core	P3H7	201	201	201	201.0	0.500	0.0
FAM_P3279	P	4	4	66.7%	accessory	P3I3	744	744	744	744.0	0.750	0.0
FAM_P3280	P	6	6	100.0%	core	P3IZ	1056	1056	1056	1056.0	0.667	0.0
FAM_P3281	P	6	6	100.0%	core	P3KR	267	267	267	267.0	0.667	0.0
FAM_P3282	P	6	6	100.0%	core	P3MJ	1254	1254	1254	1254.0	0.667	0.0
FAM_P3283	P	6	6	100.0%	core	P3NF	1095	1095	1095	1095.0	0.667	0.0
FAM_P3284	P	6	6	100.0%	core	P3OB	972	972	972	972.0	0.667	0.0
FAM_P3285	P	6	6	100.0%	core	P3P7	1275	1275	1275	1275.0	0.667	0.0
FAM_P3286	P	6	6	100.0%	core	P3Q3	330	330	330	330.0	0.667	0.0
FAM_P3287	P	6	6	100.0%	core	P3QZ	810	771	810	784.0	0.833	405.6
FAM_P3288	P	6	6	100.0%	core	P3RV	213	213	213	213.0	0.667	0.0
FAM_P3289	P	6	6	100.0%	core	P3TM	807	807	807	807.0	0.667	0.0
FAM_P3290	P	6	6	100.0%	core	P3VE	363	363	363	363.0	0.667	0.0
FAM_P3291	P	6	6	100.0%	core	P3X6	720	720	720	720.0	0.833	0.0
FAM_P3292	P	4	2	33.3%	accessory	P3Y2	666	666	666	666.0	0.250	0.0
FAM_P3293	P	6	6	100.0%	core	P3ZU	1086	1086	1086	1086.0	0.667	0.0
FAM_P3294	P	6	6	100.0%	core	P40Q	921	921	921	921.0	0.833	0.0
FAM_P3295	P	6	6	100.0%	core	P42I	966	966	1071	983.5	0.667	1837.5
FAM_P3296	P	6	6	100.0%	core	P46Z	213	213	213	213.0	0.667	0.0
FAM_P3297	P	6	4	66.7%	accessory	P47V	144	144	144	144.0	0.500	0.0
FAM_P3298	P	4	2	33.3%	accessory	P49N	345	345	345	345.0	0.500	0.0
FAM_P3299	P	4	4	66.7%	accessory	P4CB	1209	1209	1209	1209.0	0.500	0.0
FAM_P3300	P	3	3	50.0%	accessory	P4D7	1233	1224	1233	1230.0	0.667	27.0
FAM_P3301	P	6	6	100.0%	core	P4EZ	696	696	696	696.0	0.667	0.0
FAM_P3302	P	6	6	100.0%	core	P4FV	543	543	543	543.0	0.667	0.0
FAM_P3303	P	6	6	100.0%	core	P4M3	720	717	720	718.0	0.833	2.4
FAM_P3304	P	6	6	100.0%	core	P4PN	798	798	798	798.0	0.667	0.0
FAM_P3305	P	6	6	100.0%	core	P4QJ	315	315	315	315.0	0.667	0.0
FAM_P3306	P	2	2	33.3%	accessory	P7G9	1725	1554	1725	1639.5	1.000	14620.5
FAM_P3307	P	5	3	50.0%	accessory	P6U2	483	483	1284	711.6	0.600	109698.3
SING_PFGJ	P	1	1	16.7%	accessory	PFGJ	237	237	237	237.0	1.000	0.0
SING_PFIB	P	1	1	16.7%	accessory	PFIB	522	522	522	522.0	1.000	0.0
FAM_P3308	P	6	6	100.0%	core	P2M7	669	669	669	669.0	0.833	0.0
FAM_P3309	P	6	6	100.0%	core	P2I4	333	333	333	333.0	0.167	0.0
SING_PG9V	P	1	1	16.7%	accessory	PG9V	654	654	654	654.0	1.000	0.0
FAM_P3310	P	6	6	100.0%	core	P1VR	2016	2016	2016	2016.0	0.833	0.0
FAM_P3311	P	6	6	100.0%	core	P1M7	108	108	108	108.0	0.333	0.0
SING_PGQR	P	1	1	16.7%	accessory	PGQR	225	225	225	225.0	1.000	0.0
SING_PGRN	P	1	1	16.7%	accessory	PGRN	501	501	501	501.0	1.000	0.0
FAM_P3312	P	3	3	50.0%	accessory	P8VF	1023	1023	1023	1023.0	1.000	0.0
FAM_P3313	P	6	6	100.0%	core	P1CS	414	414	414	414.0	0.667	0.0
FAM_P3314	P	6	6	100.0%	core	P1AY	300	300	300	300.0	0.167	0.0
FAM_P3315	P	6	6	100.0%	core	P17B	342	342	342	342.0	0.667	0.0
FAM_P3316	P	6	4	66.7%	accessory	P117	561	561	762	668.5	0.667	10549.5
FAM_P3317	P	6	6	100.0%	core	P4Q6	246	246	246	246.0	0.667	0.0
SING_PHER	P	1	1	16.7%	accessory	PHER	423	423	423	423.0	1.000	0.0
SING_PHNN	P	1	1	16.7%	accessory	PHNN	300	300	300	300.0	1.000	0.0
FAM_P3318	P	6	6	100.0%	core	P407	516	516	516	516.0	0.500	0.0
SING_PHSZ	P	1	1	16.7%	accessory	PHSZ	1410	1410	1410	1410.0	1.000	0.0
SING_PHXF	P	1	1	16.7%	accessory	PHXF	282	282	282	282.0	1.000	0.0
SING_PIN7	P	1	1	16.7%	accessory	PIN7	1425	1425	1425	1425.0	1.000	0.0
FAM_P3319	P	6	6	100.0%	core	P2YI	501	501	501	501.0	0.500	0.0
SING_PIUB	P	1	1	16.7%	accessory	PIUB	591	591	591	591.0	1.000	0.0
SING_PIW3	P	1	1	16.7%	accessory	PIW3	1071	1071	1071	1071.0	1.000	0.0
FAM_P3320	P	4	4	66.7%	accessory	P4CG	1059	1059	1059	1059.0	0.500	0.0
SING_PIZN	P	1	1	16.7%	accessory	PIZN	987	987	987	987.0	1.000	0.0
FAM_P3321	P	2	2	33.3%	accessory	PJ1F	123	123	123	123.0	0.500	0.0
FAM_P3322	P	4	2	33.3%	accessory	PG7G	924	924	924	924.0	0.500	0.0
FAM_P3323	P	2	2	33.3%	accessory	PJ37	2421	2421	2421	2421.0	0.500	0.0
FAM_P3324	P	5	3	50.0%	accessory	PB73	1014	1014	1014	1014.0	0.600	0.0
FAM_P3325	P	2	2	33.3%	accessory	P9J7	915	915	915	915.0	1.000	0.0
SING_PJ8J	P	1	1	16.7%	accessory	PJ8J	1095	1095	1095	1095.0	1.000	0.0
SING_PJ9F	P	1	1	16.7%	accessory	PJ9F	1323	1323	1323	1323.0	1.000	0.0
SING_PJAB	P	1	1	16.7%	accessory	PJAB	384	384	384	384.0	1.000	0.0
SING_PJB7	P	1	1	16.7%	accessory	PJB7	243	243	243	243.0	1.000	0.0
FAM_P3326	P	6	6	100.0%	core	P2T0	1074	1074	1074	1074.0	0.667	0.0
FAM_P3327	P	6	6	100.0%	core	P2OO	564	564	564	564.0	0.667	0.0
FAM_P3328	P	6	6	100.0%	core	P2NU	1650	1650	1650	1650.0	0.667	0.0
SING_PJIB	P	1	1	16.7%	accessory	PJIB	1626	1626	1626	1626.0	1.000	0.0
FAM_P3329	P	6	6	100.0%	core	P2LC	2187	2187	2187	2187.0	0.667	0.0
FAM_P3330	P	6	6	100.0%	core	P2KG	669	669	669	669.0	0.667	0.0
FAM_P3331	P	3	3	50.0%	accessory	P2IO	678	678	678	678.0	1.000	0.0
FAM_P3332	P	6	6	100.0%	core	P2F3	1434	1434	1434	1434.0	0.667	0.0
FAM_P3333	P	6	6	100.0%	core	P2E7	2673	2673	2673	2673.0	0.667	0.0
FAM_P3334	P	6	6	100.0%	core	P2AN	630	630	630	630.0	0.667	0.0
FAM_P3335	P	6	6	100.0%	core	P28S	1080	1080	1080	1080.0	0.667	0.0
FAM_P3336	P	6	6	100.0%	core	P27W	714	714	714	714.0	0.667	0.0
FAM_P3337	P	6	6	100.0%	core	P270	522	522	522	522.0	0.667	0.0
FAM_P3338	P	8	2	33.3%	accessory	P1TN	141	141	141	141.0	0.250	0.0
FAM_P3339	P	6	6	100.0%	core	P25L	837	837	837	837.0	0.667	0.0
FAM_P3340	P	6	6	100.0%	core	P24P	228	228	228	228.0	0.333	0.0
FAM_P3341	P	3	3	50.0%	accessory	P23T	141	108	141	130.0	0.667	363.0
FAM_P3342	P	6	6	100.0%	core	P22Y	480	480	480	480.0	0.667	0.0
FAM_P3343	P	6	6	100.0%	core	P214	1203	1203	1203	1203.0	0.667	0.0
FAM_P3344	P	2	2	33.3%	accessory	P8C1	1173	705	1173	939.0	1.000	109512.0
FAM_P3345	P	6	6	100.0%	core	P1ZA	519	519	519	519.0	0.667	0.0
FAM_P3346	P	6	6	100.0%	core	P1YE	681	681	681	681.0	0.667	0.0
FAM_P3347	P	6	6	100.0%	core	P1XJ	1140	1140	1140	1140.0	0.667	0.0
FAM_P3348	P	6	6	100.0%	core	P1Q0	759	759	759	759.0	0.667	0.0
FAM_P3349	P	6	6	100.0%	core	P1O8	603	603	603	603.0	0.667	0.0
FAM_P3350	P	6	6	100.0%	core	P1NB	939	939	939	939.0	0.667	0.0
FAM_P3351	P	3	3	50.0%	accessory	P1KL	462	462	462	462.0	0.667	0.0
SING_PKLF	P	1	1	16.7%	accessory	PKLF	396	396	396	396.0	1.000	0.0
FAM_P3352	P	11	6	100.0%	core	P1IO	222	222	222	222.0	0.545	0.0
FAM_P3353	P	6	6	100.0%	core	P1G3	801	801	801	801.0	0.667	0.0
SING_PKPV	P	1	1	16.7%	accessory	PKPV	273	273	273	273.0	1.000	0.0
FAM_P3354	P	6	6	100.0%	core	P1EM	660	660	660	660.0	0.833	0.0
FAM_P3355	P	6	6	100.0%	core	P1DR	1365	1365	1365	1365.0	0.833	0.0
FAM_P3356	P	6	6	100.0%	core	P1CV	855	855	855	855.0	0.667	0.0
FAM_P3357	P	6	6	100.0%	core	P1B3	435	435	435	435.0	0.167	0.0
FAM_P3358	P	6	6	100.0%	core	P1A7	411	411	411	411.0	0.667	0.0
FAM_P3359	P	6	6	100.0%	core	P18F	1173	1173	1173	1173.0	0.667	0.0
FAM_P3360	P	6	6	100.0%	core	P15Q	882	876	882	881.0	0.667	6.0
FAM_P3361	P	8	6	100.0%	core	P13Z	846	111	846	634.5	0.625	106747.7
FAM_P3362	P	6	6	100.0%	core	P4QW	906	906	906	906.0	0.667	0.0
FAM_P3363	P	6	6	100.0%	core	P4MC	711	711	711	711.0	0.667	0.0
FAM_P3364	P	6	6	100.0%	core	P4LJ	633	633	633	633.0	0.667	0.0
FAM_P3365	P	3	3	50.0%	accessory	PHG6	219	219	219	219.0	0.667	0.0
FAM_P3366	P	6	6	100.0%	core	P4IS	1461	1461	1461	1461.0	0.667	0.0
FAM_P3367	P	6	6	100.0%	core	P4FK	1023	1023	1023	1023.0	0.667	0.0
FAM_P3368	P	6	6	100.0%	core	P4EO	648	648	648	648.0	0.667	0.0
FAM_P3369	P	6	6	100.0%	core	P44L	663	663	663	663.0	0.667	0.0
FAM_P3370	P	6	6	100.0%	core	P43O	2613	2613	2613	2613.0	0.667	0.0
FAM_P3371	P	3	3	50.0%	accessory	PHNQ	591	591	591	591.0	0.667	0.0
FAM_P3372	P	6	6	100.0%	core	P41Z	1014	1014	1050	1020.0	0.833	216.0
FAM_P3373	P	3	2	33.3%	accessory	P9WB	1035	1035	1038	1037.0	0.667	3.0
FAM_P3374	P	8	6	100.0%	core	P40M	348	348	966	721.5	0.750	77829.4
FAM_P3375	P	6	6	100.0%	core	P3ZP	672	672	672	672.0	0.667	0.0
FAM_P3376	P	6	6	100.0%	core	P3XJ	690	690	690	690.0	0.667	0.0
FAM_P3377	P	6	6	100.0%	core	P3US	726	726	726	726.0	0.667	0.0
FAM_P3378	P	6	6	100.0%	core	P3T0	1005	1005	1005	1005.0	0.667	0.0
FAM_P3379	P	6	6	100.0%	core	P3RK	1050	1050	1050	1050.0	0.667	0.0
FAM_P3380	P	6	6	100.0%	core	P3PJ	339	339	339	339.0	0.667	0.0
FAM_P3381	P	6	6	100.0%	core	P3OM	516	516	519	518.0	0.667	2.4
FAM_P3382	P	5	5	83.3%	accessory	P3MO	948	834	948	902.4	0.800	3898.8
FAM_P3383	P	6	6	100.0%	core	P3LK	2034	2034	2034	2034.0	0.667	0.0
SING_PLYB	P	1	1	16.7%	accessory	PLYB	408	408	408	408.0	1.000	0.0
FAM_P3384	P	6	6	100.0%	core	P3IO	771	771	771	771.0	0.667	0.0
FAM_P3385	P	6	6	100.0%	core	P3HB	825	825	825	825.0	0.667	0.0
FAM_P3386	P	6	6	100.0%	core	P3GG	1158	1116	1158	1151.0	0.667	294.0
FAM_P3387	P	6	6	100.0%	core	P3FK	1230	1230	1230	1230.0	0.667	0.0
FAM_P3388	P	6	6	100.0%	core	P2L	918	918	918	918.0	0.667	0.0
FAM_P3389	P	6	6	100.0%	core	P1P	1701	1701	1701	1701.0	0.667	0.0
FAM_P3390	P	6	6	100.0%	core	P3BY	717	717	717	717.0	0.833	0.0
SING_PM8Z	P	1	1	16.7%	accessory	PM8Z	234	234	234	234.0	1.000	0.0
FAM_P3391	P	6	6	100.0%	core	P37R	417	417	417	417.0	0.833	0.0
FAM_P3392	P	6	6	100.0%	core	P36W	639	639	639	639.0	0.667	0.0
FAM_P3393	P	6	6	100.0%	core	P360	1626	1626	1626	1626.0	0.833	0.0
FAM_P3394	P	6	6	100.0%	core	P348	1647	1647	1647	1647.0	0.667	0.0
FAM_P3395	P	4	4	66.7%	accessory	P33C	450	450	450	450.0	0.750	0.0
FAM_P3396	P	6	6	100.0%	core	P32G	282	282	282	282.0	0.667	0.0
FAM_P3397	P	6	6	100.0%	core	P31K	891	891	891	891.0	0.667	0.0
FAM_P3398	P	6	6	100.0%	core	P30O	672	672	672	672.0	0.667	0.0
FAM_P3399	P	6	6	100.0%	core	P2ZS	1374	1374	1374	1374.0	0.667	0.0
FAM_P3400	P	6	6	100.0%	core	P2YW	846	846	846	846.0	0.667	0.0
FAM_P3401	P	6	6	100.0%	core	P2XZ	588	588	588	588.0	0.500	0.0
FAM_P3402	P	6	6	100.0%	core	P2X3	510	507	510	509.0	0.667	2.4
FAM_P3403	P	6	6	100.0%	core	P2W7	954	954	954	954.0	0.667	0.0
FAM_P3404	P	6	6	100.0%	core	P2VB	1251	1251	1251	1251.0	0.667	0.0
FAM_P3405	P	6	6	100.0%	core	P2UE	891	891	891	891.0	0.833	0.0
FAM_P3406	P	3	3	50.0%	accessory	P2TJ	1617	1617	1617	1617.0	0.667	0.0
SING_PMOZ	P	1	1	16.7%	accessory	PMOZ	378	378	378	378.0	1.000	0.0
SING_PMQR	P	1	1	16.7%	accessory	PMQR	573	573	573	573.0	1.000	0.0
SING_PMRN	P	1	1	16.7%	accessory	PMRN	252	252	252	252.0	1.000	0.0
SING_PMTF	P	1	1	16.7%	accessory	PMTF	576	576	576	576.0	1.000	0.0
FAM_P3407	P	4	4	66.7%	accessory	P4CK	1041	1041	1041	1041.0	0.500	0.0
FAM_P3408	P	2	2	33.3%	accessory	PJ35	264	264	264	264.0	0.500	0.0
FAM_P3409	P	2	2	33.3%	accessory	PJ1D	1182	1182	1182	1182.0	0.500	0.0
SING_PN0J	P	1	1	16.7%	accessory	PN0J	861	861	861	861.0	1.000	0.0
FAM_P3410	P	4	4	66.7%	accessory	P1W	132	132	132	132.0	0.750	0.0
FAM_P3411	P	6	6	100.0%	core	P2S	1044	1044	1044	1044.0	0.667	0.0
FAM_P3412	P	6	6	100.0%	core	P3GM	852	852	852	852.0	0.667	0.0
FAM_P3413	P	6	6	100.0%	core	P3HI	576	573	576	575.0	0.667	2.4
FAM_P3414	P	6	6	100.0%	core	P3M8	891	891	891	891.0	0.667	0.0
FAM_P3415	P	6	6	100.0%	core	P3NX	1269	1269	1269	1269.0	0.667	0.0
FAM_P3416	P	6	6	100.0%	core	P3OX	891	891	891	891.0	0.667	0.0
FAM_P3417	P	6	6	100.0%	core	P3PT	375	375	375	375.0	0.667	0.0
FAM_P3418	P	3	3	50.0%	accessory	P4JI	207	207	207	207.0	0.333	0.0
FAM_P3419	P	6	6	100.0%	core	P3WD	717	717	717	717.0	0.667	0.0
FAM_P3420	P	6	6	100.0%	core	P3XI	774	774	774	774.0	0.667	0.0
FAM_P3421	P	6	6	100.0%	core	P3ZO	996	996	996	996.0	0.833	0.0
FAM_P3422	P	6	6	100.0%	core	P42M	1344	1344	1344	1344.0	0.667	0.0
FAM_P3423	P	6	6	100.0%	core	P44D	453	453	453	453.0	0.667	0.0
FAM_P3424	P	6	6	100.0%	core	P4AB	1272	1272	1272	1272.0	0.667	0.0
FAM_P3425	P	6	6	100.0%	core	P4EF	1053	1053	1053	1053.0	0.667	0.0
FAM_P3426	P	6	6	100.0%	core	P4FB	522	522	522	522.0	0.333	0.0
FAM_P3427	P	6	6	100.0%	core	P4G7	822	822	840	828.0	0.833	86.4
FAM_P3428	P	6	6	100.0%	core	P4KY	1542	1542	1542	1542.0	0.667	0.0
FAM_P3429	P	6	6	100.0%	core	P144	3741	3741	3741	3741.0	0.667	0.0
FAM_P3430	P	6	6	100.0%	core	P15W	219	219	219	219.0	0.667	0.0
FAM_P3431	P	6	6	100.0%	core	P17O	1254	1254	1254	1254.0	0.667	0.0
FAM_P3432	P	6	6	100.0%	core	P18K	582	582	582	582.0	0.667	0.0
FAM_P3433	P	6	6	100.0%	core	P19G	90	90	90	90.0	0.333	0.0
FAM_P3434	P	6	6	100.0%	core	P1AC	1266	1266	1266	1266.0	0.667	0.0
FAM_P3435	P	6	6	100.0%	core	P1B8	759	759	759	759.0	0.667	0.0
FAM_P3436	P	6	6	100.0%	core	P1C4	1167	1167	1167	1167.0	0.833	0.0
FAM_P3437	P	6	6	100.0%	core	P1MS	1521	1521	1521	1521.0	0.667	0.0
FAM_P3438	P	6	6	100.0%	core	P1NO	1590	1590	1590	1590.0	0.667	0.0
FAM_P3439	P	6	6	100.0%	core	P1OK	1065	1065	1065	1065.0	0.667	0.0
FAM_P3440	P	10	6	100.0%	core	P1PF	900	186	960	629.4	0.800	145921.6
FAM_P3441	P	6	6	100.0%	core	P1R8	774	774	774	774.0	0.667	0.0
FAM_P3442	P	6	4	66.7%	accessory	P1S3	897	168	2640	1751.0	0.833	1053794.4
FAM_P3443	P	8	6	100.0%	core	P1T0	1146	231	1146	850.5	0.750	159780.9
FAM_P3444	P	8	6	100.0%	core	P1TW	927	348	927	689.2	0.625	70721.4
FAM_P3445	P	6	6	100.0%	core	P1US	888	888	888	888.0	0.667	0.0
FAM_P3446	P	6	6	100.0%	core	P1VO	1128	1128	1128	1128.0	0.667	0.0
FAM_P3447	P	3	3	50.0%	accessory	P22S	1365	1365	1365	1365.0	0.667	0.0
FAM_P3448	P	6	6	100.0%	core	P24K	423	423	423	423.0	0.667	0.0
FAM_P3449	P	6	6	100.0%	core	P25G	1263	1263	1263	1263.0	0.667	0.0
FAM_P3450	P	5	5	83.3%	accessory	P26C	1197	1197	1197	1197.0	0.800	0.0
FAM_P3451	P	6	6	100.0%	core	P278	2874	2874	2874	2874.0	0.833	0.0
FAM_P3452	P	6	6	100.0%	core	P284	921	921	921	921.0	0.667	0.0
FAM_P3453	P	6	6	100.0%	core	P29W	885	885	885	885.0	0.667	0.0
FAM_P3454	P	8	6	100.0%	core	P2DG	702	162	714	522.0	0.625	56859.4
FAM_P3455	P	6	6	100.0%	core	P2EC	333	333	333	333.0	0.667	0.0
FAM_P3456	P	6	6	100.0%	core	P2F8	633	633	633	633.0	0.667	0.0
FAM_P3457	P	4	4	66.7%	accessory	P2JO	1338	1338	1338	1338.0	0.500	0.0
FAM_P3458	P	6	6	100.0%	core	P2KK	1623	1623	1623	1623.0	0.667	0.0
FAM_P3459	P	6	6	100.0%	core	P2LG	528	528	528	528.0	0.667	0.0
FAM_P3460	P	6	6	100.0%	core	P2N8	843	843	843	843.0	0.667	0.0
FAM_P3461	P	6	6	100.0%	core	P2O4	1950	1950	1950	1950.0	0.667	0.0
FAM_P3462	P	6	6	100.0%	core	P2PW	1845	1845	1845	1845.0	0.667	0.0
FAM_P3463	P	7	6	100.0%	core	P2RO	1206	210	1206	1040.1	0.857	137780.1
FAM_P3464	P	5	5	83.3%	accessory	P2SK	717	717	717	717.0	0.600	0.0
FAM_P3465	P	6	6	100.0%	core	P2UC	1506	1443	1506	1495.5	0.667	661.5
FAM_P3466	P	6	6	100.0%	core	P2V8	882	882	882	882.0	0.667	0.0
FAM_P3467	P	6	6	100.0%	core	P2W4	1023	1023	1023	1023.0	0.667	0.0
FAM_P3468	P	6	6	100.0%	core	P2X0	186	186	186	186.0	0.500	0.0
FAM_P3469	P	6	6	100.0%	core	P2XW	636	636	636	636.0	0.667	0.0
FAM_P3470	P	6	6	100.0%	core	P2YS	429	429	429	429.0	0.667	0.0
FAM_P3471	P	6	6	100.0%	core	P2ZO	2652	2652	2652	2652.0	0.667	0.0
FAM_P3472	P	6	6	100.0%	core	P31G	738	738	738	738.0	0.833	0.0
FAM_P3473	P	5	4	66.7%	accessory	P338	981	246	981	779.4	0.800	102885.3
FAM_P3474	P	6	6	100.0%	core	P344	909	909	909	909.0	0.667	0.0
FAM_P3475	P	6	6	100.0%	core	P350	318	318	318	318.0	0.667	0.0
SING_P3AC	P	1	1	16.7%	accessory	P3AC	1518	1518	1518	1518.0	1.000	0.0
FAM_P3476	P	6	6	100.0%	core	P3B8	162	162	162	162.0	0.333	0.0
FAM_P3477	P	6	6	100.0%	core	P3C4	297	297	297	297.0	0.833	0.0
FAM_P3478	P	6	6	100.0%	core	P3D0	786	786	786	786.0	0.833	0.0
FAM_P3479	P	6	6	100.0%	core	P3J8	402	273	402	380.5	0.833	2773.5
FAM_P3480	P	6	6	100.0%	core	P3L0	4254	888	4254	3518.0	0.833	1835199.6
FAM_P3481	P	6	6	100.0%	core	P3LW	1383	1383	1383	1383.0	0.833	0.0
FAM_P3482	P	5	5	83.3%	accessory	P3MS	810	810	810	810.0	0.600	0.0
FAM_P3483	P	6	6	100.0%	core	P3NO	459	459	459	459.0	0.667	0.0
FAM_P3484	P	3	3	50.0%	accessory	P3DY	570	570	570	570.0	0.667	0.0
FAM_P3485	P	3	3	50.0%	accessory	P3IE	501	501	501	501.0	0.667	0.0
FAM_P3486	P	6	6	100.0%	core	P3JA	1104	1104	1104	1104.0	0.667	0.0
FAM_P3487	P	4	4	66.7%	accessory	P3L2	870	870	870	870.0	0.750	0.0
FAM_P3488	P	3	3	50.0%	accessory	P3LY	987	987	987	987.0	0.667	0.0
FAM_P3489	P	5	5	83.3%	accessory	P3MU	1014	1014	1014	1014.0	0.600	0.0
FAM_P3490	P	6	6	100.0%	core	P3NQ	192	192	192	192.0	0.667	0.0
FAM_P3491	P	6	6	100.0%	core	P3PI	1782	1782	1782	1782.0	0.833	0.0
FAM_P3492	P	6	6	100.0%	core	P3RA	1782	1782	1782	1782.0	0.667	0.0
FAM_P3493	P	7	6	100.0%	core	P3S6	2238	1029	2238	1913.1	0.857	309530.1
FAM_P3494	P	12	6	100.0%	core	P1E0	210	210	210	210.0	0.417	0.0
FAM_P3495	P	6	6	100.0%	core	P3VQ	207	207	207	207.0	0.833	0.0
FAM_P3496	P	3	3	50.0%	accessory	P3WM	318	318	318	318.0	0.667	0.0
FAM_P3497	P	6	6	100.0%	core	P3ZA	990	990	990	990.0	0.833	0.0
FAM_P3498	P	6	6	100.0%	core	P406	888	888	888	888.0	0.667	0.0
FAM_P3499	P	6	6	100.0%	core	P412	597	597	597	597.0	0.667	0.0
SING_P45I	P	1	1	16.7%	accessory	P45I	141	141	141	141.0	1.000	0.0
FAM_P3500	P	6	6	100.0%	core	P49Y	591	591	591	591.0	0.667	0.0
FAM_P3501	P	6	6	100.0%	core	P4KM	813	813	813	813.0	0.667	0.0
FAM_P3502	P	6	6	100.0%	core	P4P2	1194	1194	1194	1194.0	0.667	0.0
FAM_P3503	P	6	6	100.0%	core	P10P	1374	1374	1374	1374.0	0.667	0.0
FAM_P3504	P	6	2	33.3%	accessory	P4TI	630	408	630	556.0	0.500	13142.4
FAM_P3505	P	6	6	100.0%	core	P12U	1641	456	1641	1443.5	0.667	234037.5
FAM_P3506	P	5	5	83.3%	accessory	P13S	213	213	213	213.0	0.800	0.0
FAM_P3507	P	6	6	100.0%	core	P14J	432	432	432	432.0	0.667	0.0
FAM_P3508	P	5	5	83.3%	accessory	P15D	1536	1536	1536	1536.0	0.800	0.0
FAM_P3509	P	6	6	100.0%	core	P166	204	204	204	204.0	0.333	0.0
FAM_P3510	P	2	2	33.3%	accessory	P5BA	204	204	204	204.0	0.500	0.0
FAM_P3511	P	6	4	66.7%	accessory	P4DH	2385	900	2397	1892.0	0.667	590460.0
FAM_P3512	P	3	3	50.0%	accessory	P5OM	1191	1191	1191	1191.0	0.667	0.0
FAM_P3513	P	6	6	100.0%	core	P1R1	543	543	543	543.0	0.667	0.0
FAM_P3514	P	6	6	100.0%	core	P1RX	552	552	552	552.0	0.667	0.0
FAM_P3515	P	6	6	100.0%	core	P1VW	879	879	879	879.0	0.667	0.0
FAM_P3516	P	6	6	100.0%	core	P1WS	1371	1368	1377	1371.5	0.667	8.7
FAM_P3517	P	3	3	50.0%	accessory	P61Y	594	594	594	594.0	0.667	0.0
FAM_P3518	P	6	6	100.0%	core	P24D	1368	1368	1368	1368.0	0.667	0.0
FAM_P3519	P	6	6	100.0%	core	P259	690	690	690	690.0	0.667	0.0
FAM_P3520	P	3	3	50.0%	accessory	P65I	240	240	240	240.0	0.333	0.0
FAM_P3521	P	5	5	83.3%	accessory	P26I	579	579	579	579.0	0.600	0.0
FAM_P3522	P	6	6	100.0%	core	P27F	330	330	330	330.0	0.500	0.0
FAM_P3523	P	6	6	100.0%	core	P2BR	984	984	984	984.0	0.667	0.0
FAM_P3524	P	6	6	100.0%	core	P2HZ	372	372	372	372.0	0.167	0.0
FAM_P3525	P	6	6	100.0%	core	P2J9	870	870	870	870.0	0.667	0.0
FAM_P3526	P	6	6	100.0%	core	P2KC	780	780	795	785.0	0.667	60.0
FAM_P3527	P	6	6	100.0%	core	P2L6	1506	1506	1506	1506.0	0.667	0.0
FAM_P3528	P	6	6	100.0%	core	P2LZ	768	768	768	768.0	0.667	0.0
FAM_P3529	P	6	6	100.0%	core	P2N2	1500	1500	1500	1500.0	0.667	0.0
FAM_P3530	P	6	6	100.0%	core	P2OK	1608	1608	1608	1608.0	0.833	0.0
FAM_P3531	P	6	6	100.0%	core	P2PC	2031	2031	2031	2031.0	0.667	0.0
FAM_P3532	P	6	6	100.0%	core	P2QF	1020	1020	1020	1020.0	0.833	0.0
FAM_P3533	P	6	6	100.0%	core	P2RE	687	687	717	712.0	0.833	150.0
FAM_P3534	P	6	6	100.0%	core	P2SF	894	867	894	889.5	0.667	121.5
FAM_P3535	P	6	6	100.0%	core	P2W0	870	870	870	870.0	0.667	0.0
FAM_P3536	P	6	6	100.0%	core	P2WW	987	987	987	987.0	0.667	0.0
FAM_P3537	P	3	3	50.0%	accessory	P2YK	105	105	105	105.0	0.667	0.0
FAM_P3538	P	6	6	100.0%	core	P2ZA	891	891	891	891.0	0.833	0.0
FAM_P3539	P	6	6	100.0%	core	P304	927	927	927	927.0	0.667	0.0
FAM_P3540	P	6	6	100.0%	core	P311	930	930	930	930.0	0.833	0.0
FAM_P3541	P	6	6	100.0%	core	P324	1038	996	1038	1031.0	0.667	294.0
FAM_P3542	P	6	6	100.0%	core	P330	420	420	420	420.0	0.500	0.0
FAM_P3543	P	6	6	100.0%	core	P33V	879	879	879	879.0	0.667	0.0
FAM_P3544	P	6	6	100.0%	core	P34R	1257	1257	1257	1257.0	0.667	0.0
FAM_P3545	P	6	6	100.0%	core	P35P	198	198	198	198.0	0.333	0.0
FAM_P3546	P	6	6	100.0%	core	P36K	621	621	621	621.0	0.667	0.0
FAM_P3547	P	6	6	100.0%	core	P37G	948	948	948	948.0	0.833	0.0
FAM_P3548	P	6	6	100.0%	core	P39W	912	729	912	820.5	0.833	10046.7
FAM_P3549	P	6	6	100.0%	core	P3BM	1233	1233	1233	1233.0	0.833	0.0
FAM_P3550	P	6	6	100.0%	core	P2RK	276	276	276	276.0	0.167	0.0
FAM_P3551	P	6	6	100.0%	core	P2EI	477	477	477	477.0	0.500	0.0
SING_P82U	P	1	1	16.7%	accessory	P82U	660	660	660	660.0	1.000	0.0
FAM_P3552	P	6	6	100.0%	core	P28D	636	636	636	636.0	0.500	0.0
SING_P87A	P	1	1	16.7%	accessory	P87A	1137	1137	1137	1137.0	1.000	0.0
FAM_P3553	P	6	6	100.0%	core	P20T	159	159	159	159.0	0.500	0.0
SING_P8DI	P	1	1	16.7%	accessory	P8DI	774	774	774	774.0	1.000	0.0
SING_P8KM	P	1	1	16.7%	accessory	P8KM	348	348	348	348.0	1.000	0.0
SING_P8LI	P	1	1	16.7%	accessory	P8LI	204	204	204	204.0	1.000	0.0
FAM_P3554	P	6	6	100.0%	core	P1NT	285	285	285	285.0	0.667	0.0
SING_P8VA	P	1	1	16.7%	accessory	P8VA	1059	1059	1059	1059.0	1.000	0.0
SING_P8X2	P	1	1	16.7%	accessory	P8X2	477	477	477	477.0	1.000	0.0
FAM_P3555	P	6	6	100.0%	core	P1BZ	807	807	807	807.0	0.833	0.0
FAM_P3556	P	9	6	100.0%	core	P11G	576	576	585	579.3	0.667	16.8
SING_P9K6	P	1	1	16.7%	accessory	P9K6	327	327	327	327.0	1.000	0.0
SING_P9LY	P	1	1	16.7%	accessory	P9LY	750	750	750	750.0	1.000	0.0
SING_P9QE	P	1	1	16.7%	accessory	P9QE	570	570	570	570.0	1.000	0.0
SING_P9VQ	P	1	1	16.7%	accessory	P9VQ	1173	1173	1173	1173.0	1.000	0.0
SING_P9WM	P	1	1	16.7%	accessory	P9WM	303	303	303	303.0	1.000	0.0
SING_PA12	P	1	1	16.7%	accessory	PA12	888	888	888	888.0	1.000	0.0
FAM_P3557	P	4	4	66.7%	accessory	PA86	102	102	102	102.0	0.500	0.0
SING_PABQ	P	1	1	16.7%	accessory	PABQ	1347	1347	1347	1347.0	1.000	0.0
SING_PAH2	P	1	1	16.7%	accessory	PAH2	366	366	366	366.0	1.000	0.0
SING_PAME	P	1	1	16.7%	accessory	PAME	528	528	528	528.0	1.000	0.0
SING_PANA	P	1	1	16.7%	accessory	PANA	726	726	726	726.0	1.000	0.0
SING_PATI	P	1	1	16.7%	accessory	PATI	834	834	834	834.0	1.000	0.0
SING_PAUE	P	1	1	16.7%	accessory	PAUE	1500	1500	1500	1500.0	1.000	0.0
SING_PAXY	P	1	1	16.7%	accessory	PAXY	1551	1551	1551	1551.0	1.000	0.0
SING_PAZQ	P	1	1	16.7%	accessory	PAZQ	1011	1011	1011	1011.0	1.000	0.0
FAM_P3558	P	2	2	33.3%	accessory	PB52	516	516	516	516.0	1.000	0.0
SING_PB5Y	P	1	1	16.7%	accessory	PB5Y	351	351	351	351.0	1.000	0.0
SING_PB6U	P	1	1	16.7%	accessory	PB6U	585	585	585	585.0	1.000	0.0
FAM_P3559	P	6	6	100.0%	core	P15K	915	915	915	915.0	0.667	0.0
FAM_P3560	P	6	6	100.0%	core	P131	993	993	993	993.0	0.667	0.0
FAM_P3561	P	6	6	100.0%	core	P11N	423	423	423	423.0	0.667	0.0
FAM_P3562	P	9	2	33.3%	accessory	P4HB	366	366	366	366.0	0.111	0.0
FAM_P3563	P	6	6	100.0%	core	P182	930	930	930	930.0	0.667	0.0
FAM_P3564	P	6	6	100.0%	core	P18W	657	657	657	657.0	0.833	0.0
FAM_P3565	P	6	6	100.0%	core	P19S	669	669	669	669.0	0.667	0.0
FAM_P3566	P	6	6	100.0%	core	P1AO	2379	2379	2379	2379.0	0.667	0.0
FAM_P3567	P	6	6	100.0%	core	P1BL	840	840	840	840.0	0.667	0.0
FAM_P3568	P	6	6	100.0%	core	P1D9	183	183	183	183.0	0.500	0.0
FAM_P3569	P	6	6	100.0%	core	P1EY	1323	1323	1323	1323.0	0.833	0.0
FAM_P3570	P	6	6	100.0%	core	P1FU	1965	1965	1965	1965.0	0.833	0.0
FAM_P3571	P	6	6	100.0%	core	P1GS	366	366	366	366.0	0.833	0.0
FAM_P3572	P	6	6	100.0%	core	P1HO	1419	1419	1419	1419.0	0.833	0.0
FAM_P3573	P	6	3	50.0%	accessory	P460	1593	1593	1593	1593.0	0.500	0.0
FAM_P3574	P	6	6	100.0%	core	P1KD	1584	1584	1584	1584.0	0.833	0.0
FAM_P3575	P	6	6	100.0%	core	P1LD	1005	1005	1005	1005.0	0.833	0.0
FAM_P3576	P	6	6	100.0%	core	P1M3	471	471	471	471.0	0.667	0.0
FAM_P3577	P	7	3	50.0%	accessory	P3XW	216	216	282	225.4	0.714	622.3
FAM_P3578	P	6	6	100.0%	core	P1MM	885	885	885	885.0	0.667	0.0
FAM_P3579	P	6	6	100.0%	core	P1NI	714	714	714	714.0	0.500	0.0
FAM_P3580	P	6	6	100.0%	core	P1OF	165	165	165	165.0	0.833	0.0
FAM_P3581	P	6	6	100.0%	core	P1T3	1251	1251	1251	1251.0	0.667	0.0
FAM_P3582	P	6	6	100.0%	core	P1U1	762	762	762	762.0	0.667	0.0
FAM_P3583	P	6	6	100.0%	core	P1V7	1404	1404	1404	1404.0	0.667	0.0
FAM_P3584	P	5	5	83.3%	accessory	P1W3	651	651	651	651.0	0.600	0.0
FAM_P3585	P	6	6	100.0%	core	P1XR	873	873	873	873.0	0.667	0.0
FAM_P3586	P	6	6	100.0%	core	P1YM	738	738	738	738.0	0.667	0.0
FAM_P3587	P	6	6	100.0%	core	P1ZJ	1242	1242	1242	1242.0	0.833	0.0
FAM_P3588	P	2	2	33.3%	accessory	P5ZH	1263	1245	1263	1254.0	1.000	162.0
FAM_P3589	P	3	3	50.0%	accessory	P65P	666	666	666	666.0	0.667	0.0
FAM_P3590	P	5	5	83.3%	accessory	P26P	1368	1368	1368	1368.0	0.600	0.0
FAM_P3591	P	4	4	66.7%	accessory	P27N	786	786	786	786.0	0.500	0.0
FAM_P3592	P	6	6	100.0%	core	P2B2	201	201	201	201.0	0.667	0.0
FAM_P3593	P	4	4	66.7%	accessory	P2BY	417	417	417	417.0	0.500	0.0
FAM_P3594	P	6	6	100.0%	core	P2CU	1332	1332	1332	1332.0	0.667	0.0
FAM_P3595	P	6	6	100.0%	core	P2DS	519	519	519	519.0	0.667	0.0
FAM_P3596	P	6	6	100.0%	core	P2EO	972	972	972	972.0	0.667	0.0
FAM_P3597	P	6	6	100.0%	core	P2FR	894	894	894	894.0	0.667	0.0
FAM_P3598	P	6	6	100.0%	core	P2GN	882	882	882	882.0	0.667	0.0
FAM_P3599	P	6	6	100.0%	core	P2HJ	384	384	384	384.0	0.333	0.0
FAM_P3600	P	6	6	100.0%	core	P2KS	879	879	894	881.5	0.667	37.5
FAM_P3601	P	3	3	50.0%	accessory	P6MU	474	474	474	474.0	0.667	0.0
FAM_P3602	P	4	4	66.7%	accessory	P6NQ	1983	1983	1983	1983.0	0.750	0.0
FAM_P3603	P	6	6	100.0%	core	P2Q6	1149	1149	1149	1149.0	0.833	0.0
FAM_P3604	P	4	4	66.7%	accessory	P6RF	1059	1059	1059	1059.0	0.750	0.0
FAM_P3605	P	8	5	83.3%	accessory	P4DS	198	198	243	203.6	0.750	253.1
FAM_P3606	P	6	6	100.0%	core	P2TZ	471	471	471	471.0	0.500	0.0
FAM_P3607	P	6	6	100.0%	core	P2UV	282	282	282	282.0	0.667	0.0
FAM_P3608	P	6	6	100.0%	core	P2VR	897	897	897	897.0	0.667	0.0
FAM_P3609	P	6	6	100.0%	core	P2WL	702	702	702	702.0	0.833	0.0
FAM_P3610	P	6	6	100.0%	core	P2YA	837	837	837	837.0	0.667	0.0
FAM_P3611	P	6	6	100.0%	core	P2Z3	1026	1026	1026	1026.0	0.667	0.0
FAM_P3612	P	6	6	100.0%	core	P3A5	1152	1152	1152	1152.0	0.667	0.0
FAM_P3613	P	6	6	100.0%	core	P3B1	237	237	237	237.0	0.833	0.0
FAM_P3614	P	6	6	100.0%	core	P3BX	1353	1353	1353	1353.0	0.833	0.0
FAM_P3615	P	6	6	100.0%	core	P3CU	822	822	822	822.0	0.833	0.0
FAM_P3616	P	6	6	100.0%	core	P3F	771	768	771	770.0	1.000	2.4
FAM_P3617	P	4	4	66.7%	accessory	P3I6	1332	873	1332	1217.2	0.750	52670.2
FAM_P3618	P	6	6	100.0%	core	P3J2	378	375	378	376.0	0.667	2.4
FAM_P3619	P	6	6	100.0%	core	P3LQ	606	606	606	606.0	0.667	0.0
FAM_P3620	P	6	6	100.0%	core	P3NI	1095	1095	1095	1095.0	0.667	0.0
FAM_P3621	P	6	6	100.0%	core	P3OE	348	348	348	348.0	0.667	0.0
FAM_P3622	P	6	6	100.0%	core	P3PA	1872	1872	1872	1872.0	0.667	0.0
FAM_P3623	P	6	6	100.0%	core	P3Q6	705	645	705	665.0	0.667	960.0
FAM_P3624	P	6	6	100.0%	core	P3R2	2415	2415	2415	2415.0	0.667	0.0
FAM_P3625	P	5	5	83.3%	accessory	P3RY	693	693	693	693.0	0.600	0.0
FAM_P3626	P	6	6	100.0%	core	P3ST	2241	2241	2241	2241.0	0.833	0.0
FAM_P3627	P	6	6	100.0%	core	P3TP	552	552	552	552.0	0.833	0.0
FAM_P3628	P	5	5	83.3%	accessory	P3UL	1428	1428	1428	1428.0	0.600	0.0
FAM_P3629	P	6	6	100.0%	core	P3VH	1641	1641	1641	1641.0	0.833	0.0
FAM_P3630	P	6	6	100.0%	core	P3X9	1053	1053	1053	1053.0	0.667	0.0
FAM_P3631	P	6	6	100.0%	core	P3ZX	684	675	684	678.0	0.833	21.6
FAM_P3632	P	6	6	100.0%	core	P40T	1329	1329	1329	1329.0	0.667	0.0
FAM_P3633	P	6	6	100.0%	core	P43H	1848	1848	1848	1848.0	0.833	0.0
FAM_P3634	P	6	6	100.0%	core	P472	1029	1029	1029	1029.0	0.833	0.0
FAM_P3635	P	6	6	100.0%	core	P4E6	534	534	534	534.0	0.667	0.0
FAM_P3636	P	6	6	100.0%	core	P4F2	783	783	783	783.0	0.667	0.0
FAM_P3637	P	6	6	100.0%	core	P4FY	696	633	696	675.0	0.667	1058.4
FAM_P3638	P	4	4	66.7%	accessory	P4LA	1971	1971	1971	1971.0	0.750	0.0
FAM_P3639	P	6	6	100.0%	core	P4M6	651	651	651	651.0	0.667	0.0
FAM_P3640	P	6	6	100.0%	core	P4N2	744	744	744	744.0	0.667	0.0
FAM_P3641	P	6	6	100.0%	core	P4PQ	750	750	750	750.0	0.833	0.0
FAM_P3642	P	2	2	33.3%	accessory	P7GY	504	504	504	504.0	0.500	0.0
SING_PFGM	P	1	1	16.7%	accessory	PFGM	342	342	342	342.0	1.000	0.0
SING_PFHI	P	1	1	16.7%	accessory	PFHI	774	774	774	774.0	1.000	0.0
SING_PFIE	P	1	1	16.7%	accessory	PFIE	351	351	351	351.0	1.000	0.0
FAM_P3643	P	2	2	33.3%	accessory	P805	1797	1797	1797	1797.0	1.000	0.0
SING_PG0C	P	1	1	16.7%	accessory	PG0C	465	465	465	465.0	1.000	0.0
SING_PGA4	P	1	1	16.7%	accessory	PGA4	447	447	447	447.0	1.000	0.0
SING_PGR0	P	1	1	16.7%	accessory	PGR0	93	93	93	93.0	1.000	0.0
SING_PGRW	P	1	1	16.7%	accessory	PGRW	486	486	486	486.0	1.000	0.0
FAM_P3644	P	3	3	50.0%	accessory	P8VP	1035	831	1035	967.0	1.000	13872.0
SING_PH8S	P	1	1	16.7%	accessory	PH8S	177	177	177	177.0	1.000	0.0
SING_PHE4	P	1	1	16.7%	accessory	PHE4	888	888	888	888.0	1.000	0.0
SING_PHN0	P	1	1	16.7%	accessory	PHN0	453	453	453	453.0	1.000	0.0
FAM_P3645	P	7	5	83.3%	accessory	P4J4	303	96	303	268.3	0.714	5807.6
SING_PJ4E	P	1	1	16.7%	accessory	PJ4E	366	366	366	366.0	1.000	0.0
SING_PJ5A	P	1	1	16.7%	accessory	PJ5A	1194	1194	1194	1194.0	1.000	0.0
SING_PJ66	P	1	1	16.7%	accessory	PJ66	1278	1278	1278	1278.0	1.000	0.0
SING_PJ8U	P	1	1	16.7%	accessory	PJ8U	1074	1074	1074	1074.0	1.000	0.0
SING_PJ9Q	P	1	1	16.7%	accessory	PJ9Q	753	753	753	753.0	1.000	0.0
SING_PJAM	P	1	1	16.7%	accessory	PJAM	267	267	267	267.0	1.000	0.0
SING_PJBI	P	1	1	16.7%	accessory	PJBI	591	591	591	591.0	1.000	0.0
FAM_P3646	P	2	2	33.3%	accessory	P2R2	1125	1125	1125	1125.0	1.000	0.0
FAM_P3647	P	6	6	100.0%	core	P2K5	1287	1287	1287	1287.0	0.667	0.0
FAM_P3648	P	3	3	50.0%	accessory	P2ID	816	816	816	816.0	0.667	0.0
FAM_P3649	P	6	6	100.0%	core	P2D2	1335	1335	1335	1335.0	0.667	0.0
FAM_P3650	P	6	6	100.0%	core	P29G	1860	1860	1860	1860.0	0.667	0.0
FAM_P3651	P	3	3	50.0%	accessory	P22N	768	768	768	768.0	0.667	0.0
SING_PK5Q	P	1	1	16.7%	accessory	PK5Q	531	531	531	531.0	1.000	0.0
FAM_P3652	P	6	2	33.3%	accessory	P1YZ	120	120	120	120.0	0.167	0.0
FAM_P3653	P	6	6	100.0%	core	P1Y3	1383	1383	1383	1383.0	0.667	0.0
FAM_P3654	P	6	6	100.0%	core	P1WC	1464	1464	1464	1464.0	0.667	0.0
FAM_P3655	P	6	6	100.0%	core	P1VG	951	951	951	951.0	0.667	0.0
FAM_P3656	P	6	6	100.0%	core	P1UB	876	876	876	876.0	0.667	0.0
FAM_P3657	P	2	2	33.3%	accessory	P1SB	1059	1059	1059	1059.0	1.000	0.0
FAM_P3658	P	4	4	66.7%	accessory	P1OT	651	651	651	651.0	0.750	0.0
SING_PKJY	P	1	1	16.7%	accessory	PKJY	1275	1275	1275	1275.0	1.000	0.0
FAM_P3659	P	6	6	100.0%	core	P1F7	510	444	510	488.0	0.667	1161.6
SING_PL9Q	P	1	1	16.7%	accessory	PL9Q	153	153	153	153.0	1.000	0.0
FAM_P3660	P	3	2	33.3%	accessory	P9WP	342	342	342	342.0	0.667	0.0
FAM_P3661	P	6	6	100.0%	core	P3W2	1047	1047	1047	1047.0	0.667	0.0
FAM_P3662	P	6	6	100.0%	core	P3UF	582	582	582	582.0	0.667	0.0
FAM_P3663	P	11	6	100.0%	core	P3SQ	153	153	252	171.0	0.636	1603.8
FAM_P3664	P	6	6	100.0%	core	P3H0	597	597	597	597.0	0.667	0.0
FAM_P3665	P	6	6	100.0%	core	P3G5	798	798	798	798.0	0.667	0.0
FAM_P3666	P	6	6	100.0%	core	P36	363	363	363	363.0	0.667	0.0
FAM_P3667	P	6	6	100.0%	core	P2A	1488	1488	1488	1488.0	0.833	0.0
FAM_P3668	P	6	6	100.0%	core	P1D	822	822	822	822.0	0.667	0.0
SING_PM8E	P	1	1	16.7%	accessory	PM8E	951	951	951	951.0	1.000	0.0
SING_PM9A	P	1	1	16.7%	accessory	PM9A	3108	3108	3108	3108.0	1.000	0.0
FAM_P3669	P	8	6	100.0%	core	P2ZH	1080	318	1080	804.8	0.625	112147.1
FAM_P3670	P	3	3	50.0%	accessory	P2VW	381	381	381	381.0	0.667	0.0
SING_PMQ6	P	1	1	16.7%	accessory	PMQ6	231	231	231	231.0	1.000	0.0
SING_PMR2	P	1	1	16.7%	accessory	PMR2	648	648	648	648.0	1.000	0.0
SING_PMRY	P	1	1	16.7%	accessory	PMRY	222	222	222	222.0	1.000	0.0
SING_PMSU	P	1	1	16.7%	accessory	PMSU	399	399	399	399.0	1.000	0.0
FAM_P3671	P	2	2	33.3%	accessory	PJ46	243	243	243	243.0	0.500	0.0
SING_PMUM	P	1	1	16.7%	accessory	PMUM	780	780	780	780.0	1.000	0.0
FAM_P3672	P	6	6	100.0%	core	P27	942	942	942	942.0	0.667	0.0
FAM_P3673	P	6	6	100.0%	core	P33	1425	1425	1425	1425.0	0.667	0.0
FAM_P3674	P	6	6	100.0%	core	P3G2	2430	2430	2430	2430.0	0.833	0.0
FAM_P3675	P	6	6	100.0%	core	P3HT	801	786	801	791.0	0.667	60.0
FAM_P3676	P	2	1	16.7%	accessory	P20E	318	318	318	318.0	1.000	0.0
FAM_P3677	P	6	6	100.0%	core	P3WX	294	294	294	294.0	0.667	0.0
FAM_P3678	P	6	6	100.0%	core	P2IV	375	375	375	375.0	0.333	0.0
FAM_P3679	P	6	4	66.7%	accessory	P2JR	786	333	786	518.0	0.500	45175.2
FAM_P3680	P	6	6	100.0%	core	P2LJ	1038	1038	1038	1038.0	0.667	0.0
FAM_P3681	P	6	6	100.0%	core	P2MF	666	666	666	666.0	0.667	0.0
FAM_P3682	P	6	6	100.0%	core	P2P3	438	438	438	438.0	0.500	0.0
FAM_P3683	P	6	6	100.0%	core	P2SN	414	414	414	414.0	0.667	0.0
FAM_P3684	P	6	6	100.0%	core	P39J	726	726	726	726.0	0.833	0.0
SING_P3AF	P	1	1	16.7%	accessory	P3AF	1398	1398	1398	1398.0	1.000	0.0
FAM_P3685	P	6	6	100.0%	core	P3C7	954	954	954	954.0	0.667	0.0
FAM_P3686	P	6	6	100.0%	core	P11	1143	1143	1143	1143.0	0.833	0.0
FAM_P3687	P	4	4	66.7%	accessory	P3IF	519	519	519	519.0	0.750	0.0
FAM_P3688	P	6	6	100.0%	core	P3JB	1254	1254	1254	1254.0	0.667	0.0
FAM_P3689	P	5	5	83.3%	accessory	P3L3	594	594	594	594.0	0.800	0.0
FAM_P3690	P	5	5	83.3%	accessory	P3MV	1212	1212	1212	1212.0	0.600	0.0
FAM_P3691	P	6	6	100.0%	core	P3NR	678	678	678	678.0	0.667	0.0
FAM_P3692	P	6	6	100.0%	core	P3RB	777	777	777	777.0	0.667	0.0
FAM_P3693	P	6	6	100.0%	core	P3T3	1176	1176	1176	1176.0	0.667	0.0
FAM_P3694	P	6	6	100.0%	core	P3TZ	384	384	384	384.0	0.667	0.0
FAM_P3695	P	6	6	100.0%	core	P3UV	909	909	909	909.0	0.667	0.0
FAM_P3696	P	3	3	50.0%	accessory	P3WN	1371	1371	1371	1371.0	0.667	0.0
FAM_P3697	P	6	6	100.0%	core	P413	1233	1233	1233	1233.0	0.667	0.0
FAM_P3698	P	6	6	100.0%	core	P43R	1146	1146	1146	1146.0	0.667	0.0
FAM_P3699	P	6	6	100.0%	core	P47B	1242	1242	1242	1242.0	0.667	0.0
FAM_P3700	P	6	6	100.0%	core	P49Z	801	801	801	801.0	0.667	0.0
FAM_P3701	P	6	6	100.0%	core	P4IV	642	642	642	642.0	0.833	0.0
FAM_P3702	P	5	3	50.0%	accessory	P4JR	354	354	354	354.0	0.600	0.0
FAM_P3703	P	6	6	100.0%	core	P4KN	696	696	696	696.0	0.667	0.0
FAM_P3704	P	6	6	100.0%	core	P4MF	843	843	843	843.0	0.667	0.0
FAM_P3705	P	6	6	100.0%	core	P4P3	1359	1359	1359	1359.0	0.667	0.0
FAM_P3706	P	4	4	66.7%	accessory	P4PZ	1374	1374	1374	1374.0	0.750	0.0
FAM_P3707	P	6	6	100.0%	core	P10Q	936	936	936	936.0	0.667	0.0
FAM_P3708	P	4	2	33.3%	accessory	P4TJ	642	642	642	642.0	0.500	0.0
FAM_P3709	P	6	6	100.0%	core	P12V	924	924	924	924.0	0.833	0.0
FAM_P3710	P	5	5	83.3%	accessory	P14K	927	927	927	927.0	0.600	0.0
FAM_P3711	P	6	6	100.0%	core	P167	1461	1461	1461	1461.0	0.833	0.0
FAM_P3712	P	2	2	33.3%	accessory	P5BB	267	267	267	267.0	0.500	0.0
FAM_P3713	P	2	2	33.3%	accessory	P5GN	666	666	666	666.0	0.500	0.0
FAM_P3714	P	6	6	100.0%	core	P1R2	552	552	552	552.0	0.667	0.0
FAM_P3715	P	6	6	100.0%	core	P1VX	573	573	573	573.0	0.667	0.0
FAM_P3716	P	4	4	66.7%	accessory	P1WT	216	216	216	216.0	0.500	0.0
FAM_P3717	P	6	6	100.0%	core	P1ZD	348	348	348	348.0	0.167	0.0
FAM_P3718	P	4	4	66.7%	accessory	P607	1335	1335	1335	1335.0	0.750	0.0
FAM_P3719	P	6	6	100.0%	core	P24E	756	756	846	831.0	0.833	1350.0
FAM_P3720	P	6	6	100.0%	core	P25A	714	714	714	714.0	0.667	0.0
FAM_P3721	P	5	5	83.3%	accessory	P26J	3099	3099	3099	3099.0	0.800	0.0
FAM_P3722	P	6	6	100.0%	core	P27G	603	603	603	603.0	0.667	0.0
FAM_P3723	P	6	6	100.0%	core	P2BS	3093	3093	3093	3093.0	0.667	0.0
FAM_P3724	P	6	6	100.0%	core	P2CO	1311	1311	1311	1311.0	0.667	0.0
FAM_P3725	P	6	6	100.0%	core	P2G8	204	204	204	204.0	0.667	0.0
FAM_P3726	P	6	6	100.0%	core	P2H4	555	555	555	555.0	0.667	0.0
FAM_P3727	P	6	6	100.0%	core	P2I0	255	255	255	255.0	0.167	0.0
FAM_P3728	P	6	6	100.0%	core	P2JA	405	405	405	405.0	0.667	0.0
FAM_P3729	P	6	6	100.0%	core	P2KD	2553	2553	2553	2553.0	0.833	0.0
FAM_P3730	P	3	3	50.0%	accessory	P6KN	603	600	603	602.0	0.667	3.0
FAM_P3731	P	6	6	100.0%	core	P2M0	1278	1278	1278	1278.0	0.667	0.0
FAM_P3732	P	6	6	100.0%	core	P2N3	336	336	336	336.0	0.500	0.0
FAM_P3733	P	6	6	100.0%	core	P2PD	1254	1254	1254	1254.0	0.833	0.0
FAM_P3734	P	6	6	100.0%	core	P2QG	468	468	468	468.0	0.833	0.0
FAM_P3735	P	6	6	100.0%	core	P2RF	864	864	864	864.0	0.833	0.0
FAM_P3736	P	7	5	83.3%	accessory	P2SG	177	177	1323	800.1	0.571	274781.1
FAM_P3737	P	6	6	100.0%	core	P2ZB	2181	2181	2181	2181.0	0.667	0.0
FAM_P3738	P	6	6	100.0%	core	P312	1602	1602	1602	1602.0	0.833	0.0
FAM_P3739	P	4	4	66.7%	accessory	P753	798	798	798	798.0	0.750	0.0
FAM_P3740	P	6	6	100.0%	core	P331	1467	1467	1467	1467.0	0.667	0.0
FAM_P3741	P	6	6	100.0%	core	P33W	1503	1503	1503	1503.0	0.667	0.0
FAM_P3742	P	6	6	100.0%	core	P35Q	1299	1299	1299	1299.0	0.667	0.0
FAM_P3743	P	6	6	100.0%	core	P36L	1413	1413	1413	1413.0	0.667	0.0
FAM_P3744	P	6	6	100.0%	core	P37H	2697	2697	2697	2697.0	0.833	0.0
FAM_P3745	P	6	6	100.0%	core	P39X	1173	1173	1173	1173.0	0.833	0.0
FAM_P3746	P	6	6	100.0%	core	P3AR	1023	1023	1023	1023.0	0.833	0.0
FAM_P3747	P	3	3	50.0%	accessory	P3BN	168	168	168	168.0	0.667	0.0
FAM_P3748	P	4	4	66.7%	accessory	P7GN	234	234	234	234.0	0.750	0.0
FAM_P3749	P	6	6	100.0%	core	P2EH	294	294	294	294.0	0.167	0.0
FAM_P3750	P	6	6	100.0%	core	P2DL	861	861	864	862.0	0.667	2.4
SING_P82V	P	1	1	16.7%	accessory	P82V	624	624	624	624.0	1.000	0.0
SING_P87B	P	1	1	16.7%	accessory	P87B	261	261	261	261.0	1.000	0.0
SING_P8CN	P	1	1	16.7%	accessory	P8CN	225	225	225	225.0	1.000	0.0
SING_P8DJ	P	1	1	16.7%	accessory	P8DJ	294	294	294	294.0	1.000	0.0
SING_P8LJ	P	1	1	16.7%	accessory	P8LJ	924	924	924	924.0	1.000	0.0
FAM_P3751	P	6	6	100.0%	core	P1J8	591	591	591	591.0	0.833	0.0
SING_P8VB	P	1	1	16.7%	accessory	P8VB	768	768	768	768.0	1.000	0.0
FAM_P3752	P	6	6	100.0%	core	P1IC	936	936	936	936.0	0.833	0.0
FAM_P3753	P	8	6	100.0%	core	P1I4	7104	1470	7488	4907.2	0.750	4464981.6
FAM_P3754	P	6	6	100.0%	core	P1BY	1221	1221	1221	1221.0	0.833	0.0
SING_P98N	P	1	1	16.7%	accessory	P98N	147	147	147	147.0	1.000	0.0
FAM_P3755	P	2	2	33.3%	accessory	P9JB	294	294	294	294.0	1.000	0.0
SING_P9K7	P	1	1	16.7%	accessory	P9K7	651	651	651	651.0	1.000	0.0
SING_PA13	P	1	1	16.7%	accessory	PA13	294	294	294	294.0	1.000	0.0
SING_PALJ	P	1	1	16.7%	accessory	PALJ	579	579	579	579.0	1.000	0.0
SING_PAMF	P	1	1	16.7%	accessory	PAMF	357	357	357	357.0	1.000	0.0
SING_PANB	P	1	1	16.7%	accessory	PANB	2535	2535	2535	2535.0	1.000	0.0
FAM_P3756	P	6	6	100.0%	core	P36F	228	228	228	228.0	0.167	0.0
SING_PATJ	P	1	1	16.7%	accessory	PATJ	837	837	837	837.0	1.000	0.0
SING_PAUF	P	1	1	16.7%	accessory	PAUF	873	873	873	873.0	1.000	0.0
SING_PAXZ	P	1	1	16.7%	accessory	PAXZ	1620	1620	1620	1620.0	1.000	0.0
SING_PAZR	P	1	1	16.7%	accessory	PAZR	888	888	888	888.0	1.000	0.0
SING_PB5Z	P	1	1	16.7%	accessory	PB5Z	453	453	453	453.0	1.000	0.0
SING_PB6V	P	1	1	16.7%	accessory	PB6V	765	765	765	765.0	1.000	0.0
FAM_P3757	P	7	2	33.3%	accessory	P4NZ	228	228	228	228.0	0.143	0.0
FAM_P3758	P	7	6	100.0%	core	P15J	759	282	759	644.6	0.857	40141.3
FAM_P3759	P	5	5	83.3%	accessory	P14P	582	582	582	582.0	0.600	0.0
FAM_P3760	P	6	6	100.0%	core	P130	981	981	981	981.0	0.667	0.0
FAM_P3761	P	6	6	100.0%	core	P11M	267	267	267	267.0	0.667	0.0
FAM_P3762	P	3	3	50.0%	accessory	P51N	237	237	237	237.0	0.667	0.0
FAM_P3763	P	6	6	100.0%	core	P183	1404	1404	1404	1404.0	0.667	0.0
FAM_P3764	P	6	6	100.0%	core	P18X	324	324	324	324.0	0.667	0.0
FAM_P3765	P	6	6	100.0%	core	P19T	639	639	639	639.0	0.667	0.0
FAM_P3766	P	6	6	100.0%	core	P1AP	834	834	834	834.0	0.667	0.0
FAM_P3767	P	6	6	100.0%	core	P1BM	351	351	351	351.0	0.667	0.0
FAM_P3768	P	6	6	100.0%	core	P1CH	1017	1017	1017	1017.0	0.667	0.0
FAM_P3769	P	6	6	100.0%	core	P1DA	360	360	360	360.0	0.667	0.0
FAM_P3770	P	6	6	100.0%	core	P1EZ	987	987	987	987.0	0.667	0.0
FAM_P3771	P	6	6	100.0%	core	P1FV	927	927	927	927.0	0.667	0.0
FAM_P3772	P	6	6	100.0%	core	P1GT	1488	1488	1488	1488.0	0.833	0.0
FAM_P3773	P	6	3	50.0%	accessory	P45Z	207	207	207	207.0	0.500	0.0
FAM_P3774	P	4	4	66.7%	accessory	P5FU	411	411	411	411.0	0.750	0.0
FAM_P3775	P	3	3	50.0%	accessory	P5HM	339	339	339	339.0	0.667	0.0
FAM_P3776	P	6	6	100.0%	core	P1LE	966	966	966	966.0	0.833	0.0
FAM_P3777	P	6	6	100.0%	core	P1M4	720	720	720	720.0	0.667	0.0
FAM_P3778	P	4	2	33.3%	accessory	P48O	270	270	1947	1108.5	0.500	937443.0
FAM_P3779	P	7	3	50.0%	accessory	P3XV	222	222	222	222.0	0.714	0.0
FAM_P3780	P	6	6	100.0%	core	P1MN	720	720	720	720.0	0.667	0.0
FAM_P3781	P	6	6	100.0%	core	P1NJ	567	567	567	567.0	0.667	0.0
FAM_P3782	P	6	6	100.0%	core	P1OG	489	489	489	489.0	0.667	0.0
FAM_P3783	P	6	6	100.0%	core	P1T4	636	633	636	635.5	0.667	1.5
FAM_P3784	P	6	6	100.0%	core	P1U2	972	972	972	972.0	0.667	0.0
FAM_P3785	P	6	6	100.0%	core	P1V8	288	288	288	288.0	0.667	0.0
FAM_P3786	P	6	6	100.0%	core	P1X0	1155	1155	1155	1155.0	0.667	0.0
FAM_P3787	P	6	6	100.0%	core	P1YN	1335	1335	1335	1335.0	0.833	0.0
FAM_P3788	P	6	6	100.0%	core	P1ZK	594	594	594	594.0	0.833	0.0
FAM_P3789	P	3	3	50.0%	accessory	P65Q	987	948	987	974.0	0.667	507.0
FAM_P3790	P	4	4	66.7%	accessory	P27O	1479	1479	1479	1479.0	0.500	0.0
FAM_P3791	P	6	6	100.0%	core	P2A5	258	258	258	258.0	0.667	0.0
FAM_P3792	P	4	4	66.7%	accessory	P2BZ	315	315	315	315.0	0.500	0.0
FAM_P3793	P	6	6	100.0%	core	P2CV	990	990	990	990.0	0.667	0.0
FAM_P3794	P	6	6	100.0%	core	P2DT	444	444	444	444.0	0.667	0.0
FAM_P3795	P	6	6	100.0%	core	P2EP	279	279	279	279.0	0.667	0.0
FAM_P3796	P	6	6	100.0%	core	P2FS	792	783	792	790.5	0.667	13.5
FAM_P3797	P	6	6	100.0%	core	P2GO	966	966	966	966.0	0.500	0.0
FAM_P3798	P	6	6	100.0%	core	P2HK	990	990	990	990.0	0.167	0.0
FAM_P3799	P	6	6	100.0%	core	P2IU	540	471	540	482.5	0.333	793.5
FAM_P3800	P	6	6	100.0%	core	P2KT	771	771	771	771.0	0.667	0.0
FAM_P3801	P	3	3	50.0%	accessory	P6MV	282	282	282	282.0	0.667	0.0
FAM_P3802	P	4	4	66.7%	accessory	P6NR	915	915	915	915.0	0.750	0.0
FAM_P3803	P	6	6	100.0%	core	P2OA	189	189	189	189.0	0.500	0.0
FAM_P3804	P	6	6	100.0%	core	P2Q7	588	588	588	588.0	0.667	0.0
FAM_P3805	P	6	6	100.0%	core	P2R4	1278	1278	1278	1278.0	0.833	0.0
FAM_P3806	P	6	6	100.0%	core	P2U0	240	240	240	240.0	0.167	0.0
FAM_P3807	P	4	4	66.7%	accessory	P2UW	219	219	450	334.5	0.500	17787.0
FAM_P3808	P	6	6	100.0%	core	P2VS	717	717	717	717.0	0.667	0.0
FAM_P3809	P	6	6	100.0%	core	P2WM	1164	1164	1164	1164.0	0.833	0.0
FAM_P3810	P	6	6	100.0%	core	P2YB	939	939	939	939.0	0.833	0.0
FAM_P3811	P	6	6	100.0%	core	P2Z4	2199	2199	2199	2199.0	0.667	0.0
FAM_P3812	P	3	3	50.0%	accessory	P724	1167	1167	1167	1167.0	0.667	0.0
FAM_P3813	P	6	6	100.0%	core	P39C	981	981	981	981.0	0.833	0.0
FAM_P3814	P	6	6	100.0%	core	P3B2	1032	1032	1032	1032.0	0.833	0.0
FAM_P3815	P	6	6	100.0%	core	P3CV	1149	1149	1149	1149.0	0.833	0.0
FAM_P3816	P	4	4	66.7%	accessory	P3I7	525	525	525	525.0	0.750	0.0
FAM_P3817	P	4	4	66.7%	accessory	P3KV	1143	1143	1143	1143.0	0.750	0.0
FAM_P3818	P	6	6	100.0%	core	P3LR	864	864	864	864.0	0.667	0.0
FAM_P3819	P	6	6	100.0%	core	P3OF	885	885	885	885.0	0.667	0.0
FAM_P3820	P	6	6	100.0%	core	P3PB	372	372	372	372.0	0.667	0.0
FAM_P3821	P	6	6	100.0%	core	P3Q7	963	963	963	963.0	0.667	0.0
FAM_P3822	P	9	4	66.7%	accessory	P3R3	4197	711	4281	3160.0	0.667	2637117.0
FAM_P3823	P	6	6	100.0%	core	P3SU	1203	1203	1203	1203.0	0.667	0.0
FAM_P3824	P	7	6	100.0%	core	P3TQ	1533	279	1533	1305.0	1.000	220932.0
FAM_P3825	P	5	5	83.3%	accessory	P3UM	555	438	555	531.6	0.800	2737.8
FAM_P3826	P	6	6	100.0%	core	P3WE	2802	2802	2802	2802.0	0.833	0.0
FAM_P3827	P	6	6	100.0%	core	P3XA	753	753	753	753.0	0.667	0.0
FAM_P3828	P	6	6	100.0%	core	P3Z2	477	477	477	477.0	0.667	0.0
FAM_P3829	P	7	6	100.0%	core	P3ZY	2283	333	2283	1961.6	0.714	528214.3
FAM_P3830	P	3	3	50.0%	accessory	P40U	330	330	330	330.0	0.667	0.0
FAM_P3831	P	6	6	100.0%	core	P473	693	693	693	693.0	0.833	0.0
FAM_P3832	P	6	6	100.0%	core	P4E7	1482	1482	1482	1482.0	0.667	0.0
FAM_P3833	P	6	6	100.0%	core	P4F3	699	699	699	699.0	0.667	0.0
FAM_P3834	P	6	6	100.0%	core	P4FZ	258	258	258	258.0	0.500	0.0
FAM_P3835	P	13	3	50.0%	accessory	P45E	372	306	375	357.0	0.538	556.5
FAM_P3836	P	4	4	66.7%	accessory	P4LB	855	855	855	855.0	0.750	0.0
FAM_P3837	P	6	6	100.0%	core	P4M7	1797	1797	1797	1797.0	0.667	0.0
FAM_P3838	P	6	6	100.0%	core	P4N3	639	639	639	639.0	0.833	0.0
SING_PFGN	P	1	1	16.7%	accessory	PFGN	603	603	603	603.0	1.000	0.0
SING_PFHJ	P	1	1	16.7%	accessory	PFHJ	1254	1254	1254	1254.0	1.000	0.0
SING_PFIF	P	1	1	16.7%	accessory	PFIF	303	303	303	303.0	1.000	0.0
FAM_P3839	P	5	5	83.3%	accessory	P2NO	1158	1158	1158	1158.0	0.800	0.0
FAM_P3840	P	6	6	100.0%	core	P2GG	1044	1044	1044	1044.0	0.667	0.0
FAM_P3841	P	2	2	33.3%	accessory	P810	984	984	984	984.0	1.000	0.0
SING_PG13	P	1	1	16.7%	accessory	PG13	531	531	531	531.0	1.000	0.0
FAM_P3842	P	4	4	66.7%	accessory	P67T	708	708	708	708.0	0.750	0.0
SING_PG9Z	P	1	1	16.7%	accessory	PG9Z	291	291	291	291.0	1.000	0.0
FAM_P3843	P	6	6	100.0%	core	P1XC	387	387	387	387.0	0.667	0.0
FAM_P3844	P	6	6	100.0%	core	P1RG	663	651	663	661.0	0.667	24.0
FAM_P3845	P	6	6	100.0%	core	P1EF	342	342	342	342.0	0.667	0.0
FAM_P3846	P	6	6	100.0%	core	P19Y	237	237	237	237.0	0.167	0.0
SING_PH8N	P	1	1	16.7%	accessory	PH8N	930	930	930	930.0	1.000	0.0
FAM_P3847	P	4	4	66.7%	accessory	P9EG	1899	1890	1899	1895.2	1.000	14.2
SING_PHEV	P	1	1	16.7%	accessory	PHEV	336	336	336	336.0	1.000	0.0
SING_PHMV	P	1	1	16.7%	accessory	PHMV	1185	1185	1185	1185.0	1.000	0.0
FAM_P3848	P	6	6	100.0%	core	P3HM	780	780	825	787.5	0.667	337.5
FAM_P3849	P	25	6	100.0%	core	P16R	156	153	213	198.6	0.560	641.2
SING_PIG7	P	1	1	16.7%	accessory	PIG7	897	897	897	897.0	1.000	0.0
SING_PINB	P	1	1	16.7%	accessory	PINB	954	954	954	954.0	1.000	0.0
SING_PIZR	P	1	1	16.7%	accessory	PIZR	243	243	243	243.0	1.000	0.0
FAM_P3850	P	3	2	33.3%	accessory	PJ47	678	678	678	678.0	0.667	0.0
SING_PJ53	P	1	1	16.7%	accessory	PJ53	561	561	561	561.0	1.000	0.0
SING_PJ5Z	P	1	1	16.7%	accessory	PJ5Z	435	435	435	435.0	1.000	0.0
SING_PJ9J	P	1	1	16.7%	accessory	PJ9J	1146	1146	1146	1146.0	1.000	0.0
SING_PJAF	P	1	1	16.7%	accessory	PJAF	435	435	435	435.0	1.000	0.0
SING_PJBB	P	1	1	16.7%	accessory	PJBB	705	705	705	705.0	1.000	0.0
FAM_P3851	P	6	6	100.0%	core	P2S0	1767	1767	1767	1767.0	0.667	0.0
FAM_P3852	P	4	4	66.7%	accessory	P2PG	999	999	999	999.0	1.000	0.0
SING_PJGN	P	1	1	16.7%	accessory	PJGN	501	501	501	501.0	1.000	0.0
FAM_P3853	P	5	5	83.3%	accessory	P2NQ	729	729	729	729.0	0.800	0.0
SING_PJIF	P	1	1	16.7%	accessory	PJIF	300	300	300	300.0	1.000	0.0
FAM_P3854	P	6	6	100.0%	core	P2M5	855	855	855	855.0	0.667	0.0
FAM_P3855	P	6	6	100.0%	core	P2L8	2448	2448	2448	2448.0	0.667	0.0
FAM_P3856	P	3	3	50.0%	accessory	P2IK	588	588	588	588.0	0.667	0.0
FAM_P3857	P	6	6	100.0%	core	P2GT	1158	1158	1158	1158.0	0.667	0.0
FAM_P3858	P	6	6	100.0%	core	P2FX	429	429	429	429.0	0.167	0.0
FAM_P3859	P	6	6	100.0%	core	P2D9	402	402	780	717.0	0.833	23814.0
FAM_P3860	P	6	6	100.0%	core	P2CD	369	369	369	369.0	0.667	0.0
FAM_P3861	P	6	6	100.0%	core	P2BH	1014	1014	1014	1014.0	0.667	0.0
FAM_P3862	P	6	6	100.0%	core	P2AJ	1893	1893	1893	1893.0	0.667	0.0
FAM_P3863	P	6	6	100.0%	core	P29N	1179	1179	1179	1179.0	0.667	0.0
SING_PK5J	P	1	1	16.7%	accessory	PK5J	759	759	759	759.0	1.000	0.0
FAM_P3864	P	5	5	83.3%	accessory	P1UI	1305	1305	1305	1305.0	0.600	0.0
FAM_P3865	P	6	6	100.0%	core	P1TK	1239	1239	1239	1239.0	0.667	0.0
SING_PKCN	P	1	1	16.7%	accessory	PKCN	1974	1974	1974	1974.0	1.000	0.0
FAM_P3866	P	6	6	100.0%	core	P1RO	1179	1179	1179	1179.0	0.667	0.0
FAM_P3867	P	6	6	100.0%	core	P1QS	1218	1218	1218	1218.0	0.833	0.0
FAM_P3868	P	6	6	100.0%	core	P1P0	624	624	624	624.0	0.667	0.0
FAM_P3869	P	6	6	100.0%	core	P1MC	2268	2268	2298	2273.0	0.667	150.0
SING_PKLJ	P	1	1	16.7%	accessory	PKLJ	1230	1230	1230	1230.0	1.000	0.0
SING_PKPZ	P	1	1	16.7%	accessory	PKPZ	216	216	216	216.0	1.000	0.0
FAM_P3870	P	6	6	100.0%	core	P1EI	231	231	231	231.0	0.667	0.0
FAM_P3871	P	6	6	100.0%	core	P1DN	300	300	300	300.0	0.667	0.0
FAM_P3872	P	6	6	100.0%	core	P1CR	273	273	273	273.0	0.667	0.0
FAM_P3873	P	6	6	100.0%	core	P1BV	1344	1344	1344	1344.0	0.667	0.0
FAM_P3874	P	6	6	100.0%	core	P1AZ	2388	2388	2388	2388.0	0.667	0.0
FAM_P3875	P	6	6	100.0%	core	P1A3	747	747	747	747.0	0.667	0.0
FAM_P3876	P	6	6	100.0%	core	P197	600	600	600	600.0	0.667	0.0
FAM_P3877	P	6	6	100.0%	core	P17G	2397	2397	2397	2397.0	0.667	0.0
FAM_P3878	P	6	6	100.0%	core	P4M8	219	219	219	219.0	0.667	0.0
FAM_P3879	P	4	4	66.7%	accessory	P9J0	237	237	237	237.0	0.750	0.0
FAM_P3880	P	6	6	100.0%	core	P4AG	2424	2424	2424	2424.0	0.667	0.0
FAM_P3881	P	6	6	100.0%	core	P43K	1191	1191	1191	1191.0	0.667	0.0
FAM_P3882	P	2	1	16.7%	accessory	PLIF	234	234	234	234.0	0.500	0.0
FAM_P3883	P	6	6	100.0%	core	P3RG	1302	1302	1302	1302.0	0.667	0.0
SING_PLZB	P	1	1	16.7%	accessory	PLZB	2235	2235	2235	2235.0	1.000	0.0
SING_PM93	P	1	1	16.7%	accessory	PM93	2184	2184	2184	2184.0	1.000	0.0
FAM_P3884	P	3	3	50.0%	accessory	P2TF	468	468	474	470.0	0.667	12.0
SING_PMP3	P	1	1	16.7%	accessory	PMP3	3303	3303	3303	3303.0	1.000	0.0
SING_PMPZ	P	1	1	16.7%	accessory	PMPZ	465	465	465	465.0	1.000	0.0
SING_PMQV	P	1	1	16.7%	accessory	PMQV	408	408	408	408.0	1.000	0.0
SING_PMRR	P	1	1	16.7%	accessory	PMRR	180	180	180	180.0	1.000	0.0
SING_PN0N	P	1	1	16.7%	accessory	PN0N	1392	1392	1392	1392.0	1.000	0.0
FAM_P3885	P	6	6	100.0%	core	P14	942	942	942	942.0	0.833	0.0
FAM_P3886	P	6	6	100.0%	core	P20	1092	1092	1092	1092.0	0.667	0.0
FAM_P3887	P	6	6	100.0%	core	P2W	894	894	894	894.0	0.667	0.0
FAM_P3888	P	4	4	66.7%	accessory	P3S	585	585	591	586.5	0.750	9.0
FAM_P3889	P	6	6	100.0%	core	P3GQ	759	759	759	759.0	0.667	0.0
SING_P7C	P	1	1	16.7%	accessory	P7C	909	909	909	909.0	1.000	0.0
FAM_P3890	P	6	6	100.0%	core	P3N8	828	828	828	828.0	0.833	0.0
FAM_P3891	P	6	6	100.0%	core	P3O1	1296	1296	1296	1296.0	0.667	0.0
FAM_P3892	P	6	6	100.0%	core	P3P1	948	948	948	948.0	0.667	0.0
FAM_P3893	P	6	6	100.0%	core	P3PX	3363	3363	3363	3363.0	0.833	0.0
FAM_P3894	P	6	6	100.0%	core	P3XM	996	996	996	996.0	0.667	0.0
FAM_P3895	P	6	6	100.0%	core	P41S	732	732	732	732.0	0.667	0.0
FAM_P3896	P	6	6	100.0%	core	P4AF	2019	2019	2019	2019.0	0.667	0.0
FAM_P3897	P	6	6	100.0%	core	P4EJ	1119	1119	1119	1119.0	0.667	0.0
FAM_P3898	P	6	6	100.0%	core	P4FF	930	930	930	930.0	0.667	0.0
FAM_P3899	P	6	6	100.0%	core	P4G9	795	795	795	795.0	0.833	0.0
SING_PVC	P	1	1	16.7%	accessory	PVC	537	537	537	537.0	1.000	0.0
FAM_P3900	P	6	6	100.0%	core	P4L2	1071	1071	1071	1071.0	0.667	0.0
FAM_P3901	P	6	6	100.0%	core	P10O	174	171	174	173.0	0.667	2.4
FAM_P3902	P	8	6	100.0%	core	P11K	1134	372	1134	852.0	0.625	113286.9
FAM_P3903	P	6	6	100.0%	core	P12G	606	606	606	606.0	0.667	0.0
FAM_P3904	P	6	6	100.0%	core	P13C	1407	1407	1407	1407.0	0.667	0.0
FAM_P3905	P	6	6	100.0%	core	P154	504	504	504	504.0	0.667	0.0
FAM_P3906	P	6	6	100.0%	core	P160	891	891	891	891.0	0.667	0.0
FAM_P3907	P	6	6	100.0%	core	P17S	366	366	366	366.0	0.667	0.0
FAM_P3908	P	6	6	100.0%	core	P1MW	669	669	669	669.0	0.667	0.0
FAM_P3909	P	6	6	100.0%	core	P1NS	1761	1761	1761	1761.0	0.667	0.0
FAM_P3910	P	6	6	100.0%	core	P1OO	651	651	651	651.0	0.667	0.0
FAM_P3911	P	6	6	100.0%	core	P1PK	783	783	783	783.0	0.667	0.0
FAM_P3912	P	6	6	100.0%	core	P1QG	303	303	303	303.0	0.667	0.0
FAM_P3913	P	6	6	100.0%	core	P1RC	783	783	783	783.0	0.667	0.0
FAM_P3914	P	6	6	100.0%	core	P1S8	1311	1311	1311	1311.0	0.667	0.0
SING_P1UW	P	1	1	16.7%	accessory	P1UW	243	243	243	243.0	1.000	0.0
SING_P208	P	1	1	16.7%	accessory	P208	594	594	594	594.0	1.000	0.0
FAM_P3915	P	6	4	66.7%	accessory	P2DK	1092	354	1092	646.0	0.500	123158.4
FAM_P3916	P	6	6	100.0%	core	P2EG	630	630	630	630.0	0.333	0.0
FAM_P3917	P	6	6	100.0%	core	P2FC	930	930	930	930.0	0.667	0.0
FAM_P3918	P	6	6	100.0%	core	P2IW	288	288	288	288.0	0.667	0.0
FAM_P3919	P	4	4	66.7%	accessory	P2JS	732	732	732	732.0	0.500	0.0
FAM_P3920	P	6	6	100.0%	core	P2LK	489	489	489	489.0	0.667	0.0
FAM_P3921	P	6	6	100.0%	core	P2MG	558	558	558	558.0	0.667	0.0
FAM_P3922	P	5	5	83.3%	accessory	P2NC	1290	1290	1290	1290.0	0.600	0.0
FAM_P3923	P	6	6	100.0%	core	P2P4	342	342	342	342.0	0.667	0.0
FAM_P3924	P	5	3	50.0%	accessory	P2MS	246	246	843	604.2	0.600	106922.7
FAM_P3925	P	6	6	100.0%	core	P2RS	1383	1383	1383	1383.0	0.667	0.0
FAM_P3926	P	6	6	100.0%	core	P2SO	261	261	261	261.0	0.667	0.0
FAM_P3927	P	6	6	100.0%	core	P354	396	396	396	396.0	0.833	0.0
FAM_P3928	P	2	2	33.3%	accessory	P38O	768	768	768	768.0	1.000	0.0
FAM_P3929	P	6	6	100.0%	core	P3C8	588	588	588	588.0	0.667	0.0
FAM_P3930	P	6	6	100.0%	core	P12	1515	1515	1515	1515.0	0.833	0.0
FAM_P3931	P	6	6	100.0%	core	P1V	1656	1656	1659	1657.5	0.667	2.7
FAM_P3932	P	3	3	50.0%	accessory	P3K8	900	411	900	737.0	0.667	79707.0
FAM_P3933	P	6	6	100.0%	core	P3L4	1326	1326	1326	1326.0	0.667	0.0
FAM_P3934	P	6	6	100.0%	core	P3MW	540	540	540	540.0	0.667	0.0
FAM_P3935	P	6	6	100.0%	core	P3NS	285	285	285	285.0	0.667	0.0
FAM_P3936	P	6	6	100.0%	core	P3QG	396	342	396	369.0	0.833	874.8
FAM_P3937	P	6	6	100.0%	core	P3RC	879	879	879	879.0	0.667	0.0
FAM_P3938	P	6	6	100.0%	core	P3T4	1611	1611	1611	1611.0	0.667	0.0
FAM_P3939	P	8	6	100.0%	core	P3U0	789	228	789	592.5	0.750	60256.3
FAM_P3940	P	6	6	100.0%	core	P3UW	1539	1539	1542	1540.0	0.667	2.4
FAM_P3941	P	3	3	50.0%	accessory	P3WO	1242	1242	1242	1242.0	0.667	0.0
FAM_P3942	P	6	6	100.0%	core	P3ZC	486	486	486	486.0	0.667	0.0
FAM_P3943	P	6	6	100.0%	core	P408	1584	1584	1584	1584.0	0.667	0.0
FAM_P3944	P	6	6	100.0%	core	P42W	858	858	1197	971.0	0.667	30645.6
FAM_P3945	P	6	6	100.0%	core	P43S	960	960	960	960.0	0.667	0.0
FAM_P3946	P	6	6	100.0%	core	P44O	1176	1176	1176	1176.0	0.667	0.0
FAM_P3947	P	6	6	100.0%	core	P47C	228	228	228	228.0	0.500	0.0
FAM_P3948	P	6	6	100.0%	core	P4A0	387	387	387	387.0	0.667	0.0
FAM_P3949	P	6	6	100.0%	core	P4IW	1107	1107	1107	1107.0	0.667	0.0
FAM_P3950	P	4	4	66.7%	accessory	P4JS	579	579	579	579.0	0.750	0.0
FAM_P3951	P	6	6	100.0%	core	P4KO	369	369	369	369.0	0.667	0.0
FAM_P3952	P	6	6	100.0%	core	P4MG	459	459	459	459.0	0.667	0.0
FAM_P3953	P	6	6	100.0%	core	P4P4	1596	1596	1596	1596.0	0.667	0.0
FAM_P3954	P	4	4	66.7%	accessory	P4Q0	1164	1164	1164	1164.0	0.750	0.0
FAM_P3955	P	5	5	83.3%	accessory	P10R	1236	1236	1236	1236.0	0.800	0.0
FAM_P3956	P	6	6	100.0%	core	P12W	1344	1344	1344	1344.0	0.667	0.0
FAM_P3957	P	5	5	83.3%	accessory	P14L	987	987	987	987.0	0.600	0.0
FAM_P3958	P	5	5	83.3%	accessory	P15F	993	993	993	993.0	0.600	0.0
FAM_P3959	P	6	6	100.0%	core	P168	1284	249	1368	1125.5	0.667	185509.5
FAM_P3960	P	2	2	33.3%	accessory	P5BC	300	300	300	300.0	0.500	0.0
FAM_P3961	P	4	4	66.7%	accessory	P1GQ	1407	1398	1407	1402.5	0.750	27.0
FAM_P3962	P	2	2	33.3%	accessory	P5EW	228	228	228	228.0	0.500	0.0
FAM_P3963	P	2	2	33.3%	accessory	P5OO	132	132	132	132.0	0.500	0.0
FAM_P3964	P	2	2	33.3%	accessory	P5RC	522	522	522	522.0	0.500	0.0
FAM_P3965	P	2	2	33.3%	accessory	P694	1650	1650	1650	1650.0	0.500	0.0
FAM_P3966	P	6	6	100.0%	core	P2G9	930	930	930	930.0	0.667	0.0
FAM_P3967	P	6	6	100.0%	core	P2H5	258	258	258	258.0	0.667	0.0
FAM_P3968	P	6	6	100.0%	core	P2JB	633	633	633	633.0	0.667	0.0
FAM_P3969	P	6	6	100.0%	core	P2M1	927	927	927	927.0	0.667	0.0
FAM_P3970	P	6	6	100.0%	core	P2N4	435	435	435	435.0	0.667	0.0
FAM_P3971	P	6	6	100.0%	core	P2PE	474	474	474	474.0	0.667	0.0
FAM_P3972	P	6	6	100.0%	core	P2RG	825	825	825	825.0	0.833	0.0
FAM_P3973	P	6	5	83.3%	accessory	P2SI	486	486	1617	1343.5	0.833	218089.5
FAM_P3974	P	6	6	100.0%	core	P2XS	219	219	219	219.0	0.500	0.0
FAM_P3975	P	6	6	100.0%	core	P2YM	990	990	990	990.0	0.667	0.0
FAM_P3976	P	6	6	100.0%	core	P2ZC	906	906	906	906.0	0.667	0.0
FAM_P3977	P	6	6	100.0%	core	P313	1305	1305	1305	1305.0	0.667	0.0
FAM_P3978	P	4	4	66.7%	accessory	P754	495	495	495	495.0	0.750	0.0
FAM_P3979	P	6	6	100.0%	core	P326	984	984	984	984.0	0.667	0.0
FAM_P3980	P	6	6	100.0%	core	P332	2052	2052	2052	2052.0	0.667	0.0
FAM_P3981	P	6	6	100.0%	core	P34T	1647	1647	1647	1647.0	0.667	0.0
FAM_P3982	P	6	6	100.0%	core	P35R	426	426	426	426.0	0.667	0.0
FAM_P3983	P	6	6	100.0%	core	P36M	663	663	663	663.0	0.667	0.0
FAM_P3984	P	6	6	100.0%	core	P37I	387	387	387	387.0	0.833	0.0
FAM_P3985	P	3	3	50.0%	accessory	P7C8	1104	1104	1104	1104.0	0.667	0.0
FAM_P3986	P	6	6	100.0%	core	P39Y	462	462	462	462.0	0.667	0.0
FAM_P3987	P	6	6	100.0%	core	P3AS	2292	2292	2292	2292.0	0.833	0.0
FAM_P3988	P	6	6	100.0%	core	P3BO	1668	1668	1668	1668.0	0.833	0.0
FAM_P3989	P	4	4	66.7%	accessory	P7GO	1959	1959	1959	1959.0	0.750	0.0
FAM_P3990	P	6	6	100.0%	core	P2CH	483	483	483	483.0	0.833	0.0
SING_P82W	P	1	1	16.7%	accessory	P82W	1041	1041	1041	1041.0	1.000	0.0
SING_P87C	P	1	1	16.7%	accessory	P87C	294	294	294	294.0	1.000	0.0
SING_P8CO	P	1	1	16.7%	accessory	P8CO	168	168	168	168.0	1.000	0.0
SING_P8DK	P	1	1	16.7%	accessory	P8DK	789	789	789	789.0	1.000	0.0
SING_P8EG	P	1	1	16.7%	accessory	P8EG	405	405	405	405.0	1.000	0.0
FAM_P3991	P	6	6	100.0%	core	P1X3	4962	4959	4962	4961.5	0.833	1.5
SING_P8LK	P	1	1	16.7%	accessory	P8LK	2946	2946	2946	2946.0	1.000	0.0
FAM_P3992	P	6	6	100.0%	core	P1J7	1068	1068	1068	1068.0	0.833	0.0
SING_P8VC	P	1	1	16.7%	accessory	P8VC	258	258	258	258.0	1.000	0.0
SING_P8W8	P	1	1	16.7%	accessory	P8W8	399	399	399	399.0	1.000	0.0
SING_P8X4	P	1	1	16.7%	accessory	P8X4	750	750	750	750.0	1.000	0.0
FAM_P3993	P	6	6	100.0%	core	P4MQ	1677	1677	1677	1677.0	0.833	0.0
SING_P9JC	P	1	1	16.7%	accessory	P9JC	279	279	279	279.0	1.000	0.0
SING_P9K8	P	1	1	16.7%	accessory	P9K8	708	708	708	708.0	1.000	0.0
SING_P9QG	P	1	1	16.7%	accessory	P9QG	342	342	342	342.0	1.000	0.0
FAM_P3994	P	2	2	33.3%	accessory	P9VS	441	441	441	441.0	1.000	0.0
SING_PA14	P	1	1	16.7%	accessory	PA14	321	321	321	321.0	1.000	0.0
FAM_P3995	P	6	6	100.0%	core	P39G	597	597	597	597.0	0.833	0.0
SING_PALK	P	1	1	16.7%	accessory	PALK	819	819	819	819.0	1.000	0.0
SING_PAMG	P	1	1	16.7%	accessory	PAMG	1047	1047	1047	1047.0	1.000	0.0
SING_PANC	P	1	1	16.7%	accessory	PANC	1080	1080	1080	1080.0	1.000	0.0
SING_PATK	P	1	1	16.7%	accessory	PATK	705	705	705	705.0	1.000	0.0
SING_PAUG	P	1	1	16.7%	accessory	PAUG	1170	1170	1170	1170.0	1.000	0.0
SING_PAVC	P	1	1	16.7%	accessory	PAVC	159	159	159	159.0	1.000	0.0
SING_PAY0	P	1	1	16.7%	accessory	PAY0	861	861	861	861.0	1.000	0.0
SING_PAZS	P	1	1	16.7%	accessory	PAZS	879	879	879	879.0	1.000	0.0
FAM_P3996	P	2	2	33.3%	accessory	PB54	567	567	591	579.0	1.000	288.0
SING_PB6W	P	1	1	16.7%	accessory	PB6W	306	306	306	306.0	1.000	0.0
FAM_P3997	P	5	5	83.3%	accessory	P15I	291	291	291	291.0	0.600	0.0
FAM_P3998	P	5	5	83.3%	accessory	P14O	1551	1551	1551	1551.0	0.600	0.0
FAM_P3999	P	6	6	100.0%	core	P11L	3525	3525	3525	3525.0	0.833	0.0
FAM_P4000	P	6	6	100.0%	core	P18Y	1110	1110	1110	1110.0	0.833	0.0
FAM_P4001	P	6	6	100.0%	core	P19U	2103	2103	2103	2103.0	0.667	0.0
FAM_P4002	P	6	6	100.0%	core	P1AQ	1047	1047	1047	1047.0	0.667	0.0
FAM_P4003	P	6	6	100.0%	core	P1BN	1359	1359	1359	1359.0	0.667	0.0
FAM_P4004	P	6	6	100.0%	core	P1CI	642	642	642	642.0	0.667	0.0
FAM_P4005	P	6	6	100.0%	core	P1DB	639	639	639	639.0	0.833	0.0
FAM_P4006	P	6	6	100.0%	core	P1E5	882	882	882	882.0	0.667	0.0
FAM_P4007	P	6	6	100.0%	core	P1F0	756	756	756	756.0	0.667	0.0
FAM_P4008	P	6	6	100.0%	core	P1FW	888	888	888	888.0	0.667	0.0
FAM_P4009	P	6	6	100.0%	core	P1GU	414	414	414	414.0	0.833	0.0
FAM_P4010	P	3	3	50.0%	accessory	P1HR	486	486	645	592.0	0.667	8427.0
FAM_P4011	P	9	4	66.7%	accessory	P4DK	819	819	822	820.7	0.778	2.5
FAM_P4012	P	3	3	50.0%	accessory	P5HN	291	291	291	291.0	0.667	0.0
FAM_P4013	P	6	6	100.0%	core	P1LF	747	747	747	747.0	0.833	0.0
FAM_P4014	P	6	6	100.0%	core	P1M5	1686	1686	1686	1686.0	0.667	0.0
FAM_P4015	P	6	6	100.0%	core	P1MO	240	240	240	240.0	0.500	0.0
FAM_P4016	P	6	6	100.0%	core	P1NK	1557	1557	1557	1557.0	0.833	0.0
FAM_P4017	P	6	6	100.0%	core	P1T5	276	276	276	276.0	0.667	0.0
FAM_P4018	P	6	6	100.0%	core	P1U3	258	258	258	258.0	0.333	0.0
FAM_P4019	P	6	6	100.0%	core	P1V9	294	294	336	329.0	0.833	294.0
FAM_P4020	P	3	3	50.0%	accessory	P5V3	1716	1716	1716	1716.0	0.667	0.0
FAM_P4021	P	6	6	100.0%	core	P1X1	432	432	432	432.0	0.500	0.0
FAM_P4022	P	6	6	100.0%	core	P1YO	882	882	882	882.0	0.667	0.0
FAM_P4023	P	6	6	100.0%	core	P1ZL	879	879	879	879.0	0.667	0.0
FAM_P4024	P	6	6	100.0%	core	P222	1458	1374	1458	1444.0	0.833	1176.0
FAM_P4025	P	6	6	100.0%	core	P230	312	312	312	312.0	0.500	0.0
FAM_P4026	P	6	6	100.0%	core	P25I	693	594	693	676.5	0.833	1633.5
FAM_P4027	P	5	5	83.3%	accessory	P26R	1920	1920	1920	1920.0	0.600	0.0
FAM_P4028	P	6	6	100.0%	core	P28E	417	417	417	417.0	0.667	0.0
FAM_P4029	P	6	6	100.0%	core	P2A6	2220	2220	2220	2220.0	0.833	0.0
FAM_P4030	P	6	6	100.0%	core	P2B4	1662	1662	1662	1662.0	0.667	0.0
FAM_P4031	P	6	6	100.0%	core	P2C0	1137	1137	1137	1137.0	0.667	0.0
FAM_P4032	P	6	6	100.0%	core	P2CW	939	939	939	939.0	0.667	0.0
FAM_P4033	P	6	6	100.0%	core	P2DU	303	303	303	303.0	0.667	0.0
FAM_P4034	P	6	6	100.0%	core	P2EQ	1260	1260	1260	1260.0	0.667	0.0
FAM_P4035	P	6	6	100.0%	core	P2GP	297	297	297	297.0	0.500	0.0
FAM_P4036	P	6	6	100.0%	core	P2HL	621	621	621	621.0	0.333	0.0
FAM_P4037	P	6	6	100.0%	core	P2KU	684	684	684	684.0	0.667	0.0
FAM_P4038	P	3	3	50.0%	accessory	P6MW	1359	1359	1359	1359.0	0.667	0.0
FAM_P4039	P	4	4	66.7%	accessory	P6NS	1338	1338	1338	1338.0	0.750	0.0
FAM_P4040	P	6	6	100.0%	core	P2OB	1560	1560	1560	1560.0	0.667	0.0
FAM_P4041	P	6	6	100.0%	core	P2Q8	210	210	210	210.0	0.500	0.0
FAM_P4042	P	6	6	100.0%	core	P2R5	480	480	480	480.0	0.833	0.0
FAM_P4043	P	6	6	100.0%	core	P2T7	1416	1416	1416	1416.0	0.833	0.0
FAM_P4044	P	6	6	100.0%	core	P2U1	816	816	816	816.0	0.500	0.0
FAM_P4045	P	6	6	100.0%	core	P2UX	2022	2022	2022	2022.0	0.833	0.0
FAM_P4046	P	6	6	100.0%	core	P2VT	2163	2163	2163	2163.0	0.667	0.0
FAM_P4047	P	6	6	100.0%	core	P2WN	2190	2190	2190	2190.0	0.833	0.0
FAM_P4048	P	5	5	83.3%	accessory	P2XI	1242	1242	1242	1242.0	0.800	0.0
FAM_P4049	P	6	6	100.0%	core	P2Z5	213	213	213	213.0	0.167	0.0
FAM_P4050	P	3	3	50.0%	accessory	P725	1317	1317	1317	1317.0	0.667	0.0
FAM_P4051	P	6	6	100.0%	core	P30R	636	636	636	636.0	0.667	0.0
FAM_P4052	P	6	6	100.0%	core	P31H	2097	2097	2097	2097.0	0.833	0.0
FAM_P4053	P	6	5	83.3%	accessory	P37T	1197	546	1197	997.5	0.833	96623.1
FAM_P4054	P	7	6	100.0%	core	P39D	1107	609	1107	1035.9	0.857	35429.1
FAM_P4055	P	5	5	83.3%	accessory	P3A7	1233	1233	1260	1238.4	0.800	145.8
FAM_P4056	P	4	4	66.7%	accessory	P3KW	921	921	921	921.0	0.750	0.0
FAM_P4057	P	6	6	100.0%	core	P3LS	1548	1548	1548	1548.0	0.833	0.0
FAM_P4058	P	6	6	100.0%	core	P3OG	540	540	540	540.0	0.667	0.0
FAM_P4059	P	6	6	100.0%	core	P3PC	399	399	399	399.0	0.667	0.0
FAM_P4060	P	6	6	100.0%	core	P3Q8	960	960	960	960.0	0.667	0.0
FAM_P4061	P	4	4	66.7%	accessory	P3R4	261	261	261	261.0	0.500	0.0
FAM_P4062	P	6	5	83.3%	accessory	P3S0	1008	393	1008	830.0	0.833	73590.0
FAM_P4063	P	6	6	100.0%	core	P3XB	1041	1041	1041	1041.0	0.667	0.0
FAM_P4064	P	6	6	100.0%	core	P3Z3	1290	1290	1290	1290.0	0.667	0.0
FAM_P4065	P	6	6	100.0%	core	P3ZZ	261	261	261	261.0	0.667	0.0
FAM_P4066	P	3	3	50.0%	accessory	P40V	387	387	387	387.0	0.667	0.0
FAM_P4067	P	5	3	50.0%	accessory	P4BK	819	480	819	683.4	0.600	34476.3
FAM_P4068	P	6	6	100.0%	core	P4E8	1158	1158	1158	1158.0	0.833	0.0
FAM_P4069	P	6	6	100.0%	core	P4F4	1098	1098	1098	1098.0	0.667	0.0
FAM_P4070	P	6	6	100.0%	core	P4G0	960	960	960	960.0	0.833	0.0
FAM_P4071	P	6	6	100.0%	core	P4KG	954	954	954	954.0	0.833	0.0
FAM_P4072	P	3	3	50.0%	accessory	P4N4	1131	1131	1131	1131.0	0.667	0.0
FAM_P4073	P	4	2	33.3%	accessory	P4OW	591	591	591	591.0	0.500	0.0
FAM_P4074	P	3	3	50.0%	accessory	P4SG	600	600	600	600.0	0.667	0.0
FAM_P4075	P	4	4	66.7%	accessory	P7H0	747	747	747	747.0	0.750	0.0
SING_PFGO	P	1	1	16.7%	accessory	PFGO	222	222	222	222.0	1.000	0.0
FAM_P4076	P	5	5	83.3%	accessory	P2NN	279	279	330	299.4	0.800	780.3
FAM_P4077	P	2	2	33.3%	accessory	P811	1011	1011	1011	1011.0	1.000	0.0
FAM_P4078	P	2	2	33.3%	accessory	P82T	777	777	777	777.0	1.000	0.0
FAM_P4079	P	4	4	66.7%	accessory	P67S	579	579	579	579.0	0.500	0.0
SING_PGA0	P	1	1	16.7%	accessory	PGA0	576	576	576	576.0	1.000	0.0
SING_PGG8	P	1	1	16.7%	accessory	PGG8	90	90	90	90.0	1.000	0.0
FAM_P4080	P	6	6	100.0%	core	P1RF	489	489	489	489.0	0.833	0.0
SING_PGQW	P	1	1	16.7%	accessory	PGQW	429	429	429	429.0	1.000	0.0
FAM_P4081	P	6	6	100.0%	core	P1G6	990	990	990	990.0	0.667	0.0
FAM_P4082	P	7	6	100.0%	core	P1FA	819	348	819	705.4	0.857	39421.3
FAM_P4083	P	6	6	100.0%	core	P19X	1413	1413	1413	1413.0	0.667	0.0
FAM_P4084	P	6	6	100.0%	core	P190	435	435	435	435.0	0.667	0.0
SING_PH8O	P	1	1	16.7%	accessory	PH8O	393	393	393	393.0	1.000	0.0
SING_PHEW	P	1	1	16.7%	accessory	PHEW	5184	5184	5184	5184.0	1.000	0.0
SING_PHMW	P	1	1	16.7%	accessory	PHMW	612	612	612	612.0	1.000	0.0
FAM_P4085	P	6	6	100.0%	core	P3X3	522	522	522	522.0	0.500	0.0
FAM_P4086	P	5	4	66.7%	accessory	P8YJ	798	147	798	648.6	0.800	80353.8
SING_PIG8	P	1	1	16.7%	accessory	PIG8	1467	1467	1467	1467.0	1.000	0.0
SING_PINC	P	1	1	16.7%	accessory	PINC	210	210	210	210.0	1.000	0.0
FAM_P4087	P	4	2	33.3%	accessory	PJ48	1200	507	1200	870.8	1.000	145334.2
SING_PJ54	P	1	1	16.7%	accessory	PJ54	291	291	291	291.0	1.000	0.0
SING_PJ60	P	1	1	16.7%	accessory	PJ60	216	216	216	216.0	1.000	0.0
SING_PJ8O	P	1	1	16.7%	accessory	PJ8O	3018	3018	3018	3018.0	1.000	0.0
SING_PJ9K	P	1	1	16.7%	accessory	PJ9K	1116	1116	1116	1116.0	1.000	0.0
SING_PJAG	P	1	1	16.7%	accessory	PJAG	921	921	921	921.0	1.000	0.0
SING_PJBC	P	1	1	16.7%	accessory	PJBC	1686	1686	1686	1686.0	1.000	0.0
FAM_P4088	P	4	4	66.7%	accessory	P2SV	690	690	690	690.0	0.750	0.0
FAM_P4089	P	8	6	100.0%	core	P2RZ	1335	366	1335	1008.0	0.625	178904.6
FAM_P4090	P	6	6	100.0%	core	P2R8	237	237	237	237.0	0.333	0.0
FAM_P4091	P	4	4	66.7%	accessory	P2PF	849	849	849	849.0	0.750	0.0
FAM_P4092	P	6	6	100.0%	core	P2M4	1104	1104	1104	1104.0	0.667	0.0
FAM_P4093	P	6	6	100.0%	core	P2JF	603	603	603	603.0	0.667	0.0
FAM_P4094	P	6	6	100.0%	core	P2HO	117	117	117	117.0	0.167	0.0
FAM_P4095	P	6	6	100.0%	core	P2GS	663	663	663	663.0	0.667	0.0
FAM_P4096	P	6	6	100.0%	core	P2FW	393	393	393	393.0	0.667	0.0
FAM_P4097	P	6	6	100.0%	core	P2EY	987	987	987	987.0	0.667	0.0
FAM_P4098	P	6	6	100.0%	core	P2E2	885	885	885	885.0	0.500	0.0
FAM_P4099	P	6	6	100.0%	core	P2D8	474	474	474	474.0	0.667	0.0
FAM_P4100	P	6	6	100.0%	core	P2CC	384	384	384	384.0	0.667	0.0
FAM_P4101	P	6	6	100.0%	core	P2AI	315	315	315	315.0	0.667	0.0
FAM_P4102	P	6	6	100.0%	core	P29M	1704	1704	1704	1704.0	0.667	0.0
FAM_P4103	P	6	6	100.0%	core	P28N	720	720	720	720.0	0.667	0.0
FAM_P4104	P	6	6	100.0%	core	P26V	1518	1518	1518	1518.0	0.667	0.0
FAM_P4105	P	6	6	100.0%	core	P1TJ	327	327	327	327.0	0.667	0.0
SING_PKCO	P	1	1	16.7%	accessory	PKCO	1455	1455	1455	1455.0	1.000	0.0
FAM_P4106	P	6	6	100.0%	core	P1RN	996	996	996	996.0	0.667	0.0
FAM_P4107	P	6	6	100.0%	core	P1QR	939	939	939	939.0	0.667	0.0
FAM_P4108	P	6	6	100.0%	core	P1MB	918	918	918	918.0	0.667	0.0
SING_PKLK	P	1	1	16.7%	accessory	PKLK	708	708	708	708.0	1.000	0.0
SING_PKQ0	P	1	1	16.7%	accessory	PKQ0	2085	2085	2085	2085.0	1.000	0.0
FAM_P4109	P	6	6	100.0%	core	P1EH	375	375	375	375.0	0.667	0.0
FAM_P4110	P	6	6	100.0%	core	P1DM	348	348	348	348.0	0.833	0.0
FAM_P4111	P	6	6	100.0%	core	P1CQ	1077	1077	1077	1077.0	0.667	0.0
FAM_P4112	P	6	6	100.0%	core	P1BU	969	969	969	969.0	0.833	0.0
FAM_P4113	P	6	6	100.0%	core	P1A2	1272	1272	1272	1272.0	0.667	0.0
FAM_P4114	P	6	6	100.0%	core	P196	240	240	240	240.0	0.667	0.0
FAM_P4115	P	8	6	100.0%	core	P18A	1812	219	1812	1162.1	0.750	366315.3
FAM_P4116	P	6	6	100.0%	core	P17F	2427	2427	2427	2427.0	0.667	0.0
FAM_P4117	P	8	6	100.0%	core	P14Q	2400	1152	2400	1798.5	0.625	414645.4
FAM_P4118	P	6	4	66.7%	accessory	P13U	483	171	483	306.0	0.500	20527.2
FAM_P4119	P	6	6	100.0%	core	P4L8	597	597	735	689.0	0.667	5078.4
FAM_P4120	P	4	4	66.7%	accessory	P9J1	1212	1212	1212	1212.0	0.750	0.0
FAM_P4121	P	8	6	100.0%	core	P40G	1800	555	2433	1805.2	0.750	671797.9
FAM_P4122	P	6	6	100.0%	core	P3ZK	411	411	411	411.0	0.667	0.0
FAM_P4123	P	8	6	100.0%	core	P3RE	891	465	1362	1020.0	0.750	159598.3
FAM_P4124	P	2	1	16.7%	accessory	PLYG	606	606	924	765.0	1.000	50562.0
FAM_P4125	P	5	5	83.3%	accessory	P3I8	1281	534	1281	1131.6	0.800	111601.8
FAM_P4126	P	6	6	100.0%	core	P39Q	1461	1461	1461	1461.0	0.833	0.0
FAM_P4127	P	2	2	33.3%	accessory	P38N	258	258	258	258.0	0.500	0.0
SING_PM94	P	1	1	16.7%	accessory	PM94	531	531	531	531.0	1.000	0.0
SING_PMP4	P	1	1	16.7%	accessory	PMP4	252	252	252	252.0	1.000	0.0
SING_PMQ0	P	1	1	16.7%	accessory	PMQ0	510	510	510	510.0	1.000	0.0
SING_PMQW	P	1	1	16.7%	accessory	PMQW	1758	1758	1758	1758.0	1.000	0.0
SING_PMRS	P	1	1	16.7%	accessory	PMRS	1044	1044	1044	1044.0	1.000	0.0
SING_PMTK	P	1	1	16.7%	accessory	PMTK	609	609	609	609.0	1.000	0.0
FAM_P4128	P	2	1	16.7%	accessory	PMSL	573	573	573	573.0	0.500	0.0
FAM_P4129	P	6	6	100.0%	core	P15	1287	1287	1287	1287.0	0.667	0.0
FAM_P4130	P	6	6	100.0%	core	P21	1572	1572	1572	1572.0	0.667	0.0
FAM_P4131	P	6	6	100.0%	core	P2X	552	552	552	552.0	0.667	0.0
SING_P7D	P	1	1	16.7%	accessory	P7D	1968	1968	1968	1968.0	1.000	0.0
FAM_P4132	P	6	6	100.0%	core	P3MC	1260	1260	1260	1260.0	0.667	0.0
FAM_P4133	P	6	6	100.0%	core	P3N9	852	852	852	852.0	0.667	0.0
FAM_P4134	P	6	6	100.0%	core	P3O2	1320	1320	1320	1320.0	0.667	0.0
FAM_P4135	P	6	6	100.0%	core	P3P2	1476	1476	1476	1476.0	0.833	0.0
FAM_P4136	P	6	6	100.0%	core	P4L3	1737	1737	1737	1737.0	0.667	0.0
FAM_P4137	P	6	6	100.0%	core	P4MY	297	297	393	313.0	0.667	1536.0
FAM_P4138	P	6	6	100.0%	core	P12H	897	897	897	897.0	0.667	0.0
FAM_P4139	P	6	6	100.0%	core	P13D	1146	1146	1146	1146.0	0.667	0.0
FAM_P4140	P	6	6	100.0%	core	P149	825	825	825	825.0	0.667	0.0
FAM_P4141	P	6	6	100.0%	core	P155	531	531	531	531.0	0.667	0.0
SING_P16X	P	1	1	16.7%	accessory	P16X	231	231	231	231.0	1.000	0.0
SING_P1GP	P	1	1	16.7%	accessory	P1GP	1497	1497	1497	1497.0	1.000	0.0
FAM_P4142	P	7	6	100.0%	core	P1M1	1845	882	2238	1722.9	1.000	271394.1
FAM_P4143	P	6	6	100.0%	core	P1OP	2850	2850	2850	2850.0	0.833	0.0
FAM_P4144	P	6	6	100.0%	core	P1PL	1203	1203	1203	1203.0	0.667	0.0
FAM_P4145	P	6	6	100.0%	core	P1QH	555	555	555	555.0	0.667	0.0
FAM_P4146	P	6	6	100.0%	core	P1RD	570	570	570	570.0	0.667	0.0
FAM_P4147	P	6	6	100.0%	core	P1S9	285	285	285	285.0	0.667	0.0
SING_P1UX	P	1	1	16.7%	accessory	P1UX	369	369	369	369.0	1.000	0.0
SING_P209	P	1	1	16.7%	accessory	P209	201	201	201	201.0	1.000	0.0
FAM_P4148	P	6	6	100.0%	core	P2FD	4554	4554	4554	4554.0	0.833	0.0
FAM_P4149	P	6	6	100.0%	core	P2IX	360	360	360	360.0	0.667	0.0
FAM_P4150	P	4	4	66.7%	accessory	P2JT	1086	1086	1086	1086.0	0.750	0.0
FAM_P4151	P	4	3	50.0%	accessory	P2LL	1179	201	1179	777.0	1.000	172152.0
FAM_P4152	P	6	6	100.0%	core	P2MH	1251	1251	1260	1252.5	0.667	13.5
FAM_P4153	P	6	6	100.0%	core	P2P5	1455	1455	1455	1455.0	0.667	0.0
FAM_P4154	P	6	6	100.0%	core	P2SP	1215	1215	1215	1215.0	0.833	0.0
FAM_P4155	P	6	6	100.0%	core	P2UH	1428	1428	1428	1428.0	0.833	0.0
FAM_P4156	P	2	2	33.3%	accessory	P38P	957	957	957	957.0	1.000	0.0
FAM_P4157	P	6	6	100.0%	core	P39L	531	531	531	531.0	0.833	0.0
SING_P3AH	P	1	1	16.7%	accessory	P3AH	1395	1395	1395	1395.0	1.000	0.0
FAM_P4158	P	6	6	100.0%	core	P3C9	567	567	567	567.0	0.667	0.0
FAM_P4159	P	6	6	100.0%	core	P12K	606	606	606	606.0	0.667	0.0
FAM_P4160	P	6	6	100.0%	core	P13G	795	795	795	795.0	0.667	0.0
FAM_P4161	P	6	6	100.0%	core	P14C	885	885	885	885.0	0.833	0.0
FAM_P4162	P	4	4	66.7%	accessory	P170	129	129	129	129.0	0.750	0.0
FAM_P4163	P	5	5	83.3%	accessory	P1BG	804	756	804	784.8	0.800	691.2
FAM_P4164	P	6	6	100.0%	core	P1N0	882	882	882	882.0	0.667	0.0
FAM_P4165	P	6	6	100.0%	core	P1NW	1761	1761	1761	1761.0	0.667	0.0
FAM_P4166	P	6	6	100.0%	core	P1PO	603	603	603	603.0	0.667	0.0
FAM_P4167	P	6	6	100.0%	core	P1QK	2727	2727	2727	2727.0	0.667	0.0
SING_P1V0	P	1	1	16.7%	accessory	P1V0	378	378	378	378.0	1.000	0.0
FAM_P4168	P	6	6	100.0%	core	P23W	1638	1638	1638	1638.0	0.667	0.0
FAM_P4169	P	6	6	100.0%	core	P24S	807	807	807	807.0	0.667	0.0
FAM_P4170	P	4	4	66.7%	accessory	P25O	633	633	633	633.0	0.500	0.0
FAM_P4171	P	6	6	100.0%	core	P28C	951	948	951	950.0	0.667	2.4
FAM_P4172	P	6	6	100.0%	core	P2J0	813	813	813	813.0	0.667	0.0
FAM_P4173	P	4	4	66.7%	accessory	P2JW	879	879	879	879.0	0.750	0.0
FAM_P4174	P	6	6	100.0%	core	P2MK	1575	1575	1575	1575.0	0.667	0.0
SING_P2R0	P	1	1	16.7%	accessory	P2R0	936	936	936	936.0	1.000	0.0
FAM_P4175	P	6	6	100.0%	core	P2UK	840	840	840	840.0	0.833	0.0
FAM_P4176	P	6	6	100.0%	core	P2VG	1236	1236	1236	1236.0	0.667	0.0
FAM_P4177	P	6	6	100.0%	core	P2WC	756	756	756	756.0	0.500	0.0
FAM_P4178	P	6	6	100.0%	core	P2X8	1410	1410	1410	1410.0	0.667	0.0
FAM_P4179	P	6	6	100.0%	core	P31O	1116	1116	1116	1116.0	0.667	0.0
FAM_P4180	P	6	6	100.0%	core	P33G	558	558	558	558.0	0.667	0.0
FAM_P4181	P	6	6	100.0%	core	P34C	231	231	231	231.0	0.667	0.0
FAM_P4182	P	6	6	100.0%	core	P358	1458	1458	1458	1458.0	0.667	0.0
FAM_P4183	P	2	2	33.3%	accessory	P38S	2325	2325	2325	2325.0	1.000	0.0
FAM_P4184	P	6	6	100.0%	core	P3CC	1917	1917	1917	1917.0	0.833	0.0
SING_PHE5	P	1	1	16.7%	accessory	PHE5	525	525	525	525.0	1.000	0.0
FAM_P4185	P	6	6	100.0%	core	P439	183	183	183	183.0	0.500	0.0
SING_PHN1	P	1	1	16.7%	accessory	PHN1	468	468	468	468.0	1.000	0.0
FAM_P4186	P	6	6	100.0%	core	P3WY	405	405	405	405.0	0.500	0.0
SING_PI99	P	1	1	16.7%	accessory	PI99	597	597	597	597.0	1.000	0.0
SING_PINH	P	1	1	16.7%	accessory	PINH	717	717	717	717.0	1.000	0.0
FAM_P4187	P	6	6	100.0%	core	P2WF	270	270	270	270.0	0.333	0.0
FAM_P4188	P	6	2	33.3%	accessory	PIZ1	2967	1530	2967	2142.5	0.833	418573.5
SING_PJ4D	P	1	1	16.7%	accessory	PJ4D	234	234	234	234.0	1.000	0.0
SING_PJ65	P	1	1	16.7%	accessory	PJ65	1743	1743	1743	1743.0	1.000	0.0
SING_PJ8T	P	1	1	16.7%	accessory	PJ8T	201	201	201	201.0	1.000	0.0
SING_PJ9P	P	1	1	16.7%	accessory	PJ9P	669	669	669	669.0	1.000	0.0
SING_PJAL	P	1	1	16.7%	accessory	PJAL	633	633	633	633.0	1.000	0.0
SING_PJBH	P	1	1	16.7%	accessory	PJBH	495	495	495	495.0	1.000	0.0
FAM_P4189	P	6	6	100.0%	core	P2MV	2736	2736	2736	2736.0	0.833	0.0
FAM_P4190	P	7	6	100.0%	core	P2D3	1572	501	1572	1419.0	0.714	163863.0
FAM_P4191	P	6	6	100.0%	core	P2C7	1488	1488	1488	1488.0	0.667	0.0
FAM_P4192	P	6	6	100.0%	core	P2BB	369	369	369	369.0	0.667	0.0
FAM_P4193	P	6	6	100.0%	core	P13	771	771	771	771.0	0.833	0.0
FAM_P4194	P	2	2	33.3%	accessory	P3IH	4215	4215	4215	4215.0	0.500	0.0
FAM_P4195	P	6	6	100.0%	core	P3L5	855	855	855	855.0	0.667	0.0
FAM_P4196	P	6	6	100.0%	core	P3MX	834	834	834	834.0	0.833	0.0
FAM_P4197	P	6	6	100.0%	core	P3PL	861	861	861	861.0	0.833	0.0
FAM_P4198	P	6	6	100.0%	core	P3QH	2505	2505	2505	2505.0	0.833	0.0
FAM_P4199	P	6	6	100.0%	core	P3T5	858	858	858	858.0	0.667	0.0
FAM_P4200	P	6	6	100.0%	core	P3U1	204	204	204	204.0	0.167	0.0
FAM_P4201	P	6	6	100.0%	core	P3UX	879	879	879	879.0	0.667	0.0
FAM_P4202	P	3	3	50.0%	accessory	P3WP	1446	1446	1446	1446.0	0.667	0.0
FAM_P4203	P	6	6	100.0%	core	P3XL	819	819	819	819.0	0.833	0.0
FAM_P4204	P	6	6	100.0%	core	P3ZD	246	246	246	246.0	0.667	0.0
FAM_P4205	P	6	6	100.0%	core	P415	816	816	816	816.0	0.667	0.0
FAM_P4206	P	6	6	100.0%	core	P42X	1761	1761	1761	1761.0	0.833	0.0
FAM_P4207	P	6	6	100.0%	core	P43T	576	576	576	576.0	0.667	0.0
FAM_P4208	P	6	6	100.0%	core	P44P	279	279	279	279.0	0.667	0.0
FAM_P4209	P	4	2	33.3%	accessory	P489	279	279	279	279.0	0.500	0.0
FAM_P4210	P	6	6	100.0%	core	P4A1	696	696	696	696.0	0.667	0.0
FAM_P4211	P	9	4	66.7%	accessory	P4DL	486	474	486	480.7	0.778	22.0
FAM_P4212	P	6	6	100.0%	core	P4IX	462	462	462	462.0	0.667	0.0
FAM_P4213	P	4	4	66.7%	accessory	P4JT	396	396	396	396.0	0.750	0.0
FAM_P4214	P	6	6	100.0%	core	P4KP	402	402	402	402.0	0.667	0.0
FAM_P4215	P	6	6	100.0%	core	P4MH	945	945	945	945.0	0.667	0.0
FAM_P4216	P	6	6	100.0%	core	P4P5	1563	1563	1563	1563.0	0.833	0.0
FAM_P4217	P	6	6	100.0%	core	P12X	1620	1620	1620	1620.0	0.667	0.0
FAM_P4218	P	5	5	83.3%	accessory	P14M	897	897	897	897.0	0.600	0.0
FAM_P4219	P	5	5	83.3%	accessory	P15G	1023	1023	1023	1023.0	0.600	0.0
FAM_P4220	P	2	2	33.3%	accessory	P5BD	231	231	231	231.0	0.500	0.0
FAM_P4221	P	2	2	33.3%	accessory	P5EX	645	645	645	645.0	0.500	0.0
FAM_P4222	P	2	2	33.3%	accessory	P5GP	1449	1449	1449	1449.0	0.500	0.0
FAM_P4223	P	2	2	33.3%	accessory	P5M1	1029	1029	1029	1029.0	0.500	0.0
FAM_P4224	P	2	2	33.3%	accessory	P5OP	1071	1071	1071	1071.0	0.500	0.0
FAM_P4225	P	2	2	33.3%	accessory	P5RD	429	429	429	429.0	0.500	0.0
FAM_P4226	P	2	2	33.3%	accessory	P5ZD	567	567	567	567.0	0.500	0.0
FAM_P4227	P	2	2	33.3%	accessory	P695	990	990	990	990.0	0.500	0.0
FAM_P4228	P	6	6	100.0%	core	P2GA	1446	1446	1446	1446.0	0.667	0.0
FAM_P4229	P	6	6	100.0%	core	P2H6	819	819	819	819.0	0.667	0.0
FAM_P4230	P	6	6	100.0%	core	P2JC	2091	2091	2091	2091.0	0.667	0.0
FAM_P4231	P	3	3	50.0%	accessory	P6KP	1509	1506	1509	1508.0	0.667	3.0
FAM_P4232	P	6	6	100.0%	core	P2M2	1110	1110	1110	1110.0	0.667	0.0
FAM_P4233	P	3	3	50.0%	accessory	P6Q1	816	816	816	816.0	0.667	0.0
FAM_P4234	P	6	6	100.0%	core	P2RH	618	618	618	618.0	0.667	0.0
FAM_P4235	P	6	6	100.0%	core	P2UD	966	966	966	966.0	0.833	0.0
FAM_P4236	P	6	6	100.0%	core	P2YN	756	756	756	756.0	0.667	0.0
FAM_P4237	P	6	6	100.0%	core	P2ZD	618	618	618	618.0	0.833	0.0
FAM_P4238	P	6	6	100.0%	core	P307	546	546	546	546.0	0.500	0.0
FAM_P4239	P	6	6	100.0%	core	P314	1737	1725	1737	1733.0	0.667	38.4
FAM_P4240	P	4	4	66.7%	accessory	P755	408	408	408	408.0	0.750	0.0
FAM_P4241	P	6	6	100.0%	core	P327	1416	1416	1416	1416.0	0.667	0.0
FAM_P4242	P	6	6	100.0%	core	P333	1032	1032	1032	1032.0	0.667	0.0
FAM_P4243	P	6	6	100.0%	core	P33Y	1101	1101	1101	1101.0	0.667	0.0
FAM_P4244	P	6	6	100.0%	core	P34U	354	354	354	354.0	0.667	0.0
FAM_P4245	P	6	6	100.0%	core	P35S	2442	2442	2442	2442.0	0.667	0.0
FAM_P4246	P	6	6	100.0%	core	P36N	966	966	966	966.0	0.667	0.0
FAM_P4247	P	6	6	100.0%	core	P37J	462	462	462	462.0	0.833	0.0
FAM_P4248	P	3	3	50.0%	accessory	P7C9	708	708	708	708.0	0.667	0.0
FAM_P4249	P	6	6	100.0%	core	P39Z	684	684	684	684.0	0.833	0.0
FAM_P4250	P	6	6	100.0%	core	P3AT	495	492	495	494.5	0.833	1.5
FAM_P4251	P	6	6	100.0%	core	P3BP	1938	1938	1938	1938.0	0.833	0.0
FAM_P4252	P	4	4	66.7%	accessory	P7GP	435	435	435	435.0	0.750	0.0
SING_P7L5	P	1	1	16.7%	accessory	P7L5	1278	1278	1278	1278.0	1.000	0.0
SING_P82X	P	1	1	16.7%	accessory	P82X	1257	1257	1257	1257.0	1.000	0.0
SING_P87D	P	1	1	16.7%	accessory	P87D	834	834	834	834.0	1.000	0.0
FAM_P4253	P	6	6	100.0%	core	P21J	186	186	186	186.0	0.167	0.0
FAM_P4254	P	2	2	33.3%	accessory	P8CP	351	351	351	351.0	1.000	0.0
SING_P8DL	P	1	1	16.7%	accessory	P8DL	198	198	198	198.0	1.000	0.0
SING_P8EH	P	1	1	16.7%	accessory	P8EH	225	225	225	225.0	1.000	0.0
FAM_P4255	P	6	6	100.0%	core	P1Y4	3888	3888	4044	3914.0	0.833	4056.0
SING_P8W9	P	1	1	16.7%	accessory	P8W9	480	480	480	480.0	1.000	0.0
SING_P8X5	P	1	1	16.7%	accessory	P8X5	2022	2022	2022	2022.0	1.000	0.0
FAM_P4256	P	6	6	100.0%	core	P1BW	1479	1479	1479	1479.0	0.833	0.0
SING_P99L	P	1	1	16.7%	accessory	P99L	783	783	783	783.0	1.000	0.0
FAM_P4257	P	5	5	83.3%	accessory	P4MP	162	162	162	162.0	0.600	0.0
SING_P9JD	P	1	1	16.7%	accessory	P9JD	2061	2061	2061	2061.0	1.000	0.0
SING_P9K9	P	1	1	16.7%	accessory	P9K9	351	351	351	351.0	1.000	0.0
SING_P9PL	P	1	1	16.7%	accessory	P9PL	234	234	234	234.0	1.000	0.0
SING_P9QH	P	1	1	16.7%	accessory	P9QH	198	198	198	198.0	1.000	0.0
SING_PA15	P	1	1	16.7%	accessory	PA15	1170	1170	1170	1170.0	1.000	0.0
FAM_P4258	P	5	3	50.0%	accessory	P3LZ	261	261	1485	873.0	0.600	327726.0
SING_PALL	P	1	1	16.7%	accessory	PALL	519	519	519	519.0	1.000	0.0
SING_PAMH	P	1	1	16.7%	accessory	PAMH	2925	2925	2925	2925.0	1.000	0.0
SING_PAND	P	1	1	16.7%	accessory	PAND	411	411	411	411.0	1.000	0.0
FAM_P4259	P	6	6	100.0%	core	P36D	396	396	396	396.0	0.500	0.0
FAM_P4260	P	6	6	100.0%	core	P33O	726	726	732	727.0	0.667	6.0
SING_PAUH	P	1	1	16.7%	accessory	PAUH	1419	1419	1419	1419.0	1.000	0.0
SING_PAZT	P	1	1	16.7%	accessory	PAZT	897	897	897	897.0	1.000	0.0
SING_PB6X	P	1	1	16.7%	accessory	PB6X	1206	1206	1206	1206.0	1.000	0.0
FAM_P4261	P	5	5	83.3%	accessory	P15H	876	876	876	876.0	0.600	0.0
FAM_P4262	P	6	6	100.0%	core	P12Y	225	225	225	225.0	0.667	0.0
FAM_P4263	P	6	6	100.0%	core	P185	1176	1176	1176	1176.0	0.667	0.0
FAM_P4264	P	6	6	100.0%	core	P18Z	468	468	468	468.0	0.667	0.0
FAM_P4265	P	6	6	100.0%	core	P19V	627	627	627	627.0	0.667	0.0
FAM_P4266	P	6	6	100.0%	core	P1AR	192	192	192	192.0	0.500	0.0
FAM_P4267	P	6	6	100.0%	core	P1BO	321	321	321	321.0	0.167	0.0
FAM_P4268	P	5	5	83.3%	accessory	P1DC	924	924	924	924.0	0.800	0.0
FAM_P4269	P	6	6	100.0%	core	P1E6	2049	2049	2049	2049.0	0.833	0.0
FAM_P4270	P	6	6	100.0%	core	P1F1	786	786	786	786.0	0.833	0.0
FAM_P4271	P	6	6	100.0%	core	P1FX	579	579	579	579.0	0.833	0.0
FAM_P4272	P	6	6	100.0%	core	P1GV	1206	1206	1206	1206.0	0.833	0.0
FAM_P4273	P	6	6	100.0%	core	P1KE	1854	1854	1854	1854.0	0.833	0.0
FAM_P4274	P	6	6	100.0%	core	P1LG	819	819	819	819.0	0.833	0.0
FAM_P4275	P	8	2	33.3%	accessory	P4Y1	315	249	315	267.0	0.500	884.6
FAM_P4276	P	6	6	100.0%	core	P1T6	243	243	243	243.0	0.667	0.0
FAM_P4277	P	6	6	100.0%	core	P1U4	1728	1728	1728	1728.0	0.667	0.0
FAM_P4278	P	6	6	100.0%	core	P1VA	1017	1017	1017	1017.0	0.667	0.0
FAM_P4279	P	5	5	83.3%	accessory	P1W6	546	546	546	546.0	0.600	0.0
FAM_P4280	P	6	6	100.0%	core	P1XT	999	999	999	999.0	0.667	0.0
FAM_P4281	P	6	6	100.0%	core	P1YP	588	588	588	588.0	0.667	0.0
FAM_P4282	P	6	6	100.0%	core	P1ZM	1662	1662	1662	1662.0	0.667	0.0
FAM_P4283	P	7	6	100.0%	core	P217	267	267	1185	1015.7	0.857	118901.6
FAM_P4284	P	6	6	100.0%	core	P231	324	324	324	324.0	0.667	0.0
FAM_P4285	P	6	6	100.0%	core	P26S	1449	1449	1449	1449.0	0.833	0.0
FAM_P4286	P	6	6	100.0%	core	P2A7	1413	1413	1413	1413.0	0.667	0.0
FAM_P4287	P	6	6	100.0%	core	P2B5	1434	1434	1434	1434.0	0.833	0.0
FAM_P4288	P	6	6	100.0%	core	P2C1	504	504	504	504.0	0.667	0.0
FAM_P4289	P	3	3	50.0%	accessory	P6CW	345	345	345	345.0	0.667	0.0
FAM_P4290	P	6	6	100.0%	core	P2DV	504	504	504	504.0	0.500	0.0
FAM_P4291	P	6	6	100.0%	core	P2ER	270	270	270	270.0	0.333	0.0
FAM_P4292	P	6	6	100.0%	core	P2FU	498	498	498	498.0	0.667	0.0
FAM_P4293	P	6	6	100.0%	core	P2GQ	885	885	885	885.0	0.667	0.0
FAM_P4294	P	6	6	100.0%	core	P2HM	390	390	390	390.0	0.500	0.0
FAM_P4295	P	6	6	100.0%	core	P2KV	576	576	576	576.0	0.667	0.0
FAM_P4296	P	3	3	50.0%	accessory	P6MX	1509	1509	1509	1509.0	0.667	0.0
FAM_P4297	P	4	4	66.7%	accessory	P6NT	495	495	495	495.0	0.750	0.0
SING_PABH	P	1	1	16.7%	accessory	PABH	120	120	120	120.0	1.000	0.0
FAM_P4298	P	2	2	33.3%	accessory	PAL9	885	885	885	885.0	1.000	0.0
FAM_P4299	P	2	2	33.3%	accessory	PANX	741	741	741	741.0	1.000	0.0
SING_PAZH	P	1	1	16.7%	accessory	PAZH	312	312	312	312.0	1.000	0.0
FAM_P4300	P	2	2	33.3%	accessory	PB19	1224	1224	1224	1224.0	1.000	0.0
SING_PB25	P	1	1	16.7%	accessory	PB25	1317	1317	1317	1317.0	1.000	0.0
SING_PB4T	P	1	1	16.7%	accessory	PB4T	306	306	306	306.0	1.000	0.0
SING_PB6L	P	1	1	16.7%	accessory	PB6L	423	423	423	423.0	1.000	0.0
SING_PB7H	P	1	1	16.7%	accessory	PB7H	510	510	510	510.0	1.000	0.0
FAM_P4301	P	2	2	33.3%	accessory	P51D	303	303	303	303.0	0.500	0.0
FAM_P4302	P	2	2	33.3%	accessory	P5EP	153	153	153	153.0	0.500	0.0
FAM_P4303	P	6	5	83.3%	accessory	P1L0	447	339	780	651.0	0.833	41104.8
FAM_P4304	P	2	2	33.3%	accessory	P5K5	213	213	213	213.0	0.500	0.0
FAM_P4305	P	2	2	33.3%	accessory	P690	348	348	348	348.0	0.500	0.0
FAM_P4306	P	2	2	33.3%	accessory	P74X	2040	2040	2040	2040.0	1.000	0.0
SING_PCT9	P	1	1	16.7%	accessory	PCT9	297	297	297	297.0	1.000	0.0
FAM_P4307	P	2	2	33.3%	accessory	P6ML	1230	1230	1230	1230.0	0.500	0.0
FAM_P4308	P	2	2	33.3%	accessory	P6SY	1341	1341	1341	1341.0	0.500	0.0
FAM_P4309	P	2	2	33.3%	accessory	P6VM	384	384	384	384.0	0.500	0.0
FAM_P4310	P	2	2	33.3%	accessory	P3HX	222	222	222	222.0	0.500	0.0
FAM_P4311	P	2	2	33.3%	accessory	P3JP	774	774	774	774.0	0.500	0.0
FAM_P4312	P	3	3	50.0%	accessory	P3O5	1446	1446	1446	1446.0	0.667	0.0
FAM_P4313	P	2	2	33.3%	accessory	P3W4	732	732	732	732.0	0.500	0.0
FAM_P4314	P	3	3	50.0%	accessory	P3YS	513	513	549	525.0	0.667	432.0
FAM_P4315	P	6	2	33.3%	accessory	P45T	276	117	510	301.0	0.500	31264.8
FAM_P4316	P	2	2	33.3%	accessory	P48L	1905	1905	1905	1905.0	0.500	0.0
FAM_P4317	P	2	2	33.3%	accessory	P49H	657	657	657	657.0	0.500	0.0
FAM_P4318	P	2	2	33.3%	accessory	P4D1	192	192	192	192.0	0.500	0.0
FAM_P4319	P	2	2	33.3%	accessory	P4GL	318	318	318	318.0	0.500	0.0
FAM_P4320	P	2	2	33.3%	accessory	P4ID	300	300	300	300.0	0.500	0.0
FAM_P4321	P	2	2	33.3%	accessory	P4NP	531	531	531	531.0	0.500	0.0
FAM_P4322	P	2	2	33.3%	accessory	P4OL	1326	1326	1326	1326.0	0.500	0.0
FAM_P4323	P	2	2	33.3%	accessory	P7HJ	1107	1107	1107	1107.0	0.500	0.0
FAM_P4324	P	2	2	33.3%	accessory	P7IW	1554	1554	1554	1554.0	1.000	0.0
SING_PFGD	P	1	1	16.7%	accessory	PFGD	1782	1782	1782	1782.0	1.000	0.0
SING_PFOD	P	1	1	16.7%	accessory	PFOD	318	318	318	318.0	1.000	0.0
FAM_P4325	P	3	3	50.0%	accessory	P28Y	855	831	855	843.0	1.000	144.0
SING_PG1P	P	1	1	16.7%	accessory	PG1P	1044	1044	1044	1044.0	1.000	0.0
FAM_P4326	P	10	4	66.7%	accessory	P38D	1329	318	1329	1083.6	0.700	173737.6
SING_PGD9	P	1	1	16.7%	accessory	PGD9	8076	8076	8076	8076.0	1.000	0.0
SING_PGKD	P	1	1	16.7%	accessory	PGKD	1203	1203	1203	1203.0	1.000	0.0
SING_PGPP	P	1	1	16.7%	accessory	PGPP	1131	1131	1131	1131.0	1.000	0.0
FAM_P4327	P	2	2	33.3%	accessory	P8K3	297	294	297	295.5	1.000	4.5
SING_PGRH	P	1	1	16.7%	accessory	PGRH	489	489	489	489.0	1.000	0.0
SING_PGV1	P	1	1	16.7%	accessory	PGV1	3285	3285	3285	3285.0	1.000	0.0
SING_PH6L	P	1	1	16.7%	accessory	PH6L	453	453	453	453.0	1.000	0.0
FAM_P4328	P	5	3	50.0%	accessory	P4SI	555	543	555	552.6	0.600	28.8
SING_PHEL	P	1	1	16.7%	accessory	PHEL	243	243	243	243.0	1.000	0.0
SING_PHFH	P	1	1	16.7%	accessory	PHFH	1437	1437	1437	1437.0	1.000	0.0
SING_PHML	P	1	1	16.7%	accessory	PHML	1164	1164	1164	1164.0	1.000	0.0
SING_PHNH	P	1	1	16.7%	accessory	PHNH	225	225	225	225.0	1.000	0.0
FAM_P4329	P	2	2	33.3%	accessory	PI71	483	483	483	483.0	1.000	0.0
SING_PIN1	P	1	1	16.7%	accessory	PIN1	348	348	348	348.0	1.000	0.0
FAM_P4330	P	5	3	50.0%	accessory	P6ZQ	894	894	1815	1086.6	0.600	165912.3
FAM_P4331	P	2	2	33.3%	accessory	PB15	1560	1560	1560	1560.0	1.000	0.0
FAM_P4332	P	2	2	33.3%	accessory	PIWT	789	789	789	789.0	0.500	0.0
FAM_P4333	P	2	2	33.3%	accessory	PIXP	1128	1128	1128	1128.0	0.500	0.0
FAM_P4334	P	2	2	33.3%	accessory	PIZH	381	381	381	381.0	0.500	0.0
SING_PJ0D	P	1	1	16.7%	accessory	PJ0D	1263	1263	1263	1263.0	1.000	0.0
FAM_P4335	P	2	2	33.3%	accessory	PJ19	3147	3147	3147	3147.0	1.000	0.0
FAM_P4336	P	2	2	33.3%	accessory	PJ25	294	294	294	294.0	0.500	0.0
FAM_P4337	P	2	2	33.3%	accessory	PJ31	438	438	438	438.0	0.500	0.0
SING_PJ3X	P	1	1	16.7%	accessory	PJ3X	177	177	177	177.0	1.000	0.0
SING_PJ4T	P	1	1	16.7%	accessory	PJ4T	1275	1275	1275	1275.0	1.000	0.0
FAM_P4338	P	2	2	33.3%	accessory	PB55	1452	1428	1452	1440.0	1.000	288.0
SING_PJ99	P	1	1	16.7%	accessory	PJ99	246	246	246	246.0	1.000	0.0
SING_PJB1	P	1	1	16.7%	accessory	PJB1	132	132	132	132.0	1.000	0.0
SING_PJBX	P	1	1	16.7%	accessory	PJBX	1917	1917	1917	1917.0	1.000	0.0
FAM_P4339	P	6	6	100.0%	core	P2QM	1035	1017	1035	1029.0	0.833	86.4
FAM_P4340	P	3	3	50.0%	accessory	P82Q	978	978	978	978.0	1.000	0.0
SING_PK59	P	1	1	16.7%	accessory	PK59	897	897	897	897.0	1.000	0.0
FAM_P4341	P	3	2	33.3%	accessory	P9W5	204	204	204	204.0	0.667	0.0
FAM_P4342	P	2	2	33.3%	accessory	PJV	2634	2634	2634	2634.0	0.500	0.0
SING_PLY5	P	1	1	16.7%	accessory	PLY5	2133	2133	2133	2133.0	1.000	0.0
FAM_P4343	P	2	2	33.3%	accessory	P60	279	279	279	279.0	0.500	0.0
FAM_P4344	P	2	2	33.3%	accessory	P3N	597	597	597	597.0	0.500	0.0
FAM_P4345	P	3	3	50.0%	accessory	P3A2	972	972	972	972.0	1.000	0.0
SING_PM8T	P	1	1	16.7%	accessory	PM8T	1257	1257	1257	1257.0	1.000	0.0
SING_PMPP	P	1	1	16.7%	accessory	PMPP	885	885	885	885.0	1.000	0.0
SING_PMRH	P	1	1	16.7%	accessory	PMRH	1263	1263	1263	1263.0	1.000	0.0
SING_PMT9	P	1	1	16.7%	accessory	PMT9	255	255	255	255.0	1.000	0.0
FAM_P4346	P	2	2	33.3%	accessory	PIZC	168	168	168	168.0	0.500	0.0
FAM_P4347	P	2	2	33.3%	accessory	PJ00	192	192	192	192.0	0.500	0.0
FAM_P4348	P	2	2	33.3%	accessory	PIY2	537	537	537	537.0	0.500	0.0
FAM_P4349	P	2	2	33.3%	accessory	PIX6	948	948	948	948.0	0.500	0.0
FAM_P4350	P	2	2	33.3%	accessory	PJ3B	627	627	627	627.0	0.500	0.0
FAM_P4351	P	2	2	33.3%	accessory	PJ2F	189	189	189	189.0	0.500	0.0
SING_P72	P	1	1	16.7%	accessory	P72	90	90	90	90.0	1.000	0.0
FAM_P4352	P	5	4	66.7%	accessory	P8YK	1083	1068	1098	1083.0	1.000	112.5
FAM_P4353	P	2	2	33.3%	accessory	PJI	567	567	567	567.0	0.500	0.0
FAM_P4354	P	2	2	33.3%	accessory	P11A	264	264	792	528.0	1.000	139392.0
FAM_P4355	P	2	2	33.3%	accessory	P126	1314	1314	1314	1314.0	0.500	0.0
FAM_P4356	P	2	2	33.3%	accessory	P16M	216	216	216	216.0	0.500	0.0
FAM_P4357	P	2	2	33.3%	accessory	P1J2	255	255	255	255.0	1.000	0.0
FAM_P4358	P	4	4	66.7%	accessory	P1LQ	282	282	282	282.0	0.750	0.0
FAM_P4359	P	5	5	83.3%	accessory	P1Q6	1209	1209	1221	1213.8	0.800	43.2
FAM_P4360	P	2	2	33.3%	accessory	P1RY	822	822	822	822.0	0.500	0.0
SING_P1ZY	P	1	1	16.7%	accessory	P1ZY	1617	1617	1617	1617.0	1.000	0.0
FAM_P4361	P	2	2	33.3%	accessory	P38E	1218	1218	1218	1218.0	1.000	0.0
SING_P39A	P	1	1	16.7%	accessory	P39A	258	258	258	258.0	1.000	0.0
FAM_P4362	P	2	2	33.3%	accessory	P3JY	567	567	567	567.0	0.500	0.0
FAM_P4363	P	2	2	33.3%	accessory	P3MM	954	954	954	954.0	0.500	0.0
FAM_P4364	P	2	2	33.3%	accessory	P3Y6	126	126	126	126.0	0.500	0.0
FAM_P4365	P	2	2	33.3%	accessory	P6L7	912	912	912	912.0	0.500	0.0
FAM_P4366	P	2	2	33.3%	accessory	P6T7	414	414	414	414.0	0.500	0.0
FAM_P4367	P	2	2	33.3%	accessory	P6UZ	231	231	231	231.0	0.500	0.0
FAM_P4368	P	2	2	33.3%	accessory	P6ZF	876	876	876	876.0	0.500	0.0
FAM_P4369	P	2	2	33.3%	accessory	P73V	534	534	534	534.0	1.000	0.0
FAM_P4370	P	2	2	33.3%	accessory	P74R	438	438	438	438.0	0.500	0.0
FAM_P4371	P	2	2	33.3%	accessory	P7BV	1950	1950	1950	1950.0	0.500	0.0
FAM_P4372	P	2	2	33.3%	accessory	P7DN	1755	1755	1755	1755.0	0.500	0.0
FAM_P4373	P	2	2	33.3%	accessory	P7FF	1506	1506	1506	1506.0	0.500	0.0
FAM_P4374	P	4	4	66.7%	accessory	P7GB	684	684	684	684.0	1.000	0.0
FAM_P4375	P	3	3	50.0%	accessory	P7H7	255	255	261	257.0	0.667	12.0
SING_P7Q3	P	1	1	16.7%	accessory	P7Q3	606	606	606	606.0	1.000	0.0
SING_P8D7	P	1	1	16.7%	accessory	P8D7	1080	1080	1080	1080.0	1.000	0.0
SING_P8KB	P	1	1	16.7%	accessory	P8KB	423	423	423	423.0	1.000	0.0
SING_P8L7	P	1	1	16.7%	accessory	P8L7	702	702	702	702.0	1.000	0.0
SING_P8U3	P	1	1	16.7%	accessory	P8U3	1248	1248	1248	1248.0	1.000	0.0
SING_P8VV	P	1	1	16.7%	accessory	P8VV	198	198	198	198.0	1.000	0.0
SING_P8WR	P	1	1	16.7%	accessory	P8WR	1506	1506	1506	1506.0	1.000	0.0
SING_P98B	P	1	1	16.7%	accessory	P98B	1674	1674	1674	1674.0	1.000	0.0
FAM_P4376	P	2	1	16.7%	accessory	P98T	480	480	480	480.0	0.500	0.0
SING_P9JV	P	1	1	16.7%	accessory	P9JV	465	465	465	465.0	1.000	0.0
SING_P9KR	P	1	1	16.7%	accessory	P9KR	216	216	216	216.0	1.000	0.0
FAM_P4377	P	3	2	33.3%	accessory	P9Q3	501	501	501	501.0	1.000	0.0
SING_P9ZV	P	1	1	16.7%	accessory	P9ZV	273	273	273	273.0	1.000	0.0
SING_PA3F	P	1	1	16.7%	accessory	PA3F	114	114	114	114.0	1.000	0.0
FAM_P4378	P	2	2	33.3%	accessory	PA57	303	303	303	303.0	1.000	0.0
SING_PABF	P	1	1	16.7%	accessory	PABF	1047	1047	1047	1047.0	1.000	0.0
FAM_P4379	P	2	2	33.3%	accessory	P3AI	1590	1590	1590	1590.0	1.000	0.0
SING_PAKB	P	1	1	16.7%	accessory	PAKB	2382	2382	2382	2382.0	1.000	0.0
FAM_P4380	P	2	2	33.3%	accessory	PAL7	681	681	681	681.0	1.000	0.0
SING_PAVV	P	1	1	16.7%	accessory	PAVV	321	321	321	321.0	1.000	0.0
SING_PAZF	P	1	1	16.7%	accessory	PAZF	213	213	213	213.0	1.000	0.0
SING_PB6J	P	1	1	16.7%	accessory	PB6J	351	351	351	351.0	1.000	0.0
SING_PB7F	P	1	1	16.7%	accessory	PB7F	738	738	738	738.0	1.000	0.0
FAM_P4381	P	3	2	33.3%	accessory	P5K0	1041	960	2025	1342.0	1.000	351507.0
FAM_P4382	P	2	2	33.3%	accessory	P5KZ	552	552	552	552.0	0.500	0.0
FAM_P4383	P	2	2	33.3%	accessory	P5S2	954	954	954	954.0	0.500	0.0
FAM_P4384	P	8	6	100.0%	core	P21Q	960	207	960	694.5	0.625	108722.6
FAM_P4385	P	2	2	33.3%	accessory	P74Z	246	246	246	246.0	0.500	0.0
FAM_P4386	P	2	2	33.3%	accessory	P743	426	426	426	426.0	1.000	0.0
FAM_P4387	P	2	2	33.3%	accessory	P6LN	528	528	528	528.0	0.500	0.0
FAM_P4388	P	2	2	33.3%	accessory	P6MJ	465	465	465	465.0	0.500	0.0
FAM_P4389	P	3	3	50.0%	accessory	P2QP	873	873	873	873.0	0.667	0.0
FAM_P4390	P	2	2	33.3%	accessory	P6S0	867	867	867	867.0	0.500	0.0
FAM_P4391	P	2	2	33.3%	accessory	P6SW	918	918	918	918.0	0.500	0.0
FAM_P4392	P	2	2	33.3%	accessory	P6VK	1071	1071	1071	1071.0	0.500	0.0
FAM_P4393	P	5	4	66.7%	accessory	P73K	654	198	825	665.4	1.000	73752.3
FAM_P4394	P	4	4	66.7%	accessory	P7C6	852	852	873	862.5	0.750	147.0
FAM_P4395	P	2	2	33.3%	accessory	P3HV	450	450	450	450.0	0.500	0.0
FAM_P4396	P	2	2	33.3%	accessory	P3JN	411	411	411	411.0	0.500	0.0
FAM_P4397	P	2	2	33.3%	accessory	P3LF	135	135	135	135.0	0.500	0.0
FAM_P4398	P	2	2	33.3%	accessory	P3XU	603	603	603	603.0	0.500	0.0
FAM_P4399	P	2	2	33.3%	accessory	P44Y	390	390	390	390.0	0.500	0.0
FAM_P4400	P	2	2	33.3%	accessory	P48J	960	960	960	960.0	0.500	0.0
FAM_P4401	P	2	2	33.3%	accessory	P49F	141	141	141	141.0	0.500	0.0
FAM_P4402	P	2	2	33.3%	accessory	P4B7	1389	1389	1389	1389.0	0.500	0.0
FAM_P4403	P	2	2	33.3%	accessory	P4C3	486	486	486	486.0	0.500	0.0
FAM_P4404	P	2	2	33.3%	accessory	P4IB	192	192	192	192.0	0.500	0.0
FAM_P4405	P	15	5	83.3%	accessory	P16P	1050	1047	1050	1049.4	0.600	1.5
FAM_P4406	P	3	3	50.0%	accessory	P4S3	420	420	420	420.0	0.667	0.0
FAM_P4407	P	3	2	33.3%	accessory	P7KL	450	159	684	431.0	1.000	69177.0
SING_PFLN	P	1	1	16.7%	accessory	PFLN	1002	1002	1002	1002.0	1.000	0.0
FAM_P4408	P	3	3	50.0%	accessory	P290	810	810	810	810.0	1.000	0.0
FAM_P4409	P	2	2	33.3%	accessory	P86Z	948	948	948	948.0	1.000	0.0
FAM_P4410	P	2	2	33.3%	accessory	P8GJ	2205	2175	2205	2190.0	1.000	450.0
SING_PGKB	P	1	1	16.7%	accessory	PGKB	699	699	699	699.0	1.000	0.0
SING_PGPN	P	1	1	16.7%	accessory	PGPN	903	903	903	903.0	1.000	0.0
SING_PGQJ	P	1	1	16.7%	accessory	PGQJ	165	165	165	165.0	1.000	0.0
FAM_P4411	P	2	2	33.3%	accessory	P8KY	243	243	243	243.0	1.000	0.0
SING_PGUZ	P	1	1	16.7%	accessory	PGUZ	684	684	684	684.0	1.000	0.0
SING_PGVV	P	1	1	16.7%	accessory	PGVV	1509	1509	1509	1509.0	1.000	0.0
SING_PH97	P	1	1	16.7%	accessory	PH97	429	429	429	429.0	1.000	0.0
SING_PHNF	P	1	1	16.7%	accessory	PHNF	2277	2277	2277	2277.0	1.000	0.0
SING_PHQ3	P	1	1	16.7%	accessory	PHQ3	1302	1302	1302	1302.0	1.000	0.0
FAM_P4412	P	2	2	33.3%	accessory	PB13	669	669	669	669.0	1.000	0.0
FAM_P4413	P	2	2	33.3%	accessory	PIWR	354	354	354	354.0	0.500	0.0
FAM_P4414	P	2	2	33.3%	accessory	PIXN	1059	1059	1059	1059.0	1.000	0.0
FAM_P4415	P	2	2	33.3%	accessory	PIYJ	639	639	639	639.0	0.500	0.0
FAM_P4416	P	2	2	33.3%	accessory	PIZF	1206	1206	1206	1206.0	0.500	0.0
FAM_P4417	P	2	2	33.3%	accessory	PJ17	486	486	486	486.0	0.500	0.0
FAM_P4418	P	2	2	33.3%	accessory	PJ23	225	225	225	225.0	0.500	0.0
FAM_P4419	P	2	2	33.3%	accessory	PJ2Z	189	189	189	189.0	0.500	0.0
SING_PJ4R	P	1	1	16.7%	accessory	PJ4R	312	312	312	312.0	1.000	0.0
SING_PJ6J	P	1	1	16.7%	accessory	PJ6J	1134	1134	1134	1134.0	1.000	0.0
FAM_P4420	P	2	2	33.3%	accessory	PB57	567	567	567	567.0	1.000	0.0
SING_PJ8B	P	1	1	16.7%	accessory	PJ8B	228	228	228	228.0	1.000	0.0
SING_PJ97	P	1	1	16.7%	accessory	PJ97	537	537	537	537.0	1.000	0.0
SING_PJA3	P	1	1	16.7%	accessory	PJA3	336	336	336	336.0	1.000	0.0
SING_PJAZ	P	1	1	16.7%	accessory	PJAZ	483	483	483	483.0	1.000	0.0
SING_PJBV	P	1	1	16.7%	accessory	PJBV	570	570	570	570.0	1.000	0.0
SING_PK2J	P	1	1	16.7%	accessory	PK2J	450	450	450	450.0	1.000	0.0
FAM_P4421	P	2	2	33.3%	accessory	P16T	240	240	240	240.0	0.500	0.0
FAM_P4422	P	2	2	33.3%	accessory	P147	921	921	921	921.0	1.000	0.0
SING_PLA3	P	1	1	16.7%	accessory	PLA3	627	627	627	627.0	1.000	0.0
FAM_P4423	P	3	2	33.3%	accessory	P9VM	486	486	486	486.0	0.667	0.0
SING_PLY3	P	1	1	16.7%	accessory	PLY3	1287	1287	1287	1287.0	1.000	0.0
FAM_P4424	P	2	2	33.3%	accessory	P3P	570	570	570	570.0	0.500	0.0
FAM_P4425	P	2	2	33.3%	accessory	P1X	1179	1179	1179	1179.0	0.500	0.0
SING_PM8R	P	1	1	16.7%	accessory	PM8R	1014	1014	1014	1014.0	1.000	0.0
SING_PMQJ	P	1	1	16.7%	accessory	PMQJ	531	531	531	531.0	1.000	0.0
SING_PMRF	P	1	1	16.7%	accessory	PMRF	702	702	702	702.0	1.000	0.0
SING_PMT7	P	1	1	16.7%	accessory	PMT7	816	816	816	816.0	1.000	0.0
FAM_P4426	P	2	2	33.3%	accessory	PIZA	516	516	516	516.0	0.500	0.0
FAM_P4427	P	2	2	33.3%	accessory	PIZY	393	393	393	393.0	0.500	0.0
FAM_P4428	P	2	2	33.3%	accessory	PIY4	963	963	963	963.0	0.500	0.0
FAM_P4429	P	2	2	33.3%	accessory	PIX8	639	639	639	639.0	0.500	0.0
FAM_P4430	P	2	2	33.3%	accessory	PJ3D	462	462	462	462.0	0.500	0.0
FAM_P4431	P	2	2	33.3%	accessory	PJ2H	240	240	240	240.0	0.500	0.0
FAM_P4432	P	2	2	33.3%	accessory	PJ1O	438	438	438	438.0	0.500	0.0
FAM_P4433	P	2	2	33.3%	accessory	PJ0P	357	357	357	357.0	0.500	0.0
FAM_P4434	P	2	2	33.3%	accessory	P70	1146	1146	1524	1335.0	1.000	71442.0
SING_PF0	P	1	1	16.7%	accessory	PF0	219	219	219	219.0	1.000	0.0
FAM_P4435	P	2	2	33.3%	accessory	PJG	729	729	729	729.0	1.000	0.0
FAM_P4436	P	2	2	33.3%	accessory	P8C8	675	675	675	675.0	1.000	0.0
FAM_P4437	P	2	2	33.3%	accessory	PL7C	354	186	354	270.0	1.000	14112.0
FAM_P4438	P	2	2	33.3%	accessory	P124	423	423	423	423.0	0.500	0.0
FAM_P4439	P	3	3	50.0%	accessory	P1SS	201	201	201	201.0	1.000	0.0
SING_P1ZW	P	1	1	16.7%	accessory	P1ZW	627	627	627	627.0	1.000	0.0
FAM_P4440	P	6	4	66.7%	accessory	P38A	243	243	1503	728.5	1.000	362179.5
SING_P398	P	1	1	16.7%	accessory	P398	747	747	747	747.0	1.000	0.0
FAM_P4441	P	2	2	33.3%	accessory	P3JW	633	633	633	633.0	0.500	0.0
FAM_P4442	P	2	2	33.3%	accessory	P3OC	243	243	243	243.0	0.500	0.0
FAM_P4443	P	6	2	33.3%	accessory	P3Z0	135	135	870	421.0	0.500	123986.4
FAM_P4444	P	2	2	33.3%	accessory	P4AK	813	813	813	813.0	0.500	0.0
FAM_P4445	P	3	3	50.0%	accessory	P4D8	639	639	645	641.0	0.667	12.0
FAM_P4446	P	2	2	33.3%	accessory	P4IK	573	573	573	573.0	0.500	0.0
FAM_P4447	P	2	2	33.3%	accessory	P4SC	162	162	162	162.0	0.500	0.0
FAM_P4448	P	2	2	33.3%	accessory	P4U4	426	426	426	426.0	0.500	0.0
FAM_P4449	P	2	2	33.3%	accessory	P518	396	396	396	396.0	0.500	0.0
FAM_P4450	P	2	2	33.3%	accessory	P5B0	1002	1002	1002	1002.0	0.500	0.0
FAM_P4451	P	2	2	33.3%	accessory	P5J0	729	729	729	729.0	0.500	0.0
FAM_P4452	P	2	2	33.3%	accessory	P5JW	399	399	399	399.0	0.500	0.0
FAM_P4453	P	2	2	33.3%	accessory	P5RW	1413	1413	1413	1413.0	0.500	0.0
FAM_P4454	P	2	2	33.3%	accessory	P62K	2700	2700	2700	2700.0	0.500	0.0
FAM_P4455	P	4	4	66.7%	accessory	P6AK	1038	1038	1050	1044.0	0.750	48.0
FAM_P4456	P	2	2	33.3%	accessory	P6L8	417	417	417	417.0	0.500	0.0
FAM_P4457	P	2	2	33.3%	accessory	P6M4	378	378	378	378.0	0.500	0.0
FAM_P4458	P	2	2	33.3%	accessory	P6T8	372	372	372	372.0	0.500	0.0
FAM_P4459	P	2	2	33.3%	accessory	P6V0	1989	1989	1989	1989.0	0.500	0.0
FAM_P4460	P	2	2	33.3%	accessory	P73W	516	516	516	516.0	1.000	0.0
FAM_P4461	P	2	2	33.3%	accessory	P74S	1083	1083	1083	1083.0	0.500	0.0
FAM_P4462	P	6	6	100.0%	core	P39M	504	504	504	504.0	0.833	0.0
FAM_P4463	P	2	2	33.3%	accessory	P7DO	1470	1470	1470	1470.0	0.500	0.0
FAM_P4464	P	2	2	33.3%	accessory	P7FG	1224	1224	1224	1224.0	0.500	0.0
FAM_P4465	P	4	4	66.7%	accessory	P7GC	222	222	222	222.0	0.750	0.0
FAM_P4466	P	2	2	33.3%	accessory	P7J0	852	852	852	852.0	1.000	0.0
FAM_P4467	P	2	2	33.3%	accessory	P7JW	1017	1017	1017	1017.0	1.000	0.0
FAM_P4468	P	3	3	50.0%	accessory	P2IE	1953	1953	1953	1953.0	1.000	0.0
SING_P7ZW	P	1	1	16.7%	accessory	P7ZW	1050	1050	1050	1050.0	1.000	0.0
SING_P870	P	1	1	16.7%	accessory	P870	1377	1377	1377	1377.0	1.000	0.0
SING_P8D8	P	1	1	16.7%	accessory	P8D8	549	549	549	549.0	1.000	0.0
FAM_P4469	P	2	1	16.7%	accessory	P8KC	201	201	201	201.0	1.000	0.0
FAM_P4470	P	2	2	33.3%	accessory	P8L8	456	456	456	456.0	1.000	0.0
SING_P8U4	P	1	1	16.7%	accessory	P8U4	1191	1191	1191	1191.0	1.000	0.0
FAM_P4471	P	3	2	33.3%	accessory	P8V0	147	147	246	213.0	1.000	3267.0
SING_P8WS	P	1	1	16.7%	accessory	P8WS	723	723	723	723.0	1.000	0.0
SING_P98C	P	1	1	16.7%	accessory	P98C	1440	1440	1440	1440.0	1.000	0.0
FAM_P4472	P	2	1	16.7%	accessory	P98U	276	276	276	276.0	0.500	0.0
SING_P9B0	P	1	1	16.7%	accessory	P9B0	237	237	237	237.0	1.000	0.0
SING_P9JW	P	1	1	16.7%	accessory	P9JW	447	447	447	447.0	1.000	0.0
SING_P9KS	P	1	1	16.7%	accessory	P9KS	450	450	450	450.0	1.000	0.0
SING_P9LO	P	1	1	16.7%	accessory	P9LO	342	342	342	342.0	1.000	0.0
SING_P9Q4	P	1	1	16.7%	accessory	P9Q4	741	741	741	741.0	1.000	0.0
SING_P9WC	P	1	1	16.7%	accessory	P9WC	180	180	180	180.0	1.000	0.0
SING_P9ZW	P	1	1	16.7%	accessory	P9ZW	1116	1116	1116	1116.0	1.000	0.0
SING_PAAK	P	1	1	16.7%	accessory	PAAK	525	525	525	525.0	1.000	0.0
FAM_P4473	P	2	1	16.7%	accessory	P9AT	2406	1983	2406	2194.5	1.000	89464.5
SING_PAJG	P	1	1	16.7%	accessory	PAJG	1368	1368	1368	1368.0	1.000	0.0
SING_PAKC	P	1	1	16.7%	accessory	PAKC	384	384	384	384.0	1.000	0.0
FAM_P4474	P	2	2	33.3%	accessory	PAL8	177	177	177	177.0	1.000	0.0
FAM_P4475	P	2	2	33.3%	accessory	PANW	369	369	369	369.0	1.000	0.0
FAM_P4476	P	2	2	33.3%	accessory	PAPO	792	792	792	792.0	1.000	0.0
SING_PAZG	P	1	1	16.7%	accessory	PAZG	291	291	291	291.0	1.000	0.0
SING_PB24	P	1	1	16.7%	accessory	PB24	1470	1470	1470	1470.0	1.000	0.0
FAM_P4477	P	2	2	33.3%	accessory	PB4S	639	639	639	639.0	1.000	0.0
SING_PB6K	P	1	1	16.7%	accessory	PB6K	276	276	276	276.0	1.000	0.0
FAM_P4478	P	2	2	33.3%	accessory	PB7G	732	732	777	754.5	1.000	1012.5
FAM_P4479	P	2	2	33.3%	accessory	P4ZB	558	558	558	558.0	0.500	0.0
FAM_P4480	P	6	6	100.0%	core	P18M	2223	2127	2319	2239.0	0.667	5222.4
FAM_P4481	P	6	6	100.0%	core	P1FK	393	393	396	394.5	0.667	2.7
FAM_P4482	P	2	2	33.3%	accessory	P5K4	1503	1503	1503	1503.0	0.500	0.0
FAM_P4483	P	2	2	33.3%	accessory	P5L0	273	273	273	273.0	0.500	0.0
FAM_P4484	P	2	2	33.3%	accessory	P68Z	675	675	675	675.0	0.500	0.0
FAM_P4485	P	2	2	33.3%	accessory	P74Y	183	183	183	183.0	0.500	0.0
FAM_P4486	P	2	2	33.3%	accessory	P742	510	510	510	510.0	1.000	0.0
FAM_P4487	P	2	2	33.3%	accessory	P6LO	267	267	267	267.0	0.500	0.0
FAM_P4488	P	2	2	33.3%	accessory	P6MK	732	732	732	732.0	0.500	0.0
FAM_P4489	P	4	4	66.7%	accessory	P6Q9	1296	1296	1296	1296.0	0.750	0.0
FAM_P4490	P	6	6	100.0%	core	P2QQ	933	933	981	941.0	0.833	384.0
FAM_P4491	P	2	2	33.3%	accessory	P6SX	321	321	321	321.0	0.500	0.0
FAM_P4492	P	2	2	33.3%	accessory	P6VL	2535	2535	2535	2535.0	0.500	0.0
FAM_P4493	P	2	2	33.3%	accessory	P7C7	309	309	309	309.0	0.500	0.0
FAM_P4494	P	2	2	33.3%	accessory	P3HW	597	597	597	597.0	0.500	0.0
FAM_P4495	P	4	4	66.7%	accessory	P3QS	1017	1017	1017	1017.0	0.750	0.0
FAM_P4496	P	6	6	100.0%	core	P3SJ	3138	3138	3144	3142.0	0.833	9.6
FAM_P4497	P	2	2	33.3%	accessory	P3W3	1062	1062	1062	1062.0	0.500	0.0
FAM_P4498	P	2	2	33.3%	accessory	P48K	270	270	270	270.0	0.500	0.0
FAM_P4499	P	2	2	33.3%	accessory	P49G	402	402	402	402.0	0.500	0.0
FAM_P4500	P	2	2	33.3%	accessory	P4IC	243	243	243	243.0	0.500	0.0
FAM_P4501	P	3	3	50.0%	accessory	P4S4	255	255	255	255.0	0.667	0.0
FAM_P4502	P	2	2	33.3%	accessory	P7HI	792	792	792	792.0	0.500	0.0
FAM_P4503	P	4	4	66.7%	accessory	P2PK	987	987	987	987.0	1.000	0.0
SING_PFLO	P	1	1	16.7%	accessory	PFLO	321	321	321	321.0	1.000	0.0
SING_PFOC	P	1	1	16.7%	accessory	PFOC	297	297	297	297.0	1.000	0.0
SING_PFVG	P	1	1	16.7%	accessory	PFVG	516	516	516	516.0	1.000	0.0
FAM_P4504	P	3	3	50.0%	accessory	P28Z	411	411	411	411.0	1.000	0.0
SING_PGD8	P	1	1	16.7%	accessory	PGD8	993	993	993	993.0	1.000	0.0
SING_PGKC	P	1	1	16.7%	accessory	PGKC	1329	1329	1329	1329.0	1.000	0.0
FAM_P4505	P	8	6	100.0%	core	P1KH	3318	534	3318	2494.5	0.750	1513756.3
SING_PGPO	P	1	1	16.7%	accessory	PGPO	1104	1104	1104	1104.0	1.000	0.0
SING_PGQK	P	1	1	16.7%	accessory	PGQK	291	291	291	291.0	1.000	0.0
SING_PGRG	P	1	1	16.7%	accessory	PGRG	180	180	180	180.0	1.000	0.0
SING_PGV0	P	1	1	16.7%	accessory	PGV0	1863	1863	1863	1863.0	1.000	0.0
SING_PH98	P	1	1	16.7%	accessory	PH98	138	138	138	138.0	1.000	0.0
SING_PHFG	P	1	1	16.7%	accessory	PHFG	153	153	153	153.0	1.000	0.0
FAM_P4506	P	2	2	33.3%	accessory	P1KX	219	219	219	219.0	1.000	0.0
SING_PHNG	P	1	1	16.7%	accessory	PHNG	276	276	276	276.0	1.000	0.0
SING_PHQ4	P	1	1	16.7%	accessory	PHQ4	2364	2364	2364	2364.0	1.000	0.0
SING_PHY4	P	1	1	16.7%	accessory	PHY4	165	165	165	165.0	1.000	0.0
SING_PINW	P	1	1	16.7%	accessory	PINW	813	813	813	813.0	1.000	0.0
FAM_P4507	P	2	2	33.3%	accessory	PB14	861	861	861	861.0	1.000	0.0
SING_PIU4	P	1	1	16.7%	accessory	PIU4	234	234	234	234.0	1.000	0.0
FAM_P4508	P	2	2	33.3%	accessory	PIWS	261	261	261	261.0	0.500	0.0
FAM_P4509	P	2	2	33.3%	accessory	PIXO	174	174	174	174.0	0.500	0.0
FAM_P4510	P	2	2	33.3%	accessory	PIYK	162	162	162	162.0	0.500	0.0
FAM_P4511	P	2	2	33.3%	accessory	PIZG	819	819	819	819.0	0.500	0.0
FAM_P4512	P	2	2	33.3%	accessory	PB70	348	147	348	247.5	1.000	20200.5
FAM_P4513	P	2	2	33.3%	accessory	PJ18	738	738	738	738.0	0.500	0.0
FAM_P4514	P	2	2	33.3%	accessory	PJ24	204	204	204	204.0	0.500	0.0
FAM_P4515	P	2	2	33.3%	accessory	PJ30	258	258	258	258.0	0.500	0.0
FAM_P4516	P	2	1	16.7%	accessory	PG1C	2097	2097	2097	2097.0	1.000	0.0
SING_PJ6K	P	1	1	16.7%	accessory	PJ6K	513	513	513	513.0	1.000	0.0
FAM_P4517	P	2	2	33.3%	accessory	PB56	729	729	729	729.0	1.000	0.0
FAM_P4518	P	4	4	66.7%	accessory	P7GZ	1257	1257	5271	3264.0	0.750	5370732.0
SING_PJ98	P	1	1	16.7%	accessory	PJ98	252	252	252	252.0	1.000	0.0
SING_PJA4	P	1	1	16.7%	accessory	PJA4	3687	3687	3687	3687.0	1.000	0.0
SING_PJB0	P	1	1	16.7%	accessory	PJB0	375	375	375	375.0	1.000	0.0
SING_PJBW	P	1	1	16.7%	accessory	PJBW	744	744	744	744.0	1.000	0.0
SING_PJWC	P	1	1	16.7%	accessory	PJWC	552	552	552	552.0	1.000	0.0
FAM_P4519	P	2	2	33.3%	accessory	P277	744	744	744	744.0	0.500	0.0
SING_PHEO	P	1	1	16.7%	accessory	PHEO	918	918	918	918.0	1.000	0.0
SING_PHGG	P	1	1	16.7%	accessory	PHGG	336	336	336	336.0	1.000	0.0
SING_PHMO	P	1	1	16.7%	accessory	PHMO	276	276	276	276.0	1.000	0.0
SING_PHNK	P	1	1	16.7%	accessory	PHNK	501	501	501	501.0	1.000	0.0
SING_PHOG	P	1	1	16.7%	accessory	PHOG	225	225	225	225.0	1.000	0.0
SING_PHSW	P	1	1	16.7%	accessory	PHSW	429	429	429	429.0	1.000	0.0
FAM_P4520	P	3	3	50.0%	accessory	PFD	750	750	750	750.0	1.000	0.0
SING_PIG0	P	1	1	16.7%	accessory	PIG0	999	999	999	999.0	1.000	0.0
SING_PIGW	P	1	1	16.7%	accessory	PIGW	456	456	456	456.0	1.000	0.0
SING_PIN4	P	1	1	16.7%	accessory	PIN4	315	315	315	315.0	1.000	0.0
FAM_P4521	P	2	2	33.3%	accessory	PB18	390	390	390	390.0	0.500	0.0
SING_PIW0	P	1	1	16.7%	accessory	PIW0	573	573	573	573.0	1.000	0.0
FAM_P4522	P	2	2	33.3%	accessory	PIWW	1356	1356	1356	1356.0	0.500	0.0
FAM_P4523	P	2	2	33.3%	accessory	PIXS	1233	1233	1233	1233.0	0.500	0.0
FAM_P4524	P	2	2	33.3%	accessory	PIZK	237	237	237	237.0	0.500	0.0
SING_PJ0G	P	1	1	16.7%	accessory	PJ0G	456	456	456	456.0	1.000	0.0
FAM_P4525	P	2	2	33.3%	accessory	PJ1C	663	663	663	663.0	0.500	0.0
FAM_P4526	P	2	2	33.3%	accessory	PJ28	204	204	321	262.5	1.000	6844.5
FAM_P4527	P	2	2	33.3%	accessory	PJ34	762	762	762	762.0	0.500	0.0
FAM_P4528	P	3	3	50.0%	accessory	PB75	561	255	561	397.0	1.000	23772.0
SING_PJ4W	P	1	1	16.7%	accessory	PJ4W	294	294	294	294.0	1.000	0.0
SING_PJ5S	P	1	1	16.7%	accessory	PJ5S	252	252	252	252.0	1.000	0.0
SING_PJ6O	P	1	1	16.7%	accessory	PJ6O	756	756	756	756.0	1.000	0.0
SING_PJ7K	P	1	1	16.7%	accessory	PJ7K	267	267	267	267.0	1.000	0.0
SING_PJ8G	P	1	1	16.7%	accessory	PJ8G	207	207	207	207.0	1.000	0.0
SING_PJ9C	P	1	1	16.7%	accessory	PJ9C	153	153	153	153.0	1.000	0.0
SING_PJA8	P	1	1	16.7%	accessory	PJA8	270	270	270	270.0	1.000	0.0
SING_PJB4	P	1	1	16.7%	accessory	PJB4	330	330	330	330.0	1.000	0.0
SING_PJC0	P	1	1	16.7%	accessory	PJC0	237	237	237	237.0	1.000	0.0
SING_PJCW	P	1	1	16.7%	accessory	PJCW	99	99	99	99.0	1.000	0.0
FAM_P4529	P	4	4	66.7%	accessory	P2PN	861	861	861	861.0	1.000	0.0
FAM_P4530	P	3	3	50.0%	accessory	P2IR	2694	2694	2703	2697.0	1.000	27.0
FAM_P4531	P	3	3	50.0%	accessory	P61Z	408	408	408	408.0	0.667	0.0
FAM_P4532	P	3	3	50.0%	accessory	P65J	735	735	1191	887.0	0.667	69312.0
FAM_P4533	P	2	2	33.3%	accessory	P74U	912	912	912	912.0	1.000	0.0
SING_PCTC	P	1	1	16.7%	accessory	PCTC	351	351	351	351.0	1.000	0.0
FAM_P4534	P	2	2	33.3%	accessory	P6R9	1143	1143	1143	1143.0	0.500	0.0
FAM_P4535	P	2	2	33.3%	accessory	P6T1	300	300	300	300.0	0.500	0.0
FAM_P4536	P	2	2	33.3%	accessory	P711	675	675	675	675.0	0.500	0.0
FAM_P4537	P	3	3	50.0%	accessory	P7D7	5103	5103	5241	5149.0	0.667	6348.0
FAM_P4538	P	2	2	33.3%	accessory	P3JS	1182	1182	1182	1182.0	0.500	0.0
FAM_P4539	P	2	2	33.3%	accessory	P3W7	567	567	567	567.0	0.500	0.0
FAM_P4540	P	2	2	33.3%	accessory	P3ZR	2013	2013	2013	2013.0	0.500	0.0
FAM_P4541	P	2	2	33.3%	accessory	P453	273	273	273	273.0	0.500	0.0
FAM_P4542	P	2	2	33.3%	accessory	P7C0	468	468	468	468.0	0.500	0.0
FAM_P4543	P	2	2	33.3%	accessory	P7FK	600	600	600	600.0	0.500	0.0
SING_P7K0	P	1	1	16.7%	accessory	P7K0	984	984	984	984.0	1.000	0.0
FAM_P4544	P	2	2	33.3%	accessory	P7UO	891	891	891	891.0	1.000	0.0
SING_P800	P	1	1	16.7%	accessory	P800	171	171	171	171.0	1.000	0.0
FAM_P4545	P	2	2	33.3%	accessory	P82O	372	372	372	372.0	1.000	0.0
SING_P874	P	1	1	16.7%	accessory	P874	1761	1761	1761	1761.0	1.000	0.0
SING_P8CG	P	1	1	16.7%	accessory	P8CG	390	390	390	390.0	1.000	0.0
SING_P8DC	P	1	1	16.7%	accessory	P8DC	744	744	744	744.0	1.000	0.0
SING_P8LC	P	1	1	16.7%	accessory	P8LC	324	324	324	324.0	1.000	0.0
SING_P8U8	P	1	1	16.7%	accessory	P8U8	1104	1104	1104	1104.0	1.000	0.0
SING_P97K	P	1	1	16.7%	accessory	P97K	1182	1182	1182	1182.0	1.000	0.0
FAM_P4546	P	2	1	16.7%	accessory	P98Y	318	318	318	318.0	0.500	0.0
SING_P9K0	P	1	1	16.7%	accessory	P9K0	459	459	459	459.0	1.000	0.0
SING_P9Q8	P	1	1	16.7%	accessory	P9Q8	2631	2631	2631	2631.0	1.000	0.0
FAM_P4547	P	4	4	66.7%	accessory	P4WW	564	564	564	564.0	0.750	0.0
FAM_P4548	P	3	3	50.0%	accessory	P4ZK	339	339	339	339.0	0.667	0.0
FAM_P4549	P	6	6	100.0%	core	P1CZ	1476	1344	1476	1432.0	0.833	4646.4
FAM_P4550	P	2	2	33.3%	accessory	P5B4	204	204	204	204.0	0.500	0.0
FAM_P4551	P	6	6	100.0%	core	P1GJ	753	753	753	753.0	0.833	0.0
FAM_P4552	P	6	6	100.0%	core	P1LW	3633	3630	3633	3632.0	0.833	2.4
FAM_P4553	P	2	2	33.3%	accessory	P5KW	219	219	219	219.0	0.500	0.0
FAM_P4554	P	2	2	33.3%	accessory	P5S0	915	915	915	915.0	0.500	0.0
FAM_P4555	P	2	2	33.3%	accessory	P6M8	258	258	258	258.0	0.500	0.0
FAM_P4556	P	2	2	33.3%	accessory	P6TC	270	270	270	270.0	0.500	0.0
FAM_P4557	P	3	3	50.0%	accessory	P71C	279	279	279	279.0	0.667	0.0
FAM_P4558	P	6	6	100.0%	core	P30T	1398	1377	1398	1384.0	0.667	117.6
FAM_P4559	P	2	2	33.3%	accessory	P740	198	198	198	198.0	1.000	0.0
FAM_P4560	P	2	2	33.3%	accessory	P74W	561	561	561	561.0	0.500	0.0
FAM_P4561	P	6	6	100.0%	core	P44M	414	414	414	414.0	0.833	0.0
FAM_P4562	P	6	6	100.0%	core	P43P	768	768	768	768.0	0.667	0.0
FAM_P4563	P	6	6	100.0%	core	P42U	741	741	798	750.5	0.667	541.5
FAM_P4564	P	6	6	100.0%	core	P420	1431	1431	1431	1431.0	0.667	0.0
FAM_P4565	P	3	2	33.3%	accessory	P9WA	1767	1767	1767	1767.0	0.667	0.0
FAM_P4566	P	6	6	100.0%	core	P3XK	1059	1059	1059	1059.0	0.667	0.0
FAM_P4567	P	6	6	100.0%	core	P3WF	1218	1218	1218	1218.0	0.667	0.0
FAM_P4568	P	6	6	100.0%	core	P3UT	675	675	675	675.0	0.667	0.0
FAM_P4569	P	6	6	100.0%	core	P3TW	1386	1386	1386	1386.0	0.667	0.0
FAM_P4570	P	6	6	100.0%	core	P3T1	1251	1251	1251	1251.0	0.833	0.0
FAM_P4571	P	6	6	100.0%	core	P3PK	1287	1287	1287	1287.0	0.667	0.0
FAM_P4572	P	6	6	100.0%	core	P3OO	975	975	975	975.0	0.667	0.0
SING_PLYA	P	1	1	16.7%	accessory	PLYA	1113	1113	1113	1113.0	1.000	0.0
FAM_P4573	P	6	6	100.0%	core	P3HC	1719	1719	1719	1719.0	0.833	0.0
FAM_P4574	P	6	6	100.0%	core	P3BZ	687	687	687	687.0	0.833	0.0
FAM_P4575	P	6	6	100.0%	core	P37S	504	504	504	504.0	0.833	0.0
FAM_P4576	P	6	6	100.0%	core	P36X	1734	1734	1734	1734.0	0.833	0.0
FAM_P4577	P	6	6	100.0%	core	P361	276	276	276	276.0	0.500	0.0
FAM_P4578	P	6	6	100.0%	core	P355	735	735	735	735.0	0.667	0.0
FAM_P4579	P	6	6	100.0%	core	P349	1341	1341	1341	1341.0	0.667	0.0
FAM_P4580	P	6	6	100.0%	core	P33D	330	330	330	330.0	0.667	0.0
FAM_P4581	P	6	6	100.0%	core	P32H	1587	1587	1587	1587.0	0.667	0.0
FAM_P4582	P	6	6	100.0%	core	P31L	1545	1545	1545	1545.0	0.667	0.0
FAM_P4583	P	6	6	100.0%	core	P30P	591	591	591	591.0	0.667	0.0
FAM_P4584	P	6	6	100.0%	core	P2ZT	918	918	918	918.0	0.667	0.0
FAM_P4585	P	6	6	100.0%	core	P2YX	240	240	240	240.0	0.500	0.0
FAM_P4586	P	6	6	100.0%	core	P2Y0	834	834	834	834.0	0.667	0.0
FAM_P4587	P	6	6	100.0%	core	P2X4	1374	1374	1374	1374.0	0.667	0.0
FAM_P4588	P	6	6	100.0%	core	P2W8	2262	2262	2262	2262.0	0.667	0.0
FAM_P4589	P	6	6	100.0%	core	P2VC	1080	1080	1080	1080.0	0.833	0.0
FAM_P4590	P	6	6	100.0%	core	P2UF	930	930	930	930.0	0.667	0.0
FAM_P4591	P	3	3	50.0%	accessory	P2TK	1413	1395	1413	1407.0	0.667	108.0
FAM_P4592	P	3	3	50.0%	accessory	PB76	2967	2967	2967	2967.0	0.667	0.0
SING_PMPU	P	1	1	16.7%	accessory	PMPU	483	483	483	483.0	1.000	0.0
FAM_P4593	P	3	3	50.0%	accessory	PB72	498	498	498	498.0	0.333	0.0
SING_PMTE	P	1	1	16.7%	accessory	PMTE	792	792	792	792.0	1.000	0.0
FAM_P4594	P	4	4	66.7%	accessory	P4CL	579	579	579	579.0	0.500	0.0
FAM_P4595	P	2	2	33.3%	accessory	PJ36	588	588	588	588.0	0.500	0.0
FAM_P4596	P	2	2	33.3%	accessory	PJ1E	732	732	732	732.0	0.500	0.0
SING_PN0I	P	1	1	16.7%	accessory	PN0I	672	672	672	672.0	1.000	0.0
FAM_P4597	P	6	6	100.0%	core	P2R	621	621	621	621.0	0.667	0.0
FAM_P4598	P	6	6	100.0%	core	P3GL	726	726	726	726.0	0.500	0.0
FAM_P4599	P	6	6	100.0%	core	P3HH	1032	1032	1032	1032.0	0.667	0.0
FAM_P4600	P	6	6	100.0%	core	P3J4	501	501	615	539.0	0.667	3465.6
FAM_P4601	P	7	6	100.0%	core	P3M7	1587	339	1587	1357.7	0.714	219491.6
FAM_P4602	P	5	4	66.7%	accessory	P8VY	1197	1197	1197	1197.0	0.800	0.0
FAM_P4603	P	6	6	100.0%	core	P3NW	909	909	909	909.0	0.667	0.0
FAM_P4604	P	6	6	100.0%	core	P3OW	1365	1365	1365	1365.0	0.667	0.0
FAM_P4605	P	6	6	100.0%	core	P3PS	219	219	219	219.0	0.333	0.0
FAM_P4606	P	7	6	100.0%	core	P16E	411	411	411	411.0	0.714	0.0
FAM_P4607	P	7	6	100.0%	core	P3VJ	2199	510	2199	1858.3	0.857	420755.6
FAM_P4608	P	6	6	100.0%	core	P3WC	1767	1767	1767	1767.0	0.833	0.0
FAM_P4609	P	6	6	100.0%	core	P3XH	150	150	150	150.0	0.167	0.0
FAM_P4610	P	6	6	100.0%	core	P40K	750	750	750	750.0	0.667	0.0
FAM_P4611	P	6	6	100.0%	core	P41J	489	489	489	489.0	0.667	0.0
FAM_P4612	P	6	6	100.0%	core	P42L	612	612	612	612.0	0.500	0.0
FAM_P4613	P	6	6	100.0%	core	P43F	705	705	705	705.0	0.667	0.0
FAM_P4614	P	6	6	100.0%	core	P44C	1761	1761	1761	1761.0	0.667	0.0
FAM_P4615	P	6	6	100.0%	core	P4AA	1128	1128	1128	1128.0	0.667	0.0
FAM_P4616	P	6	6	100.0%	core	P4EE	921	921	921	921.0	0.667	0.0
FAM_P4617	P	6	6	100.0%	core	P4FA	624	624	624	624.0	0.667	0.0
SING_P9AA	P	1	1	16.7%	accessory	P9AA	171	171	171	171.0	1.000	0.0
SING_P9FM	P	1	1	16.7%	accessory	P9FM	345	345	345	345.0	1.000	0.0
SING_P9J6	P	1	1	16.7%	accessory	P9J6	759	759	759	759.0	1.000	0.0
SING_P9K2	P	1	1	16.7%	accessory	P9K2	1497	1497	1497	1497.0	1.000	0.0
FAM_P4618	P	5	4	66.7%	accessory	P4JY	330	330	330	330.0	0.800	0.0
SING_P9QA	P	1	1	16.7%	accessory	P9QA	447	447	447	447.0	1.000	0.0
FAM_P4619	P	7	6	100.0%	core	P4A9	831	111	831	712.3	0.857	72011.6
SING_P9WI	P	1	1	16.7%	accessory	P9WI	546	546	546	546.0	1.000	0.0
SING_PA0Y	P	1	1	16.7%	accessory	PA0Y	762	762	762	762.0	1.000	0.0
FAM_P4620	P	6	6	100.0%	core	P3NH	213	213	213	213.0	0.333	0.0
SING_PABM	P	1	1	16.7%	accessory	PABM	1842	1842	1842	1842.0	1.000	0.0
SING_PAG2	P	1	1	16.7%	accessory	PAG2	849	849	849	849.0	1.000	0.0
SING_PAGY	P	1	1	16.7%	accessory	PAGY	459	459	459	459.0	1.000	0.0
FAM_P4621	P	6	6	100.0%	core	P3B3	414	414	414	414.0	0.833	0.0
FAM_P4622	P	22	6	100.0%	core	P12B	366	162	366	339.0	0.273	4847.1
SING_PAMA	P	1	1	16.7%	accessory	PAMA	2988	2988	2988	2988.0	1.000	0.0
SING_PAN6	P	1	1	16.7%	accessory	PAN6	549	549	549	549.0	1.000	0.0
FAM_P4623	P	6	6	100.0%	core	P34S	294	294	294	294.0	0.333	0.0
SING_PB1E	P	1	1	16.7%	accessory	PB1E	558	558	558	558.0	1.000	0.0
SING_PB4Y	P	1	1	16.7%	accessory	PB4Y	348	348	348	348.0	1.000	0.0
SING_PB6Q	P	1	1	16.7%	accessory	PB6Q	1269	1269	1269	1269.0	1.000	0.0
FAM_P4624	P	6	6	100.0%	core	P15O	927	927	927	927.0	0.833	0.0
FAM_P4625	P	6	6	100.0%	core	P14T	1536	1536	1536	1536.0	0.833	0.0
FAM_P4626	P	9	2	33.3%	accessory	P4HF	222	222	222	222.0	0.333	0.0
FAM_P4627	P	6	4	66.7%	accessory	P171	219	219	222	219.5	0.667	1.5
FAM_P4628	P	6	6	100.0%	core	P17Y	723	723	723	723.0	0.667	0.0
FAM_P4629	P	6	6	100.0%	core	P18S	1503	1503	1503	1503.0	0.667	0.0
FAM_P4630	P	6	6	100.0%	core	P1NM	1095	1095	1095	1095.0	0.667	0.0
FAM_P4631	P	6	6	100.0%	core	P1OI	1644	1644	1644	1644.0	0.833	0.0
FAM_P4632	P	6	6	100.0%	core	P1PE	1191	1191	1191	1191.0	0.667	0.0
FAM_P4633	P	6	6	100.0%	core	P1R6	894	894	894	894.0	0.667	0.0
FAM_P4634	P	6	6	100.0%	core	P1SY	615	615	615	615.0	0.500	0.0
FAM_P4635	P	4	4	66.7%	accessory	P1TU	834	834	834	834.0	0.750	0.0
FAM_P4636	P	6	6	100.0%	core	P1UQ	501	501	501	501.0	0.667	0.0
FAM_P4637	P	6	6	100.0%	core	P1VM	3114	3114	3114	3114.0	0.667	0.0
FAM_P4638	P	6	6	100.0%	core	P1WI	639	639	639	639.0	0.667	0.0
FAM_P4639	P	6	6	100.0%	core	P1XE	489	489	489	489.0	0.500	0.0
FAM_P4640	P	6	6	100.0%	core	P1Z6	1161	1161	1161	1161.0	0.667	0.0
FAM_P4641	P	6	6	100.0%	core	P21U	774	774	774	774.0	0.667	0.0
FAM_P4642	P	3	3	50.0%	accessory	P22Q	639	639	639	639.0	0.667	0.0
FAM_P4643	P	6	6	100.0%	core	P23M	780	780	780	780.0	0.667	0.0
FAM_P4644	P	6	6	100.0%	core	P24I	1776	1776	1776	1776.0	0.667	0.0
FAM_P4645	P	6	6	100.0%	core	P25E	2160	2160	2160	2160.0	0.667	0.0
FAM_P4646	P	6	6	100.0%	core	P26A	1779	1119	1779	1669.0	0.833	72600.0
FAM_P4647	P	6	6	100.0%	core	P276	1434	1434	1434	1434.0	0.833	0.0
FAM_P4648	P	6	6	100.0%	core	P282	1992	1992	1992	1992.0	0.667	0.0
FAM_P4649	P	6	6	100.0%	core	P29U	1041	1041	1041	1041.0	0.667	0.0
FAM_P4650	P	6	6	100.0%	core	P2AQ	1161	1161	1161	1161.0	0.667	0.0
FAM_P4651	P	6	6	100.0%	core	P2DE	804	630	804	746.0	0.667	8073.6
FAM_P4652	P	6	6	100.0%	core	P2EA	1344	1344	1344	1344.0	0.667	0.0
FAM_P4653	P	6	6	100.0%	core	P2F6	855	855	855	855.0	0.667	0.0
FAM_P4654	P	6	6	100.0%	core	P2MA	270	270	270	270.0	0.667	0.0
FAM_P4655	P	6	6	100.0%	core	P2N6	753	753	753	753.0	0.667	0.0
FAM_P4656	P	6	6	100.0%	core	P2O2	1497	1497	1497	1497.0	0.667	0.0
FAM_P4657	P	6	6	100.0%	core	P2PU	1539	1539	1539	1539.0	0.667	0.0
FAM_P4658	P	6	6	100.0%	core	P2RM	690	657	690	679.0	0.833	290.4
FAM_P4659	P	6	6	100.0%	core	P2UA	1869	1869	1869	1869.0	0.667	0.0
FAM_P4660	P	6	6	100.0%	core	P2V6	1263	1263	1263	1263.0	0.667	0.0
FAM_P4661	P	6	6	100.0%	core	P2W2	621	621	621	621.0	0.667	0.0
FAM_P4662	P	6	6	100.0%	core	P2WY	1431	1431	1431	1431.0	0.667	0.0
FAM_P4663	P	4	4	66.7%	accessory	P2XU	183	183	183	183.0	0.500	0.0
FAM_P4664	P	6	6	100.0%	core	P2YQ	441	441	441	441.0	0.667	0.0
FAM_P4665	P	6	6	100.0%	core	P2ZM	852	852	852	852.0	0.833	0.0
FAM_P4666	P	6	6	100.0%	core	P30I	756	756	756	756.0	0.667	0.0
FAM_P4667	P	6	6	100.0%	core	P31E	243	243	243	243.0	0.667	0.0
FAM_P4668	P	4	4	66.7%	accessory	P336	930	930	930	930.0	0.750	0.0
FAM_P4669	P	6	6	100.0%	core	P342	762	762	762	762.0	0.667	0.0
FAM_P4670	P	6	6	100.0%	core	P34Y	126	126	126	126.0	0.667	0.0
FAM_P4671	P	6	6	100.0%	core	P35U	402	402	402	402.0	0.667	0.0
FAM_P4672	P	6	6	100.0%	core	P39E	717	717	717	717.0	0.833	0.0
FAM_P4673	P	6	6	100.0%	core	P3	933	933	933	933.0	0.833	0.0
FAM_P4674	P	6	6	100.0%	core	P3CY	396	396	396	396.0	0.833	0.0
FAM_P4675	P	6	6	100.0%	core	P3GI	825	825	825	825.0	0.667	0.0
FAM_P4676	P	6	6	100.0%	core	P3HE	405	405	405	405.0	0.667	0.0
FAM_P4677	P	3	3	50.0%	accessory	P3IA	1851	1851	1851	1851.0	0.667	0.0
FAM_P4678	P	6	6	100.0%	core	P3J6	459	459	459	459.0	0.667	0.0
FAM_P4679	P	4	4	66.7%	accessory	P3LU	321	321	321	321.0	0.500	0.0
FAM_P4680	P	6	6	100.0%	core	P3NM	1116	1116	1116	1116.0	0.667	0.0
FAM_P4681	P	6	6	100.0%	core	P3OI	1104	1104	1104	1104.0	0.667	0.0
FAM_P4682	P	6	6	100.0%	core	P3PE	1701	1701	1701	1701.0	0.667	0.0
FAM_P4683	P	6	6	100.0%	core	P3QA	1677	1677	1677	1677.0	0.833	0.0
FAM_P4684	P	6	6	100.0%	core	P3R6	1095	1095	1095	1095.0	0.667	0.0
FAM_P4685	P	5	5	83.3%	accessory	P3S2	633	633	633	633.0	0.600	0.0
FAM_P4686	P	6	6	100.0%	core	P3SY	816	816	816	816.0	0.667	0.0
FAM_P4687	P	6	6	100.0%	core	P3TU	1659	1578	1659	1645.5	0.833	1093.5
FAM_P4688	P	5	5	83.3%	accessory	P3UQ	1671	1671	1671	1671.0	0.600	0.0
FAM_P4689	P	6	6	100.0%	core	P3VM	2685	2685	2685	2685.0	0.667	0.0
FAM_P4690	P	3	3	50.0%	accessory	P3WI	906	906	906	906.0	0.667	0.0
FAM_P4691	P	6	6	100.0%	core	P3XE	1017	1017	1017	1017.0	0.667	0.0
FAM_P4692	P	5	4	66.7%	accessory	P3YA	153	153	153	153.0	0.800	0.0
FAM_P4693	P	6	6	100.0%	core	P3Z6	756	756	756	756.0	0.833	0.0
FAM_P4694	P	6	6	100.0%	core	P402	723	723	723	723.0	0.667	0.0
FAM_P4695	P	6	6	100.0%	core	P40Y	1116	1116	1116	1116.0	0.667	0.0
FAM_P4696	P	6	6	100.0%	core	P41U	516	516	516	516.0	0.667	0.0
FAM_P4697	P	6	6	100.0%	core	P42Q	864	864	864	864.0	0.667	0.0
FAM_P4698	P	6	6	100.0%	core	P43M	1401	1401	1401	1401.0	0.667	0.0
SING_PKOC	P	1	1	16.7%	accessory	PKOC	1413	1413	1413	1413.0	1.000	0.0
FAM_P4699	P	6	6	100.0%	core	P1F9	567	567	567	567.0	0.667	0.0
FAM_P4700	P	6	6	100.0%	core	P1ED	276	276	276	276.0	0.667	0.0
FAM_P4701	P	6	6	100.0%	core	P1DI	1752	1752	1752	1752.0	0.667	0.0
SING_PL70	P	1	1	16.7%	accessory	PL70	207	207	207	207.0	1.000	0.0
SING_PL8S	P	1	1	16.7%	accessory	PL8S	150	150	150	150.0	1.000	0.0
FAM_P4702	P	2	2	33.3%	accessory	PL9O	834	834	834	834.0	1.000	0.0
FAM_P4703	P	3	2	33.3%	accessory	P9WN	228	228	228	228.0	0.667	0.0
FAM_P4704	P	6	6	100.0%	core	P3H2	960	960	960	960.0	0.667	0.0
FAM_P4705	P	6	6	100.0%	core	P3G7	1983	1983	1983	1983.0	0.833	0.0
FAM_P4706	P	6	6	100.0%	core	P38	867	867	867	867.0	0.667	0.0
FAM_P4707	P	6	6	100.0%	core	P1F	1287	1287	1287	1287.0	0.667	0.0
SING_PM8C	P	1	1	16.7%	accessory	PM8C	822	822	822	822.0	1.000	0.0
SING_PM98	P	1	1	16.7%	accessory	PM98	876	876	876	876.0	1.000	0.0
FAM_P4708	P	6	6	100.0%	core	P2ZJ	2298	2298	2298	2298.0	0.833	0.0
FAM_P4709	P	6	6	100.0%	core	P2VY	891	888	891	890.0	0.667	2.4
SING_PMP8	P	1	1	16.7%	accessory	PMP8	735	735	735	735.0	1.000	0.0
FAM_P4710	P	4	4	66.7%	accessory	P79	339	111	339	225.0	0.750	17328.0
SING_PMR0	P	1	1	16.7%	accessory	PMR0	285	285	285	285.0	1.000	0.0
SING_PMRW	P	1	1	16.7%	accessory	PMRW	852	852	852	852.0	1.000	0.0
SING_PMSS	P	1	1	16.7%	accessory	PMSS	822	822	822	822.0	1.000	0.0
SING_PMUK	P	1	1	16.7%	accessory	PMUK	255	255	255	255.0	1.000	0.0
FAM_P4711	P	5	3	50.0%	accessory	P2OY	366	366	852	754.8	0.600	47239.2
FAM_P4712	P	2	1	16.7%	accessory	PMSP	81	81	81	81.0	0.500	0.0
FAM_P4713	P	6	6	100.0%	core	P19	1863	1863	1863	1863.0	0.667	0.0
FAM_P4714	P	6	6	100.0%	core	P25	1005	1005	1005	1005.0	0.667	0.0
FAM_P4715	P	6	6	100.0%	core	P31	2664	2664	2664	2664.0	0.667	0.0
FAM_P4716	P	6	6	100.0%	core	P3G0	705	681	705	701.0	0.500	96.0
FAM_P4717	P	6	6	100.0%	core	P3GV	486	486	486	486.0	0.667	0.0
FAM_P4718	P	6	6	100.0%	core	P3HR	468	468	468	468.0	0.667	0.0
SING_P6L	P	1	1	16.7%	accessory	P6L	105	105	105	105.0	1.000	0.0
SING_P7H	P	1	1	16.7%	accessory	P7H	1005	1005	1005	1005.0	1.000	0.0
FAM_P4719	P	6	6	100.0%	core	P3O7	1071	1071	1071	1071.0	0.667	0.0
FAM_P4720	P	3	3	50.0%	accessory	PA3X	300	300	1164	876.0	1.000	248832.0
FAM_P4721	P	4	4	66.7%	accessory	P3VR	4200	546	4200	1903.5	1.000	2519193.0
FAM_P4722	P	6	6	100.0%	core	P3WV	1140	1140	1140	1140.0	0.667	0.0
FAM_P4723	P	6	6	100.0%	core	P3XR	1284	1284	1284	1284.0	0.667	0.0
FAM_P4724	P	5	5	83.3%	accessory	P10T	210	189	210	201.6	0.800	132.3
FAM_P4725	P	6	6	100.0%	core	P12L	3903	3903	3903	3903.0	0.667	0.0
FAM_P4726	P	6	6	100.0%	core	P14D	654	654	654	654.0	0.667	0.0
SING_P1IL	P	1	1	16.7%	accessory	P1IL	3120	3120	3120	3120.0	1.000	0.0
SING_P1JH	P	1	1	16.7%	accessory	P1JH	474	474	474	474.0	1.000	0.0
FAM_P4727	P	6	6	100.0%	core	P1N1	1050	1050	1050	1050.0	0.667	0.0
FAM_P4728	P	6	6	100.0%	core	P1PP	1158	1158	1158	1158.0	0.667	0.0
FAM_P4729	P	6	6	100.0%	core	P1QL	1338	1338	1338	1338.0	0.667	0.0
FAM_P4730	P	6	6	100.0%	core	P1RH	1269	1269	1269	1269.0	0.667	0.0
SING_P1V1	P	1	1	16.7%	accessory	P1V1	393	393	393	393.0	1.000	0.0
FAM_P4731	P	2	1	16.7%	accessory	P20D	201	201	222	211.5	1.000	220.5
FAM_P4732	P	6	6	100.0%	core	P23X	792	792	792	792.0	0.667	0.0
FAM_P4733	P	6	6	100.0%	core	P24T	1098	1098	1098	1098.0	0.667	0.0
FAM_P4734	P	4	4	66.7%	accessory	P25P	132	132	132	132.0	0.500	0.0
FAM_P4735	P	3	3	50.0%	accessory	P299	1137	1137	1143	1141.0	1.000	12.0
FAM_P4736	P	6	6	100.0%	core	P2J1	219	219	219	219.0	0.500	0.0
FAM_P4737	P	4	4	66.7%	accessory	P2JX	1227	1227	1227	1227.0	1.000	0.0
FAM_P4738	P	6	6	100.0%	core	P2UL	339	339	339	339.0	0.667	0.0
FAM_P4739	P	6	6	100.0%	core	P2VH	1656	1656	1656	1656.0	0.667	0.0
FAM_P4740	P	6	6	100.0%	core	P2WD	606	606	606	606.0	0.667	0.0
FAM_P4741	P	6	6	100.0%	core	P2X9	1824	1824	1824	1824.0	0.667	0.0
FAM_P4742	P	5	5	83.3%	accessory	P2Y5	447	447	447	447.0	0.600	0.0
FAM_P4743	P	6	6	100.0%	core	P31P	1341	1338	1341	1340.5	0.833	1.5
FAM_P4744	P	6	6	100.0%	core	P33H	1137	1137	1137	1137.0	0.667	0.0
FAM_P4745	P	6	6	100.0%	core	P34D	273	273	273	273.0	0.667	0.0
FAM_P4746	P	3	3	50.0%	accessory	P359	315	315	315	315.0	0.667	0.0
FAM_P4747	P	2	2	33.3%	accessory	P38T	954	954	954	954.0	1.000	0.0
FAM_P4748	P	6	6	100.0%	core	P3CD	1131	1131	1131	1131.0	0.833	0.0
FAM_P4749	P	3	3	50.0%	accessory	P3N1	2079	363	2079	1507.0	0.667	981552.0
FAM_P4750	P	6	6	100.0%	core	P3OT	591	591	591	591.0	0.667	0.0
FAM_P4751	P	6	6	100.0%	core	P3PP	1551	1551	1551	1551.0	0.667	0.0
FAM_P4752	P	6	6	100.0%	core	P3T9	198	198	198	198.0	0.500	0.0
FAM_P4753	P	6	6	100.0%	core	P3V1	1176	1176	1176	1176.0	0.667	0.0
FAM_P4754	P	6	6	100.0%	core	P3VX	744	744	744	744.0	0.833	0.0
FAM_P4755	P	3	3	50.0%	accessory	P3WT	945	945	945	945.0	0.667	0.0
FAM_P4756	P	6	6	100.0%	core	P419	378	378	378	378.0	0.667	0.0
FAM_P4757	P	6	6	100.0%	core	P425	900	900	900	900.0	0.667	0.0
FAM_P4758	P	6	6	100.0%	core	P431	765	765	765	765.0	0.833	0.0
FAM_P4759	P	6	6	100.0%	core	P46L	708	708	708	708.0	0.667	0.0
FAM_P4760	P	5	4	66.7%	accessory	P47H	285	285	333	303.0	0.800	612.0
FAM_P4761	P	6	4	66.7%	accessory	P48D	528	528	531	528.5	0.667	1.5
FAM_P4762	P	4	4	66.7%	accessory	P4A5	210	210	210	210.0	0.500	0.0
FAM_P4763	P	11	6	100.0%	core	P1IP	369	369	378	370.9	0.727	11.3
FAM_P4764	P	3	3	50.0%	accessory	P4J1	237	237	237	237.0	0.667	0.0
FAM_P4765	P	6	6	100.0%	core	P4KT	447	447	447	447.0	0.667	0.0
FAM_P4766	P	6	6	100.0%	core	P4LP	1653	1653	1653	1653.0	0.833	0.0
FAM_P4767	P	6	6	100.0%	core	P4ML	618	618	618	618.0	0.667	0.0
FAM_P4768	P	6	6	100.0%	core	P4Q5	1644	1644	1644	1644.0	0.833	0.0
FAM_P4769	P	6	6	100.0%	core	P104	507	507	507	507.0	0.667	0.0
FAM_P4770	P	4	4	66.7%	accessory	P10W	276	276	276	276.0	0.750	0.0
FAM_P4771	P	2	2	33.3%	accessory	P45A	774	774	774	774.0	0.500	0.0
FAM_P4772	P	3	3	50.0%	accessory	P47Y	252	252	252	252.0	0.667	0.0
FAM_P4773	P	2	2	33.3%	accessory	P49Q	660	660	660	660.0	0.500	0.0
FAM_P4774	P	2	2	33.3%	accessory	P4AM	690	690	690	690.0	0.500	0.0
FAM_P4775	P	2	2	33.3%	accessory	P4DA	501	501	501	501.0	0.500	0.0
FAM_P4776	P	2	2	33.3%	accessory	P4IM	339	339	339	339.0	0.500	0.0
FAM_P4777	P	2	2	33.3%	accessory	P4OU	270	270	270	270.0	0.500	0.0
FAM_P4778	P	2	2	33.3%	accessory	P4SE	990	990	990	990.0	0.500	0.0
FAM_P4779	P	2	2	33.3%	accessory	P4U6	432	432	432	432.0	0.500	0.0
FAM_P4780	P	2	2	33.3%	accessory	P4XQ	972	972	972	972.0	0.500	0.0
FAM_P4781	P	2	2	33.3%	accessory	P59A	207	207	207	207.0	0.500	0.0
FAM_P4782	P	2	2	33.3%	accessory	P5B2	651	651	651	651.0	0.500	0.0
FAM_P4783	P	6	6	100.0%	core	P1J6	1071	1071	1071	1071.0	0.833	0.0
FAM_P4784	P	6	6	100.0%	core	P1K2	966	966	966	966.0	0.833	0.0
FAM_P4785	P	6	6	100.0%	core	P1KY	318	318	333	320.5	0.833	37.5
FAM_P4786	P	2	2	33.3%	accessory	P5J2	1281	1281	1281	1281.0	0.500	0.0
FAM_P4787	P	2	2	33.3%	accessory	P5JY	282	282	282	282.0	0.500	0.0
FAM_P4788	P	2	2	33.3%	accessory	P5RY	627	627	627	627.0	0.500	0.0
FAM_P4789	P	4	4	66.7%	accessory	P6AM	810	810	810	810.0	0.750	0.0
FAM_P4790	P	2	2	33.3%	accessory	P38F	1119	1119	1119	1119.0	1.000	0.0
SING_P39B	P	1	1	16.7%	accessory	P39B	1017	1017	1017	1017.0	1.000	0.0
FAM_P4791	P	2	2	33.3%	accessory	P3JZ	273	273	273	273.0	0.500	0.0
FAM_P4792	P	2	2	33.3%	accessory	P3MN	777	777	777	777.0	0.500	0.0
FAM_P4793	P	2	2	33.3%	accessory	P45B	138	138	138	138.0	0.500	0.0
FAM_P4794	P	3	3	50.0%	accessory	P47Z	273	273	273	273.0	0.667	0.0
FAM_P4795	P	6	2	33.3%	accessory	P47N	774	219	948	647.0	0.500	115965.6
FAM_P4796	P	2	2	33.3%	accessory	P4AN	1335	1335	1335	1335.0	0.500	0.0
FAM_P4797	P	2	2	33.3%	accessory	P4HR	879	879	879	879.0	0.500	0.0
FAM_P4798	P	2	2	33.3%	accessory	P4IN	297	297	297	297.0	0.500	0.0
FAM_P4799	P	2	2	33.3%	accessory	P4KF	1485	1485	1485	1485.0	0.500	0.0
FAM_P4800	P	2	2	33.3%	accessory	P4OV	648	648	648	648.0	0.500	0.0
FAM_P4801	P	2	2	33.3%	accessory	P4SF	1392	1392	1392	1392.0	0.500	0.0
FAM_P4802	P	2	2	33.3%	accessory	P4U7	378	378	378	378.0	0.500	0.0
FAM_P4803	P	4	4	66.7%	accessory	P4WV	711	711	711	711.0	0.750	0.0
FAM_P4804	P	3	3	50.0%	accessory	P4ZJ	243	243	243	243.0	0.667	0.0
FAM_P4805	P	2	2	33.3%	accessory	P51B	963	963	963	963.0	0.500	0.0
FAM_P4806	P	2	2	33.3%	accessory	P5B3	405	405	405	405.0	0.500	0.0
FAM_P4807	P	6	6	100.0%	core	P1GI	723	723	723	723.0	0.833	0.0
FAM_P4808	P	2	2	33.3%	accessory	P5EN	564	564	564	564.0	0.500	0.0
FAM_P4809	P	6	6	100.0%	core	P1K3	1122	1122	1122	1122.0	0.833	0.0
FAM_P4810	P	2	2	33.3%	accessory	P5JZ	327	327	327	327.0	1.000	0.0
FAM_P4811	P	2	2	33.3%	accessory	P5RZ	1248	1248	1248	1248.0	0.500	0.0
FAM_P4812	P	4	4	66.7%	accessory	P6AN	2142	2142	2142	2142.0	0.750	0.0
FAM_P4813	P	2	2	33.3%	accessory	P6KF	486	486	486	486.0	0.500	0.0
FAM_P4814	P	2	2	33.3%	accessory	P6M7	822	822	822	822.0	0.500	0.0
FAM_P4815	P	2	2	33.3%	accessory	P6QN	582	582	582	582.0	0.500	0.0
FAM_P4816	P	2	2	33.3%	accessory	P6TB	777	777	777	777.0	0.500	0.0
FAM_P4817	P	3	3	50.0%	accessory	P71B	237	237	324	266.0	1.000	2523.0
FAM_P4818	P	2	2	33.3%	accessory	P7BZ	333	333	333	333.0	0.500	0.0
FAM_P4819	P	2	2	33.3%	accessory	P7DR	1359	1359	1359	1359.0	0.500	0.0
FAM_P4820	P	2	2	33.3%	accessory	P7FJ	366	366	366	366.0	0.500	0.0
FAM_P4821	P	2	2	33.3%	accessory	P7HB	207	207	207	207.0	0.500	0.0
FAM_P4822	P	2	2	33.3%	accessory	P7J3	681	681	681	681.0	1.000	0.0
FAM_P4823	P	2	2	33.3%	accessory	P7JZ	1029	1029	1029	1029.0	1.000	0.0
FAM_P4824	P	2	2	33.3%	accessory	P7UN	855	855	855	855.0	1.000	0.0
SING_P7ZZ	P	1	1	16.7%	accessory	P7ZZ	564	564	564	564.0	1.000	0.0
FAM_P4825	P	2	2	33.3%	accessory	P82N	564	564	564	564.0	1.000	0.0
SING_P873	P	1	1	16.7%	accessory	P873	1080	1080	1080	1080.0	1.000	0.0
SING_P8CF	P	1	1	16.7%	accessory	P8CF	327	327	327	327.0	1.000	0.0
FAM_P4826	P	2	2	33.3%	accessory	P8DB	585	585	585	585.0	1.000	0.0
SING_P8KF	P	1	1	16.7%	accessory	P8KF	186	186	186	186.0	1.000	0.0
SING_P8LB	P	1	1	16.7%	accessory	P8LB	2160	2160	2160	2160.0	1.000	0.0
SING_P8U7	P	1	1	16.7%	accessory	P8U7	1107	1107	1107	1107.0	1.000	0.0
FAM_P4827	P	4	4	66.7%	accessory	P5FT	684	678	684	682.5	0.750	9.0
SING_P8VZ	P	1	1	16.7%	accessory	P8VZ	654	654	654	654.0	1.000	0.0
FAM_P4828	P	7	6	100.0%	core	P1I9	1455	294	1455	1189.3	0.857	182651.6
FAM_P4829	P	2	1	16.7%	accessory	P98X	1053	1053	1053	1053.0	0.500	0.0
FAM_P4830	P	6	6	100.0%	core	P4MZ	720	717	735	724.0	0.667	74.4
SING_P9JZ	P	1	1	16.7%	accessory	P9JZ	1116	1116	1116	1116.0	1.000	0.0
SING_P9Q7	P	1	1	16.7%	accessory	P9Q7	528	528	528	528.0	1.000	0.0
FAM_P4831	P	8	6	100.0%	core	P4AC	1065	297	1065	804.0	0.750	112433.1
SING_P9WF	P	1	1	16.7%	accessory	P9WF	195	195	195	195.0	1.000	0.0
SING_PA5B	P	1	1	16.7%	accessory	PA5B	504	504	504	504.0	1.000	0.0
SING_PABJ	P	1	1	16.7%	accessory	PABJ	504	504	504	504.0	1.000	0.0
FAM_P4832	P	2	2	33.3%	accessory	PALB	732	732	732	732.0	1.000	0.0
FAM_P4833	P	2	1	16.7%	accessory	P8VU	1134	1134	1134	1134.0	1.000	0.0
SING_PANZ	P	1	1	16.7%	accessory	PANZ	3516	3516	3516	3516.0	1.000	0.0
FAM_P4834	P	2	2	33.3%	accessory	PAPR	1542	1542	1542	1542.0	1.000	0.0
SING_PB1B	P	1	1	16.7%	accessory	PB1B	846	846	846	846.0	1.000	0.0
FAM_P4835	P	2	2	33.3%	accessory	PB4V	633	633	633	633.0	1.000	0.0
SING_PB6N	P	1	1	16.7%	accessory	PB6N	363	363	363	363.0	1.000	0.0
FAM_P4836	P	2	2	33.3%	accessory	PB7J	1374	1374	1377	1375.5	1.000	4.5
FAM_P4837	P	2	2	33.3%	accessory	P4Z8	273	273	273	273.0	0.500	0.0
FAM_P4838	P	2	2	33.3%	accessory	P51F	192	192	192	192.0	0.500	0.0
FAM_P4839	P	2	2	33.3%	accessory	P5B6	279	279	279	279.0	0.500	0.0
FAM_P4840	P	2	2	33.3%	accessory	P5ER	225	225	225	225.0	0.500	0.0
FAM_P4841	P	2	2	33.3%	accessory	P5K7	477	477	477	477.0	0.500	0.0
FAM_P4842	P	2	2	33.3%	accessory	P5LZ	645	645	645	645.0	0.500	0.0
FAM_P4843	P	2	2	33.3%	accessory	P5T2	342	342	342	342.0	0.500	0.0
FAM_P4844	P	2	2	33.3%	accessory	P5ZA	624	624	624	624.0	0.500	0.0
FAM_P4845	P	2	2	33.3%	accessory	P692	534	534	534	534.0	0.500	0.0
FAM_P4846	P	2	2	33.3%	accessory	P74V	522	522	522	522.0	0.500	0.0
FAM_P4847	P	2	2	33.3%	accessory	P73Z	333	333	333	333.0	1.000	0.0
FAM_P4848	P	2	2	33.3%	accessory	P6R8	1209	1209	1209	1209.0	0.500	0.0
FAM_P4849	P	2	2	33.3%	accessory	P6T0	354	354	354	354.0	0.500	0.0
FAM_P4850	P	5	5	83.3%	accessory	P2Y4	1452	1440	1452	1447.2	0.800	43.2
FAM_P4851	P	2	2	33.3%	accessory	P710	627	627	627	627.0	0.500	0.0
FAM_P4852	P	2	2	33.3%	accessory	P7D6	486	486	486	486.0	0.500	0.0
FAM_P4853	P	2	2	33.3%	accessory	P3JR	354	354	354	354.0	0.500	0.0
FAM_P4854	P	6	6	100.0%	core	P3LJ	588	588	588	588.0	0.833	0.0
FAM_P4855	P	2	2	33.3%	accessory	P3W6	2163	2163	2163	2163.0	0.500	0.0
FAM_P4856	P	2	2	33.3%	accessory	P452	402	402	402	402.0	0.500	0.0
FAM_P4857	P	2	2	33.3%	accessory	P49J	252	252	252	252.0	0.500	0.0
FAM_P4858	P	3	3	50.0%	accessory	P4BB	1818	1818	1818	1818.0	0.667	0.0
FAM_P4859	P	2	2	33.3%	accessory	P4C7	858	858	858	858.0	0.500	0.0
FAM_P4860	P	2	2	33.3%	accessory	P4IF	252	252	252	252.0	0.500	0.0
FAM_P4861	P	2	2	33.3%	accessory	P4K7	507	507	507	507.0	0.500	0.0
FAM_P4862	P	2	2	33.3%	accessory	P4ON	912	912	912	912.0	0.500	0.0
FAM_P4863	P	2	2	33.3%	accessory	P7HL	936	936	936	936.0	0.500	0.0
FAM_P4864	P	2	2	33.3%	accessory	P7IY	315	315	315	315.0	0.500	0.0
SING_PFGF	P	1	1	16.7%	accessory	PFGF	678	678	678	678.0	1.000	0.0
FAM_P4865	P	2	2	33.3%	accessory	P7UQ	990	990	990	990.0	1.000	0.0
FAM_P4866	P	2	2	33.3%	accessory	P82K	1494	1494	1494	1494.0	1.000	0.0
SING_PG9R	P	1	1	16.7%	accessory	PG9R	1362	1362	1362	1362.0	1.000	0.0
SING_PGPR	P	1	1	16.7%	accessory	PGPR	399	399	399	399.0	1.000	0.0
FAM_P4867	P	2	2	33.3%	accessory	P8K5	606	606	606	606.0	1.000	0.0
SING_PGRJ	P	1	1	16.7%	accessory	PGRJ	2166	2166	2166	2166.0	1.000	0.0
SING_PGV3	P	1	1	16.7%	accessory	PGV3	510	510	510	510.0	1.000	0.0
SING_PHEN	P	1	1	16.7%	accessory	PHEN	615	615	615	615.0	1.000	0.0
SING_PHGF	P	1	1	16.7%	accessory	PHGF	450	450	450	450.0	1.000	0.0
SING_PHMN	P	1	1	16.7%	accessory	PHMN	2448	2448	2448	2448.0	1.000	0.0
SING_PHNJ	P	1	1	16.7%	accessory	PHNJ	225	225	225	225.0	1.000	0.0
SING_PHSV	P	1	1	16.7%	accessory	PHSV	558	558	558	558.0	1.000	0.0
SING_PI8V	P	1	1	16.7%	accessory	PI8V	1395	1395	1395	1395.0	1.000	0.0
SING_PIN3	P	1	1	16.7%	accessory	PIN3	606	606	606	606.0	1.000	0.0
FAM_P4868	P	2	2	33.3%	accessory	PB17	957	957	957	957.0	1.000	0.0
FAM_P4869	P	2	2	33.3%	accessory	PIWV	462	462	462	462.0	0.500	0.0
FAM_P4870	P	2	2	33.3%	accessory	PIXR	222	222	222	222.0	0.500	0.0
FAM_P4871	P	2	2	33.3%	accessory	PIZJ	456	456	456	456.0	1.000	0.0
SING_PJ0F	P	1	1	16.7%	accessory	PJ0F	642	642	642	642.0	1.000	0.0
FAM_P4872	P	2	2	33.3%	accessory	PJ1B	1110	1110	1110	1110.0	0.500	0.0
FAM_P4873	P	2	2	33.3%	accessory	PJ27	312	312	312	312.0	0.500	0.0
FAM_P4874	P	2	2	33.3%	accessory	PJ33	765	765	765	765.0	0.500	0.0
SING_PJ4V	P	1	1	16.7%	accessory	PJ4V	183	183	183	183.0	1.000	0.0
FAM_P4875	P	2	2	33.3%	accessory	PJ5R	357	357	1149	753.0	1.000	313632.0
FAM_P4876	P	2	2	33.3%	accessory	PB53	318	198	318	258.0	1.000	7200.0
SING_PJ9B	P	1	1	16.7%	accessory	PJ9B	291	291	291	291.0	1.000	0.0
SING_PJA7	P	1	1	16.7%	accessory	PJA7	876	876	876	876.0	1.000	0.0
SING_PJB3	P	1	1	16.7%	accessory	PJB3	312	312	312	312.0	1.000	0.0
SING_PJBZ	P	1	1	16.7%	accessory	PJBZ	645	645	645	645.0	1.000	0.0
FAM_P4877	P	4	4	66.7%	accessory	P2PO	696	696	696	696.0	0.750	0.0
SING_PK5B	P	1	1	16.7%	accessory	PK5B	1557	1557	1557	1557.0	1.000	0.0
SING_PKPR	P	1	1	16.7%	accessory	PKPR	669	669	669	669.0	1.000	0.0
FAM_P4878	P	3	2	33.3%	accessory	P129	2559	2559	6063	3982.0	1.000	3394227.0
FAM_P4879	P	3	3	50.0%	accessory	P119	1425	1425	1425	1425.0	1.000	0.0
FAM_P4880	P	2	2	33.3%	accessory	PL8F	180	180	180	180.0	0.500	0.0
FAM_P4881	P	3	2	33.3%	accessory	P9W7	651	651	651	651.0	0.667	0.0
FAM_P4882	P	2	2	33.3%	accessory	PJT	723	723	723	723.0	0.500	0.0
SING_PLY7	P	1	1	16.7%	accessory	PLY7	1386	1386	1386	1386.0	1.000	0.0
SING_PM7Z	P	1	1	16.7%	accessory	PM7Z	258	258	258	258.0	1.000	0.0
SING_PM8V	P	1	1	16.7%	accessory	PM8V	444	444	444	444.0	1.000	0.0
SING_PMOV	P	1	1	16.7%	accessory	PMOV	852	852	852	852.0	1.000	0.0
SING_PMPR	P	1	1	16.7%	accessory	PMPR	1197	1197	1197	1197.0	1.000	0.0
SING_PMQN	P	1	1	16.7%	accessory	PMQN	150	150	150	150.0	1.000	0.0
SING_PMRJ	P	1	1	16.7%	accessory	PMRJ	3117	3117	3117	3117.0	1.000	0.0
SING_PMTB	P	1	1	16.7%	accessory	PMTB	864	864	864	864.0	1.000	0.0
FAM_P4883	P	2	2	33.3%	accessory	PIZE	204	183	204	193.5	1.000	220.5
FAM_P4884	P	2	2	33.3%	accessory	PJ02	132	132	132	132.0	0.500	0.0
FAM_P4885	P	2	2	33.3%	accessory	PIY0	465	465	465	465.0	0.500	0.0
FAM_P4886	P	2	2	33.3%	accessory	PIX4	522	522	522	522.0	0.500	0.0
FAM_P4887	P	2	2	33.3%	accessory	PJ39	1089	1089	1089	1089.0	0.500	0.0
FAM_P4888	P	2	2	33.3%	accessory	PJ2D	609	609	609	609.0	0.500	0.0
FAM_P4889	P	2	2	33.3%	accessory	PJ1H	285	285	285	285.0	0.500	0.0
SING_PN0F	P	1	1	16.7%	accessory	PN0F	597	597	597	597.0	1.000	0.0
SING_P74	P	1	1	16.7%	accessory	P74	933	933	933	933.0	1.000	0.0
FAM_P4890	P	3	2	33.3%	accessory	P8VX	525	444	525	498.0	1.000	2187.0
FAM_P4891	P	3	3	50.0%	accessory	PHTX	588	495	588	526.0	0.667	2883.0
FAM_P4892	P	2	2	33.3%	accessory	P11C	1029	1029	3234	2131.5	1.000	2431012.5
FAM_P4893	P	4	3	50.0%	accessory	P16O	753	324	753	573.0	1.000	46374.0
FAM_P4894	P	4	4	66.7%	accessory	P1Q8	972	972	975	972.8	1.000	2.2
FAM_P4895	P	2	2	33.3%	accessory	P1S0	489	489	489	489.0	0.500	0.0
FAM_P4896	P	4	4	66.7%	accessory	P1TS	885	885	885	885.0	1.000	0.0
SING_P200	P	1	1	16.7%	accessory	P200	372	372	372	372.0	1.000	0.0
FAM_P4897	P	4	4	66.7%	accessory	P28W	537	537	537	537.0	0.750	0.0
FAM_P4898	P	4	4	66.7%	accessory	P4CF	1143	1143	1143	1143.0	0.500	0.0
FAM_P4899	P	2	2	33.3%	accessory	PIZM	204	204	249	226.5	1.000	1012.5
SING_PJ42	P	1	1	16.7%	accessory	PJ42	474	474	474	474.0	1.000	0.0
FAM_P4900	P	13	4	66.7%	accessory	P4C5	351	90	351	310.8	0.385	9606.8
SING_PJ8I	P	1	1	16.7%	accessory	PJ8I	66	66	66	66.0	1.000	0.0
SING_PJ9E	P	1	1	16.7%	accessory	PJ9E	180	180	180	180.0	1.000	0.0
SING_PJAA	P	1	1	16.7%	accessory	PJAA	747	747	747	747.0	1.000	0.0
SING_PJB6	P	1	1	16.7%	accessory	PJB6	189	189	189	189.0	1.000	0.0
FAM_P4901	P	6	6	100.0%	core	P2T1	1101	1101	1101	1101.0	0.667	0.0
FAM_P4902	P	6	6	100.0%	core	P2S5	291	291	291	291.0	0.667	0.0
FAM_P4903	P	6	6	100.0%	core	P2QH	252	252	252	252.0	0.667	0.0
FAM_P4904	P	4	4	66.7%	accessory	P2PL	1497	1497	1497	1497.0	0.750	0.0
FAM_P4905	P	6	6	100.0%	core	P2OP	441	441	441	441.0	0.667	0.0
SING_PJIA	P	1	1	16.7%	accessory	PJIA	546	546	546	546.0	1.000	0.0
FAM_P4906	P	6	6	100.0%	core	P2F4	288	288	288	288.0	0.333	0.0
FAM_P4907	P	6	6	100.0%	core	P2E8	1488	1488	1488	1488.0	0.833	0.0
FAM_P4908	P	6	6	100.0%	core	P2AO	1482	1482	1482	1482.0	0.667	0.0
FAM_P4909	P	6	6	100.0%	core	P28T	1257	1257	1257	1257.0	0.667	0.0
FAM_P4910	P	6	6	100.0%	core	P27X	510	510	510	510.0	0.500	0.0
FAM_P4911	P	6	6	100.0%	core	P271	408	408	408	408.0	0.667	0.0
SING_PJZ6	P	1	1	16.7%	accessory	PJZ6	726	726	726	726.0	1.000	0.0
FAM_P4912	P	6	6	100.0%	core	P25M	1182	1182	1182	1182.0	0.667	0.0
FAM_P4913	P	6	6	100.0%	core	P24Q	1206	1206	1206	1206.0	0.667	0.0
FAM_P4914	P	3	3	50.0%	accessory	P23U	873	873	873	873.0	0.667	0.0
FAM_P4915	P	6	6	100.0%	core	P22Z	711	711	711	711.0	0.667	0.0
FAM_P4916	P	6	6	100.0%	core	P223	1425	1425	1425	1425.0	0.833	0.0
FAM_P4917	P	6	6	100.0%	core	P215	1065	1065	1065	1065.0	0.667	0.0
SING_PK5E	P	1	1	16.7%	accessory	PK5E	690	690	690	690.0	1.000	0.0
FAM_P4918	P	6	6	100.0%	core	P1ZB	1227	1227	1227	1227.0	0.667	0.0
FAM_P4919	P	6	6	100.0%	core	P1YF	975	975	975	975.0	0.667	0.0
FAM_P4920	P	5	5	83.3%	accessory	P1XK	891	891	891	891.0	0.600	0.0
FAM_P4921	P	6	6	100.0%	core	P1TR	1416	1416	1416	1416.0	0.667	0.0
FAM_P4922	P	6	6	100.0%	core	P1Q1	1671	1671	1671	1671.0	0.667	0.0
FAM_P4923	P	6	6	100.0%	core	P1P5	2286	2286	2286	2286.0	0.833	0.0
FAM_P4924	P	6	6	100.0%	core	P1O9	450	450	450	450.0	0.667	0.0
FAM_P4925	P	6	6	100.0%	core	P1NC	1131	1131	1131	1131.0	0.667	0.0
FAM_P4926	P	6	6	100.0%	core	P1KM	681	681	681	681.0	0.667	0.0
SING_PKLE	P	1	1	16.7%	accessory	PKLE	1020	1020	1020	1020.0	1.000	0.0
FAM_P4927	P	8	6	100.0%	core	P1G4	987	261	987	735.8	0.625	100688.8
SING_PKPU	P	1	1	16.7%	accessory	PKPU	282	282	282	282.0	1.000	0.0
FAM_P4928	P	6	6	100.0%	core	P1EN	111	111	111	111.0	0.500	0.0
FAM_P4929	P	6	6	100.0%	core	P1CW	747	747	747	747.0	0.667	0.0
FAM_P4930	P	6	6	100.0%	core	P1C0	711	711	711	711.0	0.667	0.0
FAM_P4931	P	6	6	100.0%	core	P1B4	1929	1929	1929	1929.0	0.667	0.0
FAM_P4932	P	6	6	100.0%	core	P1A8	3057	3057	3057	3057.0	0.667	0.0
FAM_P4933	P	6	6	100.0%	core	P19C	348	348	348	348.0	0.667	0.0
FAM_P4934	P	6	6	100.0%	core	P18G	1002	1002	1002	1002.0	0.667	0.0
FAM_P4935	P	7	5	83.3%	accessory	P15R	1116	249	1116	774.9	0.571	150431.1
FAM_P4936	P	6	6	100.0%	core	P14W	2373	2373	2373	2373.0	0.667	0.0
FAM_P4937	P	6	6	100.0%	core	P100	999	999	999	999.0	0.667	0.0
FAM_P4938	P	6	6	100.0%	core	P4MD	678	678	678	678.0	0.833	0.0
FAM_P4939	P	6	6	100.0%	core	P4LK	1071	1071	1071	1071.0	0.667	0.0
FAM_P4940	P	4	3	50.0%	accessory	P9IU	312	180	1521	883.5	0.750	544779.0
FAM_P4941	P	6	6	100.0%	core	P4IT	672	672	672	672.0	0.833	0.0
FAM_P4942	P	6	6	100.0%	core	P4FL	642	642	642	642.0	0.667	0.0
FAM_P4943	P	6	6	100.0%	core	P4EP	1209	1209	1209	1209.0	0.667	0.0
FAM_P4944	P	4	4	66.7%	accessory	P4B9	987	987	987	987.0	0.500	0.0
FAM_P4945	P	7	6	100.0%	core	P3IY	636	225	687	554.1	0.857	28331.1
FAM_P4946	P	6	6	100.0%	core	P3KQ	141	141	141	141.0	0.500	0.0
FAM_P4947	P	6	6	100.0%	core	P3LM	1089	1089	1089	1089.0	0.833	0.0
FAM_P4948	P	6	6	100.0%	core	P3MI	612	606	621	614.0	0.833	34.8
FAM_P4949	P	6	6	100.0%	core	P3NE	1221	1221	1221	1221.0	0.667	0.0
FAM_P4950	P	6	6	100.0%	core	P3OA	1815	1815	1815	1815.0	0.667	0.0
FAM_P4951	P	6	6	100.0%	core	P3P6	624	624	624	624.0	0.667	0.0
FAM_P4952	P	6	6	100.0%	core	P3Q2	1932	1932	1932	1932.0	0.833	0.0
FAM_P4953	P	6	6	100.0%	core	P3QY	855	855	855	855.0	0.667	0.0
FAM_P4954	P	6	6	100.0%	core	P3RU	522	522	522	522.0	0.833	0.0
FAM_P4955	P	6	6	100.0%	core	P3SP	1119	1119	1119	1119.0	0.667	0.0
FAM_P4956	P	6	6	100.0%	core	P3TL	411	411	411	411.0	0.500	0.0
FAM_P4957	P	6	6	100.0%	core	P3UH	483	483	483	483.0	0.500	0.0
FAM_P4958	P	6	6	100.0%	core	P3VD	531	531	531	531.0	0.667	0.0
FAM_P4959	P	6	6	100.0%	core	P3W9	108	108	108	108.0	0.167	0.0
FAM_P4960	P	6	6	100.0%	core	P3X5	1044	1044	1044	1044.0	0.667	0.0
FAM_P4961	P	8	2	33.3%	accessory	P3Y1	624	606	624	612.0	0.500	61.7
FAM_P4962	P	6	6	100.0%	core	P3ZT	963	963	963	963.0	0.667	0.0
FAM_P4963	P	6	6	100.0%	core	P40P	1539	1539	1539	1539.0	0.833	0.0
FAM_P4964	P	6	6	100.0%	core	P42H	1767	1767	1767	1767.0	0.667	0.0
FAM_P4965	P	6	6	100.0%	core	P449	564	564	564	564.0	0.667	0.0
FAM_P4966	P	6	3	50.0%	accessory	P462	348	348	348	348.0	0.500	0.0
FAM_P4967	P	4	4	66.7%	accessory	P46Y	306	306	306	306.0	0.500	0.0
FAM_P4968	P	4	4	66.7%	accessory	P4CA	468	468	468	468.0	0.500	0.0
FAM_P4969	P	6	6	100.0%	core	P4E2	456	456	456	456.0	0.667	0.0
FAM_P4970	P	6	6	100.0%	core	P4EY	405	405	405	405.0	0.667	0.0
FAM_P4971	P	6	6	100.0%	core	P4FU	1026	1026	1026	1026.0	0.667	0.0
FAM_P4972	P	9	2	33.3%	accessory	P4HM	375	240	375	360.0	0.444	2025.0
FAM_P4973	P	6	5	83.3%	accessory	P4JE	477	477	483	478.0	0.833	6.0
FAM_P4974	P	6	5	83.3%	accessory	P4KA	669	432	669	586.0	0.833	14258.4
FAM_P4975	P	6	6	100.0%	core	P4M2	231	231	231	231.0	0.833	0.0
FAM_P4976	P	6	6	100.0%	core	P4PM	1170	1170	1170	1170.0	0.667	0.0
FAM_P4977	P	6	6	100.0%	core	P4QI	222	222	222	222.0	0.667	0.0
FAM_P4978	P	6	6	100.0%	core	P10G	516	516	516	516.0	0.667	0.0
FAM_P4979	P	3	3	50.0%	accessory	P7G8	972	972	972	972.0	0.667	0.0
SING_PFGI	P	1	1	16.7%	accessory	PFGI	738	738	738	738.0	1.000	0.0
FAM_P4980	P	6	6	100.0%	core	P2I5	279	279	279	279.0	0.333	0.0
FAM_P4981	P	6	6	100.0%	core	P2H9	474	474	474	474.0	0.667	0.0
FAM_P4982	P	6	6	100.0%	core	P2EM	258	258	258	258.0	0.333	0.0
SING_PG6A	P	1	1	16.7%	accessory	PG6A	207	207	207	207.0	1.000	0.0
FAM_P4983	P	6	6	100.0%	core	P19O	306	306	306	306.0	0.667	0.0
FAM_P4984	P	6	6	100.0%	core	P1AK	939	939	939	939.0	0.833	0.0
FAM_P4985	P	6	6	100.0%	core	P1BH	264	264	264	264.0	0.667	0.0
FAM_P4986	P	6	6	100.0%	core	P1CD	1962	1956	1962	1960.0	0.667	9.6
FAM_P4987	P	6	6	100.0%	core	P1D5	348	348	348	348.0	0.667	0.0
FAM_P4988	P	6	6	100.0%	core	P1EU	150	150	150	150.0	0.500	0.0
FAM_P4989	P	6	6	100.0%	core	P1FQ	861	861	861	861.0	0.667	0.0
FAM_P4990	P	6	6	100.0%	core	P1GO	720	720	720	720.0	0.833	0.0
FAM_P4991	P	6	6	100.0%	core	P1HK	183	96	183	168.5	0.833	1261.5
FAM_P4992	P	6	6	100.0%	core	P1JD	1167	1167	1167	1167.0	0.833	0.0
FAM_P4993	P	6	6	100.0%	core	P1K9	840	840	840	840.0	0.833	0.0
FAM_P4994	P	5	5	83.3%	accessory	P1L9	1263	1263	1263	1263.0	0.800	0.0
FAM_P4995	P	15	2	33.3%	accessory	P48T	570	393	570	558.2	0.133	2088.6
FAM_P4996	P	6	6	100.0%	core	P1NE	255	255	255	255.0	0.667	0.0
FAM_P4997	P	6	6	100.0%	core	P1OB	696	696	696	696.0	0.667	0.0
FAM_P4998	P	6	6	100.0%	core	P1Q3	306	306	306	306.0	0.667	0.0
FAM_P4999	P	6	6	100.0%	core	P1R4	648	648	648	648.0	0.667	0.0
FAM_P5000	P	6	6	100.0%	core	P1TX	999	999	999	999.0	0.667	0.0
FAM_P5001	P	6	6	100.0%	core	P1V3	1404	1404	1404	1404.0	0.667	0.0
FAM_P5002	P	5	5	83.3%	accessory	P1VZ	618	618	618	618.0	0.600	0.0
FAM_P5003	P	6	6	100.0%	core	P1WV	1179	1179	1179	1179.0	0.833	0.0
FAM_P5004	P	5	5	83.3%	accessory	P1XN	321	321	321	321.0	0.600	0.0
FAM_P5005	P	6	6	100.0%	core	P1YI	957	957	957	957.0	0.667	0.0
FAM_P5006	P	6	6	100.0%	core	P1ZF	549	549	549	549.0	0.667	0.0
FAM_P5007	P	6	6	100.0%	core	P210	246	246	246	246.0	0.500	0.0
FAM_P5008	P	6	6	100.0%	core	P21W	1515	1515	1515	1515.0	0.667	0.0
FAM_P5009	P	6	6	100.0%	core	P22U	1140	1140	1140	1140.0	0.667	0.0
FAM_P5010	P	6	6	100.0%	core	P24G	648	648	648	648.0	0.667	0.0
FAM_P5011	P	6	6	100.0%	core	P25C	1041	1041	1041	1041.0	0.667	0.0
FAM_P5012	P	4	3	50.0%	accessory	P65L	1122	363	1122	834.8	0.750	132710.2
FAM_P5013	P	5	5	83.3%	accessory	P26L	780	780	780	780.0	0.600	0.0
FAM_P5014	P	6	6	100.0%	core	P27I	660	660	660	660.0	0.667	0.0
FAM_P5015	P	6	6	100.0%	core	P288	1395	1395	1395	1395.0	0.667	0.0
FAM_P5016	P	6	6	100.0%	core	P2A1	957	957	957	957.0	0.833	0.0
FAM_P5017	P	6	6	100.0%	core	P2AS	774	774	774	774.0	0.667	0.0
FAM_P5018	P	6	6	100.0%	core	P2BU	1434	1434	1434	1434.0	0.667	0.0
FAM_P5019	P	6	6	100.0%	core	P2CQ	1365	1365	1365	1365.0	0.667	0.0
FAM_P5020	P	2	2	33.3%	accessory	P73X	552	549	552	550.5	1.000	4.5
FAM_P5021	P	6	6	100.0%	core	P2DO	591	591	591	591.0	0.667	0.0
FAM_P5022	P	6	6	100.0%	core	P2EK	1173	1161	1173	1171.0	0.667	24.0
FAM_P5023	P	6	6	100.0%	core	P2FN	465	465	465	465.0	0.667	0.0
FAM_P5024	P	6	6	100.0%	core	P2GJ	471	471	471	471.0	0.667	0.0
FAM_P5025	P	6	6	100.0%	core	P2HF	411	411	414	411.5	0.667	1.5
FAM_P5026	P	3	3	50.0%	accessory	P6IA	468	468	468	468.0	0.667	0.0
FAM_P5027	P	6	6	100.0%	core	P2KO	2322	2322	2322	2322.0	0.833	0.0
FAM_P5028	P	6	6	100.0%	core	P2MN	765	765	765	765.0	0.833	0.0
FAM_P5029	P	6	6	100.0%	core	P2O6	1107	1107	1107	1107.0	0.667	0.0
FAM_P5030	P	6	6	100.0%	core	P2OV	213	213	213	213.0	0.500	0.0
FAM_P5031	P	4	4	66.7%	accessory	P2Q2	462	462	462	462.0	0.500	0.0
FAM_P5032	P	6	6	100.0%	core	P2S4	591	591	591	591.0	0.667	0.0
FAM_P5033	P	6	6	100.0%	core	P2T3	141	141	141	141.0	0.167	0.0
FAM_P5034	P	6	6	100.0%	core	P2TV	1383	1383	1383	1383.0	0.667	0.0
FAM_P5035	P	6	6	100.0%	core	P2UR	1851	1851	1851	1851.0	0.667	0.0
FAM_P5036	P	6	6	100.0%	core	P2VN	321	321	321	321.0	0.667	0.0
FAM_P5037	P	6	6	100.0%	core	P2WH	777	777	777	777.0	0.667	0.0
FAM_P5038	P	5	5	83.3%	accessory	P2XD	693	693	759	732.6	0.600	1306.8
FAM_P5039	P	6	6	100.0%	core	P2Y6	315	315	315	315.0	0.667	0.0
FAM_P5040	P	6	6	100.0%	core	P2YZ	927	927	927	927.0	0.667	0.0
FAM_P5041	P	6	6	100.0%	core	P2ZQ	1005	1005	1005	1005.0	0.667	0.0
FAM_P5042	P	6	6	100.0%	core	P30L	477	477	477	477.0	0.667	0.0
FAM_P5043	P	6	6	100.0%	core	P31B	273	273	273	273.0	0.667	0.0
FAM_P5044	P	6	6	100.0%	core	P32B	714	714	714	714.0	0.667	0.0
FAM_P5045	P	6	6	100.0%	core	P35W	660	660	660	660.0	0.833	0.0
FAM_P5046	P	6	6	100.0%	core	P36R	741	741	741	741.0	0.833	0.0
FAM_P5047	P	5	5	83.3%	accessory	P37N	594	594	594	594.0	0.800	0.0
FAM_P5048	P	3	3	50.0%	accessory	P7CD	2859	2859	2859	2859.0	0.667	0.0
FAM_P5049	P	3	3	50.0%	accessory	P7D9	843	843	843	843.0	0.667	0.0
FAM_P5050	P	6	6	100.0%	core	P3AX	771	771	771	771.0	0.833	0.0
FAM_P5051	P	6	6	100.0%	core	P3BT	870	870	870	870.0	0.833	0.0
SING_PHYO	P	1	1	16.7%	accessory	PHYO	228	228	228	228.0	1.000	0.0
FAM_P5052	P	5	5	83.3%	accessory	P3KI	615	615	615	615.0	0.800	0.0
SING_PINK	P	1	1	16.7%	accessory	PINK	456	456	456	456.0	1.000	0.0
FAM_P5053	P	2	2	33.3%	accessory	PIXC	4305	4305	4305	4305.0	1.000	0.0
SING_PJ5C	P	1	1	16.7%	accessory	PJ5C	387	387	387	387.0	1.000	0.0
SING_PJ80	P	1	1	16.7%	accessory	PJ80	315	315	315	315.0	1.000	0.0
SING_PJ8W	P	1	1	16.7%	accessory	PJ8W	945	945	945	945.0	1.000	0.0
SING_PJ9S	P	1	1	16.7%	accessory	PJ9S	252	252	252	252.0	1.000	0.0
SING_PJAO	P	1	1	16.7%	accessory	PJAO	666	666	666	666.0	1.000	0.0
SING_PJBK	P	1	1	16.7%	accessory	PJBK	594	594	594	594.0	1.000	0.0
FAM_P5054	P	2	1	16.7%	accessory	PJDC	3498	3498	3498	3498.0	1.000	0.0
SING_PJE8	P	1	1	16.7%	accessory	PJE8	981	981	981	981.0	1.000	0.0
FAM_P5055	P	6	6	100.0%	core	P23G	1800	1800	1800	1800.0	0.833	0.0
FAM_P5056	P	6	6	100.0%	core	P21P	564	396	564	508.0	0.667	7526.4
FAM_P5057	P	6	6	100.0%	core	P20R	663	663	663	663.0	0.667	0.0
SING_PK5S	P	1	1	16.7%	accessory	PK5S	1434	1434	1434	1434.0	1.000	0.0
FAM_P5058	P	6	6	100.0%	core	P1YX	273	273	273	273.0	0.667	0.0
FAM_P5059	P	6	6	100.0%	core	P1Y1	1335	1335	1335	1335.0	0.667	0.0
FAM_P5060	P	6	6	100.0%	core	P1X6	1284	1284	1284	1284.0	0.667	0.0
FAM_P5061	P	4	4	66.7%	accessory	P1OR	1386	1386	1386	1386.0	0.750	0.0
SING_PKK0	P	1	1	16.7%	accessory	PKK0	750	750	750	750.0	1.000	0.0
FAM_P5062	P	5	3	50.0%	accessory	P11I	234	234	234	234.0	0.400	0.0
FAM_P5063	P	2	2	33.3%	accessory	P11S	906	762	906	834.0	1.000	10368.0
FAM_P5064	P	2	2	33.3%	accessory	PL68	96	96	96	96.0	0.500	0.0
SING_PL9S	P	1	1	16.7%	accessory	PL9S	216	216	216	216.0	1.000	0.0
FAM_P5065	P	6	6	100.0%	core	P4A4	3963	3963	3963	3963.0	1.000	0.0
FAM_P5066	P	4	4	66.7%	accessory	P46U	1140	1140	1140	1140.0	0.500	0.0
FAM_P5067	P	6	6	100.0%	core	P43B	894	894	894	894.0	0.667	0.0
FAM_P5068	P	7	6	100.0%	core	P41G	1134	309	1134	978.0	0.857	96927.0
FAM_P5069	P	3	2	33.3%	accessory	P9WR	510	510	510	510.0	0.667	0.0
FAM_P5070	P	6	6	100.0%	core	P3UD	642	642	642	642.0	0.667	0.0
FAM_P5071	P	4	4	66.7%	accessory	P3TJ	1239	1239	1239	1239.0	0.500	0.0
FAM_P5072	P	6	6	100.0%	core	P3SO	201	201	279	238.0	0.667	956.4
SING_PM9C	P	1	1	16.7%	accessory	PM9C	171	171	171	171.0	1.000	0.0
SING_PMQ8	P	1	1	16.7%	accessory	PMQ8	873	873	873	873.0	1.000	0.0
SING_PMR4	P	1	1	16.7%	accessory	PMR4	828	828	828	828.0	1.000	0.0
SING_PMS0	P	1	1	16.7%	accessory	PMS0	210	210	210	210.0	1.000	0.0
FAM_P5073	P	3	3	50.0%	accessory	P5T	339	339	915	721.0	1.000	109452.0
FAM_P5074	P	2	1	16.7%	accessory	P20C	483	477	483	480.0	1.000	18.0
SING_P7L	P	1	1	16.7%	accessory	P7L	627	627	627	627.0	1.000	0.0
FAM_P5075	P	6	6	100.0%	core	P3U6	1212	1212	1284	1236.0	0.667	1382.4
FAM_P5076	P	6	6	100.0%	core	P3WZ	693	693	693	693.0	0.667	0.0
FAM_P5077	P	6	6	100.0%	core	P4DW	555	555	555	555.0	0.667	0.0
FAM_P5078	P	6	6	100.0%	core	P4ES	924	924	924	924.0	0.667	0.0
FAM_P5079	P	6	6	100.0%	core	P4FO	1434	1434	1434	1434.0	0.667	0.0
FAM_P5080	P	2	2	33.3%	accessory	P11T	1500	1500	1500	1500.0	1.000	0.0
FAM_P5081	P	6	6	100.0%	core	P13L	519	519	519	519.0	0.667	0.0
FAM_P5082	P	3	3	50.0%	accessory	P1HT	390	390	576	514.0	0.667	11532.0
SING_P1JL	P	1	1	16.7%	accessory	P1JL	1167	1167	1167	1167.0	1.000	0.0
FAM_P5083	P	7	5	83.3%	accessory	P1SH	303	303	603	555.0	0.857	12366.0
FAM_P5084	P	6	6	100.0%	core	P241	1302	1302	1302	1302.0	0.667	0.0
FAM_P5085	P	6	6	100.0%	core	P24X	3543	3543	3543	3543.0	0.667	0.0
FAM_P5086	P	4	4	66.7%	accessory	P25T	426	426	426	426.0	0.500	0.0
FAM_P5087	P	6	6	100.0%	core	P2TT	1371	1371	1371	1371.0	0.667	0.0
FAM_P5088	P	6	6	100.0%	core	P2UP	264	264	264	264.0	0.667	0.0
FAM_P5089	P	6	6	100.0%	core	P2VL	963	963	963	963.0	0.667	0.0
FAM_P5090	P	6	6	100.0%	core	P33L	1065	1065	1065	1065.0	0.833	0.0
FAM_P5091	P	6	6	100.0%	core	P34H	1458	1458	1458	1458.0	0.667	0.0
FAM_P5092	P	2	2	33.3%	accessory	P381	1320	1320	1320	1320.0	1.000	0.0
SING_P38X	P	1	1	16.7%	accessory	P38X	1350	1350	1350	1350.0	1.000	0.0
FAM_P5093	P	4	4	66.7%	accessory	P3DD	234	234	234	234.0	0.750	0.0
FAM_P5094	P	6	6	100.0%	core	P3IP	447	447	474	456.0	0.833	194.4
FAM_P5095	P	3	3	50.0%	accessory	P3KH	690	690	690	690.0	0.667	0.0
FAM_P5096	P	3	3	50.0%	accessory	P3LD	141	141	141	141.0	0.667	0.0
FAM_P5097	P	6	6	100.0%	core	P3QP	408	408	408	408.0	0.667	0.0
FAM_P5098	P	6	6	100.0%	core	P3SH	333	333	333	333.0	0.833	0.0
FAM_P5099	P	6	6	100.0%	core	P3TD	1221	1221	1221	1221.0	0.833	0.0
FAM_P5100	P	6	6	100.0%	core	P3U9	1902	1902	1902	1902.0	0.667	0.0
FAM_P5101	P	6	6	100.0%	core	P3V5	1149	1149	1149	1149.0	0.667	0.0
FAM_P5102	P	5	5	83.3%	accessory	P3XT	168	168	168	168.0	0.800	0.0
FAM_P5103	P	6	6	100.0%	core	P41D	903	903	903	903.0	0.667	0.0
FAM_P5104	P	6	6	100.0%	core	P429	1116	1116	1116	1116.0	0.833	0.0
FAM_P5105	P	6	6	100.0%	core	P435	2265	2265	2265	2265.0	0.667	0.0
FAM_P5106	P	6	6	100.0%	core	P46P	1545	1545	1545	1545.0	0.833	0.0
FAM_P5107	P	3	3	50.0%	accessory	P47L	216	210	216	214.0	0.667	12.0
FAM_P5108	P	10	5	83.3%	accessory	P4DT	843	144	843	465.3	0.700	111188.9
FAM_P5109	P	4	4	66.7%	accessory	P4K1	573	549	573	567.0	0.750	144.0
FAM_P5110	P	6	6	100.0%	core	P4LT	1257	1257	1326	1280.0	0.833	1269.6
FAM_P5111	P	6	6	100.0%	core	P4PD	252	252	252	252.0	0.667	0.0
FAM_P5112	P	5	5	83.3%	accessory	P4Q9	765	753	765	762.6	0.800	28.8
FAM_P5113	P	2	2	33.3%	accessory	P4TT	324	324	324	324.0	0.500	0.0
FAM_P5114	P	2	2	33.3%	accessory	P501	147	147	147	147.0	0.500	0.0
FAM_P5115	P	2	2	33.3%	accessory	P5BL	573	573	573	573.0	0.500	0.0
FAM_P5116	P	2	2	33.3%	accessory	P5E9	183	183	183	183.0	0.500	0.0
FAM_P5117	P	2	2	33.3%	accessory	P5GX	1185	1185	1185	1185.0	0.500	0.0
FAM_P5118	P	2	2	33.3%	accessory	P5IP	315	315	315	315.0	0.500	0.0
FAM_P5119	P	2	2	33.3%	accessory	P5KH	948	948	948	948.0	0.500	0.0
FAM_P5120	P	2	2	33.3%	accessory	P5LD	177	177	177	177.0	0.500	0.0
FAM_P5121	P	2	2	33.3%	accessory	P5U9	732	732	732	732.0	0.500	0.0
FAM_P5122	P	2	2	33.3%	accessory	P5W1	822	822	822	822.0	0.500	0.0
FAM_P5123	P	2	2	33.3%	accessory	P5ZL	1314	1314	1314	1314.0	0.500	0.0
FAM_P5124	P	2	2	33.3%	accessory	P65T	459	459	459	459.0	0.500	0.0
FAM_P5125	P	2	2	33.3%	accessory	P6FL	1050	1050	1050	1050.0	0.500	0.0
FAM_P5126	P	6	6	100.0%	core	P30F	1134	1134	1134	1134.0	0.833	0.0
SING_P73L	P	1	1	16.7%	accessory	P73L	531	531	531	531.0	1.000	0.0
FAM_P5127	P	2	2	33.3%	accessory	P74H	420	420	420	420.0	0.500	0.0
FAM_P5128	P	2	2	33.3%	accessory	P775	975	975	975	975.0	0.500	0.0
SING_P7OX	P	1	1	16.7%	accessory	P7OX	486	486	486	486.0	1.000	0.0
SING_P7PT	P	1	1	16.7%	accessory	P7PT	705	705	705	705.0	1.000	0.0
SING_P87L	P	1	1	16.7%	accessory	P87L	1539	1539	1539	1539.0	1.000	0.0
SING_P8CX	P	1	1	16.7%	accessory	P8CX	324	324	324	324.0	1.000	0.0
SING_P8K1	P	1	1	16.7%	accessory	P8K1	300	300	300	300.0	1.000	0.0
SING_P8KX	P	1	1	16.7%	accessory	P8KX	543	543	543	543.0	1.000	0.0
FAM_P5129	P	7	6	100.0%	core	P1LO	675	237	675	573.4	0.714	32359.3
FAM_P5130	P	2	2	33.3%	accessory	P8VL	570	570	570	570.0	1.000	0.0
SING_P8WH	P	1	1	16.7%	accessory	P8WH	1131	1131	1131	1131.0	1.000	0.0
SING_P8XD	P	1	1	16.7%	accessory	P8XD	1803	1803	1803	1803.0	1.000	0.0
SING_P9HT	P	1	1	16.7%	accessory	P9HT	177	177	177	177.0	1.000	0.0
SING_P9JL	P	1	1	16.7%	accessory	P9JL	597	597	597	597.0	1.000	0.0
SING_P9KH	P	1	1	16.7%	accessory	P9KH	1770	1770	1770	1770.0	1.000	0.0
SING_P9PT	P	1	1	16.7%	accessory	P9PT	894	894	894	894.0	1.000	0.0
SING_P9QP	P	1	1	16.7%	accessory	P9QP	207	207	207	207.0	1.000	0.0
SING_P9W1	P	1	1	16.7%	accessory	P9W1	429	429	429	429.0	1.000	0.0
SING_PAEP	P	1	1	16.7%	accessory	PAEP	291	291	291	291.0	1.000	0.0
FAM_P5131	P	2	2	33.3%	accessory	PAHD	1494	1494	1494	1494.0	1.000	0.0
SING_PAJ5	P	1	1	16.7%	accessory	PAJ5	1653	1653	1653	1653.0	1.000	0.0
SING_PAK1	P	1	1	16.7%	accessory	PAK1	888	888	888	888.0	1.000	0.0
SING_PALT	P	1	1	16.7%	accessory	PALT	948	948	948	948.0	1.000	0.0
SING_PAMP	P	1	1	16.7%	accessory	PAMP	771	771	771	771.0	1.000	0.0
SING_PANL	P	1	1	16.7%	accessory	PANL	564	564	564	564.0	1.000	0.0
SING_PAOH	P	1	1	16.7%	accessory	PAOH	453	453	453	453.0	1.000	0.0
SING_PAUP	P	1	1	16.7%	accessory	PAUP	1035	1035	1035	1035.0	1.000	0.0
SING_PB69	P	1	1	16.7%	accessory	PB69	732	732	732	732.0	1.000	0.0
FAM_P5132	P	2	2	33.3%	accessory	P4ZM	639	639	639	639.0	0.500	0.0
FAM_P5133	P	4	2	33.3%	accessory	P511	690	690	690	690.0	0.500	0.0
FAM_P5134	P	6	6	100.0%	core	P1H3	996	996	996	996.0	0.833	0.0
FAM_P5135	P	4	4	66.7%	accessory	P1I1	531	531	531	531.0	0.750	0.0
FAM_P5136	P	6	6	100.0%	core	P1I6	1317	1317	1317	1317.0	0.667	0.0
FAM_P5137	P	6	6	100.0%	core	P1IU	474	474	474	474.0	0.667	0.0
FAM_P5138	P	3	3	50.0%	accessory	P5H0	996	996	996	996.0	0.667	0.0
FAM_P5139	P	6	6	100.0%	core	P1LL	339	339	339	339.0	0.833	0.0
FAM_P5140	P	6	6	100.0%	core	P1MX	837	837	837	837.0	0.833	0.0
FAM_P5141	P	6	6	100.0%	core	P21G	429	429	429	429.0	0.667	0.0
FAM_P5142	P	6	6	100.0%	core	P22B	612	612	612	612.0	0.667	0.0
FAM_P5143	P	6	6	100.0%	core	P240	2235	2235	2235	2235.0	0.833	0.0
FAM_P5144	P	3	3	50.0%	accessory	P660	1059	153	1059	757.0	0.667	273612.0
FAM_P5145	P	2	2	33.3%	accessory	P74D	474	474	474	474.0	1.000	0.0
FAM_P5146	P	2	2	33.3%	accessory	P6M9	252	252	252	252.0	0.500	0.0
SING_PD4H	P	1	1	16.7%	accessory	PD4H	201	201	201	201.0	1.000	0.0
FAM_P5147	P	2	2	33.3%	accessory	P6SM	1125	1125	1125	1125.0	0.500	0.0
FAM_P5148	P	2	2	33.3%	accessory	P6TI	372	372	372	372.0	0.500	0.0
FAM_P5149	P	7	5	83.3%	accessory	P31S	195	195	1581	1123.3	0.857	384680.6
FAM_P5150	P	6	6	100.0%	core	P32Q	1437	1437	1437	1437.0	0.667	0.0
FAM_P5151	P	6	6	100.0%	core	P35F	1140	1140	1140	1140.0	0.667	0.0
FAM_P5152	P	6	6	100.0%	core	P36B	687	687	687	687.0	0.667	0.0
FAM_P5153	P	6	6	100.0%	core	P376	996	996	996	996.0	0.833	0.0
FAM_P5154	P	2	2	33.3%	accessory	P3FT	2601	2601	2601	2601.0	0.500	0.0
FAM_P5155	P	2	2	33.3%	accessory	P3JD	390	390	390	390.0	1.000	0.0
FAM_P5156	P	2	2	33.3%	accessory	P3K9	723	723	723	723.0	0.500	0.0
FAM_P5157	P	3	3	50.0%	accessory	P3M1	972	972	972	972.0	0.667	0.0
FAM_P5158	P	2	2	33.3%	accessory	P3NT	2280	2280	2280	2280.0	1.000	0.0
FAM_P5159	P	2	2	33.3%	accessory	P3YG	2028	2028	2028	2028.0	0.500	0.0
FAM_P5160	P	2	2	33.3%	accessory	P495	564	564	564	564.0	0.500	0.0
FAM_P5161	P	2	2	33.3%	accessory	P4AX	549	549	549	549.0	0.500	0.0
FAM_P5162	P	2	2	33.3%	accessory	P4BT	321	321	321	321.0	0.500	0.0
FAM_P5163	P	2	2	33.3%	accessory	P4CP	219	219	219	219.0	0.500	0.0
FAM_P5164	P	2	2	33.3%	accessory	P4I1	234	234	234	234.0	0.500	0.0
FAM_P5165	P	2	2	33.3%	accessory	P4ND	228	228	228	228.0	0.500	0.0
FAM_P5166	P	2	2	33.3%	accessory	P7FS	516	516	516	516.0	0.500	0.0
SING_PFF5	P	1	1	16.7%	accessory	PFF5	10548	10548	10548	10548.0	1.000	0.0
SING_PFG1	P	1	1	16.7%	accessory	PFG1	117	117	117	117.0	1.000	0.0
SING_PFGX	P	1	1	16.7%	accessory	PFGX	1260	1260	1260	1260.0	1.000	0.0
FAM_P5167	P	3	3	50.0%	accessory	P826	1692	1689	1725	1702.0	1.000	399.0
FAM_P5168	P	2	2	33.3%	accessory	P833	741	741	741	741.0	1.000	0.0
SING_PG1D	P	1	1	16.7%	accessory	PG1D	222	222	222	222.0	1.000	0.0
FAM_P5169	P	6	6	100.0%	core	P27L	2145	1056	2145	1788.5	0.833	305173.5
FAM_P5170	P	6	6	100.0%	core	P1ZP	450	450	477	459.0	0.833	194.4
SING_PGEP	P	1	1	16.7%	accessory	PGEP	1071	1071	1071	1071.0	1.000	0.0
SING_PGHD	P	1	1	16.7%	accessory	PGHD	471	471	471	471.0	1.000	0.0
SING_PGQ9	P	1	1	16.7%	accessory	PGQ9	1179	1179	1179	1179.0	1.000	0.0
SING_PH81	P	1	1	16.7%	accessory	PH81	270	270	270	270.0	1.000	0.0
SING_PH8X	P	1	1	16.7%	accessory	PH8X	1302	1302	1302	1302.0	1.000	0.0
SING_PHE9	P	1	1	16.7%	accessory	PHE9	4770	4770	4770	4770.0	1.000	0.0
SING_PHN5	P	1	1	16.7%	accessory	PHN5	498	498	498	498.0	1.000	0.0
SING_PHYP	P	1	1	16.7%	accessory	PHYP	486	486	486	486.0	1.000	0.0
SING_PI9D	P	1	1	16.7%	accessory	PI9D	204	204	204	204.0	1.000	0.0
SING_PINL	P	1	1	16.7%	accessory	PINL	792	792	792	792.0	1.000	0.0
SING_PIY9	P	1	1	16.7%	accessory	PIY9	444	444	444	444.0	1.000	0.0
SING_PJ4H	P	1	1	16.7%	accessory	PJ4H	423	423	423	423.0	1.000	0.0
SING_PJ5D	P	1	1	16.7%	accessory	PJ5D	942	942	942	942.0	1.000	0.0
FAM_P5171	P	2	2	33.3%	accessory	PB7M	285	285	285	285.0	1.000	0.0
SING_PJ8X	P	1	1	16.7%	accessory	PJ8X	1029	1029	1029	1029.0	1.000	0.0
SING_PJ9T	P	1	1	16.7%	accessory	PJ9T	693	693	693	693.0	1.000	0.0
SING_PJAP	P	1	1	16.7%	accessory	PJAP	669	669	669	669.0	1.000	0.0
SING_PJBL	P	1	1	16.7%	accessory	PJBL	810	810	810	810.0	1.000	0.0
FAM_P5172	P	2	2	33.3%	accessory	P2QZ	1080	1080	1080	1080.0	1.000	0.0
FAM_P5173	P	3	3	50.0%	accessory	P2IB	420	420	420	420.0	0.667	0.0
FAM_P5174	P	4	4	66.7%	accessory	P29D	699	699	699	699.0	0.750	0.0
FAM_P5175	P	6	6	100.0%	core	P23F	1713	1713	1713	1713.0	0.833	0.0
FAM_P5176	P	6	6	100.0%	core	P21O	1191	1086	1191	1173.5	0.667	1837.5
FAM_P5177	P	6	6	100.0%	core	P20Q	1401	1401	1401	1401.0	0.667	0.0
SING_PK5T	P	1	1	16.7%	accessory	PK5T	1209	1209	1209	1209.0	1.000	0.0
FAM_P5178	P	2	2	33.3%	accessory	P1U8	735	735	735	735.0	0.500	0.0
FAM_P5179	P	4	4	66.7%	accessory	P1OQ	1827	1827	1827	1827.0	1.000	0.0
SING_PKK1	P	1	1	16.7%	accessory	PKK1	1032	1032	1032	1032.0	1.000	0.0
FAM_P5180	P	7	6	100.0%	core	P1GL	987	480	987	845.1	1.000	58730.1
SING_PL9T	P	1	1	16.7%	accessory	PL9T	648	648	648	648.0	1.000	0.0
FAM_P5181	P	4	4	66.7%	accessory	P46T	447	447	447	447.0	0.500	0.0
FAM_P5182	P	6	6	100.0%	core	P447	1254	1254	1254	1254.0	0.667	0.0
FAM_P5183	P	6	6	100.0%	core	P43A	747	747	747	747.0	0.667	0.0
FAM_P5184	P	6	6	100.0%	core	P41F	1113	1113	1113	1113.0	0.667	0.0
FAM_P5185	P	2	1	16.7%	accessory	PLIP	222	222	222	222.0	0.500	0.0
FAM_P5186	P	8	6	100.0%	core	P3V9	480	480	1407	1050.8	0.750	171336.2
FAM_P5187	P	6	6	100.0%	core	P3UC	612	612	612	612.0	0.833	0.0
FAM_P5188	P	6	6	100.0%	core	P3TI	429	429	429	429.0	0.667	0.0
FAM_P5189	P	6	6	100.0%	core	P3SN	369	369	384	371.5	0.667	37.5
FAM_P5190	P	2	2	33.3%	accessory	P91	447	447	447	447.0	0.500	0.0
SING_PM9D	P	1	1	16.7%	accessory	PM9D	744	744	744	744.0	1.000	0.0
SING_PMR5	P	1	1	16.7%	accessory	PMR5	627	627	627	627.0	1.000	0.0
SING_PMS1	P	1	1	16.7%	accessory	PMS1	561	561	561	561.0	1.000	0.0
SING_PMUP	P	1	1	16.7%	accessory	PMUP	705	705	705	705.0	1.000	0.0
SING_P6Q	P	1	1	16.7%	accessory	P6Q	459	459	459	459.0	1.000	0.0
SING_P7M	P	1	1	16.7%	accessory	P7M	699	699	699	699.0	1.000	0.0
FAM_P5191	P	6	6	100.0%	core	P3X0	429	429	429	429.0	0.667	0.0
FAM_P5192	P	6	6	100.0%	core	P4DX	522	522	522	522.0	0.667	0.0
FAM_P5193	P	6	6	100.0%	core	P4ET	1536	1536	1536	1536.0	0.667	0.0
FAM_P5194	P	6	6	100.0%	core	P4FP	2190	2190	2190	2190.0	0.667	0.0
FAM_P5195	P	2	2	33.3%	accessory	P11U	2274	2274	2274	2274.0	0.500	0.0
FAM_P5196	P	5	5	83.3%	accessory	P13M	1038	1038	1038	1038.0	0.600	0.0
FAM_P5197	P	5	5	83.3%	accessory	P15E	1029	1029	1029	1029.0	1.000	0.0
SING_P1JM	P	1	1	16.7%	accessory	P1JM	1104	1104	1104	1104.0	1.000	0.0
SING_P1SI	P	1	1	16.7%	accessory	P1SI	441	441	441	441.0	1.000	0.0
FAM_P5198	P	3	3	50.0%	accessory	P236	285	285	285	285.0	0.667	0.0
FAM_P5199	P	6	6	100.0%	core	P242	2757	2757	2757	2757.0	0.667	0.0
FAM_P5200	P	6	6	100.0%	core	P24Y	2889	2889	2889	2889.0	0.667	0.0
FAM_P5201	P	4	4	66.7%	accessory	P29E	693	693	693	693.0	0.750	0.0
FAM_P5202	P	6	6	100.0%	core	P31U	498	498	498	498.0	0.833	0.0
FAM_P5203	P	6	6	100.0%	core	P33M	585	585	585	585.0	0.667	0.0
FAM_P5204	P	6	6	100.0%	core	P34I	2148	2148	2148	2148.0	0.667	0.0
FAM_P5205	P	2	2	33.3%	accessory	P382	765	765	765	765.0	0.500	0.0
SING_P38Y	P	1	1	16.7%	accessory	P38Y	1968	1968	1968	1968.0	1.000	0.0
FAM_P5206	P	6	6	100.0%	core	P3SI	1224	1224	1224	1224.0	0.667	0.0
FAM_P5207	P	4	4	66.7%	accessory	P3TE	903	903	903	903.0	0.500	0.0
FAM_P5208	P	6	6	100.0%	core	P3UA	468	468	468	468.0	0.500	0.0
FAM_P5209	P	6	6	100.0%	core	P3V6	801	801	801	801.0	0.833	0.0
FAM_P5210	P	6	6	100.0%	core	P41E	477	477	477	477.0	0.667	0.0
FAM_P5211	P	6	6	100.0%	core	P42A	1947	1947	1947	1947.0	0.667	0.0
FAM_P5212	P	6	6	100.0%	core	P436	1749	1749	1749	1749.0	0.667	0.0
FAM_P5213	P	6	6	100.0%	core	P442	1011	1011	1011	1011.0	0.833	0.0
FAM_P5214	P	6	6	100.0%	core	P46Q	1137	1137	1137	1137.0	0.667	0.0
FAM_P5215	P	3	3	50.0%	accessory	P47M	189	189	189	189.0	0.667	0.0
FAM_P5216	P	6	6	100.0%	core	P4FM	1005	1005	1005	1005.0	0.833	0.0
FAM_P5217	P	4	4	66.7%	accessory	P4J6	1527	1527	1527	1527.0	0.750	0.0
FAM_P5218	P	6	6	100.0%	core	P4LU	1083	1083	1083	1083.0	0.667	0.0
FAM_P5219	P	6	6	100.0%	core	P4PE	2598	2598	2598	2598.0	0.833	0.0
FAM_P5220	P	5	5	83.3%	accessory	P4QA	558	558	558	558.0	0.600	0.0
FAM_P5221	P	2	2	33.3%	accessory	P4TU	3036	3036	3036	3036.0	0.500	0.0
FAM_P5222	P	2	2	33.3%	accessory	P502	510	510	510	510.0	0.500	0.0
FAM_P5223	P	2	2	33.3%	accessory	P5BM	489	489	489	489.0	0.500	0.0
FAM_P5224	P	2	2	33.3%	accessory	P5GY	783	783	783	783.0	0.500	0.0
FAM_P5225	P	6	6	100.0%	core	P1KJ	1353	1305	1353	1337.0	0.833	614.4
FAM_P5226	P	2	2	33.3%	accessory	P5LE	357	357	357	357.0	0.500	0.0
FAM_P5227	P	2	2	33.3%	accessory	P5W2	630	630	630	630.0	0.500	0.0
FAM_P5228	P	2	2	33.3%	accessory	P5ZM	1206	1206	1206	1206.0	0.500	0.0
FAM_P5229	P	2	2	33.3%	accessory	P65U	1293	1293	1293	1293.0	0.500	0.0
FAM_P5230	P	6	6	100.0%	core	P2QR	1047	1047	1047	1047.0	0.833	0.0
FAM_P5231	P	6	6	100.0%	core	P2VI	1197	1197	1197	1197.0	0.833	0.0
FAM_P5232	P	6	6	100.0%	core	P2ZL	342	342	342	342.0	0.833	0.0
FAM_P5233	P	2	2	33.3%	accessory	P73M	2091	2091	2091	2091.0	1.000	0.0
FAM_P5234	P	2	2	33.3%	accessory	P74I	561	561	561	561.0	0.500	0.0
FAM_P5235	P	2	2	33.3%	accessory	P776	1521	1521	1521	1521.0	0.500	0.0
FAM_P5236	P	6	6	100.0%	core	P3A6	1281	1272	1281	1278.0	0.833	21.6
FAM_P5237	P	3	3	50.0%	accessory	P7G2	219	219	219	219.0	0.333	0.0
FAM_P5238	P	2	2	33.3%	accessory	P7HU	657	657	657	657.0	1.000	0.0
SING_P7OY	P	1	1	16.7%	accessory	P7OY	402	402	402	402.0	1.000	0.0
SING_P7PU	P	1	1	16.7%	accessory	P7PU	753	753	753	753.0	1.000	0.0
SING_P87M	P	1	1	16.7%	accessory	P87M	501	501	501	501.0	1.000	0.0
SING_P8C2	P	1	1	16.7%	accessory	P8C2	207	207	207	207.0	1.000	0.0
SING_P8CY	P	1	1	16.7%	accessory	P8CY	411	411	411	411.0	1.000	0.0
SING_P8K2	P	1	1	16.7%	accessory	P8K2	519	519	519	519.0	1.000	0.0
FAM_P5239	P	2	2	33.3%	accessory	P8LU	2346	2346	2652	2499.0	1.000	46818.0
FAM_P5240	P	2	2	33.3%	accessory	P8VM	402	402	402	402.0	1.000	0.0
SING_P8WI	P	1	1	16.7%	accessory	P8WI	1269	1269	1269	1269.0	1.000	0.0
SING_P8XE	P	1	1	16.7%	accessory	P8XE	1281	1281	1281	1281.0	1.000	0.0
SING_P9AQ	P	1	1	16.7%	accessory	P9AQ	216	216	216	216.0	1.000	0.0
SING_P9CI	P	1	1	16.7%	accessory	P9CI	1512	1512	1512	1512.0	1.000	0.0
FAM_P5241	P	9	3	50.0%	accessory	P464	630	630	753	698.3	0.444	4202.5
SING_P9JM	P	1	1	16.7%	accessory	P9JM	1173	1173	1173	1173.0	1.000	0.0
SING_P9KI	P	1	1	16.7%	accessory	P9KI	1167	1167	1167	1167.0	1.000	0.0
SING_P9LE	P	1	1	16.7%	accessory	P9LE	354	354	354	354.0	1.000	0.0
FAM_P5242	P	3	3	50.0%	accessory	P693	891	345	891	709.0	0.667	99372.0
SING_P9W2	P	1	1	16.7%	accessory	P9W2	378	378	378	378.0	1.000	0.0
SING_PAEQ	P	1	1	16.7%	accessory	PAEQ	291	291	291	291.0	1.000	0.0
FAM_P5243	P	2	2	33.3%	accessory	PAHE	762	762	762	762.0	1.000	0.0
SING_PAJ6	P	1	1	16.7%	accessory	PAJ6	972	972	972	972.0	1.000	0.0
SING_PAK2	P	1	1	16.7%	accessory	PAK2	1143	1143	1143	1143.0	1.000	0.0
SING_PALU	P	1	1	16.7%	accessory	PALU	465	465	465	465.0	1.000	0.0
SING_PAMQ	P	1	1	16.7%	accessory	PAMQ	243	243	243	243.0	1.000	0.0
SING_PANM	P	1	1	16.7%	accessory	PANM	501	501	501	501.0	1.000	0.0
SING_PAOI	P	1	1	16.7%	accessory	PAOI	1221	1221	1221	1221.0	1.000	0.0
SING_PAUQ	P	1	1	16.7%	accessory	PAUQ	1572	1572	1572	1572.0	1.000	0.0
SING_PB6A	P	1	1	16.7%	accessory	PB6A	564	564	564	564.0	1.000	0.0
FAM_P5244	P	6	6	100.0%	core	P1G7	504	504	504	504.0	0.667	0.0
FAM_P5245	P	6	6	100.0%	core	P1H4	687	687	687	687.0	0.833	0.0
FAM_P5246	P	6	6	100.0%	core	P1I7	1455	1455	1455	1455.0	0.667	0.0
FAM_P5247	P	6	6	100.0%	core	P1IV	1167	966	1167	1133.5	0.833	6733.5
FAM_P5248	P	6	6	100.0%	core	P1JT	1395	1395	1395	1395.0	0.833	0.0
FAM_P5249	P	3	3	50.0%	accessory	P5IT	1035	1035	1035	1035.0	0.667	0.0
FAM_P5250	P	3	3	50.0%	accessory	P5RT	468	462	468	466.0	0.667	12.0
FAM_P5251	P	6	6	100.0%	core	P20M	978	978	978	978.0	0.667	0.0
FAM_P5252	P	6	6	100.0%	core	P21H	567	567	567	567.0	0.667	0.0
FAM_P5253	P	6	6	100.0%	core	P22C	462	462	462	462.0	0.667	0.0
FAM_P5254	P	5	5	83.3%	accessory	P2D5	465	465	465	465.0	0.800	0.0
FAM_P5255	P	2	2	33.3%	accessory	P6MA	582	582	582	582.0	0.500	0.0
FAM_P5256	P	2	2	33.3%	accessory	P6SN	579	579	579	579.0	0.500	0.0
FAM_P5257	P	2	2	33.3%	accessory	P6TJ	1146	1146	1146	1146.0	0.500	0.0
FAM_P5258	P	6	6	100.0%	core	P32R	567	567	567	567.0	0.667	0.0
FAM_P5259	P	6	6	100.0%	core	P35G	1533	1533	1533	1533.0	0.833	0.0
FAM_P5260	P	6	6	100.0%	core	P36C	276	276	276	276.0	0.667	0.0
FAM_P5261	P	6	6	100.0%	core	P377	999	999	999	999.0	0.833	0.0
FAM_P5262	P	2	2	33.3%	accessory	P3FU	726	726	726	726.0	0.500	0.0
FAM_P5263	P	2	2	33.3%	accessory	P3JE	714	714	714	714.0	0.500	0.0
FAM_P5264	P	2	2	33.3%	accessory	P3KA	279	279	279	279.0	0.500	0.0
FAM_P5265	P	3	3	50.0%	accessory	P3M2	957	957	957	957.0	0.667	0.0
FAM_P5266	P	2	2	33.3%	accessory	P3NU	450	450	450	450.0	0.500	0.0
FAM_P5267	P	2	2	33.3%	accessory	P3YH	324	324	324	324.0	0.500	0.0
FAM_P5268	P	2	2	33.3%	accessory	P46I	183	183	183	183.0	0.500	0.0
FAM_P5269	P	2	2	33.3%	accessory	P47E	1311	1311	1311	1311.0	0.500	0.0
FAM_P5270	P	2	2	33.3%	accessory	P496	651	651	651	651.0	0.500	0.0
FAM_P5271	P	2	2	33.3%	accessory	P4AY	282	282	282	282.0	0.500	0.0
FAM_P5272	P	2	2	33.3%	accessory	P4BU	1704	1704	1704	1704.0	0.500	0.0
FAM_P5273	P	2	2	33.3%	accessory	P4CQ	129	129	129	129.0	0.500	0.0
FAM_P5274	P	2	2	33.3%	accessory	P4GA	1119	1119	1119	1119.0	0.500	0.0
FAM_P5275	P	2	2	33.3%	accessory	P4I2	1362	1362	1362	1362.0	0.500	0.0
FAM_P5276	P	2	2	33.3%	accessory	P4KQ	159	159	159	159.0	0.500	0.0
FAM_P5277	P	4	4	66.7%	accessory	P7GE	777	771	777	775.5	0.750	9.0
FAM_P5278	P	2	2	33.3%	accessory	P7FT	2997	2997	2997	2997.0	0.500	0.0
SING_PFF6	P	1	1	16.7%	accessory	PFF6	1698	1698	1698	1698.0	1.000	0.0
SING_PFG2	P	1	1	16.7%	accessory	PFG2	111	111	111	111.0	1.000	0.0
SING_PFIQ	P	1	1	16.7%	accessory	PFIQ	1080	1080	1080	1080.0	1.000	0.0
FAM_P5279	P	2	2	33.3%	accessory	P834	1677	1677	1677	1677.0	1.000	0.0
SING_PG1E	P	1	1	16.7%	accessory	PG1E	234	234	234	234.0	1.000	0.0
SING_PGHE	P	1	1	16.7%	accessory	PGHE	525	525	525	525.0	1.000	0.0
SING_PGQA	P	1	1	16.7%	accessory	PGQA	192	192	192	192.0	1.000	0.0
FAM_P5280	P	2	2	33.3%	accessory	P8KP	291	291	291	291.0	1.000	0.0
FAM_P5281	P	6	6	100.0%	core	P150	762	762	762	762.0	0.833	0.0
SING_PH8Y	P	1	1	16.7%	accessory	PH8Y	1095	1095	1095	1095.0	1.000	0.0
SING_PHEA	P	1	1	16.7%	accessory	PHEA	384	384	384	384.0	1.000	0.0
SING_PHN6	P	1	1	16.7%	accessory	PHN6	282	282	282	282.0	1.000	0.0
FAM_P5282	P	5	3	50.0%	accessory	P4JQ	399	396	399	398.4	0.400	1.8
SING_PHYQ	P	1	1	16.7%	accessory	PHYQ	1608	1608	1608	1608.0	1.000	0.0
SING_PIFM	P	1	1	16.7%	accessory	PIFM	240	240	240	240.0	1.000	0.0
SING_PINM	P	1	1	16.7%	accessory	PINM	1128	1128	1128	1128.0	1.000	0.0
FAM_P5283	P	2	2	33.3%	accessory	PB0U	768	768	768	768.0	1.000	0.0
FAM_P5284	P	2	2	33.3%	accessory	PAAJ	2223	2223	4134	3178.5	1.000	1825960.5
SING_PJ5E	P	1	1	16.7%	accessory	PJ5E	1308	1308	1308	1308.0	1.000	0.0
SING_PJ6A	P	1	1	16.7%	accessory	PJ6A	405	405	405	405.0	1.000	0.0
FAM_P5285	P	2	2	33.3%	accessory	PB7L	546	546	546	546.0	1.000	0.0
SING_PJ8Y	P	1	1	16.7%	accessory	PJ8Y	432	432	432	432.0	1.000	0.0
SING_PJ9U	P	1	1	16.7%	accessory	PJ9U	324	324	324	324.0	1.000	0.0
SING_PJAQ	P	1	1	16.7%	accessory	PJAQ	681	681	681	681.0	1.000	0.0
SING_PJBM	P	1	1	16.7%	accessory	PJBM	558	558	558	558.0	1.000	0.0
FAM_P5286	P	2	2	33.3%	accessory	P2QY	1020	1020	1020	1020.0	1.000	0.0
FAM_P5287	P	3	3	50.0%	accessory	P2FM	1128	1113	1128	1123.0	1.000	75.0
FAM_P5288	P	4	4	66.7%	accessory	P29C	759	759	771	762.0	0.750	36.0
FAM_P5289	P	6	6	100.0%	core	P23E	735	735	735	735.0	0.667	0.0
FAM_P5290	P	6	6	100.0%	core	P22J	354	345	354	351.0	0.667	21.6
FAM_P5291	P	6	6	100.0%	core	P21N	498	498	498	498.0	0.667	0.0
FAM_P5292	P	6	6	100.0%	core	P20P	1281	1281	1281	1281.0	0.667	0.0
SING_PKK2	P	1	1	16.7%	accessory	PKK2	942	942	942	942.0	1.000	0.0
SING_PL9U	P	1	1	16.7%	accessory	PL9U	297	297	297	297.0	1.000	0.0
FAM_P5293	P	4	4	66.7%	accessory	P46S	2181	2181	2181	2181.0	0.500	0.0
FAM_P5294	P	6	6	100.0%	core	P446	1908	1908	1908	1908.0	0.667	0.0
FAM_P5295	P	2	1	16.7%	accessory	PLIQ	570	570	570	570.0	0.500	0.0
FAM_P5296	P	6	6	100.0%	core	P3V8	1665	1665	1665	1665.0	0.667	0.0
FAM_P5297	P	6	6	100.0%	core	P3UB	318	318	318	318.0	0.667	0.0
FAM_P5298	P	6	6	100.0%	core	P3TH	1596	1596	1596	1596.0	0.667	0.0
FAM_P5299	P	6	6	100.0%	core	P3SM	654	654	654	654.0	0.667	0.0
SING_PM8I	P	1	1	16.7%	accessory	PM8I	1998	1998	1998	1998.0	1.000	0.0
SING_PM9E	P	1	1	16.7%	accessory	PM9E	177	177	177	177.0	1.000	0.0
FAM_P5300	P	5	5	83.3%	accessory	P36H	795	558	795	700.2	0.600	16850.7
SING_PMS2	P	1	1	16.7%	accessory	PMS2	642	642	642	642.0	1.000	0.0
FAM_P5301	P	4	3	50.0%	accessory	PB60	861	861	861	861.0	0.500	0.0
FAM_P5302	P	2	2	33.3%	accessory	PJ3M	201	201	201	201.0	0.500	0.0
FAM_P5303	P	2	2	33.3%	accessory	PJ2Q	156	156	156	156.0	0.500	0.0
FAM_P5304	P	2	2	33.3%	accessory	PJ0Y	540	540	540	540.0	0.500	0.0
SING_P6R	P	1	1	16.7%	accessory	P6R	240	240	240	240.0	1.000	0.0
SING_P7N	P	1	1	16.7%	accessory	P7N	855	855	855	855.0	1.000	0.0
FAM_P5305	P	6	6	100.0%	core	P4DY	834	834	834	834.0	0.667	0.0
FAM_P5306	P	6	6	100.0%	core	P4EU	417	417	417	417.0	0.667	0.0
FAM_P5307	P	6	6	100.0%	core	P4FQ	360	360	360	360.0	0.667	0.0
FAM_P5308	P	2	2	33.3%	accessory	P11V	2046	2046	2046	2046.0	0.500	0.0
SING_P1GZ	P	1	1	16.7%	accessory	P1GZ	192	192	192	192.0	1.000	0.0
SING_P1JN	P	1	1	16.7%	accessory	P1JN	1248	1248	1248	1248.0	1.000	0.0
SING_P1SJ	P	1	1	16.7%	accessory	P1SJ	603	603	603	603.0	1.000	0.0
FAM_P5309	P	3	3	50.0%	accessory	P237	918	918	918	918.0	0.667	0.0
FAM_P5310	P	6	6	100.0%	core	P243	1341	1341	1341	1341.0	0.833	0.0
FAM_P5311	P	6	6	100.0%	core	P24Z	3369	3369	3369	3369.0	0.667	0.0
FAM_P5312	P	4	4	66.7%	accessory	P25V	492	492	492	492.0	0.500	0.0
FAM_P5313	P	2	2	33.3%	accessory	P2AB	396	396	396	396.0	0.500	0.0
FAM_P5314	P	3	3	50.0%	accessory	P2MR	384	384	384	384.0	0.667	0.0
FAM_P5315	P	6	6	100.0%	core	P31V	873	873	873	873.0	0.667	0.0
FAM_P5316	P	6	6	100.0%	core	P33N	453	453	453	453.0	0.667	0.0
FAM_P5317	P	6	6	100.0%	core	P34J	1335	1335	1335	1335.0	0.667	0.0
FAM_P5318	P	2	2	33.3%	accessory	P383	1032	1032	1032	1032.0	1.000	0.0
SING_P38Z	P	1	1	16.7%	accessory	P38Z	960	960	960	960.0	1.000	0.0
FAM_P5319	P	4	4	66.7%	accessory	P3CJ	2451	2451	2451	2451.0	0.750	0.0
FAM_P5320	P	6	6	100.0%	core	P1B	843	843	849	847.0	0.667	9.6
FAM_P5321	P	6	6	100.0%	core	P3IR	579	579	579	579.0	0.667	0.0
FAM_P5322	P	6	6	100.0%	core	P3KJ	711	711	711	711.0	0.667	0.0
FAM_P5323	P	6	6	100.0%	core	P3MB	1887	1887	1887	1887.0	0.833	0.0
FAM_P5324	P	4	4	66.7%	accessory	P3QR	423	420	423	422.2	0.750	2.2
FAM_P5325	P	6	6	100.0%	core	P3RN	816	816	816	816.0	0.667	0.0
FAM_P5326	P	6	6	100.0%	core	P3TF	747	747	747	747.0	0.667	0.0
FAM_P5327	P	6	6	100.0%	core	P3V7	1947	1947	1947	1947.0	0.833	0.0
FAM_P5328	P	6	6	100.0%	core	P3ZN	1737	1737	1737	1737.0	0.833	0.0
FAM_P5329	P	6	6	100.0%	core	P42B	225	225	225	225.0	0.167	0.0
FAM_P5330	P	6	6	100.0%	core	P437	987	987	987	987.0	0.667	0.0
FAM_P5331	P	6	6	100.0%	core	P443	543	543	543	543.0	0.667	0.0
FAM_P5332	P	6	6	100.0%	core	P46R	1305	1299	1311	1305.0	0.667	28.8
FAM_P5333	P	3	3	50.0%	accessory	P4CZ	624	624	624	624.0	0.667	0.0
FAM_P5334	P	4	4	66.7%	accessory	P4J7	456	456	456	456.0	0.750	0.0
FAM_P5335	P	6	6	100.0%	core	P4LV	834	834	834	834.0	0.667	0.0
FAM_P5336	P	6	6	100.0%	core	P4PF	975	975	975	975.0	0.667	0.0
FAM_P5337	P	5	5	83.3%	accessory	P4QB	1488	1488	1488	1488.0	0.600	0.0
FAM_P5338	P	5	5	83.3%	accessory	P108	921	921	921	921.0	0.600	0.0
FAM_P5339	P	6	6	100.0%	core	P14V	2784	2784	2784	2784.0	0.833	0.0
FAM_P5340	P	6	6	100.0%	core	P1CM	948	933	948	943.0	0.667	60.0
FAM_P5341	P	2	2	33.3%	accessory	P5BN	702	702	702	702.0	0.500	0.0
FAM_P5342	P	7	6	100.0%	core	P1LK	825	300	840	710.6	0.857	44347.3
FAM_P5343	P	2	2	33.3%	accessory	P5LF	363	363	363	363.0	0.500	0.0
FAM_P5344	P	3	3	50.0%	accessory	P5RN	1032	1032	1248	1104.0	0.667	15552.0
FAM_P5345	P	2	2	33.3%	accessory	P5W3	2382	2382	2382	2382.0	0.500	0.0
FAM_P5346	P	2	2	33.3%	accessory	P65V	2061	2061	2061	2061.0	0.500	0.0
FAM_P5347	P	6	6	100.0%	core	P2OR	660	660	660	660.0	0.667	0.0
FAM_P5348	P	6	6	100.0%	core	P2QS	960	957	993	974.0	0.833	290.4
FAM_P5349	P	6	6	100.0%	core	P2RQ	1710	1701	1710	1708.5	0.833	13.5
FAM_P5350	P	6	6	100.0%	core	P2VJ	1182	1182	1212	1196.0	0.833	139.2
FAM_P5351	P	2	2	33.3%	accessory	P73N	933	933	933	933.0	1.000	0.0
FAM_P5352	P	2	2	33.3%	accessory	P74J	246	246	246	246.0	0.500	0.0
FAM_P5353	P	2	2	33.3%	accessory	P777	2271	2271	2271	2271.0	0.500	0.0
FAM_P5354	P	3	3	50.0%	accessory	P7G3	306	306	306	306.0	0.333	0.0
FAM_P5355	P	3	3	50.0%	accessory	P4NR	1059	1050	1059	1056.0	0.667	27.0
FAM_P5356	P	4	4	66.7%	accessory	P116	747	747	747	747.0	0.750	0.0
FAM_P5357	P	2	2	33.3%	accessory	P5BR	1185	1185	1185	1185.0	0.500	0.0
FAM_P5358	P	2	2	33.3%	accessory	P5DJ	654	654	654	654.0	0.500	0.0
FAM_P5359	P	2	2	33.3%	accessory	P5LJ	1287	1287	1287	1287.0	0.500	0.0
FAM_P5360	P	2	2	33.3%	accessory	P5RR	1137	1137	1137	1137.0	0.500	0.0
FAM_P5361	P	2	2	33.3%	accessory	P5YV	651	651	651	651.0	0.500	0.0
FAM_P5362	P	2	2	33.3%	accessory	P62F	651	651	651	651.0	0.500	0.0
FAM_P5363	P	2	2	33.3%	accessory	P65Z	180	180	180	180.0	0.500	0.0
FAM_P5364	P	2	2	33.3%	accessory	P6RB	708	708	708	708.0	0.500	0.0
FAM_P5365	P	2	2	33.3%	accessory	P6T3	573	573	573	573.0	0.500	0.0
FAM_P5366	P	3	3	50.0%	accessory	P8CB	339	339	339	339.0	1.000	0.0
FAM_P5367	P	2	2	33.3%	accessory	P11B	360	360	450	405.0	1.000	4050.0
FAM_P5368	P	2	2	33.3%	accessory	P127	951	951	951	951.0	0.500	0.0
FAM_P5369	P	2	2	33.3%	accessory	P16N	213	213	213	213.0	0.500	0.0
FAM_P5370	P	2	2	33.3%	accessory	P1J3	252	252	252	252.0	1.000	0.0
FAM_P5371	P	4	4	66.7%	accessory	P1Q7	1728	1728	1767	1741.5	0.750	339.0
FAM_P5372	P	2	2	33.3%	accessory	P1RZ	540	540	540	540.0	1.000	0.0
SING_P1ZZ	P	1	1	16.7%	accessory	P1ZZ	1074	1074	1074	1074.0	1.000	0.0
FAM_P5373	P	2	2	33.3%	accessory	P2XR	108	108	108	108.0	0.500	0.0
FAM_P5374	P	2	2	33.3%	accessory	P3HY	480	480	480	480.0	0.500	0.0
FAM_P5375	P	2	2	33.3%	accessory	P3JQ	744	744	744	744.0	0.500	0.0
FAM_P5376	P	2	2	33.3%	accessory	P3W5	150	150	150	150.0	0.500	0.0
FAM_P5377	P	2	2	33.3%	accessory	P3X1	1185	1185	1185	1185.0	0.500	0.0
FAM_P5378	P	6	6	100.0%	core	P40L	1236	1236	1236	1236.0	0.833	0.0
FAM_P5379	P	2	2	33.3%	accessory	P451	192	192	192	192.0	0.500	0.0
FAM_P5380	P	2	2	33.3%	accessory	P49I	447	447	447	447.0	0.500	0.0
FAM_P5381	P	2	2	33.3%	accessory	P4GM	303	303	303	303.0	0.500	0.0
FAM_P5382	P	2	2	33.3%	accessory	P4IE	2133	2133	2133	2133.0	0.500	0.0
FAM_P5383	P	2	2	33.3%	accessory	P4K6	891	891	891	891.0	0.500	0.0
FAM_P5384	P	2	2	33.3%	accessory	P4OM	693	693	693	693.0	0.500	0.0
FAM_P5385	P	2	2	33.3%	accessory	P4S6	789	789	789	789.0	0.500	0.0
FAM_P5386	P	2	2	33.3%	accessory	P7HK	1722	1722	1722	1722.0	0.500	0.0
FAM_P5387	P	2	2	33.3%	accessory	P7IX	471	471	471	471.0	1.000	0.0
SING_PFGE	P	1	1	16.7%	accessory	PFGE	1422	1422	1422	1422.0	1.000	0.0
FAM_P5388	P	2	2	33.3%	accessory	P7UP	1500	1500	1500	1500.0	1.000	0.0
FAM_P5389	P	2	2	33.3%	accessory	P82J	2061	2061	2061	2061.0	1.000	0.0
FAM_P5390	P	2	2	33.3%	accessory	P843	909	909	909	909.0	0.500	0.0
SING_PG9Q	P	1	1	16.7%	accessory	PG9Q	1212	1212	1212	1212.0	1.000	0.0
SING_P8WU	P	1	1	16.7%	accessory	P8WU	1272	1272	1272	1272.0	1.000	0.0
SING_P8XQ	P	1	1	16.7%	accessory	P8XQ	90	90	90	90.0	1.000	0.0
FAM_P5391	P	2	1	16.7%	accessory	P98W	447	447	447	447.0	0.500	0.0
FAM_P5392	P	4	4	66.7%	accessory	P9J2	732	732	732	732.0	1.000	0.0
SING_P9JY	P	1	1	16.7%	accessory	P9JY	954	954	954	954.0	1.000	0.0
FAM_P5393	P	2	1	16.7%	accessory	P8KL	441	441	441	441.0	1.000	0.0
SING_P9Q6	P	1	1	16.7%	accessory	P9Q6	492	492	492	492.0	1.000	0.0
SING_P9WE	P	1	1	16.7%	accessory	P9WE	108	108	108	108.0	1.000	0.0
SING_PA2M	P	1	1	16.7%	accessory	PA2M	90	90	90	90.0	1.000	0.0
SING_PA5A	P	1	1	16.7%	accessory	PA5A	801	801	801	801.0	1.000	0.0
FAM_P5394	P	5	3	50.0%	accessory	P3LA	213	213	2298	982.8	0.600	735028.2
FAM_P5395	P	5	3	50.0%	accessory	P7DK	882	882	2157	1249.8	0.600	277072.2
FAM_P5396	P	2	2	33.3%	accessory	PALA	1224	1224	1224	1224.0	1.000	0.0
FAM_P5397	P	2	2	33.3%	accessory	PAOU	96	96	96	96.0	0.500	0.0
FAM_P5398	P	2	2	33.3%	accessory	PAPQ	777	777	777	777.0	1.000	0.0
SING_PAZI	P	1	1	16.7%	accessory	PAZI	909	909	909	909.0	1.000	0.0
FAM_P5399	P	2	2	33.3%	accessory	PB4U	993	993	993	993.0	1.000	0.0
SING_PB6M	P	1	1	16.7%	accessory	PB6M	1695	1695	1695	1695.0	1.000	0.0
SING_PB7I	P	1	1	16.7%	accessory	PB7I	2847	2847	2847	2847.0	1.000	0.0
SING_P7PV	P	1	1	16.7%	accessory	P7PV	2595	2595	2595	2595.0	1.000	0.0
FAM_P5400	P	6	6	100.0%	core	P2D7	1281	1281	1281	1281.0	0.833	0.0
FAM_P5401	P	4	4	66.7%	accessory	P6AI	888	888	888	888.0	0.750	0.0
SING_P837	P	1	1	16.7%	accessory	P837	105	105	105	105.0	1.000	0.0
SING_P8C3	P	1	1	16.7%	accessory	P8C3	867	867	867	867.0	1.000	0.0
SING_P8CZ	P	1	1	16.7%	accessory	P8CZ	507	507	507	507.0	1.000	0.0
FAM_P5402	P	6	6	100.0%	core	P1UH	1425	1425	1425	1425.0	0.833	0.0
SING_P8KZ	P	1	1	16.7%	accessory	P8KZ	441	441	441	441.0	1.000	0.0
FAM_P5403	P	2	2	33.3%	accessory	P8LV	753	753	753	753.0	1.000	0.0
FAM_P5404	P	3	3	50.0%	accessory	P1LM	1035	843	1035	971.0	1.000	12288.0
SING_P8WJ	P	1	1	16.7%	accessory	P8WJ	4797	4797	4797	4797.0	1.000	0.0
SING_P8XF	P	1	1	16.7%	accessory	P8XF	1305	1305	1305	1305.0	1.000	0.0
FAM_P5405	P	2	1	16.7%	accessory	P98Z	252	252	252	252.0	0.500	0.0
SING_P9AR	P	1	1	16.7%	accessory	P9AR	786	786	786	786.0	1.000	0.0
SING_P9CJ	P	1	1	16.7%	accessory	P9CJ	1029	1029	1029	1029.0	1.000	0.0
FAM_P5406	P	14	5	83.3%	accessory	P110	156	153	237	183.2	0.571	1509.9
FAM_P5407	P	4	4	66.7%	accessory	P9IR	285	285	285	285.0	0.500	0.0
SING_P9JN	P	1	1	16.7%	accessory	P9JN	213	213	213	213.0	1.000	0.0
SING_P9KJ	P	1	1	16.7%	accessory	P9KJ	270	270	270	270.0	1.000	0.0
SING_P9LF	P	1	1	16.7%	accessory	P9LF	327	327	327	327.0	1.000	0.0
FAM_P5408	P	2	2	33.3%	accessory	P9MB	240	240	279	259.5	1.000	760.5
SING_P9PV	P	1	1	16.7%	accessory	P9PV	117	117	117	117.0	1.000	0.0
SING_P9QR	P	1	1	16.7%	accessory	P9QR	102	102	102	102.0	1.000	0.0
FAM_P5409	P	6	6	100.0%	core	P42E	219	219	219	219.0	0.167	0.0
SING_P9W3	P	1	1	16.7%	accessory	P9W3	513	513	513	513.0	1.000	0.0
FAM_P5410	P	4	4	66.7%	accessory	P9ZN	1251	1251	1266	1262.2	0.750	56.2
SING_PAER	P	1	1	16.7%	accessory	PAER	285	285	285	285.0	1.000	0.0
SING_PAJ7	P	1	1	16.7%	accessory	PAJ7	474	474	474	474.0	1.000	0.0
SING_PAK3	P	1	1	16.7%	accessory	PAK3	1542	1542	1542	1542.0	1.000	0.0
SING_PALV	P	1	1	16.7%	accessory	PALV	621	621	621	621.0	1.000	0.0
SING_PAMR	P	1	1	16.7%	accessory	PAMR	513	513	513	513.0	1.000	0.0
SING_PANN	P	1	1	16.7%	accessory	PANN	2520	2520	2520	2520.0	1.000	0.0
SING_PAOJ	P	1	1	16.7%	accessory	PAOJ	945	945	945	945.0	1.000	0.0
SING_PAUR	P	1	1	16.7%	accessory	PAUR	780	780	780	780.0	1.000	0.0
SING_PB6B	P	1	1	16.7%	accessory	PB6B	459	459	459	459.0	1.000	0.0
SING_PB77	P	1	1	16.7%	accessory	PB77	258	258	258	258.0	1.000	0.0
FAM_P5411	P	6	6	100.0%	core	P1FB	396	396	396	396.0	0.667	0.0
FAM_P5412	P	6	6	100.0%	core	P1G8	252	252	252	252.0	0.667	0.0
FAM_P5413	P	6	6	100.0%	core	P1H5	1374	1374	1374	1374.0	0.833	0.0
FAM_P5414	P	6	6	100.0%	core	P1I8	717	717	717	717.0	0.833	0.0
FAM_P5415	P	6	6	100.0%	core	P1IW	1428	1425	1428	1427.5	0.833	1.5
FAM_P5416	P	6	6	100.0%	core	P1JU	1221	1221	1221	1221.0	0.833	0.0
FAM_P5417	P	6	6	100.0%	core	P1KP	1248	1248	1368	1288.0	0.833	3840.0
FAM_P5418	P	6	6	100.0%	core	P1LN	2481	2481	2481	2481.0	0.833	0.0
FAM_P5419	P	6	2	33.3%	accessory	P4YE	2613	765	2646	2008.0	0.500	927247.2
FAM_P5420	P	6	6	100.0%	core	P20N	1269	1269	1269	1269.0	0.667	0.0
FAM_P5421	P	2	2	33.3%	accessory	P74B	1590	1590	1590	1590.0	1.000	0.0
FAM_P5422	P	2	2	33.3%	accessory	P6MB	1362	1362	1362	1362.0	0.500	0.0
FAM_P5423	P	2	2	33.3%	accessory	P6P4	531	531	531	531.0	0.500	0.0
FAM_P5424	P	2	2	33.3%	accessory	P6SO	1056	1056	1056	1056.0	1.000	0.0
FAM_P5425	P	2	2	33.3%	accessory	P6TK	819	819	819	819.0	0.500	0.0
FAM_P5426	P	2	2	33.3%	accessory	P6VC	2262	2262	2262	2262.0	0.500	0.0
FAM_P5427	P	6	6	100.0%	core	P32S	672	672	672	672.0	0.667	0.0
FAM_P5428	P	6	6	100.0%	core	P378	1374	1374	1374	1374.0	0.833	0.0
FAM_P5429	P	6	6	100.0%	core	P3BD	780	780	780	780.0	0.833	0.0
FAM_P5430	P	2	2	33.3%	accessory	P3FV	597	597	597	597.0	0.500	0.0
FAM_P5431	P	2	2	33.3%	accessory	P3JF	201	201	201	201.0	0.500	0.0
FAM_P5432	P	2	2	33.3%	accessory	P3KB	903	903	903	903.0	0.500	0.0
FAM_P5433	P	2	2	33.3%	accessory	P3YI	276	276	276	276.0	0.500	0.0
FAM_P5434	P	2	2	33.3%	accessory	P47F	285	285	285	285.0	0.500	0.0
FAM_P5435	P	2	2	33.3%	accessory	P4AZ	1161	1161	1161	1161.0	0.500	0.0
FAM_P5436	P	2	2	33.3%	accessory	P4BV	465	465	465	465.0	0.500	0.0
FAM_P5437	P	2	2	33.3%	accessory	P4CR	195	195	195	195.0	0.500	0.0
FAM_P5438	P	2	2	33.3%	accessory	P4GB	270	270	270	270.0	0.500	0.0
FAM_P5439	P	2	2	33.3%	accessory	P4NF	1041	1041	1041	1041.0	0.500	0.0
FAM_P5440	P	4	4	66.7%	accessory	P7GF	426	426	426	426.0	0.750	0.0
FAM_P5441	P	2	2	33.3%	accessory	P7FU	2121	2121	2121	2121.0	0.500	0.0
SING_PFF7	P	1	1	16.7%	accessory	PFF7	1350	1350	1350	1350.0	1.000	0.0
SING_PFG3	P	1	1	16.7%	accessory	PFG3	288	288	288	288.0	1.000	0.0
SING_PFIR	P	1	1	16.7%	accessory	PFIR	186	186	186	186.0	1.000	0.0
FAM_P5442	P	3	3	50.0%	accessory	P298	765	765	765	765.0	1.000	0.0
FAM_P5443	P	2	2	33.3%	accessory	P835	1149	1149	1149	1149.0	1.000	0.0
SING_PGHF	P	1	1	16.7%	accessory	PGHF	840	840	840	840.0	1.000	0.0
FAM_P5444	P	5	5	83.3%	accessory	P1P9	207	207	900	614.4	0.600	138385.8
FAM_P5445	P	2	2	33.3%	accessory	P8KQ	363	363	363	363.0	1.000	0.0
FAM_P5446	P	6	6	100.0%	core	P1GG	657	657	657	657.0	0.833	0.0
SING_PH8Z	P	1	1	16.7%	accessory	PH8Z	210	210	210	210.0	1.000	0.0
SING_PHEB	P	1	1	16.7%	accessory	PHEB	336	336	336	336.0	1.000	0.0
SING_PHN7	P	1	1	16.7%	accessory	PHN7	204	204	204	204.0	1.000	0.0
SING_PHYR	P	1	1	16.7%	accessory	PHYR	207	207	207	207.0	1.000	0.0
SING_PIFN	P	1	1	16.7%	accessory	PIFN	651	651	651	651.0	1.000	0.0
FAM_P5447	P	2	2	33.3%	accessory	PB0V	1005	1005	1005	1005.0	1.000	0.0
FAM_P5448	P	2	2	33.3%	accessory	PJ0Z	519	519	519	519.0	0.500	0.0
FAM_P5449	P	2	2	33.3%	accessory	PJ1V	600	600	600	600.0	0.500	0.0
FAM_P5450	P	2	2	33.3%	accessory	PJ2R	258	258	258	258.0	0.500	0.0
FAM_P5451	P	2	2	33.3%	accessory	PJ3N	1056	1056	1056	1056.0	0.500	0.0
SING_PJ5F	P	1	1	16.7%	accessory	PJ5F	1941	1941	1941	1941.0	1.000	0.0
SING_PJ6B	P	1	1	16.7%	accessory	PJ6B	1566	1566	1566	1566.0	1.000	0.0
FAM_P5452	P	2	2	33.3%	accessory	PB5F	288	288	288	288.0	1.000	0.0
SING_PJ83	P	1	1	16.7%	accessory	PJ83	282	282	282	282.0	1.000	0.0
SING_PJ8Z	P	1	1	16.7%	accessory	PJ8Z	1170	1170	1170	1170.0	1.000	0.0
SING_PJ9V	P	1	1	16.7%	accessory	PJ9V	231	231	231	231.0	1.000	0.0
SING_PJAR	P	1	1	16.7%	accessory	PJAR	1560	1560	1560	1560.0	1.000	0.0
SING_PJBN	P	1	1	16.7%	accessory	PJBN	420	420	420	420.0	1.000	0.0
FAM_P5453	P	2	2	33.3%	accessory	P2QX	1017	1017	1017	1017.0	1.000	0.0
FAM_P5454	P	9	6	100.0%	core	P2O9	729	198	753	493.3	0.778	57222.2
FAM_P5455	P	6	6	100.0%	core	P2NE	783	174	1224	939.5	0.833	166933.5
FAM_P5456	P	2	2	33.3%	accessory	P2FL	717	717	717	717.0	0.500	0.0
FAM_P5457	P	7	4	66.7%	accessory	P261	432	261	708	399.9	0.714	25451.1
FAM_P5458	P	6	6	100.0%	core	P22I	2079	2079	2079	2079.0	0.667	0.0
FAM_P5459	P	6	6	100.0%	core	P21M	1062	1062	1062	1062.0	0.667	0.0
FAM_P5460	P	6	6	100.0%	core	P20O	1449	1449	1449	1449.0	0.667	0.0
FAM_P5461	P	4	4	66.7%	accessory	P1VB	804	804	804	804.0	0.750	0.0
SING_PKK3	P	1	1	16.7%	accessory	PKK3	1368	1368	1368	1368.0	1.000	0.0
FAM_P5462	P	6	6	100.0%	core	P1HC	738	738	738	738.0	0.833	0.0
FAM_P5463	P	6	6	100.0%	core	P4QF	669	669	669	669.0	0.667	0.0
SING_PL9V	P	1	1	16.7%	accessory	PL9V	246	246	246	246.0	1.000	0.0
FAM_P5464	P	6	6	100.0%	core	P445	2109	2109	2109	2109.0	0.667	0.0
FAM_P5465	P	6	6	100.0%	core	P438	1233	1233	1233	1233.0	0.667	0.0
FAM_P5466	P	6	6	100.0%	core	P42F	705	705	705	705.0	0.667	0.0
FAM_P5467	P	2	1	16.7%	accessory	PLIR	192	192	192	192.0	0.500	0.0
FAM_P5468	P	6	6	100.0%	core	P3TG	564	564	564	564.0	0.500	0.0
FAM_P5469	P	6	6	100.0%	core	P3SL	1248	1248	1248	1248.0	0.667	0.0
SING_PM8J	P	1	1	16.7%	accessory	PM8J	159	159	159	159.0	1.000	0.0
FAM_P5470	P	2	2	33.3%	accessory	P38H	351	351	351	351.0	1.000	0.0
SING_PMAB	P	1	1	16.7%	accessory	PMAB	240	240	240	240.0	1.000	0.0
FAM_P5471	P	9	6	100.0%	core	P2O5	3474	501	3474	2710.0	0.778	1607080.5
SING_PMS3	P	1	1	16.7%	accessory	PMS3	1041	1041	1041	1041.0	1.000	0.0
SING_PMSZ	P	1	1	16.7%	accessory	PMSZ	861	861	861	861.0	1.000	0.0
FAM_P5472	P	2	2	33.3%	accessory	PIZ2	351	351	351	351.0	0.500	0.0
SING_PMUR	P	1	1	16.7%	accessory	PMUR	858	858	858	858.0	1.000	0.0
FAM_P5473	P	2	2	33.3%	accessory	PIYF	1638	672	1638	1155.0	1.000	466578.0
FAM_P5474	P	2	2	33.3%	accessory	PJ3L	717	717	717	717.0	0.500	0.0
FAM_P5475	P	2	2	33.3%	accessory	PJ2P	609	609	609	609.0	0.500	0.0
FAM_P5476	P	2	2	33.3%	accessory	PJ1U	945	945	945	945.0	0.500	0.0
FAM_P5477	P	2	2	33.3%	accessory	PJ0X	750	750	750	750.0	0.500	0.0
SING_P6S	P	1	1	16.7%	accessory	P6S	468	468	468	468.0	1.000	0.0
SING_P7O	P	1	1	16.7%	accessory	P7O	225	225	225	225.0	1.000	0.0
FAM_P5478	P	6	6	100.0%	core	P3X2	1293	1293	1293	1293.0	0.833	0.0
FAM_P5479	P	7	5	83.3%	accessory	P43W	603	603	2601	1847.6	0.571	804511.3
FAM_P5480	P	6	6	100.0%	core	P47D	579	579	597	591.0	0.667	86.4
FAM_P5481	P	6	6	100.0%	core	P4DZ	417	417	417	417.0	0.667	0.0
FAM_P5482	P	6	6	100.0%	core	P4EV	294	294	294	294.0	0.667	0.0
FAM_P5483	P	6	6	100.0%	core	P4FR	378	354	378	374.0	0.667	96.0
FAM_P5484	P	4	4	66.7%	accessory	P4LL	1644	1644	2868	2256.0	0.500	499392.0
FAM_P5485	P	2	2	33.3%	accessory	P11W	930	930	930	930.0	0.500	0.0
SING_P16C	P	1	1	16.7%	accessory	P16C	963	963	963	963.0	1.000	0.0
FAM_P5486	P	4	4	66.7%	accessory	P178	1020	1020	1020	1020.0	0.750	0.0
SING_P1JO	P	1	1	16.7%	accessory	P1JO	558	558	558	558.0	1.000	0.0
FAM_P5487	P	2	2	33.3%	accessory	P1SK	276	276	654	465.0	1.000	71442.0
FAM_P5488	P	5	5	83.3%	accessory	P1W4	1581	1566	1581	1575.0	0.600	67.5
FAM_P5489	P	3	3	50.0%	accessory	P238	600	600	600	600.0	0.667	0.0
FAM_P5490	P	8	6	100.0%	core	P244	1341	222	1341	1000.5	0.625	242128.3
FAM_P5491	P	6	6	100.0%	core	P250	324	324	324	324.0	0.667	0.0
FAM_P5492	P	4	4	66.7%	accessory	P25W	1377	1215	1377	1336.5	0.750	6561.0
FAM_P5493	P	2	2	33.3%	accessory	P2AC	297	297	297	297.0	0.500	0.0
FAM_P5494	P	4	3	50.0%	accessory	P2IC	1470	678	1470	1095.0	1.000	188676.0
FAM_P5495	P	8	6	100.0%	core	P2YC	1035	153	1035	753.8	0.750	148733.4
FAM_P5496	P	6	6	100.0%	core	P31W	2424	2424	2424	2424.0	0.667	0.0
FAM_P5497	P	7	6	100.0%	core	P34K	1539	507	1539	1322.6	0.714	161737.3
FAM_P5498	P	2	2	33.3%	accessory	P384	564	564	564	564.0	1.000	0.0
SING_P390	P	1	1	16.7%	accessory	P390	789	789	789	789.0	1.000	0.0
FAM_P5499	P	4	4	66.7%	accessory	P3CK	684	684	684	684.0	0.750	0.0
FAM_P5500	P	6	6	100.0%	core	P35	2598	2598	2598	2598.0	0.833	0.0
FAM_P5501	P	6	6	100.0%	core	P3IS	768	768	768	768.0	0.667	0.0
FAM_P5502	P	6	6	100.0%	core	P3KK	1644	1644	1644	1644.0	0.833	0.0
FAM_P5503	P	3	3	50.0%	accessory	P3LG	252	228	252	244.0	0.667	192.0
FAM_P5504	P	6	6	100.0%	core	P3RO	894	894	894	894.0	0.833	0.0
FAM_P5505	P	6	6	100.0%	core	P3SK	1377	1377	1377	1377.0	0.667	0.0
FAM_P5506	P	6	6	100.0%	core	P42C	321	321	321	321.0	0.333	0.0
FAM_P5507	P	6	6	100.0%	core	P444	1110	1110	1110	1110.0	0.667	0.0
FAM_P5508	P	4	4	66.7%	accessory	P4B8	942	324	942	633.0	0.500	127308.0
FAM_P5509	P	3	3	50.0%	accessory	P4D0	234	234	234	234.0	0.667	0.0
FAM_P5510	P	6	6	100.0%	core	P4LW	393	393	393	393.0	0.667	0.0
FAM_P5511	P	5	5	83.3%	accessory	P4QC	1281	1281	1281	1281.0	0.600	0.0
FAM_P5512	P	5	5	83.3%	accessory	P109	900	900	900	900.0	0.600	0.0
FAM_P5513	P	2	2	33.3%	accessory	P5BO	2091	2091	2091	2091.0	0.500	0.0
FAM_P5514	P	2	2	33.3%	accessory	P5LG	243	243	243	243.0	1.000	0.0
FAM_P5515	P	2	2	33.3%	accessory	P65W	1146	1146	1146	1146.0	0.500	0.0
FAM_P5516	P	6	6	100.0%	core	P2OS	975	975	975	975.0	0.667	0.0
FAM_P5517	P	6	6	100.0%	core	P2RR	2319	2319	2319	2319.0	0.833	0.0
FAM_P5518	P	7	6	100.0%	core	P2UN	984	537	1647	1393.7	0.857	203765.6
FAM_P5519	P	6	6	100.0%	core	P2VK	741	741	741	741.0	0.833	0.0
FAM_P5520	P	2	2	33.3%	accessory	P73O	222	222	222	222.0	1.000	0.0
FAM_P5521	P	2	2	33.3%	accessory	P74K	1503	1503	1503	1503.0	0.500	0.0
SING_P7F8	P	1	1	16.7%	accessory	P7F8	141	141	141	141.0	1.000	0.0
FAM_P5522	P	3	3	50.0%	accessory	P7G4	807	807	807	807.0	0.667	0.0
SING_P7IS	P	1	1	16.7%	accessory	P7IS	369	369	369	369.0	1.000	0.0
SING_P7KK	P	1	1	16.7%	accessory	P7KK	4752	4752	4752	4752.0	1.000	0.0
SING_P7PW	P	1	1	16.7%	accessory	P7PW	564	564	564	564.0	1.000	0.0
SING_P8AC	P	1	1	16.7%	accessory	P8AC	420	420	420	420.0	1.000	0.0
FAM_P5523	P	3	3	50.0%	accessory	P1SP	537	525	537	533.0	1.000	48.0
SING_P8D0	P	1	1	16.7%	accessory	P8D0	561	561	561	561.0	1.000	0.0
SING_P8GK	P	1	1	16.7%	accessory	P8GK	978	978	978	978.0	1.000	0.0
SING_P8L0	P	1	1	16.7%	accessory	P8L0	1416	1416	1416	1416.0	1.000	0.0
SING_P8LW	P	1	1	16.7%	accessory	P8LW	504	504	504	504.0	1.000	0.0
FAM_P5524	P	2	2	33.3%	accessory	P8VO	858	858	858	858.0	1.000	0.0
SING_P8WK	P	1	1	16.7%	accessory	P8WK	3033	3033	3033	3033.0	1.000	0.0
SING_P8XG	P	1	1	16.7%	accessory	P8XG	963	963	963	963.0	1.000	0.0
FAM_P5525	P	2	1	16.7%	accessory	P990	234	234	234	234.0	0.500	0.0
SING_P9AS	P	1	1	16.7%	accessory	P9AS	762	762	762	762.0	1.000	0.0
SING_P9CK	P	1	1	16.7%	accessory	P9CK	816	816	816	816.0	1.000	0.0
SING_P9JO	P	1	1	16.7%	accessory	P9JO	885	885	885	885.0	1.000	0.0
SING_P9KK	P	1	1	16.7%	accessory	P9KK	531	531	531	531.0	1.000	0.0
SING_P9PW	P	1	1	16.7%	accessory	P9PW	435	435	435	435.0	1.000	0.0
SING_P9UC	P	1	1	16.7%	accessory	P9UC	555	555	555	555.0	1.000	0.0
SING_P9W4	P	1	1	16.7%	accessory	P9W4	216	216	216	216.0	1.000	0.0
FAM_P5526	P	6	6	100.0%	core	P414	279	261	279	276.0	0.667	54.0
SING_PA44	P	1	1	16.7%	accessory	PA44	330	330	330	330.0	1.000	0.0
SING_PAES	P	1	1	16.7%	accessory	PAES	1782	1782	1782	1782.0	1.000	0.0
FAM_P5527	P	3	3	50.0%	accessory	P3BH	1332	1332	1332	1332.0	1.000	0.0
SING_PAJ8	P	1	1	16.7%	accessory	PAJ8	1272	1272	1272	1272.0	1.000	0.0
SING_PAK4	P	1	1	16.7%	accessory	PAK4	225	225	225	225.0	1.000	0.0
SING_PALW	P	1	1	16.7%	accessory	PALW	666	666	666	666.0	1.000	0.0
SING_PAMS	P	1	1	16.7%	accessory	PAMS	3069	3069	3069	3069.0	1.000	0.0
SING_PANO	P	1	1	16.7%	accessory	PANO	720	720	720	720.0	1.000	0.0
SING_PAOK	P	1	1	16.7%	accessory	PAOK	1005	1005	1005	1005.0	1.000	0.0
SING_PAUS	P	1	1	16.7%	accessory	PAUS	1401	1401	1401	1401.0	1.000	0.0
FAM_P5528	P	6	6	100.0%	core	P2WA	762	762	765	763.0	0.667	2.4
SING_PB6C	P	1	1	16.7%	accessory	PB6C	849	849	849	849.0	1.000	0.0
FAM_P5529	P	5	5	83.3%	accessory	P17K	1257	1257	1257	1257.0	0.800	0.0
FAM_P5530	P	6	6	100.0%	core	P1FC	744	744	744	744.0	0.667	0.0
FAM_P5531	P	6	6	100.0%	core	P1H6	444	444	444	444.0	0.833	0.0
FAM_P5532	P	4	2	33.3%	accessory	P46H	711	711	1014	862.5	0.500	30603.0
FAM_P5533	P	6	6	100.0%	core	P1JV	1281	1281	1281	1281.0	0.833	0.0
FAM_P5534	P	6	6	100.0%	core	P1KQ	3123	3123	3123	3123.0	0.833	0.0
FAM_P5535	P	6	6	100.0%	core	P22E	873	873	873	873.0	0.833	0.0
FAM_P5536	P	4	4	66.7%	accessory	P25U	447	447	492	469.5	0.500	675.0
FAM_P5537	P	6	6	100.0%	core	P267	2298	2298	2298	2298.0	0.667	0.0
FAM_P5538	P	6	6	100.0%	core	P273	981	981	981	981.0	0.667	0.0
FAM_P5539	P	4	4	66.7%	accessory	P67V	678	678	678	678.0	0.750	0.0
FAM_P5540	P	4	4	66.7%	accessory	P6AJ	948	948	948	948.0	0.750	0.0
FAM_P5541	P	2	2	33.3%	accessory	P74A	1665	1665	1665	1665.0	1.000	0.0
FAM_P5542	P	2	2	33.3%	accessory	P6LG	747	747	747	747.0	0.500	0.0
FAM_P5543	P	2	2	33.3%	accessory	P6MC	354	354	354	354.0	0.500	0.0
FAM_P5544	P	2	2	33.3%	accessory	P6N8	156	156	156	156.0	0.500	0.0
FAM_P5545	P	2	2	33.3%	accessory	P6P5	1056	1056	1056	1056.0	0.500	0.0
FAM_P5546	P	2	2	33.3%	accessory	P6SP	1221	1221	1221	1221.0	0.500	0.0
FAM_P5547	P	2	2	33.3%	accessory	P6TL	108	108	108	108.0	0.500	0.0
FAM_P5548	P	3	3	50.0%	accessory	P6VD	135	135	2490	920.0	0.667	1848675.0
FAM_P5549	P	6	6	100.0%	core	P32T	957	957	957	957.0	0.667	0.0
FAM_P5550	P	6	6	100.0%	core	P35I	1338	1338	1338	1338.0	0.667	0.0
FAM_P5551	P	6	6	100.0%	core	P36E	315	315	315	315.0	0.667	0.0
FAM_P5552	P	6	6	100.0%	core	P379	552	552	552	552.0	0.833	0.0
FAM_P5553	P	6	6	100.0%	core	P39P	1185	1185	1185	1185.0	0.833	0.0
FAM_P5554	P	6	6	100.0%	core	P3BE	1323	1323	1323	1323.0	0.833	0.0
FAM_P5555	P	2	2	33.3%	accessory	P3KC	1059	1059	1059	1059.0	0.500	0.0
FAM_P5556	P	3	3	50.0%	accessory	P3N0	1047	1047	1047	1047.0	0.667	0.0
FAM_P5557	P	2	2	33.3%	accessory	P3YJ	579	579	579	579.0	0.500	0.0
FAM_P5558	P	2	2	33.3%	accessory	P47G	300	300	300	300.0	0.500	0.0
FAM_P5559	P	2	2	33.3%	accessory	P4B0	2559	2559	2559	2559.0	0.500	0.0
FAM_P5560	P	2	2	33.3%	accessory	P4BW	675	675	675	675.0	0.500	0.0
FAM_P5561	P	2	2	33.3%	accessory	P4CS	180	180	180	180.0	0.500	0.0
FAM_P5562	P	2	2	33.3%	accessory	P4H8	225	225	225	225.0	0.500	0.0
FAM_P5563	P	2	2	33.3%	accessory	P4P8	1584	1584	1584	1584.0	0.500	0.0
FAM_P5564	P	4	4	66.7%	accessory	P7GG	423	423	423	423.0	0.750	0.0
FAM_P5565	P	2	2	33.3%	accessory	P7FV	1440	1440	1440	1440.0	0.500	0.0
SING_PFF8	P	1	1	16.7%	accessory	PFF8	1152	1152	1152	1152.0	1.000	0.0
SING_PFG4	P	1	1	16.7%	accessory	PFG4	444	444	444	444.0	1.000	0.0
SING_PFIS	P	1	1	16.7%	accessory	PFIS	411	411	411	411.0	1.000	0.0
FAM_P5566	P	3	3	50.0%	accessory	P297	1500	1500	1500	1500.0	1.000	0.0
FAM_P5567	P	2	2	33.3%	accessory	P836	984	984	984	984.0	1.000	0.0
SING_PGHG	P	1	1	16.7%	accessory	PGHG	660	660	660	660.0	1.000	0.0
FAM_P5568	P	2	2	33.3%	accessory	P8JZ	285	279	285	282.0	1.000	18.0
FAM_P5569	P	2	2	33.3%	accessory	P8KR	189	189	189	189.0	1.000	0.0
SING_PH90	P	1	1	16.7%	accessory	PH90	933	933	933	933.0	1.000	0.0
FAM_P5570	P	8	6	100.0%	core	P4QM	630	615	1293	957.8	0.750	128480.8
SING_PHEC	P	1	1	16.7%	accessory	PHEC	204	204	204	204.0	1.000	0.0
FAM_P5571	P	5	4	66.7%	accessory	P9IS	330	156	330	261.6	1.000	8776.8
SING_PHHW	P	1	1	16.7%	accessory	PHHW	294	294	294	294.0	1.000	0.0
SING_PHN8	P	1	1	16.7%	accessory	PHN8	510	510	510	510.0	1.000	0.0
FAM_P5572	P	6	6	100.0%	core	P3ZS	2151	2151	2286	2218.5	0.833	5467.5
FAM_P5573	P	2	2	33.3%	accessory	PB0W	630	630	630	630.0	1.000	0.0
FAM_P5574	P	2	2	33.3%	accessory	PIXG	1059	1059	1059	1059.0	0.500	0.0
SING_PJ04	P	1	1	16.7%	accessory	PJ04	3009	3009	3009	3009.0	1.000	0.0
FAM_P5575	P	2	2	33.3%	accessory	PJ10	1290	1290	1290	1290.0	0.500	0.0
FAM_P5576	P	2	2	33.3%	accessory	PJ1W	357	357	357	357.0	0.500	0.0
FAM_P5577	P	2	2	33.3%	accessory	PJ2S	429	429	429	429.0	0.500	0.0
SING_PJ3O	P	1	1	16.7%	accessory	PJ3O	90	90	90	90.0	1.000	0.0
FAM_P5578	P	2	2	33.3%	accessory	PJ4K	258	258	642	450.0	1.000	73728.0
SING_PJ5G	P	1	1	16.7%	accessory	PJ5G	1182	1182	1182	1182.0	1.000	0.0
FAM_P5579	P	2	2	33.3%	accessory	PB5E	822	822	822	822.0	1.000	0.0
SING_PJ84	P	1	1	16.7%	accessory	PJ84	381	381	381	381.0	1.000	0.0
SING_PJ90	P	1	1	16.7%	accessory	PJ90	735	735	735	735.0	1.000	0.0
SING_PJ9W	P	1	1	16.7%	accessory	PJ9W	609	609	609	609.0	1.000	0.0
SING_PJAS	P	1	1	16.7%	accessory	PJAS	279	279	279	279.0	1.000	0.0
SING_PJBO	P	1	1	16.7%	accessory	PJBO	645	645	645	645.0	1.000	0.0
FAM_P5580	P	2	2	33.3%	accessory	P2QW	699	699	699	699.0	1.000	0.0
SING_PJF8	P	1	1	16.7%	accessory	PJF8	1569	1569	1569	1569.0	1.000	0.0
FAM_P5581	P	3	2	33.3%	accessory	P2FI	480	246	546	424.0	1.000	24852.0
FAM_P5582	P	3	3	50.0%	accessory	P81Z	837	825	837	829.0	1.000	48.0
FAM_P5583	P	6	6	100.0%	core	P21L	501	501	501	501.0	0.667	0.0
SING_PKK4	P	1	1	16.7%	accessory	PKK4	1464	1464	1464	1464.0	1.000	0.0
FAM_P5584	P	6	6	100.0%	core	P4QE	978	978	978	978.0	0.833	0.0
FAM_P5585	P	3	3	50.0%	accessory	P1SN	363	303	363	343.0	1.000	1200.0
FAM_P5586	P	3	2	33.3%	accessory	P9WW	1053	1053	1053	1053.0	0.667	0.0
FAM_P5587	P	5	5	83.3%	accessory	P3RZ	2610	2604	2610	2607.6	0.600	10.8
FAM_P5588	P	2	2	33.3%	accessory	PDL	369	369	369	369.0	0.500	0.0
SING_PM6S	P	1	1	16.7%	accessory	PM6S	303	303	303	303.0	1.000	0.0
SING_PM8K	P	1	1	16.7%	accessory	PM8K	1278	1278	1278	1278.0	1.000	0.0
FAM_P5589	P	6	6	100.0%	core	P35J	1848	1848	1848	1848.0	0.833	0.0
FAM_P5590	P	2	1	16.7%	accessory	PMOK	657	657	657	657.0	1.000	0.0
SING_PMPG	P	1	1	16.7%	accessory	PMPG	1242	1242	1242	1242.0	1.000	0.0
SING_PMS4	P	1	1	16.7%	accessory	PMS4	312	312	312	312.0	1.000	0.0
SING_PMT0	P	1	1	16.7%	accessory	PMT0	294	294	294	294.0	1.000	0.0
FAM_P5591	P	2	2	33.3%	accessory	PIZ3	528	528	528	528.0	0.500	0.0
SING_PMUS	P	1	1	16.7%	accessory	PMUS	309	309	309	309.0	1.000	0.0
FAM_P5592	P	2	2	33.3%	accessory	PJ2A	1626	1626	1626	1626.0	0.500	0.0
FAM_P5593	P	2	2	33.3%	accessory	PIXF	135	135	135	135.0	0.500	0.0
FAM_P5594	P	2	2	33.3%	accessory	PJ3K	855	855	855	855.0	0.500	0.0
FAM_P5595	P	2	2	33.3%	accessory	PJ2O	1251	1251	1251	1251.0	0.500	0.0
FAM_P5596	P	2	2	33.3%	accessory	PJ1T	177	177	177	177.0	0.500	0.0
FAM_P5597	P	2	2	33.3%	accessory	PJ0W	393	393	393	393.0	0.500	0.0
FAM_P5598	P	3	1	16.7%	accessory	P204	237	237	858	513.0	1.000	99981.0
SING_P7P	P	1	1	16.7%	accessory	P7P	441	441	441	441.0	1.000	0.0
FAM_P5599	P	6	6	100.0%	core	P4EW	660	660	660	660.0	0.667	0.0
FAM_P5600	P	6	6	100.0%	core	P4FS	642	642	642	642.0	0.833	0.0
SING_PUT	P	1	1	16.7%	accessory	PUT	666	666	666	666.0	1.000	0.0
FAM_P5601	P	3	3	50.0%	accessory	PHG5	2322	1017	2322	1452.0	0.667	567675.0
FAM_P5602	P	2	2	33.3%	accessory	P11X	288	288	288	288.0	0.500	0.0
FAM_P5603	P	3	3	50.0%	accessory	P239	675	675	675	675.0	0.667	0.0
FAM_P5604	P	6	6	100.0%	core	P245	1353	1353	1353	1353.0	0.667	0.0
FAM_P5605	P	6	6	100.0%	core	P251	408	408	408	408.0	0.833	0.0
FAM_P5606	P	4	4	66.7%	accessory	P25X	219	219	219	219.0	0.500	0.0
FAM_P5607	P	5	5	83.3%	accessory	P2XH	927	903	927	912.6	0.600	172.8
FAM_P5608	P	6	6	100.0%	core	P31X	369	369	369	369.0	0.667	0.0
FAM_P5609	P	6	6	100.0%	core	P34L	576	576	576	576.0	0.667	0.0
SING_P391	P	1	1	16.7%	accessory	P391	783	783	783	783.0	1.000	0.0
FAM_P5610	P	4	4	66.7%	accessory	P3CL	534	534	534	534.0	0.750	0.0
FAM_P5611	P	6	6	100.0%	core	P3IT	741	741	741	741.0	0.667	0.0
FAM_P5612	P	6	6	100.0%	core	P3KL	2526	2526	2526	2526.0	0.667	0.0
FAM_P5613	P	6	6	100.0%	core	P3LH	1689	1671	1689	1683.0	0.667	86.4
FAM_P5614	P	6	6	100.0%	core	P3RP	1068	1068	1068	1068.0	0.833	0.0
FAM_P5615	P	4	2	33.3%	accessory	P3YT	3414	3399	3414	3406.5	0.500	75.0
FAM_P5616	P	6	6	100.0%	core	P42D	2277	2277	2277	2277.0	0.833	0.0
FAM_P5617	P	6	6	100.0%	core	P4MT	1014	1014	1014	1014.0	0.833	0.0
FAM_P5618	P	5	5	83.3%	accessory	P4QD	1266	1266	1266	1266.0	0.800	0.0
FAM_P5619	P	6	6	100.0%	core	P10A	1614	1614	1614	1614.0	0.667	0.0
FAM_P5620	P	4	4	66.7%	accessory	P114	423	423	423	423.0	0.750	0.0
FAM_P5621	P	2	2	33.3%	accessory	P5BP	366	366	366	366.0	0.500	0.0
FAM_P5622	P	2	2	33.3%	accessory	P5LH	135	135	135	135.0	0.500	0.0
FAM_P5623	P	6	6	100.0%	core	P1SD	933	933	933	933.0	0.833	0.0
FAM_P5624	P	2	2	33.3%	accessory	P62D	294	294	294	294.0	0.500	0.0
FAM_P5625	P	2	2	33.3%	accessory	P65X	1704	1704	1704	1704.0	0.500	0.0
FAM_P5626	P	6	6	100.0%	core	P2OT	711	711	711	711.0	0.667	0.0
FAM_P5627	P	2	2	33.3%	accessory	P73P	255	255	255	255.0	1.000	0.0
FAM_P5628	P	2	2	33.3%	accessory	P74L	366	366	366	366.0	0.500	0.0
FAM_P5629	P	8	5	83.3%	accessory	P3A8	312	201	945	588.4	0.750	98690.0
SING_P7F9	P	1	1	16.7%	accessory	P7F9	324	324	324	324.0	1.000	0.0
FAM_P5630	P	4	4	66.7%	accessory	P2ST	618	618	618	618.0	1.000	0.0
SING_P7IT	P	1	1	16.7%	accessory	P7IT	1038	1038	1038	1038.0	1.000	0.0
SING_P7PX	P	1	1	16.7%	accessory	P7PX	573	573	573	573.0	1.000	0.0
FAM_P5631	P	6	6	100.0%	core	P280	1389	1389	1389	1389.0	0.833	0.0
SING_P8D1	P	1	1	16.7%	accessory	P8D1	171	171	171	171.0	1.000	0.0
SING_P8GL	P	1	1	16.7%	accessory	P8GL	8052	8052	8052	8052.0	1.000	0.0
SING_P8L1	P	1	1	16.7%	accessory	P8L1	2199	2199	2199	2199.0	1.000	0.0
FAM_P5632	P	2	2	33.3%	accessory	P73R	273	273	273	273.0	1.000	0.0
FAM_P5633	P	2	2	33.3%	accessory	P74N	2076	2076	2076	2076.0	1.000	0.0
FAM_P5634	P	6	6	100.0%	core	P39H	549	549	555	551.0	1.000	9.6
SING_P7FB	P	1	1	16.7%	accessory	P7FB	1041	1041	1041	1041.0	1.000	0.0
FAM_P5635	P	2	2	33.3%	accessory	P7H3	252	252	252	252.0	0.500	0.0
SING_P7O7	P	1	1	16.7%	accessory	P7O7	96	96	96	96.0	1.000	0.0
SING_P7PZ	P	1	1	16.7%	accessory	P7PZ	726	726	726	726.0	1.000	0.0
SING_P80N	P	1	1	16.7%	accessory	P80N	711	711	711	711.0	1.000	0.0
FAM_P5636	P	3	3	50.0%	accessory	P291	4563	4563	4566	4564.0	1.000	3.0
FAM_P5637	P	2	2	33.3%	accessory	P86V	813	813	825	819.0	1.000	72.0
SING_P89J	P	1	1	16.7%	accessory	P89J	552	552	552	552.0	1.000	0.0
SING_P8C7	P	1	1	16.7%	accessory	P8C7	513	513	513	513.0	1.000	0.0
SING_P8D3	P	1	1	16.7%	accessory	P8D3	357	357	357	357.0	1.000	0.0
SING_P8K7	P	1	1	16.7%	accessory	P8K7	153	153	153	153.0	1.000	0.0
SING_P8L3	P	1	1	16.7%	accessory	P8L3	1254	1254	1254	1254.0	1.000	0.0
SING_P8LZ	P	1	1	16.7%	accessory	P8LZ	843	843	843	843.0	1.000	0.0
FAM_P5638	P	2	2	33.3%	accessory	P1JR	1086	1086	1086	1086.0	1.000	0.0
FAM_P5639	P	2	2	33.3%	accessory	P8VR	759	759	759	759.0	1.000	0.0
SING_P8WN	P	1	1	16.7%	accessory	P8WN	1464	1464	1464	1464.0	1.000	0.0
SING_P987	P	1	1	16.7%	accessory	P987	699	699	699	699.0	1.000	0.0
FAM_P5640	P	2	1	16.7%	accessory	P993	1026	1026	1026	1026.0	0.500	0.0
FAM_P5641	P	7	6	100.0%	core	P13R	618	177	618	525.4	0.714	29557.3
FAM_P5642	P	6	6	100.0%	core	P10E	951	951	951	951.0	0.833	0.0
SING_PGPQ	P	1	1	16.7%	accessory	PGPQ	1212	1212	1212	1212.0	1.000	0.0
FAM_P5643	P	2	2	33.3%	accessory	P8K4	384	384	384	384.0	1.000	0.0
SING_PGRI	P	1	1	16.7%	accessory	PGRI	1500	1500	1500	1500.0	1.000	0.0
SING_PGV2	P	1	1	16.7%	accessory	PGV2	756	756	756	756.0	1.000	0.0
SING_PHEM	P	1	1	16.7%	accessory	PHEM	198	198	198	198.0	1.000	0.0
FAM_P5644	P	6	6	100.0%	core	P4E3	459	456	459	457.0	0.500	2.4
SING_PHMM	P	1	1	16.7%	accessory	PHMM	480	480	480	480.0	1.000	0.0
SING_PHNI	P	1	1	16.7%	accessory	PHNI	303	303	303	303.0	1.000	0.0
SING_PHSU	P	1	1	16.7%	accessory	PHSU	1671	1671	1671	1671.0	1.000	0.0
FAM_P5645	P	2	2	33.3%	accessory	PA1K	1878	1878	1878	1878.0	1.000	0.0
SING_PI8U	P	1	1	16.7%	accessory	PI8U	552	552	552	552.0	1.000	0.0
FAM_P5646	P	2	2	33.3%	accessory	PIFY	651	651	651	651.0	1.000	0.0
SING_PIN2	P	1	1	16.7%	accessory	PIN2	288	288	288	288.0	1.000	0.0
FAM_P5647	P	2	2	33.3%	accessory	PB16	1476	1476	1476	1476.0	1.000	0.0
FAM_P5648	P	2	2	33.3%	accessory	PIWU	1272	1272	1272	1272.0	0.500	0.0
FAM_P5649	P	2	2	33.3%	accessory	PIXQ	2019	2019	2019	2019.0	0.500	0.0
FAM_P5650	P	2	2	33.3%	accessory	PIZI	666	666	666	666.0	0.500	0.0
SING_PJ0E	P	1	1	16.7%	accessory	PJ0E	123	123	123	123.0	1.000	0.0
FAM_P5651	P	2	2	33.3%	accessory	PJ1A	2085	2085	2085	2085.0	1.000	0.0
FAM_P5652	P	2	2	33.3%	accessory	PJ26	492	492	492	492.0	0.500	0.0
FAM_P5653	P	2	2	33.3%	accessory	PJ32	525	525	525	525.0	0.500	0.0
SING_PJ3Y	P	1	1	16.7%	accessory	PJ3Y	1005	1005	1005	1005.0	1.000	0.0
FAM_P5654	P	2	2	33.3%	accessory	PB6E	270	198	270	234.0	1.000	2592.0
SING_PJ5Q	P	1	1	16.7%	accessory	PJ5Q	297	297	297	297.0	1.000	0.0
SING_PJ9A	P	1	1	16.7%	accessory	PJ9A	909	909	909	909.0	1.000	0.0
SING_PJB2	P	1	1	16.7%	accessory	PJB2	240	240	240	240.0	1.000	0.0
SING_PJBY	P	1	1	16.7%	accessory	PJBY	1086	1086	1086	1086.0	1.000	0.0
SING_PK5A	P	1	1	16.7%	accessory	PK5A	897	897	897	897.0	1.000	0.0
FAM_P5655	P	6	6	100.0%	core	P1Q5	918	918	936	921.0	0.833	54.0
FAM_P5656	P	4	4	66.7%	accessory	P1LP	543	543	543	543.0	0.750	0.0
FAM_P5657	P	2	2	33.3%	accessory	P16Q	252	252	252	252.0	0.500	0.0
SING_P8LX	P	1	1	16.7%	accessory	P8LX	480	480	480	480.0	1.000	0.0
SING_P8WL	P	1	1	16.7%	accessory	P8WL	6501	6501	6501	6501.0	1.000	0.0
FAM_P5658	P	2	1	16.7%	accessory	P991	1713	1713	1713	1713.0	0.500	0.0
FAM_P5659	P	2	1	16.7%	accessory	P9F9	354	354	354	354.0	1.000	0.0
SING_P9H1	P	1	1	16.7%	accessory	P9H1	1200	1200	1200	1200.0	1.000	0.0
SING_P9IT	P	1	1	16.7%	accessory	P9IT	528	528	528	528.0	1.000	0.0
SING_P9JP	P	1	1	16.7%	accessory	P9JP	3213	3213	3213	3213.0	1.000	0.0
SING_P9KL	P	1	1	16.7%	accessory	P9KL	195	195	195	195.0	1.000	0.0
SING_P9QT	P	1	1	16.7%	accessory	P9QT	186	186	186	186.0	1.000	0.0
SING_P9UD	P	1	1	16.7%	accessory	P9UD	1002	1002	1002	1002.0	1.000	0.0
SING_PAB9	P	1	1	16.7%	accessory	PAB9	489	489	489	489.0	1.000	0.0
SING_PAK5	P	1	1	16.7%	accessory	PAK5	1365	1365	1365	1365.0	1.000	0.0
SING_PALX	P	1	1	16.7%	accessory	PALX	402	402	402	402.0	1.000	0.0
SING_PAMT	P	1	1	16.7%	accessory	PAMT	2124	2124	2124	2124.0	1.000	0.0
SING_PANP	P	1	1	16.7%	accessory	PANP	582	582	582	582.0	1.000	0.0
SING_PAOL	P	1	1	16.7%	accessory	PAOL	1404	1404	1404	1404.0	1.000	0.0
SING_PATX	P	1	1	16.7%	accessory	PATX	690	690	690	690.0	1.000	0.0
SING_PAUT	P	1	1	16.7%	accessory	PAUT	2049	2049	2049	2049.0	1.000	0.0
SING_PB6D	P	1	1	16.7%	accessory	PB6D	282	282	282	282.0	1.000	0.0
FAM_P5660	P	5	5	83.3%	accessory	P19B	4617	4617	4617	4617.0	0.800	0.0
FAM_P5661	P	6	6	100.0%	core	P1FD	972	972	972	972.0	0.667	0.0
FAM_P5662	P	6	6	100.0%	core	P1GA	498	498	498	498.0	0.667	0.0
FAM_P5663	P	6	6	100.0%	core	P1H7	1128	1128	1128	1128.0	0.833	0.0
FAM_P5664	P	5	5	83.3%	accessory	P1IY	1005	1005	1005	1005.0	0.800	0.0
FAM_P5665	P	6	6	100.0%	core	P1JW	1479	1479	1479	1479.0	0.833	0.0
FAM_P5666	P	6	6	100.0%	core	P1KR	3078	3078	3078	3078.0	0.833	0.0
FAM_P5667	P	4	2	33.3%	accessory	P4YG	423	423	423	423.0	0.500	0.0
FAM_P5668	P	6	6	100.0%	core	P1XA	516	516	516	516.0	0.833	0.0
FAM_P5669	P	6	6	100.0%	core	P21K	2631	2631	2631	2631.0	0.667	0.0
FAM_P5670	P	6	6	100.0%	core	P22F	273	273	273	273.0	0.667	0.0
FAM_P5671	P	6	6	100.0%	core	P268	879	879	879	879.0	0.667	0.0
FAM_P5672	P	2	2	33.3%	accessory	P749	582	582	582	582.0	1.000	0.0
FAM_P5673	P	2	2	33.3%	accessory	P6MD	1677	1677	1677	1677.0	0.500	0.0
FAM_P5674	P	2	2	33.3%	accessory	P6P6	1458	1458	1458	1458.0	0.500	0.0
FAM_P5675	P	2	2	33.3%	accessory	P6SQ	2805	2805	2805	2805.0	0.500	0.0
FAM_P5676	P	6	6	100.0%	core	P32U	1623	1623	1623	1623.0	0.667	0.0
FAM_P5677	P	6	6	100.0%	core	P33P	369	369	780	643.0	0.833	45045.6
FAM_P5678	P	6	6	100.0%	core	P37A	1353	1353	1353	1353.0	0.833	0.0
FAM_P5679	P	6	6	100.0%	core	P3AL	957	957	957	957.0	0.833	0.0
FAM_P5680	P	6	6	100.0%	core	P3BF	1224	1224	1224	1224.0	0.833	0.0
FAM_P5681	P	2	2	33.3%	accessory	P3JH	609	609	609	609.0	0.500	0.0
FAM_P5682	P	2	2	33.3%	accessory	P3KD	1128	1128	1128	1128.0	0.500	0.0
FAM_P5683	P	3	3	50.0%	accessory	P3QL	4386	4386	20778	9850.0	0.667	89565888.0
FAM_P5684	P	2	2	33.3%	accessory	P3YK	402	402	402	402.0	0.500	0.0
FAM_P5685	P	2	2	33.3%	accessory	P44S	1020	1020	1020	1020.0	0.500	0.0
FAM_P5686	P	2	2	33.3%	accessory	P45P	114	114	114	114.0	0.500	0.0
FAM_P5687	P	2	2	33.3%	accessory	P499	189	189	189	189.0	0.500	0.0
FAM_P5688	P	2	2	33.3%	accessory	P4B1	1224	1224	1224	1224.0	0.500	0.0
FAM_P5689	P	2	2	33.3%	accessory	P4BX	618	618	618	618.0	0.500	0.0
FAM_P5690	P	2	2	33.3%	accessory	P4CT	273	273	273	273.0	0.500	0.0
FAM_P5691	P	2	2	33.3%	accessory	P4GD	516	516	516	516.0	0.500	0.0
FAM_P5692	P	2	2	33.3%	accessory	P4H9	141	141	141	141.0	0.500	0.0
FAM_P5693	P	4	4	66.7%	accessory	P4JX	2550	2550	2562	2556.0	0.750	48.0
FAM_P5694	P	2	2	33.3%	accessory	P7HD	2211	2211	2211	2211.0	0.500	0.0
SING_PFF9	P	1	1	16.7%	accessory	PFF9	1782	1782	1782	1782.0	1.000	0.0
SING_PFG5	P	1	1	16.7%	accessory	PFG5	378	378	378	378.0	1.000	0.0
SING_PFH1	P	1	1	16.7%	accessory	PFH1	960	960	960	960.0	1.000	0.0
FAM_P5695	P	3	3	50.0%	accessory	P296	1053	1053	1053	1053.0	1.000	0.0
SING_PG0L	P	1	1	16.7%	accessory	PG0L	291	291	291	291.0	1.000	0.0
SING_PGHH	P	1	1	16.7%	accessory	PGHH	1359	1359	1359	1359.0	1.000	0.0
SING_PGQD	P	1	1	16.7%	accessory	PGQD	792	792	792	792.0	1.000	0.0
FAM_P5696	P	2	2	33.3%	accessory	P8KS	519	519	519	519.0	1.000	0.0
SING_PHHX	P	1	1	16.7%	accessory	PHHX	426	426	426	426.0	1.000	0.0
SING_PHN9	P	1	1	16.7%	accessory	PHN9	744	744	744	744.0	1.000	0.0
SING_PIET	P	1	1	16.7%	accessory	PIET	111	111	111	111.0	1.000	0.0
FAM_P5697	P	2	2	33.3%	accessory	PB0X	975	975	975	975.0	1.000	0.0
FAM_P5698	P	2	2	33.3%	accessory	PIXH	3189	3189	3189	3189.0	0.500	0.0
SING_PIYD	P	1	1	16.7%	accessory	PIYD	690	690	690	690.0	1.000	0.0
SING_PJ05	P	1	1	16.7%	accessory	PJ05	375	375	375	375.0	1.000	0.0
FAM_P5699	P	2	2	33.3%	accessory	PJ11	3954	3954	3954	3954.0	0.500	0.0
FAM_P5700	P	2	2	33.3%	accessory	PJ1X	204	204	204	204.0	0.500	0.0
FAM_P5701	P	2	2	33.3%	accessory	PJ2T	378	378	378	378.0	0.500	0.0
SING_PJ3P	P	1	1	16.7%	accessory	PJ3P	483	483	483	483.0	1.000	0.0
FAM_P5702	P	2	2	33.3%	accessory	PB5D	510	510	510	510.0	1.000	0.0
SING_PJ91	P	1	1	16.7%	accessory	PJ91	2364	2364	2364	2364.0	1.000	0.0
SING_PJ9X	P	1	1	16.7%	accessory	PJ9X	255	255	255	255.0	1.000	0.0
SING_PJAT	P	1	1	16.7%	accessory	PJAT	465	465	465	465.0	1.000	0.0
SING_PJBP	P	1	1	16.7%	accessory	PJBP	477	477	477	477.0	1.000	0.0
FAM_P5703	P	2	2	33.3%	accessory	P2QV	852	810	852	831.0	1.000	882.0
FAM_P5704	P	2	2	33.3%	accessory	P2FH	2382	2382	2382	2382.0	0.500	0.0
FAM_P5705	P	3	3	50.0%	accessory	P820	561	561	561	561.0	1.000	0.0
FAM_P5706	P	6	6	100.0%	core	P253	471	471	471	471.0	0.667	0.0
FAM_P5707	P	6	6	100.0%	core	P247	783	783	783	783.0	0.667	0.0
FAM_P5708	P	6	6	100.0%	core	P22G	1122	1122	1122	1122.0	0.667	0.0
FAM_P5709	P	2	2	33.3%	accessory	P1W5	1668	1668	1668	1668.0	1.000	0.0
SING_PKK5	P	1	1	16.7%	accessory	PKK5	1278	1278	1278	1278.0	1.000	0.0
FAM_P5710	P	4	4	66.7%	accessory	P1FJ	489	489	489	489.0	0.500	0.0
SING_PKYD	P	1	1	16.7%	accessory	PKYD	369	369	369	369.0	1.000	0.0
FAM_P5711	P	8	5	83.3%	accessory	P159	1401	1401	5421	3385.9	0.750	3041174.4
FAM_P5712	P	6	6	100.0%	core	P10D	258	258	258	258.0	0.500	0.0
FAM_P5713	P	3	2	33.3%	accessory	P9VK	219	219	219	219.0	0.667	0.0
FAM_P5714	P	5	4	66.7%	accessory	P9W	99	99	672	534.6	1.000	61732.8
FAM_P5715	P	6	6	100.0%	core	P3KM	669	669	669	669.0	0.667	0.0
SING_PM6T	P	1	1	16.7%	accessory	PM6T	288	288	288	288.0	1.000	0.0
FAM_P5716	P	2	2	33.3%	accessory	PIFI	396	396	396	396.0	1.000	0.0
SING_PM8L	P	1	1	16.7%	accessory	PM8L	657	657	657	657.0	1.000	0.0
SING_PMPH	P	1	1	16.7%	accessory	PMPH	2151	2151	2151	2151.0	1.000	0.0
SING_PMS5	P	1	1	16.7%	accessory	PMS5	249	249	249	249.0	1.000	0.0
SING_PMT1	P	1	1	16.7%	accessory	PMT1	312	312	312	312.0	1.000	0.0
FAM_P5717	P	2	2	33.3%	accessory	PIZ4	408	408	408	408.0	0.500	0.0
FAM_P5718	P	2	2	33.3%	accessory	PIZS	426	426	426	426.0	1.000	0.0
FAM_P5719	P	2	2	33.3%	accessory	PIXE	1512	1512	1512	1512.0	0.500	0.0
FAM_P5720	P	2	2	33.3%	accessory	PJ3J	774	774	774	774.0	0.500	0.0
FAM_P5721	P	2	2	33.3%	accessory	PJ2N	147	147	147	147.0	0.500	0.0
FAM_P5722	P	2	2	33.3%	accessory	PJ1S	1185	1185	1185	1185.0	0.500	0.0
FAM_P5723	P	2	2	33.3%	accessory	PJ0V	423	423	423	423.0	0.500	0.0
FAM_P5724	P	2	1	16.7%	accessory	P202	822	822	822	822.0	1.000	0.0
SING_P7Q	P	1	1	16.7%	accessory	P7Q	1326	1326	1326	1326.0	1.000	0.0
FAM_P5725	P	2	2	33.3%	accessory	PIE	123	123	123	123.0	0.500	0.0
FAM_P5726	P	5	5	83.3%	accessory	P43Z	477	477	543	505.8	0.600	1177.2
FAM_I1	I	6	6	100.0%	core	I12P	N/A	N/A	N/A	N/A	N/A	N/A
FAM_I2	I	6	6	100.0%	core	I1OX	90	89	90	89.7	0.667	0.3
FAM_I3	I	19	6	100.0%	core	I1LW	N/A	N/A	N/A	N/A	N/A	N/A
FAM_I4	I	2	2	33.3%	accessory	I4R5	N/A	N/A	N/A	N/A	N/A	N/A
FAM_I5	I	6	6	100.0%	core	I2Y9	67	66	67	66.8	0.667	0.2
FAM_I6	I	6	6	100.0%	core	I2QP	88	88	88	88.0	0.667	0.0
FAM_I7	I	6	6	100.0%	core	I236	217	217	217	217.0	0.667	0.0
FAM_I8	I	6	6	100.0%	core	I22Q	148	148	148	148.0	0.667	0.0
FAM_I9	I	6	6	100.0%	core	I1D	60	60	60	60.0	0.333	0.0
SING_I5M9	I	1	1	16.7%	accessory	I5M9	N/A	N/A	N/A	N/A	N/A	N/A
FAM_I10	I	6	6	100.0%	core	I1U3	106	106	106	106.0	0.500	0.0
FAM_I11	I	6	6	100.0%	core	I13M	60	60	60	60.0	0.333	0.0
FAM_I12	I	6	6	100.0%	core	I163	124	124	124	124.0	0.333	0.0
FAM_I13	I	6	6	100.0%	core	I1A0	204	204	204	204.0	0.333	0.0
FAM_I14	I	6	6	100.0%	core	I1VN	278	278	278	278.0	0.500	0.0
FAM_I15	I	4	4	66.7%	accessory	I21F	N/A	N/A	N/A	N/A	N/A	N/A
FAM_I16	I	6	6	100.0%	core	I2KI	85	85	85	85.0	0.500	0.0
FAM_I17	I	6	6	100.0%	core	I1JK	54	54	54	54.0	0.333	0.0
FAM_I18	I	5	5	83.3%	accessory	I1H3	N/A	N/A	N/A	N/A	N/A	N/A
FAM_I19	I	6	6	100.0%	core	I1FL	96	96	96	96.0	0.333	0.0
FAM_I20	I	4	4	66.7%	accessory	I3FZ	63	63	63	63.0	0.750	0.0
FAM_I21	I	6	6	100.0%	core	I14H	91	91	91	91.0	0.333	0.0
FAM_I22	I	6	6	100.0%	core	I2U9	102	102	212	120.3	0.500	2016.7
FAM_I23	I	6	6	100.0%	core	I29E	91	90	91	90.8	0.833	0.2
FAM_I24	I	9	6	100.0%	core	I1MQ	131	131	235	165.7	0.833	2884.3
FAM_I25	I	6	6	100.0%	core	I235	180	180	180	180.0	0.667	0.0
FAM_I26	I	6	6	100.0%	core	I1W0	65	65	65	65.0	0.500	0.0
FAM_I27	I	6	6	100.0%	core	I1I9	174	174	174	174.0	0.833	0.0
FAM_I28	I	6	6	100.0%	core	I11V	128	128	279	153.2	0.667	3800.2
FAM_I29	I	6	6	100.0%	core	I34Q	289	289	289	289.0	0.833	0.0
FAM_I30	I	4	4	66.7%	accessory	I58O	N/A	N/A	N/A	N/A	N/A	N/A
FAM_I31	I	6	6	100.0%	core	I276	149	149	149	149.0	0.833	0.0
FAM_I32	I	6	6	100.0%	core	I26A	59	59	59	59.0	0.500	0.0
FAM_I33	I	6	6	100.0%	core	I25T	259	259	259	259.0	0.833	0.0
FAM_I34	I	6	6	100.0%	core	I25E	229	229	229	229.0	0.833	0.0
FAM_I35	I	5	5	83.3%	accessory	I1SX	130	130	131	130.2	0.800	0.2
FAM_I36	I	6	6	100.0%	core	I1R5	117	117	117	117.0	0.667	0.0
FAM_I37	I	6	6	100.0%	core	I1QP	195	195	198	195.5	0.833	1.5
FAM_I38	I	5	5	83.3%	accessory	I1WF	294	294	294	294.0	0.800	0.0
FAM_I39	I	6	6	100.0%	core	I1T	204	204	204	204.0	0.500	0.0
FAM_I40	I	6	6	100.0%	core	I1XR	50	50	50	50.0	0.667	0.0
FAM_I41	I	6	6	100.0%	core	I1YO	55	55	55	55.0	0.667	0.0
FAM_I42	I	5	5	83.3%	accessory	I1ZE	56	56	56	56.0	0.600	0.0
FAM_I43	I	6	6	100.0%	core	I21R	462	462	462	462.0	0.833	0.0
FAM_I44	I	6	6	100.0%	core	I227	155	155	155	155.0	0.667	0.0
FAM_I45	I	6	6	100.0%	core	I23L	151	151	151	151.0	0.667	0.0
FAM_I46	I	6	6	100.0%	core	I245	229	229	229	229.0	0.833	0.0
FAM_I47	I	2	2	33.3%	accessory	I8H	119	119	198	158.5	1.000	3120.5
FAM_I48	I	3	3	50.0%	accessory	I8X	249	249	249	249.0	1.000	0.0
FAM_I49	I	6	6	100.0%	core	I250	242	242	242	242.0	0.667	0.0
FAM_I50	I	5	5	83.3%	accessory	I25G	50	50	50	50.0	0.600	0.0
FAM_I51	I	6	6	100.0%	core	I278	132	132	132	132.0	0.667	0.0
FAM_I52	I	6	6	100.0%	core	I289	58	58	58	58.0	0.833	0.0
FAM_I53	I	6	6	100.0%	core	I28Q	116	115	260	163.8	0.833	5549.0
FAM_I54	I	6	6	100.0%	core	I299	212	212	212	212.0	0.833	0.0
FAM_I55	I	6	6	100.0%	core	I2A8	154	154	158	156.7	0.833	4.3
FAM_I56	I	6	6	100.0%	core	I2AN	159	159	159	159.0	0.500	0.0
FAM_I57	I	6	6	100.0%	core	I2GA	82	82	82	82.0	0.333	0.0
FAM_I58	I	6	6	100.0%	core	I2GQ	65	65	65	65.0	0.333	0.0
FAM_I59	I	6	6	100.0%	core	I2H6	61	61	61	61.0	0.500	0.0
FAM_I60	I	8	6	100.0%	core	I2J7	371	365	1350	685.5	0.875	183446.0
FAM_I61	I	6	6	100.0%	core	I2KG	476	476	476	476.0	0.833	0.0
FAM_I62	I	6	6	100.0%	core	I2LV	379	379	379	379.0	0.667	0.0
FAM_I63	I	5	5	83.3%	accessory	I2N6	242	242	243	242.6	0.600	0.3
FAM_I64	I	6	6	100.0%	core	I2O0	365	360	366	364.5	1.000	5.1
FAM_I65	I	7	4	66.7%	accessory	I36V	67	67	67	67.0	0.714	0.0
FAM_I66	I	4	4	66.7%	accessory	I1Z0	180	180	181	180.5	0.750	0.3
FAM_I67	I	6	6	100.0%	core	I2PN	344	344	344	344.0	1.000	0.0
FAM_I68	I	6	6	100.0%	core	I2QM	254	254	507	296.2	1.000	10668.2
FAM_I69	I	6	6	100.0%	core	I2SK	124	124	124	124.0	0.333	0.0
FAM_I70	I	6	6	100.0%	core	I2SY	228	228	240	233.3	0.833	29.9
FAM_I71	I	6	6	100.0%	core	I2TV	51	51	51	51.0	0.667	0.0
FAM_I72	I	6	6	100.0%	core	I2UB	56	56	56	56.0	0.667	0.0
FAM_I73	I	6	6	100.0%	core	I2V6	N/A	N/A	N/A	N/A	N/A	N/A
FAM_I74	I	6	6	100.0%	core	I2VO	369	369	369	369.0	0.833	0.0
FAM_I75	I	5	5	83.3%	accessory	I2W5	102	102	102	102.0	0.600	0.0
FAM_I76	I	6	6	100.0%	core	I2WL	310	310	428	369.0	0.833	4177.2
FAM_I77	I	4	4	66.7%	accessory	I4TU	156	155	156	155.8	1.000	0.2
FAM_I78	I	6	6	100.0%	core	I2XF	215	215	215	215.0	0.833	0.0
FAM_I79	I	6	6	100.0%	core	I2YN	104	104	104	104.0	0.333	0.0
FAM_I80	I	5	5	83.3%	accessory	I2ZT	299	299	461	331.4	0.800	5248.8
FAM_I81	I	7	6	100.0%	core	I30A	73	73	79	73.9	0.571	5.1
FAM_I82	I	6	6	100.0%	core	I31K	217	217	218	217.7	0.667	0.3
FAM_I83	I	6	6	100.0%	core	I33A	73	73	73	73.0	0.333	0.0
FAM_I84	I	6	6	100.0%	core	I33Q	124	124	124	124.0	0.333	0.0
FAM_I85	I	6	6	100.0%	core	I344	274	166	274	202.0	0.500	3110.4
FAM_I86	I	6	6	100.0%	core	I34P	278	277	278	277.8	0.833	0.2
FAM_I87	I	6	6	100.0%	core	I350	52	52	52	52.0	0.333	0.0
FAM_I88	I	6	6	100.0%	core	I101	196	195	196	195.8	0.833	0.2
FAM_I89	I	5	4	66.7%	accessory	I10X	217	217	217	217.0	1.000	0.0
FAM_I90	I	6	6	100.0%	core	I11T	133	133	134	133.2	0.833	0.2
FAM_I91	I	6	6	100.0%	core	I129	106	106	106	106.0	0.500	0.0
FAM_I92	I	6	6	100.0%	core	I13L	327	327	328	327.2	0.667	0.2
FAM_I93	I	6	6	100.0%	core	I141	304	304	304	304.0	0.833	0.0
SING_I14X	I	1	1	16.7%	accessory	I14X	91	91	91	91.0	1.000	0.0
FAM_I94	I	8	6	100.0%	core	I15D	247	56	247	179.8	0.750	6123.6
FAM_I95	I	6	6	100.0%	core	I15T	144	144	144	144.0	0.833	0.0
FAM_I96	I	3	3	50.0%	accessory	I169	50	50	50	50.0	1.000	0.0
FAM_I97	I	6	6	100.0%	core	I16P	69	69	69	69.0	0.500	0.0
FAM_I98	I	6	6	100.0%	core	I175	57	57	57	57.0	0.333	0.0
FAM_I99	I	6	6	100.0%	core	I17L	352	352	352	352.0	0.833	0.0
FAM_I100	I	5	5	83.3%	accessory	I18H	164	164	164	164.0	0.800	0.0
FAM_I101	I	5	5	83.3%	accessory	I19D	118	118	118	118.0	0.800	0.0
FAM_I102	I	6	6	100.0%	core	I1A9	136	136	136	136.0	0.500	0.0
FAM_I103	I	5	5	83.3%	accessory	I1AP	57	57	57	57.0	0.800	0.0
FAM_I104	I	6	6	100.0%	core	I1B5	78	78	78	78.0	0.833	0.0
FAM_I105	I	6	6	100.0%	core	I1BL	82	82	82	82.0	0.500	0.0
FAM_I106	I	6	6	100.0%	core	I1CH	50	50	50	50.0	0.333	0.0
FAM_I107	I	6	6	100.0%	core	I1CX	155	155	155	155.0	0.667	0.0
FAM_I108	I	6	6	100.0%	core	I1EP	166	166	166	166.0	0.500	0.0
FAM_I109	I	4	4	66.7%	accessory	I1F5	99	99	99	99.0	0.750	0.0
FAM_I110	I	6	6	100.0%	core	I1G1	223	92	223	201.2	0.833	2860.2
FAM_I111	I	18	6	100.0%	core	I1GH	101	76	268	132.8	0.750	2898.8
FAM_I112	I	6	6	100.0%	core	I1GX	390	390	390	390.0	0.667	0.0
FAM_I113	I	6	6	100.0%	core	I1J5	244	244	244	244.0	0.667	0.0
FAM_I114	I	5	5	83.3%	accessory	I1K1	295	295	295	295.0	0.800	0.0
FAM_I115	I	6	6	100.0%	core	I1KH	53	52	53	52.8	0.500	0.2
FAM_I116	I	6	6	100.0%	core	I1KX	378	378	378	378.0	0.833	0.0
FAM_I117	I	4	4	66.7%	accessory	I1LD	216	216	216	216.0	0.500	0.0
FAM_I118	I	6	6	100.0%	core	I1LT	164	164	164	164.0	0.833	0.0
FAM_I119	I	6	6	100.0%	core	I1M9	69	69	69	69.0	0.667	0.0
FAM_I120	I	3	3	50.0%	accessory	I1MP	198	197	198	197.7	1.000	0.3
FAM_I121	I	6	6	100.0%	core	I1NL	92	92	93	92.2	0.667	0.2
FAM_I122	I	6	6	100.0%	core	I1O1	153	153	153	153.0	0.333	0.0
FAM_I123	I	6	6	100.0%	core	I1RL	778	778	778	778.0	0.833	0.0
FAM_I124	I	6	6	100.0%	core	I1SH	205	205	205	205.0	0.667	0.0
SING_I1TT	I	1	1	16.7%	accessory	I1TT	302	302	302	302.0	1.000	0.0
FAM_I125	I	14	6	100.0%	core	I1V5	126	126	300	211.6	0.556	7587.8
FAM_I126	I	6	6	100.0%	core	I1W1	166	160	166	165.0	0.833	6.0
FAM_I127	I	6	6	100.0%	core	I1F	155	155	155	155.0	0.667	0.0
FAM_I128	I	6	6	100.0%	core	I1V	205	193	353	227.7	0.833	3793.1
FAM_I129	I	6	6	100.0%	core	I1XT	81	81	81	81.0	0.333	0.0
FAM_I130	I	6	6	100.0%	core	I1Y9	56	56	56	56.0	0.333	0.0
FAM_I131	I	6	6	100.0%	core	I20H	356	356	613	398.8	0.833	11008.2
FAM_I132	I	6	6	100.0%	core	I21T	118	118	118	118.0	0.833	0.0
FAM_I133	I	6	6	100.0%	core	I229	92	92	218	113.0	0.833	2646.0
FAM_I134	I	9	6	100.0%	core	I22P	127	127	127	127.0	0.833	0.0
FAM_I135	I	5	5	83.3%	accessory	I24H	470	470	471	470.2	0.800	0.2
FAM_I136	I	4	4	66.7%	accessory	I25D	137	137	137	137.0	0.750	0.0
FAM_I137	I	4	4	66.7%	accessory	I275	805	805	1103	879.5	0.750	22201.0
FAM_I138	I	6	6	100.0%	core	I28H	228	228	228	228.0	0.833	0.0
FAM_I139	I	6	6	100.0%	core	I28X	57	57	58	57.5	0.833	0.3
FAM_I140	I	6	6	100.0%	core	I29D	284	284	284	284.0	0.833	0.0
FAM_I141	I	6	6	100.0%	core	I2A9	90	90	90	90.0	0.500	0.0
FAM_I142	I	6	6	100.0%	core	I2AP	51	51	51	51.0	0.333	0.0
FAM_I143	I	6	6	100.0%	core	I2B5	129	129	129	129.0	0.833	0.0
FAM_I144	I	6	6	100.0%	core	I2CH	184	78	184	113.8	0.833	2954.2
FAM_I145	I	6	6	100.0%	core	I2G1	54	54	54	54.0	0.667	0.0
FAM_I146	I	6	6	100.0%	core	I2GH	105	105	105	105.0	0.333	0.0
FAM_I147	I	6	6	100.0%	core	I2GX	67	67	67	67.0	0.333	0.0
FAM_I148	I	6	6	100.0%	core	I2I9	249	249	249	249.0	0.667	0.0
FAM_I149	I	6	6	100.0%	core	I2JL	99	99	99	99.0	0.500	0.0
FAM_I150	I	19	6	100.0%	core	I2K0	147	147	428	324.7	0.842	15988.1
FAM_I151	I	6	6	100.0%	core	I2LT	212	210	212	211.0	0.833	1.2
FAM_I152	I	6	6	100.0%	core	I2M9	143	143	144	143.2	0.500	0.2
FAM_I153	I	6	6	100.0%	core	I2MP	147	147	147	147.0	0.667	0.0
FAM_I154	I	5	5	83.3%	accessory	I2N5	99	78	99	86.4	0.600	132.3
FAM_I155	I	6	6	100.0%	core	I2O1	273	273	273	273.0	1.000	0.0
FAM_I156	I	6	6	100.0%	core	I2OH	111	71	172	114.5	1.000	1049.5
FAM_I157	I	6	6	100.0%	core	I2OX	180	180	206	184.3	1.000	112.7
FAM_I158	I	14	2	33.3%	accessory	I2HR	N/A	N/A	N/A	N/A	N/A	N/A
FAM_I159	I	4	2	33.3%	accessory	I2QS	59	59	105	82.0	1.000	705.3
FAM_I160	I	8	2	33.3%	accessory	I2HO	314	313	314	313.5	0.625	0.3
FAM_I161	I	6	6	100.0%	core	I2SH	198	198	198	198.0	0.833	0.0
FAM_I162	I	6	6	100.0%	core	I2SX	390	389	390	389.7	0.833	0.3
FAM_I163	I	6	6	100.0%	core	I2TT	572	572	573	572.3	0.833	0.3
FAM_I164	I	6	6	100.0%	core	I2V5	201	201	201	201.0	0.500	0.0
FAM_I165	I	6	6	100.0%	core	I2W1	443	266	443	325.0	0.833	8354.4
FAM_I166	I	6	6	100.0%	core	I2WH	130	130	130	130.0	0.833	0.0
FAM_I167	I	6	6	100.0%	core	I2WX	101	101	101	101.0	0.667	0.0
FAM_I168	I	6	6	100.0%	core	I2XT	61	50	61	57.3	0.833	32.3
FAM_I169	I	6	6	100.0%	core	I2YP	162	162	162	162.0	0.667	0.0
FAM_I170	I	7	6	100.0%	core	I301	456	456	855	538.0	0.857	23677.3
FAM_I171	I	6	6	100.0%	core	I30H	208	208	408	263.8	0.833	7904.2
FAM_I172	I	6	6	100.0%	core	I30X	658	657	658	657.8	0.833	0.2
FAM_I173	I	6	6	100.0%	core	I31D	256	256	256	256.0	0.667	0.0
FAM_I174	I	6	6	100.0%	core	I32P	251	189	251	227.0	0.833	750.0
FAM_I175	I	6	6	100.0%	core	I335	141	141	141	141.0	0.500	0.0
FAM_I176	I	6	6	100.0%	core	I33L	412	411	412	411.3	0.667	0.3
FAM_I177	I	6	6	100.0%	core	I341	111	111	111	111.0	0.667	0.0
FAM_I178	I	9	6	100.0%	core	I34X	1131	70	1131	319.7	0.889	211794.2
FAM_I179	I	6	6	100.0%	core	I35D	55	55	55	55.0	0.500	0.0
FAM_I180	I	6	6	100.0%	core	I11A	218	218	218	218.0	0.833	0.0
FAM_I181	I	6	6	100.0%	core	I13D	190	190	235	197.5	0.833	337.5
FAM_I182	I	7	6	100.0%	core	I13T	694	270	695	573.4	0.857	42683.3
FAM_I183	I	6	6	100.0%	core	I14B	270	260	270	268.2	0.833	16.2
FAM_I184	I	3	3	50.0%	accessory	I3A9	99	99	99	99.0	0.667	0.0
FAM_I185	I	6	6	100.0%	core	I16S	138	138	280	196.7	0.833	4397.9
FAM_I186	I	6	6	100.0%	core	I178	546	546	546	546.0	0.833	0.0
FAM_I187	I	6	6	100.0%	core	I17O	137	137	137	137.0	0.833	0.0
FAM_I188	I	4	4	66.7%	accessory	I184	221	221	222	221.5	0.750	0.3
FAM_I189	I	6	6	100.0%	core	I18Z	203	202	203	202.7	0.833	0.3
FAM_I190	I	6	6	100.0%	core	I19E	94	94	94	94.0	0.833	0.0
FAM_I191	I	2	2	33.3%	accessory	I3F5	787	787	787	787.0	0.500	0.0
FAM_I192	I	6	6	100.0%	core	I1A7	251	251	251	251.0	0.667	0.0
FAM_I193	I	6	6	100.0%	core	I1AN	147	147	147	147.0	0.833	0.0
FAM_I194	I	6	6	100.0%	core	I1CG	127	127	127	127.0	0.667	0.0
FAM_I195	I	6	6	100.0%	core	I1CW	125	125	125	125.0	0.500	0.0
FAM_I196	I	6	6	100.0%	core	I1DF	108	108	108	108.0	0.500	0.0
FAM_I197	I	6	6	100.0%	core	I1DV	67	67	67	67.0	0.333	0.0
FAM_I198	I	6	6	100.0%	core	I1EB	129	129	129	129.0	0.333	0.0
FAM_I199	I	6	6	100.0%	core	I1ES	130	130	130	130.0	0.500	0.0
FAM_I200	I	6	6	100.0%	core	I1F9	106	106	106	106.0	0.667	0.0
FAM_I201	I	6	6	100.0%	core	I1FP	359	359	360	359.7	0.833	0.3
FAM_I202	I	6	6	100.0%	core	I1H1	164	164	164	164.0	0.833	0.0
FAM_I203	I	6	6	100.0%	core	I1HE	367	367	368	367.3	0.833	0.3
FAM_I204	I	6	6	100.0%	core	I1IA	168	168	168	168.0	0.667	0.0
FAM_I205	I	3	3	50.0%	accessory	I1J7	274	274	274	274.0	0.667	0.0
FAM_I206	I	6	6	100.0%	core	I1JU	174	174	174	174.0	0.500	0.0
FAM_I207	I	6	6	100.0%	core	I1K8	114	114	114	114.0	0.833	0.0
FAM_I208	I	6	6	100.0%	core	I1KZ	151	151	151	151.0	0.667	0.0
FAM_I209	I	6	6	100.0%	core	I1LG	326	326	326	326.0	0.667	0.0
FAM_I210	I	6	6	100.0%	core	I1MC	119	119	119	119.0	0.500	0.0
FAM_I211	I	6	6	100.0%	core	I1MS	98	98	140	105.0	0.833	294.0
FAM_I212	I	6	6	100.0%	core	I1N7	148	148	148	148.0	0.833	0.0
FAM_I213	I	6	6	100.0%	core	I1NM	196	196	196	196.0	0.333	0.0
FAM_I214	I	6	6	100.0%	core	I1NZ	181	181	182	181.7	0.833	0.3
FAM_I215	I	4	4	66.7%	accessory	I1OG	212	212	212	212.0	0.750	0.0
FAM_I216	I	3	3	50.0%	accessory	I3V5	N/A	N/A	N/A	N/A	N/A	N/A
FAM_I217	I	13	6	100.0%	core	I1N9	N/A	N/A	N/A	N/A	N/A	N/A
FAM_I218	I	6	6	100.0%	core	I1PU	98	98	98	98.0	0.667	0.0
FAM_I219	I	4	4	66.7%	accessory	I1QR	114	114	114	114.0	0.500	0.0
FAM_I220	I	6	6	100.0%	core	I1R7	275	275	275	275.0	0.667	0.0
FAM_I221	I	6	6	100.0%	core	I1RN	75	75	76	75.3	0.667	0.3
FAM_I222	I	6	6	100.0%	core	I1S3	70	70	401	125.2	0.833	18260.2
FAM_I223	I	6	6	100.0%	core	I1UW	140	140	140	140.0	0.833	0.0
FAM_I224	I	6	6	100.0%	core	I1VC	119	119	119	119.0	0.500	0.0
FAM_I225	I	4	4	66.7%	accessory	I1IK	200	200	200	200.0	1.000	0.0
FAM_I226	I	4	4	66.7%	accessory	I3MG	682	682	683	682.5	0.750	0.3
FAM_I227	I	3	3	50.0%	accessory	I3LX	76	76	76	76.0	0.667	0.0
SING_I469	I	1	1	16.7%	accessory	I469	53	53	53	53.0	1.000	0.0
FAM_I228	I	3	3	50.0%	accessory	I1EI	179	179	179	179.0	0.667	0.0
FAM_I229	I	6	6	100.0%	core	I1E3	83	83	83	83.0	0.667	0.0
FAM_I230	I	6	6	100.0%	core	I1B7	287	276	287	285.2	0.833	20.2
SING_I4B5	I	1	1	16.7%	accessory	I4B5	86	86	86	86.0	1.000	0.0
FAM_I231	I	6	6	100.0%	core	I1AE	74	74	74	74.0	0.500	0.0
SING_I4EP	I	1	1	16.7%	accessory	I4EP	58	58	58	58.0	1.000	0.0
SING_I4FL	I	1	1	16.7%	accessory	I4FL	124	124	124	124.0	1.000	0.0
SING_I4HD	I	1	1	16.7%	accessory	I4HD	141	141	141	141.0	1.000	0.0
FAM_I232	I	6	6	100.0%	core	I14F	75	75	76	75.7	0.833	0.3
FAM_I233	I	6	6	100.0%	core	I11O	229	229	229	229.0	0.500	0.0
SING_I4LT	I	1	1	16.7%	accessory	I4LT	100	100	100	100.0	1.000	0.0
FAM_I234	I	6	6	100.0%	core	I10A	65	65	65	65.0	0.667	0.0
FAM_I235	I	6	6	100.0%	core	I359	337	337	337	337.0	0.333	0.0
FAM_I236	I	5	5	83.3%	accessory	I348	146	146	146	146.0	0.600	0.0
SING_I4O1	I	1	1	16.7%	accessory	I4O1	108	108	108	108.0	1.000	0.0
FAM_I237	I	6	6	100.0%	core	I33E	70	66	70	69.2	0.800	3.2
SING_I4PT	I	1	1	16.7%	accessory	I4PT	124	124	124	124.0	1.000	0.0
FAM_I238	I	3	3	50.0%	accessory	I4Q9	174	174	174	174.0	1.000	0.0
FAM_I239	I	6	6	100.0%	core	I30E	171	171	171	171.0	0.500	0.0
SING_I4RL	I	1	1	16.7%	accessory	I4RL	104	104	104	104.0	1.000	0.0
SING_I4S1	I	1	1	16.7%	accessory	I4S1	87	87	87	87.0	1.000	0.0
FAM_I240	I	6	6	100.0%	core	I2X0	66	66	66	66.0	0.333	0.0
FAM_I241	I	14	6	100.0%	core	I2B4	243	97	450	298.5	0.786	16700.7
FAM_I242	I	6	6	100.0%	core	I2T8	105	104	105	104.8	0.500	0.2
FAM_I243	I	6	6	100.0%	core	I2PM	101	101	101	101.0	0.833	0.0
FAM_I244	I	6	6	100.0%	core	I2M3	125	125	125	125.0	0.667	0.0
FAM_I245	I	6	5	83.3%	accessory	I2J0	56	56	292	167.7	0.833	14243.5
SING_I541	I	1	1	16.7%	accessory	I541	56	56	56	56.0	1.000	0.0
SING_I54X	I	1	1	16.7%	accessory	I54X	157	157	157	157.0	1.000	0.0
FAM_I246	I	6	6	100.0%	core	I2H2	59	59	59	59.0	0.333	0.0
FAM_I247	I	6	6	100.0%	core	I2GM	75	75	75	75.0	0.500	0.0
SING_I57L	I	1	1	16.7%	accessory	I57L	200	200	200	200.0	1.000	0.0
FAM_I248	I	6	6	100.0%	core	I2E3	57	57	57	57.0	0.333	0.0
SING_I5A9	I	1	1	16.7%	accessory	I5A9	329	329	329	329.0	1.000	0.0
SING_I5B5	I	1	1	16.7%	accessory	I5B5	79	79	79	79.0	1.000	0.0
FAM_I249	I	6	6	100.0%	core	I26G	139	139	139	139.0	0.333	0.0
FAM_I250	I	6	6	100.0%	core	I265	89	89	89	89.0	0.500	0.0
FAM_I251	I	6	6	100.0%	core	I25I	588	586	588	587.7	0.833	0.7
SING_I5F5	I	1	1	16.7%	accessory	I5F5	N/A	N/A	N/A	N/A	N/A	N/A
FAM_I252	I	6	6	100.0%	core	I226	75	75	75	75.0	0.333	0.0
SING_I5J5	I	1	1	16.7%	accessory	I5J5	412	412	412	412.0	1.000	0.0
FAM_I253	I	6	6	100.0%	core	I1YN	209	209	209	209.0	0.667	0.0
FAM_I254	I	6	6	100.0%	core	I1Y5	188	188	188	188.0	0.667	0.0
FAM_I255	I	6	6	100.0%	core	I1UT	253	253	253	253.0	0.833	0.0
FAM_I256	I	6	6	100.0%	core	I1UB	64	64	247	155.5	0.667	10046.7
FAM_I257	I	3	3	50.0%	accessory	I2FE	729	266	729	574.7	0.667	71456.3
SING_I5QP	I	1	1	16.7%	accessory	I5QP	149	149	149	149.0	1.000	0.0
FAM_I258	I	6	6	100.0%	core	I1T7	287	266	287	273.0	0.667	117.6
FAM_I259	I	6	6	100.0%	core	I1SO	93	93	93	93.0	0.333	0.0
FAM_I260	I	6	6	100.0%	core	I1S5	217	217	217	217.0	0.500	0.0
FAM_I261	I	6	6	100.0%	core	I1RB	51	51	51	51.0	0.500	0.0
FAM_I262	I	6	6	100.0%	core	I1QU	77	77	77	77.0	0.500	0.0
FAM_I263	I	4	4	66.7%	accessory	I1QB	58	58	58	58.0	0.750	0.0
FAM_I264	I	6	6	100.0%	core	I1PW	85	85	85	85.0	0.333	0.0
SING_I5UP	I	1	1	16.7%	accessory	I5UP	155	155	155	155.0	1.000	0.0
FAM_I265	I	6	6	100.0%	core	I1OL	72	72	72	72.0	0.333	0.0
SING_I5WH	I	1	1	16.7%	accessory	I5WH	76	76	76	76.0	1.000	0.0
FAM_I266	I	6	6	100.0%	core	I1ND	100	100	100	100.0	0.333	0.0
FAM_I267	I	3	3	50.0%	accessory	I1MH	228	137	228	197.7	1.000	2760.3
FAM_I268	I	6	6	100.0%	core	I1M1	140	140	216	165.3	0.500	1540.3
FAM_I269	I	6	6	100.0%	core	I1KU	61	61	61	61.0	0.333	0.0
FAM_I270	I	6	6	100.0%	core	I2QR	88	88	89	88.2	1.000	0.2
FAM_I271	I	6	6	100.0%	core	I2QB	138	111	138	129.0	0.833	194.4
FAM_I272	I	6	6	100.0%	core	I2PV	317	290	317	308.0	1.000	194.4
FAM_I273	I	6	6	100.0%	core	I2OZ	241	241	241	241.0	1.000	0.0
FAM_I274	I	6	6	100.0%	core	I2OJ	216	216	216	216.0	1.000	0.0
FAM_I275	I	6	6	100.0%	core	I2O3	207	207	207	207.0	1.000	0.0
FAM_I276	I	9	2	33.3%	accessory	I2HW	63	63	63	63.0	0.222	0.0
FAM_I277	I	6	6	100.0%	core	I2SR	185	185	185	185.0	0.500	0.0
FAM_I278	I	6	6	100.0%	core	I2U3	99	99	99	99.0	0.500	0.0
FAM_I279	I	6	6	100.0%	core	I2UJ	62	61	62	61.8	0.500	0.2
FAM_I280	I	5	5	83.3%	accessory	I2UZ	288	288	288	288.0	0.800	0.0
FAM_I281	I	4	4	66.7%	accessory	I2VF	127	127	127	127.0	0.750	0.0
FAM_I282	I	6	6	100.0%	core	I2VV	278	146	278	190.0	0.667	4646.4
FAM_I283	I	6	6	100.0%	core	I2WB	57	57	57	57.0	0.500	0.0
SING_I69D	I	1	1	16.7%	accessory	I69D	52	52	52	52.0	1.000	0.0
FAM_I284	I	6	6	100.0%	core	I2X6	130	130	131	130.3	0.667	0.3
FAM_I285	I	6	6	100.0%	core	I2XM	166	166	167	166.2	0.833	0.2
FAM_I286	I	6	6	100.0%	core	I2ZU	261	127	927	465.7	0.833	90477.9
FAM_I287	I	10	6	100.0%	core	I2FY	62	62	68	62.6	0.700	3.6
FAM_I288	I	7	4	66.7%	accessory	I2P7	N/A	N/A	N/A	N/A	N/A	N/A
FAM_I289	I	7	5	83.3%	accessory	I2CZ	74	74	75	74.7	0.571	0.2
FAM_I290	I	6	6	100.0%	core	I34A	695	675	743	707.5	0.833	814.3
FAM_I291	I	6	6	100.0%	core	I107	69	69	69	69.0	0.333	0.0
FAM_I292	I	6	6	100.0%	core	I10N	181	57	394	230.8	0.833	18244.6
FAM_I293	I	6	6	100.0%	core	I113	53	53	53	53.0	0.333	0.0
FAM_I294	I	6	6	100.0%	core	I11N	70	70	70	70.0	0.500	0.0
FAM_I295	I	6	6	100.0%	core	I12B	288	288	288	288.0	0.667	0.0
FAM_I296	I	6	6	100.0%	core	I12R	324	323	324	323.8	0.833	0.2
FAM_I297	I	6	6	100.0%	core	I143	68	68	68	68.0	0.500	0.0
FAM_I298	I	6	6	100.0%	core	I14K	122	122	122	122.0	0.333	0.0
FAM_I299	I	6	6	100.0%	core	I15B	668	666	668	667.2	0.833	0.6
FAM_I300	I	6	6	100.0%	core	I15P	234	234	234	234.0	0.667	0.0
FAM_I301	I	6	6	100.0%	core	I170	434	433	434	433.8	0.667	0.2
FAM_I302	I	6	6	100.0%	core	I17H	61	61	61	61.0	0.600	0.0
FAM_I303	I	4	4	66.7%	accessory	I17X	81	81	81	81.0	0.750	0.0
FAM_I304	I	5	5	83.3%	accessory	I189	478	478	478	478.0	0.800	0.0
FAM_I305	I	28	6	100.0%	core	I10E	61	60	205	128.8	0.636	5335.8
FAM_I306	I	6	6	100.0%	core	I19N	201	201	201	201.0	0.833	0.0
FAM_I307	I	5	5	83.3%	accessory	I1BU	50	50	50	50.0	0.600	0.0
FAM_I308	I	6	6	100.0%	core	I1CA	54	54	54	54.0	0.833	0.0
FAM_I309	I	6	6	100.0%	core	I1CQ	N/A	N/A	N/A	N/A	N/A	N/A
FAM_I310	I	6	6	100.0%	core	I1D7	213	212	213	212.8	0.833	0.2
FAM_I311	I	6	6	100.0%	core	I1DP	364	363	364	363.8	0.833	0.2
FAM_I312	I	6	6	100.0%	core	I1E5	105	105	105	105.0	0.500	0.0
FAM_I313	I	5	5	83.3%	accessory	I3JV	96	96	96	96.0	0.400	0.0
FAM_I314	I	6	6	100.0%	core	I1F2	125	124	125	124.8	0.833	0.2
FAM_I315	I	5	5	83.3%	accessory	I1FJ	75	75	75	75.0	0.600	0.0
FAM_I316	I	3	3	50.0%	accessory	I3L7	139	139	139	139.0	0.667	0.0
FAM_I317	I	6	6	100.0%	core	I1GF	140	140	140	140.0	0.333	0.0
FAM_I318	I	6	6	100.0%	core	I1GV	231	231	231	231.0	0.833	0.0
FAM_I319	I	6	6	100.0%	core	I1H8	135	135	135	135.0	0.833	0.0
FAM_I320	I	6	6	100.0%	core	I1HQ	182	182	182	182.0	0.500	0.0
FAM_I321	I	4	4	66.7%	accessory	I1IN	123	123	123	123.0	0.750	0.0
FAM_I322	I	6	6	100.0%	core	I1J3	62	62	63	62.2	0.500	0.2
FAM_I323	I	6	6	100.0%	core	I1K3	111	111	111	111.0	0.667	0.0
FAM_I324	I	3	3	50.0%	accessory	I3QL	136	136	136	136.0	0.667	0.0
FAM_I325	I	6	6	100.0%	core	I1LS	51	51	51	51.0	0.333	0.0
FAM_I326	I	6	6	100.0%	core	I1N3	259	259	259	259.0	0.833	0.0
FAM_I327	I	4	4	66.7%	accessory	I1OU	316	316	316	316.0	0.750	0.0
FAM_I328	I	8	6	100.0%	core	I1P7	92	92	364	249.0	0.875	16122.3
FAM_I329	I	6	6	100.0%	core	I1PP	252	81	252	223.5	0.833	4873.5
FAM_I330	I	6	6	100.0%	core	I1QM	103	73	103	98.0	0.833	150.0
FAM_I331	I	6	6	100.0%	core	I1R2	364	364	365	364.7	0.833	0.3
FAM_I332	I	4	4	66.7%	accessory	I3Y4	150	62	150	128.0	0.750	1936.0
FAM_I333	I	6	6	100.0%	core	I1RY	181	181	181	181.0	0.500	0.0
FAM_I334	I	4	4	66.7%	accessory	I1SC	211	211	211	211.0	0.750	0.0
FAM_I335	I	6	6	100.0%	core	I1SS	118	118	118	118.0	0.667	0.0
FAM_I336	I	3	3	50.0%	accessory	I40S	349	210	349	302.7	0.667	6440.3
FAM_I337	I	5	5	83.3%	accessory	I1UR	138	138	138	138.0	0.600	0.0
FAM_I338	I	5	5	83.3%	accessory	I1V7	56	56	56	56.0	0.600	0.0
FAM_I339	I	6	6	100.0%	core	I1H	59	59	59	59.0	0.500	0.0
FAM_I340	I	6	6	100.0%	core	I1X	104	104	104	104.0	0.500	0.0
FAM_I341	I	6	6	100.0%	core	I1XV	129	129	129	129.0	0.667	0.0
FAM_I342	I	6	6	100.0%	core	I21V	119	119	119	119.0	0.333	0.0
FAM_I343	I	6	6	100.0%	core	I22B	60	60	60	60.0	0.333	0.0
FAM_I344	I	6	6	100.0%	core	I22R	459	458	459	458.8	0.833	0.2
FAM_I345	I	6	6	100.0%	core	I237	378	378	378	378.0	0.833	0.0
FAM_I346	I	4	4	66.7%	accessory	I243	115	115	115	115.0	0.500	0.0
FAM_I347	I	6	6	100.0%	core	I24J	364	333	682	401.8	0.833	19059.4
FAM_I348	I	6	6	100.0%	core	I25U	235	234	235	234.3	0.667	0.3
FAM_I349	I	8	5	83.3%	accessory	I282	60	60	60	60.0	0.750	0.0
FAM_I350	I	6	6	100.0%	core	I28Y	218	218	218	218.0	0.833	0.0
FAM_I351	I	3	3	50.0%	accessory	I29U	210	210	210	210.0	0.667	0.0
FAM_I352	I	6	6	100.0%	core	I2AA	238	238	238	238.0	0.833	0.0
FAM_I353	I	6	6	100.0%	core	I2AQ	153	153	153	153.0	0.500	0.0
FAM_I354	I	6	6	100.0%	core	I2B6	255	255	255	255.0	0.833	0.0
FAM_I355	I	4	4	66.7%	accessory	I2CI	119	114	119	116.5	0.750	8.3
FAM_I356	I	17	5	83.3%	accessory	I2BT	119	119	220	168.5	0.750	2802.6
FAM_I357	I	6	6	100.0%	core	I2G2	71	71	71	71.0	0.667	0.0
FAM_I358	I	6	6	100.0%	core	I2GI	133	133	133	133.0	0.667	0.0
FAM_I359	I	6	6	100.0%	core	I2GY	210	210	211	210.2	0.500	0.2
FAM_I360	I	6	6	100.0%	core	I2IA	248	75	248	132.7	0.667	7981.1
FAM_I361	I	6	6	100.0%	core	I1JF	94	64	94	69.7	0.667	142.3
FAM_I362	I	4	4	66.7%	accessory	I1GL	54	54	54	54.0	0.750	0.0
FAM_I363	I	6	6	100.0%	core	I1F4	294	106	295	231.8	0.833	9425.4
FAM_I364	I	6	6	100.0%	core	I1EO	125	125	125	125.0	0.333	0.0
FAM_I365	I	6	6	100.0%	core	I1E7	67	67	67	67.0	0.333	0.0
FAM_I366	I	6	6	100.0%	core	I1CV	90	90	90	90.0	0.333	0.0
FAM_I367	I	6	6	100.0%	core	I1BX	274	274	274	274.0	0.667	0.0
FAM_I368	I	6	6	100.0%	core	I1B2	237	237	237	237.0	0.333	0.0
FAM_I369	I	6	6	100.0%	core	I1AA	104	104	104	104.0	0.333	0.0
FAM_I370	I	2	2	33.3%	accessory	I5QU	775	775	775	775.0	0.500	0.0
FAM_I371	I	6	6	100.0%	core	I17N	68	68	68	68.0	0.333	0.0
SING_I8NL	I	1	1	16.7%	accessory	I8NL	304	304	304	304.0	1.000	0.0
FAM_I372	I	6	6	100.0%	core	I135	817	492	1174	716.3	0.833	74903.9
FAM_I373	I	6	6	100.0%	core	I12T	181	181	181	181.0	0.833	0.0
FAM_I374	I	6	6	100.0%	core	I12D	125	125	170	132.5	0.667	337.5
FAM_I375	I	5	5	83.3%	accessory	I10M	365	364	366	364.8	0.800	0.7
FAM_I376	I	6	6	100.0%	core	I355	83	83	83	83.0	0.667	0.0
SING_I8TD	I	1	1	16.7%	accessory	I8TD	224	224	224	224.0	1.000	0.0
FAM_I377	I	6	6	100.0%	core	I33D	129	129	129	129.0	0.667	0.0
FAM_I378	I	6	6	100.0%	core	I31N	291	291	295	292.2	0.833	2.2
SING_I8WH	I	1	1	16.7%	accessory	I8WH	117	117	117	117.0	1.000	0.0
FAM_I379	I	6	6	100.0%	core	I30G	118	118	118	118.0	0.833	0.0
FAM_I380	I	3	2	33.3%	accessory	I4R5	195	195	1179	833.3	1.000	306304.3
FAM_I381	I	9	4	66.7%	accessory	I2YI	137	137	818	404.2	0.667	64177.2
SING_I8YP	I	1	1	16.7%	accessory	I8YP	69	69	69	69.0	1.000	0.0
FAM_I382	I	6	6	100.0%	core	I2SW	100	100	100	100.0	0.333	0.0
FAM_I383	I	6	6	100.0%	core	I2SG	71	71	71	71.0	0.500	0.0
FAM_I384	I	6	6	100.0%	core	I2PW	51	51	51	51.0	0.500	0.0
FAM_I385	I	6	6	100.0%	core	I2OK	260	260	260	260.0	0.833	0.0
SING_I975	I	1	1	16.7%	accessory	I975	251	251	251	251.0	1.000	0.0
FAM_I386	I	6	6	100.0%	core	I2MJ	166	165	166	165.8	0.833	0.2
FAM_I387	I	6	6	100.0%	core	I2KA	73	73	73	73.0	0.333	0.0
FAM_I388	I	6	3	50.0%	accessory	I3OZ	119	119	239	196.7	0.500	3648.7
FAM_I389	I	2	2	33.3%	accessory	I9AP	101	101	101	101.0	1.000	0.0
FAM_I390	I	6	6	100.0%	core	I2GL	109	109	109	109.0	0.333	0.0
FAM_I391	I	6	6	100.0%	core	I27G	128	128	128	128.0	0.333	0.0
FAM_I392	I	8	6	100.0%	core	I26K	122	122	122	122.0	1.000	0.0
FAM_I393	I	6	6	100.0%	core	I266	113	113	113	113.0	0.667	0.0
FAM_I394	I	6	6	100.0%	core	I24Q	101	101	101	101.0	0.500	0.0
FAM_I395	I	6	6	100.0%	core	I240	60	60	60	60.0	0.333	0.0
FAM_I396	I	6	6	100.0%	core	I219	51	51	51	51.0	0.333	0.0
SING_I9PD	I	1	1	16.7%	accessory	I9PD	116	116	116	116.0	1.000	0.0
FAM_I397	I	6	6	100.0%	core	I1XO	73	73	73	73.0	0.333	0.0
FAM_I398	I	6	6	100.0%	core	I1S	105	105	105	105.0	0.500	0.0
FAM_I399	I	6	6	100.0%	core	I1C	53	53	53	53.0	0.333	0.0
FAM_I400	I	6	6	100.0%	core	I1VK	213	213	213	213.0	0.667	0.0
FAM_I401	I	5	5	83.3%	accessory	I1UQ	214	214	214	214.0	0.400	0.0
FAM_I402	I	6	6	100.0%	core	I1RR	204	204	204	204.0	0.833	0.0
SING_I9Z5	I	1	1	16.7%	accessory	I9Z5	189	189	189	189.0	1.000	0.0
FAM_I403	I	6	6	100.0%	core	I1NC	107	107	107	107.0	0.333	0.0
FAM_I404	I	6	6	100.0%	core	I1MV	217	214	217	215.8	0.833	1.4
FAM_I405	I	6	6	100.0%	core	I1LO	83	83	83	83.0	0.333	0.0
FAM_I406	I	6	6	100.0%	core	I1JJ	257	257	257	257.0	0.833	0.0
FAM_I407	I	6	6	100.0%	core	I1J6	238	238	238	238.0	0.833	0.0
FAM_I408	I	6	6	100.0%	core	I1HS	284	283	284	283.8	0.833	0.2
FAM_I409	I	6	6	100.0%	core	I1GJ	72	72	72	72.0	0.333	0.0
FAM_I410	I	3	3	50.0%	accessory	I1G4	236	235	236	235.7	1.000	0.3
FAM_I411	I	6	6	100.0%	core	I1FN	202	202	202	202.0	0.833	0.0
FAM_I412	I	4	4	66.7%	accessory	I1F7	83	83	83	83.0	0.750	0.0
FAM_I413	I	6	6	100.0%	core	I1ER	94	94	94	94.0	0.333	0.0
FAM_I414	I	6	6	100.0%	core	I1EC	129	129	129	129.0	0.500	0.0
FAM_I415	I	6	6	100.0%	core	I1DX	304	304	304	304.0	0.500	0.0
FAM_I416	I	5	5	83.3%	accessory	I1DH	379	379	379	379.0	0.800	0.0
FAM_I417	I	6	6	100.0%	core	I1D1	258	258	258	258.0	0.333	0.0
FAM_I418	I	6	6	100.0%	core	I1CL	153	153	153	153.0	0.833	0.0
FAM_I419	I	5	5	83.3%	accessory	I1C4	148	148	148	148.0	0.600	0.0
FAM_I420	I	6	6	100.0%	core	I1BO	344	344	344	344.0	0.833	0.0
FAM_I421	I	15	6	100.0%	core	I15Y	153	153	153	153.0	0.800	0.0
FAM_I422	I	4	4	66.7%	accessory	I1AC	50	50	50	50.0	0.500	0.0
FAM_I423	I	6	6	100.0%	core	I199	137	135	137	135.7	0.667	1.1
FAM_I424	I	6	6	100.0%	core	I18T	167	167	167	167.0	0.333	0.0
FAM_I425	I	6	6	100.0%	core	I17K	150	150	150	150.0	0.500	0.0
FAM_I426	I	6	6	100.0%	core	I173	111	111	111	111.0	0.500	0.0
FAM_I427	I	6	6	100.0%	core	I16N	77	77	77	77.0	0.667	0.0
FAM_I428	I	6	6	100.0%	core	I15R	68	67	68	67.7	0.500	0.3
FAM_I429	I	6	6	100.0%	core	I15A	182	182	182	182.0	0.833	0.0
FAM_I430	I	6	6	100.0%	core	I14A	134	134	134	134.0	0.333	0.0
FAM_I431	I	4	4	66.7%	accessory	I12Y	69	68	69	68.5	0.750	0.3
FAM_I432	I	7	6	100.0%	core	I11E	335	84	335	274.3	0.857	11245.6
FAM_I433	I	6	6	100.0%	core	I10Y	107	104	107	106.5	0.833	1.5
FAM_I434	I	6	6	100.0%	core	I103	220	220	220	220.0	0.833	0.0
FAM_I435	I	6	6	100.0%	core	I352	262	262	262	262.0	0.833	0.0
FAM_I436	I	4	4	66.7%	accessory	I4NO	73	73	73	73.0	1.000	0.0
FAM_I437	I	6	6	100.0%	core	I33R	138	138	138	138.0	0.667	0.0
FAM_I438	I	4	4	66.7%	accessory	I32T	N/A	N/A	N/A	N/A	N/A	N/A
FAM_I439	I	6	6	100.0%	core	I316	190	179	190	186.3	0.833	32.3
FAM_I440	I	6	6	100.0%	core	I2ZX	342	341	342	341.8	0.833	0.2
FAM_I441	I	6	6	100.0%	core	I2YQ	297	297	297	297.0	0.833	0.0
FAM_I442	I	4	4	66.7%	accessory	I2XH	119	119	119	119.0	0.750	0.0
FAM_I443	I	6	6	100.0%	core	I2X9	274	274	275	274.2	0.833	0.2
FAM_I444	I	6	6	100.0%	core	I2WU	117	117	117	117.0	0.667	0.0
FAM_I445	I	6	6	100.0%	core	I2WF	73	73	73	73.0	0.333	0.0
FAM_I446	I	6	6	100.0%	core	I2VZ	54	54	54	54.0	0.833	0.0
FAM_I447	I	6	6	100.0%	core	I2VG	116	116	116	116.0	0.500	0.0
FAM_I448	I	6	6	100.0%	core	I2U5	428	428	428	428.0	0.667	0.0
FAM_I449	I	6	6	100.0%	core	I2TP	298	298	298	298.0	0.667	0.0
FAM_I450	I	6	6	100.0%	core	I2T9	61	61	61	61.0	0.333	0.0
FAM_I451	I	6	6	100.0%	core	I2SE	205	205	205	205.0	0.833	0.0
FAM_I452	I	6	6	100.0%	core	I2QH	211	211	211	211.0	1.000	0.0
FAM_I453	I	6	6	100.0%	core	I2PK	133	133	133	133.0	0.667	0.0
FAM_I454	I	5	5	83.3%	accessory	I2P2	75	75	75	75.0	0.800	0.0
FAM_I455	I	5	3	50.0%	accessory	I96U	97	97	97	97.0	0.400	0.0
FAM_I456	I	6	6	100.0%	core	I2MU	50	50	50	50.0	0.833	0.0
FAM_I457	I	6	6	100.0%	core	I2K5	149	149	184	172.3	0.833	326.7
FAM_I458	I	6	6	100.0%	core	I2JB	71	71	71	71.0	0.500	0.0
FAM_I459	I	6	6	100.0%	core	I2GJ	63	63	63	63.0	0.667	0.0
FAM_I460	I	4	4	66.7%	accessory	I578	64	63	64	63.2	1.000	0.2
FAM_I461	I	6	6	100.0%	core	I2BD	95	95	95	95.0	0.667	0.0
FAM_I462	I	6	6	100.0%	core	I2AW	602	601	602	601.7	0.833	0.3
FAM_I463	I	6	6	100.0%	core	I2AH	129	129	129	129.0	0.667	0.0
FAM_I464	I	6	6	100.0%	core	I2A2	322	322	322	322.0	0.833	0.0
FAM_I465	I	6	6	100.0%	core	I29J	60	60	60	60.0	0.833	0.0
FAM_I466	I	3	2	33.3%	accessory	I5B3	142	142	142	142.0	0.333	0.0
FAM_I467	I	6	6	100.0%	core	I295	203	203	203	203.0	0.833	0.0
FAM_I468	I	6	6	100.0%	core	I28O	264	264	264	264.0	0.833	0.0
FAM_I469	I	6	6	100.0%	core	I24C	316	316	316	316.0	0.833	0.0
FAM_I470	I	3	3	50.0%	accessory	I5FT	124	124	124	124.0	1.000	0.0
FAM_I471	I	6	6	100.0%	core	I22Y	191	191	191	191.0	0.500	0.0
FAM_I472	I	6	6	100.0%	core	I22H	88	88	88	88.0	0.333	0.0
FAM_I473	I	6	6	100.0%	core	I21Y	71	71	71	71.0	0.667	0.0
FAM_I474	I	6	6	100.0%	core	I210	185	185	185	185.0	0.833	0.0
FAM_I475	I	6	6	100.0%	core	I1ZB	51	51	51	51.0	0.833	0.0
FAM_I476	I	6	6	100.0%	core	I1Y1	N/A	N/A	N/A	N/A	N/A	N/A
FAM_I477	I	6	6	100.0%	core	I1P	70	70	70	70.0	0.800	0.0
FAM_I478	I	6	6	100.0%	core	I19	317	317	317	317.0	0.833	0.0
FAM_I479	I	6	6	100.0%	core	I1WB	80	80	80	80.0	0.667	0.0
FAM_I480	I	6	6	100.0%	core	I1VG	57	57	57	57.0	0.667	0.0
FAM_I481	I	6	6	100.0%	core	I1V1	126	126	126	126.0	0.500	0.0
FAM_I482	I	3	3	50.0%	accessory	I1UD	67	67	67	67.0	1.000	0.0
SING_IBPT	I	1	1	16.7%	accessory	IBPT	245	245	245	245.0	1.000	0.0
FAM_I483	I	5	5	83.3%	accessory	I1SI	211	211	211	211.0	0.800	0.0
FAM_I484	I	6	6	100.0%	core	I1S2	326	326	327	326.3	0.833	0.3
FAM_I485	I	6	6	100.0%	core	I1RM	85	85	85	85.0	0.333	0.0
FAM_I486	I	5	5	83.3%	accessory	I1OW	219	219	219	219.0	0.400	0.0
FAM_I487	I	6	6	100.0%	core	I1OF	76	76	76	76.0	0.667	0.0
FAM_I488	I	6	6	100.0%	core	I1NJ	92	92	92	92.0	0.667	0.0
FAM_I489	I	5	5	83.3%	accessory	I1MN	90	90	91	90.2	0.800	0.2
FAM_I490	I	4	4	66.7%	accessory	I1LR	94	94	310	148.0	1.000	11664.0
FAM_I491	I	6	6	100.0%	core	I1KE	90	90	91	90.2	0.667	0.2
FAM_I492	I	17	6	100.0%	core	I15G	132	129	191	163.9	0.727	969.5
FAM_I493	I	6	6	100.0%	core	I2H7	177	177	240	198.0	0.667	1058.4
FAM_I494	I	6	6	100.0%	core	I2ST	75	75	75	75.0	0.667	0.0
FAM_I495	I	4	4	66.7%	accessory	I4Y6	163	57	187	148.5	1.000	3849.0
FAM_I496	I	11	6	100.0%	core	I2QE	77	77	338	134.2	1.000	5840.0
FAM_I497	I	6	6	100.0%	core	I2PZ	247	247	247	247.0	1.000	0.0
FAM_I498	I	5	5	83.3%	accessory	I2PJ	145	145	145	145.0	1.000	0.0
FAM_I499	I	6	6	100.0%	core	I2P1	266	266	266	266.0	1.000	0.0
FAM_I500	I	6	6	100.0%	core	I2OO	123	123	123	123.0	0.333	0.0
SING_IB36	I	1	1	16.7%	accessory	IB36	232	232	232	232.0	1.000	0.0
FAM_I501	I	5	5	83.3%	accessory	I2MT	335	335	336	335.6	0.800	0.3
FAM_I502	I	5	5	83.3%	accessory	I2MF	302	302	302	302.0	0.800	0.0
FAM_I503	I	6	6	100.0%	core	I2K4	136	136	136	136.0	0.833	0.0
FAM_I504	I	6	6	100.0%	core	I2CO	129	129	139	130.7	0.833	16.7
FAM_I505	I	6	6	100.0%	core	I2BC	122	122	122	122.0	0.500	0.0
FAM_I506	I	6	6	100.0%	core	I2AV	184	184	184	184.0	0.833	0.0
FAM_I507	I	6	6	100.0%	core	I2AG	405	66	405	292.0	0.667	30645.6
FAM_I508	I	6	6	100.0%	core	I2A1	72	72	72	72.0	0.333	0.0
FAM_I509	I	6	6	100.0%	core	I29I	159	159	159	159.0	0.833	0.0
FAM_I510	I	6	6	100.0%	core	I23R	261	261	262	261.2	0.833	0.2
FAM_I511	I	6	6	100.0%	core	I23D	127	127	127	127.0	0.667	0.0
FAM_I512	I	6	6	100.0%	core	I22X	208	208	208	208.0	0.500	0.0
FAM_I513	I	6	6	100.0%	core	I22G	150	150	150	150.0	0.667	0.0
FAM_I514	I	6	6	100.0%	core	I21X	257	257	257	257.0	0.833	0.0
FAM_I515	I	6	6	100.0%	core	I21G	92	91	93	92.2	0.833	0.6
FAM_I516	I	6	6	100.0%	core	I1ZA	70	70	70	70.0	0.667	0.0
FAM_I517	I	6	6	100.0%	core	I1Y0	367	367	367	367.0	0.833	0.0
FAM_I518	I	6	6	100.0%	core	I1XM	92	92	92	92.0	0.333	0.0
FAM_I519	I	6	6	100.0%	core	I1O	324	207	324	246.0	0.833	3650.4
FAM_I520	I	6	6	100.0%	core	I1WA	107	107	107	107.0	0.833	0.0
FAM_I521	I	6	6	100.0%	core	I1VF	210	210	210	210.0	0.833	0.0
SING_IBPU	I	1	1	16.7%	accessory	IBPU	57	57	57	57.0	1.000	0.0
FAM_I522	I	6	6	100.0%	core	I1R4	115	115	115	115.0	0.667	0.0
FAM_I523	I	6	6	100.0%	core	I1QO	324	324	335	327.7	0.667	32.3
FAM_I524	I	6	6	100.0%	core	I1Q8	208	207	208	207.8	0.833	0.2
FAM_I525	I	6	6	100.0%	core	I1PS	110	110	110	110.0	0.833	0.0
FAM_I526	I	6	6	100.0%	core	I1OE	319	319	319	319.0	0.667	0.0
FAM_I527	I	4	4	66.7%	accessory	I1NI	84	84	84	84.0	1.000	0.0
FAM_I528	I	5	5	83.3%	accessory	I1MM	101	101	101	101.0	0.800	0.0
FAM_I529	I	6	6	100.0%	core	I1M6	189	189	189	189.0	0.833	0.0
FAM_I530	I	6	6	100.0%	core	I1LQ	369	369	369	369.0	0.667	0.0
FAM_I531	I	6	6	100.0%	core	I1LA	149	65	149	135.0	0.833	1176.0
FAM_I532	I	6	6	100.0%	core	I1YI	187	187	187	187.0	0.500	0.0
FAM_I533	I	6	6	100.0%	core	I1R	175	174	175	174.8	0.667	0.2
FAM_I534	I	6	6	100.0%	core	I1WE	254	188	254	243.0	0.500	726.0
FAM_I535	I	6	6	100.0%	core	I1VZ	N/A	N/A	N/A	N/A	N/A	N/A
FAM_I536	I	6	6	100.0%	core	I1V4	257	257	257	257.0	0.667	0.0
SING_I9VM	I	1	1	16.7%	accessory	I9VM	82	82	82	82.0	1.000	0.0
FAM_I537	I	6	6	100.0%	core	I1PT	253	253	254	253.5	0.833	0.3
SING_I9Z6	I	1	1	16.7%	accessory	I9Z6	98	98	98	98.0	1.000	0.0
FAM_I538	I	6	6	100.0%	core	I1NB	54	54	54	54.0	0.667	0.0
FAM_I539	I	6	6	100.0%	core	I1KP	86	86	86	86.0	0.500	0.0
FAM_I540	I	6	6	100.0%	core	I1I8	94	94	94	94.0	0.500	0.0
FAM_I541	I	5	5	83.3%	accessory	I1HC	59	59	59	59.0	0.400	0.0
FAM_I542	I	6	6	100.0%	core	I1D0	126	126	126	126.0	0.500	0.0
FAM_I543	I	6	6	100.0%	core	I1CK	117	116	118	116.8	0.833	0.6
FAM_I544	I	6	6	100.0%	core	I1C3	374	374	374	374.0	0.833	0.0
FAM_I545	I	6	6	100.0%	core	I1AR	373	373	373	373.0	0.500	0.0
FAM_I546	I	6	6	100.0%	core	I1AB	199	199	199	199.0	0.833	0.0
FAM_I547	I	5	5	83.3%	accessory	I18C	52	52	52	52.0	0.600	0.0
FAM_I548	I	6	6	100.0%	core	I17J	183	183	184	183.3	0.667	0.3
FAM_I549	I	6	6	100.0%	core	I172	67	67	67	67.0	0.333	0.0
FAM_I550	I	6	6	100.0%	core	I159	83	83	83	83.0	0.833	0.0
FAM_I551	I	6	6	100.0%	core	I149	129	129	129	129.0	0.333	0.0
FAM_I552	I	6	6	100.0%	core	I12X	161	161	161	161.0	0.500	0.0
FAM_I553	I	6	6	100.0%	core	I12H	538	538	538	538.0	0.833	0.0
FAM_I554	I	2	2	33.3%	accessory	I10H	81	81	81	81.0	1.000	0.0
FAM_I555	I	6	6	100.0%	core	I2ZW	101	101	101	101.0	0.833	0.0
FAM_I556	I	6	6	100.0%	core	I2Y8	458	458	458	458.0	0.833	0.0
FAM_I557	I	4	4	66.7%	accessory	I4U1	73	73	73	73.0	1.000	0.0
FAM_I558	I	6	6	100.0%	core	I2WE	119	119	119	119.0	0.833	0.0
FAM_I559	I	6	6	100.0%	core	I2VY	99	99	99	99.0	0.833	0.0
FAM_I560	I	2	2	33.3%	accessory	I5PD	97	97	97	97.0	0.500	0.0
SING_I8LU	I	1	1	16.7%	accessory	I8LU	1729	1729	1729	1729.0	1.000	0.0
FAM_I561	I	4	4	66.7%	accessory	I3AL	87	87	87	87.0	0.500	0.0
SING_I8NM	I	1	1	16.7%	accessory	I8NM	182	182	182	182.0	1.000	0.0
FAM_I562	I	6	6	100.0%	core	I10L	371	371	371	371.0	0.667	0.0
FAM_I563	I	6	6	100.0%	core	I105	94	94	94	94.0	0.833	0.0
FAM_I564	I	6	6	100.0%	core	I33S	181	181	181	181.0	0.667	0.0
FAM_I565	I	4	4	66.7%	accessory	I4PE	80	79	80	79.5	1.000	0.3
SING_I8W2	I	1	1	16.7%	accessory	I8W2	234	234	234	234.0	1.000	0.0
SING_I8WI	I	1	1	16.7%	accessory	I8WI	109	109	109	109.0	1.000	0.0
SING_I8YQ	I	1	1	16.7%	accessory	I8YQ	51	51	51	51.0	1.000	0.0
FAM_I566	I	2	2	33.3%	accessory	I4TE	52	52	52	52.0	1.000	0.0
FAM_I567	I	6	6	100.0%	core	I2UO	111	111	111	111.0	0.333	0.0
FAM_I568	I	6	6	100.0%	core	I2U8	144	142	145	143.7	0.833	1.9
FAM_I569	I	6	6	100.0%	core	I2TS	214	214	214	214.0	0.833	0.0
FAM_I570	I	6	6	100.0%	core	I2SV	198	198	198	198.0	0.667	0.0
SING_I976	I	1	1	16.7%	accessory	I976	150	150	150	150.0	1.000	0.0
FAM_I571	I	6	6	100.0%	core	I2N1	254	254	254	254.0	0.833	0.0
FAM_I572	I	6	6	100.0%	core	I2JU	116	116	116	116.0	0.333	0.0
SING_I9AA	I	1	1	16.7%	accessory	I9AA	223	223	223	223.0	1.000	0.0
SING_I9AQ	I	1	1	16.7%	accessory	I9AQ	365	365	365	365.0	1.000	0.0
FAM_I573	I	6	6	100.0%	core	I2GK	235	235	235	235.0	0.500	0.0
FAM_I574	I	6	6	100.0%	core	I2BA	356	355	356	355.7	0.667	0.3
FAM_I575	I	2	2	33.3%	accessory	I9EQ	81	81	468	274.5	1.000	74884.5
FAM_I576	I	6	6	100.0%	core	I27F	67	67	67	67.0	0.667	0.0
SING_I9HU	I	1	1	16.7%	accessory	I9HU	50	50	50	50.0	1.000	0.0
FAM_I577	I	6	6	100.0%	core	I24P	156	156	156	156.0	0.833	0.0
FAM_I578	I	6	6	100.0%	core	I234	151	151	152	151.7	0.667	0.3
FAM_I579	I	6	6	100.0%	core	I22O	167	167	167	167.0	0.833	0.0
FAM_I580	I	6	6	100.0%	core	I1Q6	93	93	93	93.0	0.800	0.0
FAM_I581	I	6	6	100.0%	core	I1QN	136	136	136	136.0	0.500	0.0
FAM_I582	I	9	6	100.0%	core	I1R3	798	378	798	658.0	0.778	44100.0
FAM_I583	I	6	6	100.0%	core	I1RJ	96	96	96	96.0	0.500	0.0
FAM_I584	I	6	6	100.0%	core	I1RZ	107	107	107	107.0	0.667	0.0
FAM_I585	I	4	4	66.7%	accessory	I1SD	62	62	62	62.0	0.500	0.0
FAM_I586	I	6	6	100.0%	core	I1ST	378	378	378	378.0	0.833	0.0
FAM_I587	I	6	6	100.0%	core	I1TZ	64	64	64	64.0	0.667	0.0
FAM_I588	I	3	3	50.0%	accessory	I40T	67	67	67	67.0	0.667	0.0
FAM_I589	I	6	6	100.0%	core	I1VO	114	114	114	114.0	0.500	0.0
FAM_I590	I	6	6	100.0%	core	I1W4	108	108	108	108.0	0.833	0.0
FAM_I591	I	6	6	100.0%	core	I12	338	338	338	338.0	0.833	0.0
FAM_I592	I	6	6	100.0%	core	I1XG	63	63	63	63.0	0.833	0.0
FAM_I593	I	6	6	100.0%	core	I1XW	154	154	192	160.3	0.833	240.7
FAM_I594	I	6	6	100.0%	core	I1YC	165	165	165	165.0	0.333	0.0
FAM_I595	I	5	5	83.3%	accessory	I204	74	74	74	74.0	0.800	0.0
FAM_I596	I	6	6	100.0%	core	I20K	494	240	494	325.7	0.833	17002.3
FAM_I597	I	6	6	100.0%	core	I21W	182	182	182	182.0	0.833	0.0
FAM_I598	I	6	6	100.0%	core	I22S	307	307	307	307.0	0.833	0.0
FAM_I599	I	6	6	100.0%	core	I238	163	163	163	163.0	0.833	0.0
FAM_I600	I	6	6	100.0%	core	I23O	203	203	203	203.0	0.500	0.0
FAM_I601	I	6	6	100.0%	core	I244	68	68	68	68.0	0.500	0.0
FAM_I602	I	5	5	83.3%	accessory	I24K	182	182	182	182.0	0.800	0.0
FAM_I603	I	6	6	100.0%	core	I25F	113	113	113	113.0	0.833	0.0
FAM_I604	I	6	6	100.0%	core	I26B	332	332	332	332.0	0.833	0.0
FAM_I605	I	6	6	100.0%	core	I26R	270	270	270	270.0	0.833	0.0
FAM_I606	I	6	6	100.0%	core	I277	64	64	64	64.0	0.333	0.0
FAM_I607	I	22	4	66.7%	accessory	I283	70	66	423	83.6	0.455	5748.5
FAM_I608	I	6	6	100.0%	core	I29V	98	62	98	92.0	0.667	216.0
FAM_I609	I	6	6	100.0%	core	I2AB	314	313	314	313.5	0.833	0.3
FAM_I610	I	6	6	100.0%	core	I2AR	135	135	135	135.0	0.500	0.0
FAM_I611	I	6	6	100.0%	core	I2B7	69	69	69	69.0	0.667	0.0
FAM_I612	I	4	4	66.7%	accessory	I2CJ	106	106	106	106.0	0.750	0.0
FAM_I613	I	3	3	50.0%	accessory	I2IR	285	285	285	285.0	0.667	0.0
SING_I88I	I	1	1	16.7%	accessory	I88I	297	297	297	297.0	1.000	0.0
FAM_I614	I	6	6	100.0%	core	I1IX	229	94	318	176.3	0.833	9190.7
FAM_I615	I	5	5	83.3%	accessory	I1HD	362	144	362	187.6	1.000	9504.8
FAM_I616	I	6	6	100.0%	core	I1GK	98	89	98	96.5	0.667	13.5
FAM_I617	I	6	6	100.0%	core	I1BI	78	78	78	78.0	0.667	0.0
FAM_I618	I	3	3	50.0%	accessory	I2SC	87	87	87	87.0	0.667	0.0
FAM_I619	I	6	6	100.0%	core	I2SS	128	128	128	128.0	0.500	0.0
FAM_I620	I	6	6	100.0%	core	I2VW	180	180	180	180.0	0.333	0.0
FAM_I621	I	6	6	100.0%	core	I2WC	128	128	128	128.0	0.667	0.0
FAM_I622	I	6	6	100.0%	core	I2WR	191	191	191	191.0	0.833	0.0
FAM_I623	I	6	6	100.0%	core	I2X7	119	118	119	118.8	0.500	0.2
FAM_I624	I	6	6	100.0%	core	I2XN	69	69	69	69.0	0.500	0.0
FAM_I625	I	6	6	100.0%	core	I2YZ	235	235	256	245.5	0.833	132.3
FAM_I626	I	6	6	100.0%	core	I32Z	129	129	129	129.0	0.667	0.0
FAM_I627	I	6	6	100.0%	core	I33F	93	93	93	93.0	0.833	0.0
FAM_I628	I	6	6	100.0%	core	I33V	108	108	108	108.0	0.333	0.0
FAM_I629	I	6	6	100.0%	core	I34R	109	109	109	109.0	0.833	0.0
FAM_I630	I	6	6	100.0%	core	I357	86	86	86	86.0	0.500	0.0
FAM_I631	I	6	6	100.0%	core	I108	155	155	155	155.0	0.500	0.0
FAM_I632	I	6	6	100.0%	core	I10O	293	293	293	293.0	0.833	0.0
FAM_I633	I	6	6	100.0%	core	I114	512	511	512	511.7	0.833	0.3
FAM_I634	I	3	3	50.0%	accessory	I12C	N/A	N/A	N/A	N/A	N/A	N/A
FAM_I635	I	10	6	100.0%	core	I137	177	177	177	177.0	0.500	0.0
FAM_I636	I	6	6	100.0%	core	I144	113	113	113	113.0	0.500	0.0
FAM_I637	I	6	6	100.0%	core	I14L	85	85	85	85.0	0.500	0.0
FAM_I638	I	4	2	33.3%	accessory	I27W	183	183	252	217.5	0.500	1587.0
FAM_I639	I	6	6	100.0%	core	I15C	151	151	151	151.0	0.500	0.0
FAM_I640	I	6	6	100.0%	core	I164	211	211	211	211.0	0.833	0.0
FAM_I641	I	6	6	100.0%	core	I17I	175	175	175	175.0	0.833	0.0
FAM_I642	I	4	4	66.7%	accessory	I17Y	120	120	120	120.0	0.750	0.0
FAM_I643	I	5	5	83.3%	accessory	I18A	57	57	57	57.0	0.600	0.0
FAM_I644	I	6	6	100.0%	core	I1AJ	52	52	52	52.0	0.667	0.0
FAM_I645	I	6	6	100.0%	core	I1BF	283	117	283	227.7	0.667	7348.3
FAM_I646	I	6	6	100.0%	core	I1BV	104	104	104	104.0	0.333	0.0
FAM_I647	I	4	4	66.7%	accessory	I1CB	400	400	400	400.0	0.750	0.0
FAM_I648	I	6	6	100.0%	core	I1CR	630	630	660	640.0	0.833	240.0
FAM_I649	I	6	6	100.0%	core	I1D8	229	229	229	229.0	0.833	0.0
FAM_I650	I	6	6	100.0%	core	I1E6	430	430	430	430.0	0.833	0.0
FAM_I651	I	6	6	100.0%	core	I1G0	138	138	138	138.0	0.833	0.0
FAM_I652	I	6	6	100.0%	core	I1GG	73	73	73	73.0	0.333	0.0
FAM_I653	I	6	6	100.0%	core	I1H9	103	103	103	103.0	0.500	0.0
FAM_I654	I	6	6	100.0%	core	I1J4	141	140	141	140.8	0.833	0.2
FAM_I655	I	3	3	50.0%	accessory	I3QM	300	300	300	300.0	0.667	0.0
FAM_I656	I	6	6	100.0%	core	I1KW	63	63	63	63.0	0.500	0.0
FAM_I657	I	6	6	100.0%	core	I1N4	148	148	148	148.0	0.667	0.0
FAM_I658	I	6	6	100.0%	core	I1NW	308	308	308	308.0	0.833	0.0
FAM_I659	I	6	6	100.0%	core	I1OD	66	66	66	66.0	0.333	0.0
FAM_I660	I	6	6	100.0%	core	I1P9	71	71	74	71.5	0.500	1.5
SING_IBPV	I	1	1	16.7%	accessory	IBPV	237	237	237	237.0	1.000	0.0
FAM_I661	I	6	6	100.0%	core	I1SV	72	72	72	72.0	0.333	0.0
FAM_I662	I	6	6	100.0%	core	I1SG	322	322	322	322.0	0.833	0.0
FAM_I663	I	6	6	100.0%	core	I1N1	287	287	287	287.0	0.667	0.0
FAM_I664	I	5	5	83.3%	accessory	I1ML	N/A	N/A	N/A	N/A	N/A	N/A
FAM_I665	I	8	4	66.7%	accessory	I1L9	51	51	116	83.5	0.625	1207.1
FAM_I666	I	6	6	100.0%	core	I1KC	105	105	108	105.5	0.833	1.5
FAM_I667	I	6	6	100.0%	core	I2GT	N/A	N/A	N/A	N/A	N/A	N/A
FAM_I668	I	5	5	83.3%	accessory	I2W8	N/A	N/A	N/A	N/A	N/A	N/A
FAM_I669	I	6	6	100.0%	core	I18R	118	117	118	117.5	0.833	0.3
FAM_I670	I	6	6	100.0%	core	I171	621	621	621	621.0	1.000	0.0
FAM_I671	I	5	5	83.3%	accessory	I158	237	237	237	237.0	0.800	0.0
FAM_I672	I	6	6	100.0%	core	I13S	55	55	55	55.0	0.333	0.0
FAM_I673	I	6	6	100.0%	core	I13C	144	144	144	144.0	0.667	0.0
FAM_I674	I	6	6	100.0%	core	I12W	68	68	68	68.0	0.333	0.0
FAM_I675	I	6	6	100.0%	core	I12G	163	163	163	163.0	0.833	0.0
FAM_I676	I	6	6	100.0%	core	I34O	99	99	99	99.0	0.667	0.0
FAM_I677	I	6	6	100.0%	core	I33P	148	148	149	148.3	0.833	0.3
FAM_I678	I	6	6	100.0%	core	I339	98	98	98	98.0	0.333	0.0
FAM_I679	I	6	6	100.0%	core	I31J	120	120	120	120.0	0.500	0.0
SING_IAS3	I	1	1	16.7%	accessory	IAS3	365	365	365	365.0	1.000	0.0
FAM_I680	I	4	4	66.7%	accessory	I30C	106	106	106	106.0	0.500	0.0
FAM_I681	I	6	6	100.0%	core	I2WT	75	75	75	75.0	0.333	0.0
FAM_I682	I	6	6	100.0%	core	I2TN	145	145	234	162.5	0.833	1267.9
FAM_I683	I	6	6	100.0%	core	I2PY	73	73	74	73.7	1.000	0.3
FAM_I684	I	6	6	100.0%	core	I2OM	62	62	62	62.0	0.500	0.0
FAM_I685	I	3	3	50.0%	accessory	I974	170	170	170	170.0	0.667	0.0
FAM_I686	I	2	2	33.3%	accessory	IB5V	78	78	78	78.0	1.000	0.0
SING_IB6R	I	1	1	16.7%	accessory	IB6R	132	132	132	132.0	1.000	0.0
FAM_I687	I	6	6	100.0%	core	I2CN	127	127	127	127.0	0.833	0.0
FAM_I688	I	6	6	100.0%	core	I2BB	218	218	218	218.0	0.833	0.0
FAM_I689	I	6	6	100.0%	core	I2AF	54	54	54	54.0	0.333	0.0
FAM_I690	I	6	6	100.0%	core	I2A0	114	114	114	114.0	0.833	0.0
FAM_I691	I	6	6	100.0%	core	I29H	269	269	269	269.0	0.667	0.0
FAM_I692	I	6	6	100.0%	core	I293	130	130	130	130.0	0.833	0.0
FAM_I693	I	6	6	100.0%	core	I28M	264	264	264	264.0	0.833	0.0
FAM_I694	I	6	6	100.0%	core	I27K	75	75	75	75.0	0.833	0.0
FAM_I695	I	6	6	100.0%	core	I25R	109	109	109	109.0	0.833	0.0
FAM_I696	I	4	4	66.7%	accessory	I25C	220	220	220	220.0	0.750	0.0
SING_IBG3	I	1	1	16.7%	accessory	IBG3	191	191	191	191.0	1.000	0.0
FAM_I697	I	6	6	100.0%	core	I24A	56	55	56	55.8	0.500	0.2
FAM_I698	I	6	6	100.0%	core	I23C	141	141	141	141.0	0.333	0.0
FAM_I699	I	6	6	100.0%	core	I22W	187	187	187	187.0	0.333	0.0
FAM_I700	I	6	6	100.0%	core	I22F	298	297	298	297.7	0.833	0.3
FAM_I701	I	6	6	100.0%	core	I1N	160	160	160	160.0	0.333	0.0
FAM_I702	I	6	6	100.0%	core	I1VU	65	65	65	65.0	0.500	0.0
FAM_I703	I	2	2	33.3%	accessory	IB5W	177	177	177	177.0	1.000	0.0
SING_IB6S	I	1	1	16.7%	accessory	IB6S	225	225	225	225.0	1.000	0.0
FAM_I704	I	6	6	100.0%	core	I2GG	73	73	73	73.0	0.333	0.0
FAM_I705	I	6	6	100.0%	core	I2AE	191	191	319	212.3	0.833	2730.7
FAM_I706	I	6	6	100.0%	core	I29Z	425	425	425	425.0	0.833	0.0
FAM_I707	I	6	6	100.0%	core	I29G	174	174	235	194.3	0.833	992.3
FAM_I708	I	6	6	100.0%	core	I27J	183	183	183	183.0	0.833	0.0
FAM_I709	I	6	6	100.0%	core	I26M	401	401	401	401.0	0.833	0.0
FAM_I710	I	6	6	100.0%	core	I267	145	145	145	145.0	0.667	0.0
FAM_I711	I	6	6	100.0%	core	I25Q	100	100	100	100.0	0.667	0.0
FAM_I712	I	6	6	100.0%	core	I25B	120	120	120	120.0	0.833	0.0
FAM_I713	I	4	4	66.7%	accessory	I5FF	59	59	60	59.2	1.000	0.2
FAM_I714	I	6	6	100.0%	core	I23B	545	544	545	544.8	0.833	0.2
FAM_I715	I	6	6	100.0%	core	I22V	125	125	125	125.0	0.333	0.0
FAM_I716	I	5	5	83.3%	accessory	I1M	543	543	543	543.0	0.800	0.0
FAM_I717	I	6	6	100.0%	core	I1W8	50	50	50	50.0	0.500	0.0
FAM_I718	I	8	5	83.3%	accessory	I1U9	253	253	672	381.6	0.625	32888.3
SING_IBPG	I	1	1	16.7%	accessory	IBPG	260	260	260	260.0	1.000	0.0
SING_IBPW	I	1	1	16.7%	accessory	IBPW	826	826	826	826.0	1.000	0.0
FAM_I719	I	2	2	33.3%	accessory	I1TF	176	176	525	350.5	1.000	60900.5
FAM_I720	I	6	6	100.0%	core	I1OC	412	291	412	331.3	0.667	3904.3
FAM_I721	I	6	6	100.0%	core	I1MK	372	372	372	372.0	0.833	0.0
FAM_I722	I	6	6	100.0%	core	I1M4	166	166	166	166.0	0.500	0.0
FAM_I723	I	6	6	100.0%	core	I1KR	161	160	161	160.8	0.833	0.2
FAM_I724	I	6	6	100.0%	core	I22D	87	87	129	114.5	0.667	453.9
FAM_I725	I	2	1	16.7%	accessory	I152	N/A	N/A	N/A	N/A	N/A	N/A
FAM_I726	I	10	6	100.0%	core	I1GB	N/A	N/A	N/A	N/A	N/A	N/A
FAM_I727	I	6	6	100.0%	core	I1S6	308	308	308	308.0	0.833	0.0
FAM_I728	I	6	6	100.0%	core	I34M	56	56	56	56.0	0.333	0.0
FAM_I729	I	6	6	100.0%	core	I337	291	291	293	291.7	0.667	1.1
SING_IAS5	I	1	1	16.7%	accessory	IAS5	302	302	302	302.0	1.000	0.0
FAM_I730	I	6	6	100.0%	core	I2X5	127	127	127	127.0	0.667	0.0
FAM_I731	I	6	6	100.0%	core	I2VC	86	86	86	86.0	0.333	0.0
FAM_I732	I	6	6	100.0%	core	I2UW	162	162	163	162.2	0.833	0.2
FAM_I733	I	6	6	100.0%	core	I2UH	246	246	246	246.0	0.833	0.0
FAM_I734	I	6	6	100.0%	core	I2U1	148	148	148	148.0	0.833	0.0
FAM_I735	I	6	6	100.0%	core	I2SQ	523	523	523	523.0	0.833	0.0
SING_IAZP	I	1	1	16.7%	accessory	IAZP	1152	1152	1152	1152.0	1.000	0.0
FAM_I736	I	5	5	83.3%	accessory	I2PG	258	257	259	258.2	1.000	0.7
SING_IB39	I	1	1	16.7%	accessory	IB39	294	294	294	294.0	1.000	0.0
FAM_I737	I	2	2	33.3%	accessory	IB45	788	788	788	788.0	1.000	0.0
SING_IB6T	I	1	1	16.7%	accessory	IB6T	142	142	142	142.0	1.000	0.0
FAM_I738	I	6	6	100.0%	core	I2HB	261	260	261	260.8	0.667	0.2
FAM_I739	I	3	2	33.3%	accessory	I5AV	90	90	90	90.0	0.667	0.0
FAM_I740	I	3	3	50.0%	accessory	I9I8	215	215	215	215.0	1.000	0.0
FAM_I741	I	6	6	100.0%	core	I24U	64	64	64	64.0	0.667	0.0
FAM_I742	I	5	5	83.3%	accessory	I1Z6	185	185	332	243.8	0.800	6482.7
FAM_I743	I	6	6	100.0%	core	I1YF	52	52	53	52.3	0.667	0.3
SING_IBPH	I	1	1	16.7%	accessory	IBPH	238	238	238	238.0	1.000	0.0
SING_IBPX	I	1	1	16.7%	accessory	IBPX	305	305	305	305.0	1.000	0.0
FAM_I744	I	6	6	100.0%	core	I1TD	317	317	480	411.5	0.833	4601.5
FAM_I745	I	6	6	100.0%	core	I1R1	79	79	79	79.0	0.333	0.0
FAM_I746	I	6	6	100.0%	core	I1QL	111	111	111	111.0	0.833	0.0
FAM_I747	I	6	6	100.0%	core	I1OS	268	268	268	268.0	0.833	0.0
SING_I8WM	I	1	1	16.7%	accessory	I8WM	194	194	194	194.0	1.000	0.0
SING_I8YE	I	1	1	16.7%	accessory	I8YE	245	245	245	245.0	1.000	0.0
FAM_I748	I	6	6	100.0%	core	I2V1	105	103	105	104.2	0.667	0.6
FAM_I749	I	6	6	100.0%	core	I2MW	151	151	151	151.0	0.500	0.0
SING_I99Y	I	1	1	16.7%	accessory	I99Y	219	219	219	219.0	1.000	0.0
SING_I9AE	I	1	1	16.7%	accessory	I9AE	187	187	187	187.0	1.000	0.0
SING_I9EU	I	1	1	16.7%	accessory	I9EU	66	66	66	66.0	1.000	0.0
FAM_I750	I	6	6	100.0%	core	I2A7	134	134	134	134.0	0.333	0.0
FAM_I751	I	4	4	66.7%	accessory	I4SN	464	464	464	464.0	1.000	0.0
SING_I9LI	I	1	1	16.7%	accessory	I9LI	53	53	53	53.0	1.000	0.0
FAM_I752	I	6	6	100.0%	core	I23F	152	152	152	152.0	0.500	0.0
FAM_I753	I	6	6	100.0%	core	I230	105	93	105	101.0	0.667	38.4
SING_I9QU	I	1	1	16.7%	accessory	I9QU	63	63	63	63.0	1.000	0.0
SING_I9UU	I	1	1	16.7%	accessory	I9UU	126	126	126	126.0	1.000	0.0
FAM_I754	I	5	5	83.3%	accessory	I1J1	52	52	52	52.0	0.800	0.0
FAM_I755	I	6	6	100.0%	core	I1HN	231	231	231	231.0	0.833	0.0
FAM_I756	I	5	5	83.3%	accessory	I1GU	314	135	693	318.2	0.800	51908.7
FAM_I757	I	6	6	100.0%	core	I1GE	149	149	149	149.0	0.333	0.0
FAM_I758	I	3	3	50.0%	accessory	I1FZ	56	56	56	56.0	1.000	0.0
FAM_I759	I	6	6	100.0%	core	I1FI	378	378	378	378.0	0.667	0.0
FAM_I760	I	6	6	100.0%	core	I18O	163	133	163	158.0	0.667	150.0
SING_IANA	I	1	1	16.7%	accessory	IANA	52	52	52	52.0	1.000	0.0
FAM_I761	I	6	6	100.0%	core	I32O	59	59	59	59.0	0.333	0.0
SING_IAS6	I	1	1	16.7%	accessory	IAS6	50	50	50	50.0	1.000	0.0
FAM_I762	I	8	6	100.0%	core	I2Z1	710	235	852	637.2	0.750	64680.8
SING_IAZQ	I	1	1	16.7%	accessory	IAZQ	177	177	177	177.0	1.000	0.0
FAM_I763	I	4	4	66.7%	accessory	I54E	57	55	82	69.0	1.000	226.0
SING_IB6U	I	1	1	16.7%	accessory	IB6U	277	277	277	277.0	1.000	0.0
FAM_I764	I	3	2	33.3%	accessory	I5B2	95	95	95	95.0	0.667	0.0
FAM_I765	I	4	2	33.3%	accessory	I2NX	81	81	81	81.0	1.000	0.0
FAM_I766	I	5	5	83.3%	accessory	I2W6	250	205	250	232.0	0.800	607.5
FAM_I767	I	6	6	100.0%	core	I2YE	77	77	77	77.0	0.667	0.0
FAM_I768	I	6	6	100.0%	core	I2YU	66	66	66	66.0	0.500	0.0
FAM_I769	I	23	6	100.0%	core	I2BY	204	204	750	638.8	0.733	32600.9
FAM_I770	I	6	6	100.0%	core	I30M	145	145	146	145.2	0.833	0.2
FAM_I771	I	6	6	100.0%	core	I120	213	213	213	213.0	0.667	0.0
FAM_I772	I	6	6	100.0%	core	I13I	96	96	96	96.0	0.667	0.0
FAM_I773	I	6	6	100.0%	core	I15Z	152	152	152	152.0	0.833	0.0
FAM_I774	I	6	6	100.0%	core	I17T	314	314	314	314.0	0.833	0.0
FAM_I775	I	6	6	100.0%	core	I19J	175	175	175	175.0	0.667	0.0
FAM_I776	I	6	6	100.0%	core	I1D2	227	227	232	228.3	0.833	3.5
FAM_I777	I	6	6	100.0%	core	I1DK	193	193	193	193.0	0.500	0.0
FAM_I778	I	4	4	66.7%	accessory	I1E0	108	108	108	108.0	0.750	0.0
FAM_I779	I	6	6	100.0%	core	I1GA	423	423	423	423.0	0.833	0.0
FAM_I780	I	6	6	100.0%	core	I1HJ	447	447	447	447.0	0.833	0.0
FAM_I781	I	4	4	66.7%	accessory	I3NQ	107	107	107	107.0	0.750	0.0
FAM_I782	I	6	6	100.0%	core	I1JD	171	171	171	171.0	0.833	0.0
FAM_I783	I	6	6	100.0%	core	I1MX	193	193	193	193.0	0.667	0.0
FAM_I784	I	3	3	50.0%	accessory	I3UE	329	329	329	329.0	0.667	0.0
FAM_I785	I	5	5	83.3%	accessory	I1PJ	317	317	318	317.4	0.800	0.3
FAM_I786	I	4	4	66.7%	accessory	I1PZ	153	153	153	153.0	0.750	0.0
FAM_I787	I	6	6	100.0%	core	I1QW	180	180	180	180.0	0.667	0.0
FAM_I788	I	6	6	100.0%	core	I1RC	110	110	110	110.0	0.833	0.0
FAM_I789	I	2	2	33.3%	accessory	IB2V	57	57	57	57.0	1.000	0.0
FAM_I790	I	6	6	100.0%	core	I2M8	67	67	67	67.0	0.500	0.0
FAM_I791	I	3	3	50.0%	accessory	I4H4	468	437	468	456.3	1.000	284.3
FAM_I792	I	6	6	100.0%	core	I26X	380	380	380	380.0	0.667	0.0
FAM_I793	I	6	6	100.0%	core	I24S	107	107	107	107.0	0.833	0.0
SING_IBK7	I	1	1	16.7%	accessory	IBK7	76	76	76	76.0	1.000	0.0
SING_IBPJ	I	1	1	16.7%	accessory	IBPJ	123	123	123	123.0	1.000	0.0
SING_IBPZ	I	1	1	16.7%	accessory	IBPZ	246	246	246	246.0	1.000	0.0
FAM_I794	I	6	6	100.0%	core	I1RW	116	116	116	116.0	0.667	0.0
FAM_I795	I	6	6	100.0%	core	I1RG	324	324	324	324.0	0.833	0.0
FAM_I796	I	6	6	100.0%	core	I1QZ	236	236	236	236.0	0.833	0.0
FAM_I797	I	6	6	100.0%	core	I1Q3	115	115	115	115.0	0.833	0.0
FAM_I798	I	5	5	83.3%	accessory	I1PN	82	82	82	82.0	0.800	0.0
FAM_I799	I	6	6	100.0%	core	I1NT	328	328	328	328.0	0.833	0.0
FAM_I800	I	4	4	66.7%	accessory	I31T	109	109	390	212.0	0.750	17895.3
FAM_I801	I	2	2	33.3%	accessory	I36A	71	71	71	71.0	0.500	0.0
FAM_I802	I	2	2	33.3%	accessory	I39U	78	78	78	78.0	0.500	0.0
FAM_I803	I	2	2	33.3%	accessory	I3C2	233	233	233	233.0	0.500	0.0
FAM_I804	I	2	2	33.3%	accessory	I3F6	607	607	607	607.0	0.500	0.0
FAM_I805	I	2	2	33.3%	accessory	I3VB	69	69	69	69.0	1.000	0.0
FAM_I806	I	2	2	33.3%	accessory	I3KZ	66	66	66	66.0	0.500	0.0
FAM_I807	I	2	2	33.3%	accessory	I3N9	64	64	64	64.0	0.500	0.0
FAM_I808	I	2	2	33.3%	accessory	I3PH	83	83	83	83.0	0.500	0.0
FAM_I809	I	2	2	33.3%	accessory	I3PX	147	147	147	147.0	0.500	0.0
FAM_I810	I	6	6	100.0%	core	I1KQ	313	211	313	268.0	0.833	2602.8
FAM_I811	I	2	2	33.3%	accessory	I3TX	52	52	52	52.0	0.500	0.0
FAM_I812	I	4	4	66.7%	accessory	I3VO	347	347	347	347.0	0.750	0.0
FAM_I813	I	2	2	33.3%	accessory	I3YS	134	134	134	134.0	0.500	0.0
FAM_I814	I	2	2	33.3%	accessory	I404	151	151	151	151.0	0.500	0.0
FAM_I815	I	2	2	33.3%	accessory	I410	96	96	96	96.0	0.500	0.0
FAM_I816	I	2	2	33.3%	accessory	I18P	56	56	56	56.0	1.000	0.0
FAM_I817	I	6	6	100.0%	core	I1AH	132	108	132	116.0	0.833	153.6
FAM_I818	I	6	6	100.0%	core	I1BD	133	133	133	133.0	0.833	0.0
FAM_I819	I	6	6	100.0%	core	I1C9	166	166	166	166.0	0.833	0.0
SING_I1FT	I	1	1	16.7%	accessory	I1FT	267	267	267	267.0	1.000	0.0
FAM_I820	I	6	6	100.0%	core	I1S9	88	88	88	88.0	0.833	0.0
FAM_I821	I	5	5	83.3%	accessory	I1T5	55	53	55	54.2	0.800	0.7
FAM_I822	I	5	4	66.7%	accessory	I1TL	198	198	261	233.3	1.000	1036.3
FAM_I823	I	2	2	33.3%	accessory	I1XL	280	280	280	280.0	0.500	0.0
FAM_I824	I	2	2	33.3%	accessory	I1YX	75	75	75	75.0	0.500	0.0
FAM_I825	I	2	2	33.3%	accessory	I1ZT	132	132	132	132.0	0.500	0.0
FAM_I826	I	3	3	50.0%	accessory	I23T	102	102	102	102.0	0.667	0.0
FAM_I827	I	3	3	50.0%	accessory	I2D5	117	117	117	117.0	0.667	0.0
FAM_I828	I	2	2	33.3%	accessory	I2DL	139	139	139	139.0	0.500	0.0
FAM_I829	I	2	2	33.3%	accessory	I2E1	148	148	148	148.0	0.500	0.0
FAM_I830	I	2	2	33.3%	accessory	I2EX	424	424	424	424.0	0.500	0.0
FAM_I831	I	2	2	33.3%	accessory	I2FD	564	564	564	564.0	0.500	0.0
FAM_I832	I	2	2	33.3%	accessory	I2FT	328	328	328	328.0	0.500	0.0
FAM_I833	I	3	2	33.3%	accessory	I4I4	N/A	N/A	N/A	N/A	N/A	N/A
FAM_I834	I	3	3	50.0%	accessory	I3NV	225	225	225	225.0	0.667	0.0
FAM_I835	I	2	2	33.3%	accessory	I3P7	142	142	142	142.0	0.500	0.0
FAM_I836	I	2	2	33.3%	accessory	I3PN	393	393	393	393.0	0.500	0.0
FAM_I837	I	2	2	33.3%	accessory	I3T7	90	90	90	90.0	0.500	0.0
FAM_I838	I	3	3	50.0%	accessory	I40A	223	223	223	223.0	0.667	0.0
FAM_I839	I	2	2	33.3%	accessory	I416	228	228	228	228.0	0.500	0.0
FAM_I840	I	2	2	33.3%	accessory	I1ZL	127	127	127	127.0	0.500	0.0
FAM_I841	I	3	3	50.0%	accessory	I201	417	417	417	417.0	0.667	0.0
FAM_I842	I	3	3	50.0%	accessory	I274	81	80	81	80.7	0.667	0.3
FAM_I843	I	13	5	83.3%	accessory	I2BK	93	92	95	92.6	0.615	1.3
FAM_I844	I	6	2	33.3%	accessory	I2C0	465	463	465	464.0	0.667	0.8
FAM_I845	I	6	6	100.0%	core	I2HC	155	57	155	89.7	0.833	2561.1
FAM_I846	I	6	6	100.0%	core	I2JK	95	94	95	94.3	0.667	0.3
FAM_I847	I	6	6	100.0%	core	I20I	225	225	226	225.3	0.833	0.3
FAM_I848	I	3	3	50.0%	accessory	I30Y	74	74	74	74.0	0.667	0.0
FAM_I849	I	6	6	100.0%	core	I1BM	482	482	482	482.0	0.833	0.0
FAM_I850	I	6	6	100.0%	core	I1B6	253	253	253	253.0	0.500	0.0
SING_I5FM	I	1	1	16.7%	accessory	I5FM	N/A	N/A	N/A	N/A	N/A	N/A
FAM_I851	I	6	6	100.0%	core	I1VM	69	69	69	69.0	0.667	0.0
FAM_I852	I	6	6	100.0%	core	I1V6	51	51	51	51.0	0.333	0.0
FAM_I853	I	4	4	66.7%	accessory	I1QA	126	126	126	126.0	0.750	0.0
FAM_I854	I	6	6	100.0%	core	I2QQ	176	176	176	176.0	0.500	0.0
FAM_I855	I	6	6	100.0%	core	I2PU	56	56	56	56.0	0.500	0.0
FAM_I856	I	4	4	66.7%	accessory	I2PE	122	59	122	90.5	1.000	1323.0
FAM_I857	I	5	5	83.3%	accessory	I2OY	197	197	198	197.2	0.600	0.2
FAM_I858	I	5	5	83.3%	accessory	I2OI	340	340	374	346.8	1.000	231.2
FAM_I859	I	6	6	100.0%	core	I2O2	110	110	110	110.0	1.000	0.0
FAM_I860	I	6	6	100.0%	core	I2UK	100	100	100	100.0	0.333	0.0
FAM_I861	I	9	2	33.3%	accessory	I2HV	289	288	289	288.9	0.333	0.1
FAM_I862	I	6	6	100.0%	core	I2KJ	52	52	52	52.0	0.833	0.0
FAM_I863	I	6	6	100.0%	core	I1K4	377	377	377	377.0	0.667	0.0
FAM_I864	I	6	6	100.0%	core	I1FK	227	227	227	227.0	0.500	0.0
FAM_I865	I	6	6	100.0%	core	I1EN	96	96	96	96.0	0.333	0.0
FAM_I866	I	6	6	100.0%	core	I17M	185	185	185	185.0	0.833	0.0
FAM_I867	I	6	6	100.0%	core	I1UP	377	292	377	348.2	0.833	1893.0
FAM_I868	I	6	6	100.0%	core	I1MD	58	58	58	58.0	0.500	0.0
FAM_I869	I	8	6	100.0%	core	I136	N/A	N/A	N/A	N/A	N/A	N/A
FAM_I870	I	6	6	100.0%	core	I1JV	137	137	137	137.0	0.333	0.0
FAM_I871	I	6	6	100.0%	core	I1HR	120	120	120	120.0	0.333	0.0
FAM_I872	I	6	6	100.0%	core	I1GI	220	220	220	220.0	0.833	0.0
FAM_I873	I	6	6	100.0%	core	I1FM	456	437	456	443.7	0.833	91.9
FAM_I874	I	5	4	66.7%	accessory	I1F6	151	118	151	136.0	0.800	211.5
FAM_I875	I	6	6	100.0%	core	I1EQ	220	220	220	220.0	0.500	0.0
FAM_I876	I	6	6	100.0%	core	I1DW	65	65	65	65.0	0.667	0.0
FAM_I877	I	6	6	100.0%	core	I1DG	121	121	121	121.0	0.333	0.0
FAM_I878	I	5	5	83.3%	accessory	I1BN	129	129	129	129.0	0.800	0.0
FAM_I879	I	6	6	100.0%	core	I19O	397	397	398	397.3	0.833	0.3
FAM_I880	I	6	6	100.0%	core	I18S	447	447	447	447.0	0.833	0.0
FAM_I881	I	6	6	100.0%	core	I16M	315	315	315	315.0	0.833	0.0
FAM_I882	I	6	6	100.0%	core	I15Q	127	127	128	127.2	0.500	0.2
FAM_I883	I	12	6	100.0%	core	I11U	303	157	303	184.8	0.833	3057.2
FAM_I884	I	6	6	100.0%	core	I102	89	89	89	89.0	0.500	0.0
FAM_I885	I	6	6	100.0%	core	I351	93	93	93	93.0	0.667	0.0
FAM_I886	I	4	4	66.7%	accessory	I4NP	195	195	195	195.0	1.000	0.0
FAM_I887	I	7	6	100.0%	core	I315	1215	169	1215	843.7	0.857	158607.6
FAM_I888	I	4	4	66.7%	accessory	I2XG	176	176	176	176.0	0.750	0.0
FAM_I889	I	6	6	100.0%	core	I2V0	182	182	182	182.0	0.833	0.0
FAM_I890	I	6	6	100.0%	core	I2U4	388	213	388	358.8	0.833	5104.2
FAM_I891	I	6	6	100.0%	core	I2TO	165	165	165	165.0	0.500	0.0
FAM_I892	I	6	6	100.0%	core	I1OV	199	199	199	199.0	0.833	0.0
FAM_I893	I	12	6	100.0%	core	I1NY	87	87	225	154.0	0.667	3271.1
FAM_I894	I	6	6	100.0%	core	I1E	100	100	100	100.0	0.333	0.0
FAM_I895	I	6	6	100.0%	core	I1ZF	260	260	260	260.0	0.333	0.0
FAM_I896	I	6	6	100.0%	core	I21S	100	100	100	100.0	0.500	0.0
FAM_I897	I	6	6	100.0%	core	I246	77	77	77	77.0	0.667	0.0
SING_I8I	I	1	1	16.7%	accessory	I8I	322	322	322	322.0	1.000	0.0
FAM_I898	I	6	6	100.0%	core	I251	215	214	215	214.8	0.833	0.2
FAM_I899	I	5	5	83.3%	accessory	I25Y	101	101	101	101.0	0.400	0.0
FAM_I900	I	6	6	100.0%	core	I26E	83	83	83	83.0	0.667	0.0
FAM_I901	I	6	6	100.0%	core	I28A	86	86	86	86.0	0.500	0.0
FAM_I902	I	6	6	100.0%	core	I29A	110	110	110	110.0	0.500	0.0
FAM_I903	I	6	6	100.0%	core	I29R	217	217	217	217.0	0.500	0.0
FAM_I904	I	6	6	100.0%	core	I2AO	206	205	207	206.2	0.833	0.6
FAM_I905	I	6	6	100.0%	core	I2GR	194	94	195	177.7	0.833	1680.3
FAM_I906	I	2	2	33.3%	accessory	I4H5	202	174	202	188.0	1.000	392.0
FAM_I907	I	6	6	100.0%	core	I2J8	519	519	519	519.0	0.833	0.0
FAM_I908	I	6	6	100.0%	core	I2K3	269	269	269	269.0	0.833	0.0
FAM_I909	I	6	6	100.0%	core	I2LW	209	209	209	209.0	0.667	0.0
FAM_I910	I	6	6	100.0%	core	I2MD	312	312	312	312.0	0.833	0.0
FAM_I911	I	3	3	50.0%	accessory	I519	70	70	70	70.0	1.000	0.0
FAM_I912	I	4	4	66.7%	accessory	I2N7	101	101	101	101.0	0.500	0.0
FAM_I913	I	6	6	100.0%	core	I2OA	200	200	200	200.0	1.000	0.0
FAM_I914	I	6	6	100.0%	core	I2OQ	91	91	91	91.0	0.667	0.0
FAM_I915	I	6	6	100.0%	core	I2PO	55	55	189	80.2	1.000	2889.0
FAM_I916	I	5	5	83.3%	accessory	I2QN	275	275	365	293.0	1.000	1620.0
FAM_I917	I	6	6	100.0%	core	I2SL	134	134	134	134.0	0.333	0.0
FAM_I918	I	6	6	100.0%	core	I2SZ	111	111	111	111.0	0.667	0.0
FAM_I919	I	6	6	100.0%	core	I2TG	102	102	102	102.0	0.833	0.0
FAM_I920	I	6	6	100.0%	core	I2TW	63	63	63	63.0	0.500	0.0
FAM_I921	I	6	6	100.0%	core	I2UC	56	56	56	56.0	0.833	0.0
FAM_I922	I	6	6	100.0%	core	I2UR	52	52	52	52.0	0.667	0.0
FAM_I923	I	6	6	100.0%	core	I2V7	202	202	202	202.0	0.667	0.0
FAM_I924	I	6	6	100.0%	core	I2JR	546	318	546	394.3	0.833	13801.9
FAM_I925	I	7	3	50.0%	accessory	I2L3	149	149	268	166.0	0.429	2023.0
FAM_I926	I	2	2	33.3%	accessory	I2LI	473	473	473	473.0	0.500	0.0
SING_I87Q	I	1	1	16.7%	accessory	I87Q	202	202	202	202.0	1.000	0.0
SING_I886	I	1	1	16.7%	accessory	I886	135	135	135	135.0	1.000	0.0
FAM_I927	I	6	6	100.0%	core	I1EZ	104	104	104	104.0	0.333	0.0
FAM_I928	I	3	3	50.0%	accessory	I3JS	72	72	72	72.0	0.667	0.0
FAM_I929	I	6	6	100.0%	core	I1AX	63	63	63	63.0	0.333	0.0
SING_I8IE	I	1	1	16.7%	accessory	I8IE	91	91	91	91.0	1.000	0.0
SING_I8IU	I	1	1	16.7%	accessory	I8IU	326	326	326	326.0	1.000	0.0
FAM_I930	I	6	6	100.0%	core	I17V	254	254	254	254.0	0.833	0.0
SING_I8NQ	I	1	1	16.7%	accessory	I8NQ	54	54	54	54.0	1.000	0.0
FAM_I931	I	6	6	100.0%	core	I12O	212	212	212	212.0	0.833	0.0
SING_I8RQ	I	1	1	16.7%	accessory	I8RQ	80	80	80	80.0	1.000	0.0
SING_I43A	I	1	1	16.7%	accessory	I43A	75	75	75	75.0	1.000	0.0
FAM_I932	I	6	6	100.0%	core	I1DL	153	153	153	153.0	0.333	0.0
FAM_I933	I	6	6	100.0%	core	I188	414	413	415	414.0	0.833	0.8
SING_I4HI	I	1	1	16.7%	accessory	I4HI	87	87	87	87.0	1.000	0.0
FAM_I934	I	4	4	66.7%	accessory	I11J	251	251	251	251.0	0.750	0.0
SING_I4LI	I	1	1	16.7%	accessory	I4LI	108	108	108	108.0	1.000	0.0
FAM_I935	I	6	6	100.0%	core	I31G	333	162	333	249.0	0.833	4773.6
FAM_I936	I	6	6	100.0%	core	I312	N/A	N/A	N/A	N/A	N/A	N/A
SING_I4QE	I	1	1	16.7%	accessory	I4QE	142	142	142	142.0	1.000	0.0
FAM_I937	I	3	2	33.3%	accessory	I4QU	90	90	93	92.0	1.000	3.0
FAM_I938	I	11	6	100.0%	core	I2TJ	92	50	371	98.3	0.727	8622.8
SING_I52E	I	1	1	16.7%	accessory	I52E	157	157	157	157.0	1.000	0.0
FAM_I939	I	6	6	100.0%	core	I2JX	151	119	151	145.7	0.500	170.7
SING_I552	I	1	1	16.7%	accessory	I552	50	50	50	50.0	1.000	0.0
FAM_I940	I	6	6	100.0%	core	I28E	135	135	136	135.7	0.833	0.3
FAM_I941	I	6	6	100.0%	core	I2JC	91	91	91	91.0	0.500	0.0
FAM_I942	I	6	6	100.0%	core	I2K7	392	392	515	433.0	0.833	4034.4
SING_IL2	I	1	1	16.7%	accessory	IL2	123	123	123	123.0	1.000	0.0
FAM_I943	I	2	2	33.3%	accessory	IB2W	379	235	379	307.0	1.000	10368.0
FAM_I944	I	6	6	100.0%	core	I2Q9	196	196	206	199.3	1.000	26.7
SING_IOM	I	1	1	16.7%	accessory	IOM	83	83	83	83.0	1.000	0.0
FAM_I945	I	6	6	100.0%	core	I2WA	138	138	139	138.2	0.667	0.2
FAM_I946	I	6	6	100.0%	core	I2XK	126	126	126	126.0	0.833	0.0
FAM_I947	I	7	6	100.0%	core	I106	N/A	N/A	N/A	N/A	N/A	N/A
FAM_I948	I	6	6	100.0%	core	I11I	920	764	920	820.0	0.833	6020.4
FAM_I949	I	6	6	100.0%	core	I17Q	584	584	585	584.5	0.833	0.3
FAM_I950	I	6	6	100.0%	core	I18M	242	242	242	242.0	0.833	0.0
FAM_I951	I	6	6	100.0%	core	I1AU	268	268	269	268.2	0.833	0.2
FAM_I952	I	6	6	100.0%	core	I1BA	218	218	218	218.0	0.833	0.0
FAM_I953	I	6	6	100.0%	core	I1BQ	95	95	96	95.2	0.833	0.2
FAM_I954	I	7	6	100.0%	core	I1C6	248	248	248	248.0	0.857	0.0
FAM_I955	I	2	2	33.3%	accessory	I3WY	113	113	113	113.0	0.500	0.0
FAM_I956	I	2	2	33.3%	accessory	I402	192	192	192	192.0	0.500	0.0
FAM_I957	I	8	6	100.0%	core	I16	N/A	N/A	N/A	N/A	N/A	N/A
FAM_I958	I	6	6	100.0%	core	I20P	128	128	134	129.0	0.833	6.0
FAM_I959	I	4	4	66.7%	accessory	I21L	106	106	106	106.0	0.750	0.0
FAM_I960	I	6	6	100.0%	core	I26W	205	205	205	205.0	0.833	0.0
FAM_I961	I	6	6	100.0%	core	I27C	165	157	166	162.5	0.833	18.3
FAM_I962	I	6	6	100.0%	core	I29K	87	87	87	87.0	0.667	0.0
FAM_I963	I	9	6	100.0%	core	I2EG	N/A	N/A	N/A	N/A	N/A	N/A
FAM_I964	I	6	6	100.0%	core	I2H4	399	398	399	398.8	0.833	0.2
FAM_I965	I	7	2	33.3%	accessory	I2I0	52	51	52	51.6	0.429	0.3
FAM_I966	I	6	6	100.0%	core	I2JS	334	227	334	262.7	0.667	3053.1
FAM_I967	I	2	2	33.3%	accessory	I2LJ	65	65	65	65.0	0.500	0.0
SING_I86V	I	1	1	16.7%	accessory	I86V	72	72	72	72.0	1.000	0.0
FAM_I968	I	2	2	33.3%	accessory	I429	59	59	59	59.0	1.000	0.0
SING_I87R	I	1	1	16.7%	accessory	I87R	248	248	248	248.0	1.000	0.0
SING_I887	I	1	1	16.7%	accessory	I887	259	259	259	259.0	1.000	0.0
FAM_I969	I	6	6	100.0%	core	I1I0	152	152	152	152.0	0.500	0.0
FAM_I970	I	6	6	100.0%	core	I1FX	272	272	272	272.0	0.500	0.0
FAM_I971	I	6	6	100.0%	core	I1FG	64	64	64	64.0	0.500	0.0
FAM_I972	I	4	3	50.0%	accessory	I2P6	N/A	N/A	N/A	N/A	N/A	N/A
SING_I5PK	I	1	1	16.7%	accessory	I5PK	N/A	N/A	N/A	N/A	N/A	N/A
FAM_I973	I	6	6	100.0%	core	I23E	69	69	69	69.0	0.500	0.0
FAM_I974	I	6	6	100.0%	core	I1EX	N/A	N/A	N/A	N/A	N/A	N/A
FAM_I975	I	6	6	100.0%	core	I1BC	62	62	62	62.0	0.500	0.0
FAM_I976	I	5	5	83.3%	accessory	I1UF	478	184	478	412.0	0.800	16272.0
FAM_I977	I	5	5	83.3%	accessory	I1GS	261	261	261	261.0	0.800	0.0
SING_IB60	I	1	1	16.7%	accessory	IB60	133	133	133	133.0	1.000	0.0
FAM_I978	I	4	4	66.7%	accessory	I257	146	146	146	146.0	0.750	0.0
FAM_I979	I	6	6	100.0%	core	I1QY	118	118	118	118.0	0.667	0.0
FAM_I980	I	4	4	66.7%	accessory	I1NS	348	348	348	348.0	0.750	0.0
FAM_I981	I	6	6	100.0%	core	I1Z5	434	155	434	283.8	0.833	16465.4
SING_I3S	I	1	1	16.7%	accessory	I3S	115	115	115	115.0	1.000	0.0
SING_I48	I	1	1	16.7%	accessory	I48	226	226	226	226.0	1.000	0.0
FAM_I982	I	3	3	50.0%	accessory	I5K	159	159	560	426.3	1.000	53600.3
FAM_I983	I	15	6	100.0%	core	I264	396	77	454	318.2	0.833	11734.9
SING_IAW	I	1	1	16.7%	accessory	IAW	481	481	481	481.0	1.000	0.0
FAM_I984	I	4	4	66.7%	accessory	I54N	204	204	204	204.0	1.000	0.0
FAM_I985	I	2	2	33.3%	accessory	IB2U	247	247	247	247.0	1.000	0.0
FAM_I986	I	6	6	100.0%	core	I300	101	101	101	101.0	0.833	0.0
FAM_I987	I	6	6	100.0%	core	I1AG	137	137	137	137.0	0.833	0.0
FAM_I988	I	6	6	100.0%	core	I1AW	241	241	241	241.0	0.667	0.0
FAM_I989	I	6	6	100.0%	core	I1BS	293	281	293	288.5	0.833	30.3
FAM_I990	I	6	6	100.0%	core	I1C8	350	348	350	349.7	0.833	0.7
FAM_I991	I	6	6	100.0%	core	I1CO	246	246	246	246.0	0.667	0.0
FAM_I992	I	3	3	50.0%	accessory	I1GO	104	104	104	104.0	1.000	0.0
FAM_I993	I	6	6	100.0%	core	I1P4	594	384	594	549.7	0.833	7088.7
FAM_I994	I	5	5	83.3%	accessory	I1QG	524	105	524	272.6	0.800	52668.3
FAM_I995	I	6	6	100.0%	core	I1S8	107	107	107	107.0	0.667	0.0
FAM_I996	I	3	2	33.3%	accessory	I1TK	220	95	220	178.3	1.000	5208.3
FAM_I997	I	13	6	100.0%	core	I1N9	319	191	342	277.3	0.846	2855.4
FAM_I998	I	3	3	50.0%	accessory	I1WO	155	155	229	179.7	0.667	1825.3
FAM_I999	I	2	2	33.3%	accessory	I1XK	86	86	86	86.0	0.500	0.0
FAM_I1000	I	2	2	33.3%	accessory	I21K	302	302	302	302.0	0.500	0.0
FAM_I1001	I	2	2	33.3%	accessory	I2BS	365	365	365	365.0	0.500	0.0
FAM_I1002	I	2	2	33.3%	accessory	I2D4	501	501	501	501.0	0.500	0.0
FAM_I1003	I	2	2	33.3%	accessory	I2DK	55	55	55	55.0	0.500	0.0
FAM_I1004	I	2	2	33.3%	accessory	I2FC	88	88	88	88.0	0.500	0.0
FAM_I1005	I	2	2	33.3%	accessory	I2FS	213	213	213	213.0	0.500	0.0
FAM_I1006	I	4	2	33.3%	accessory	I2CA	133	133	133	133.0	0.500	0.0
FAM_I1007	I	5	5	83.3%	accessory	I2O8	170	170	170	170.0	1.000	0.0
FAM_I1008	I	6	6	100.0%	core	I2WO	377	376	377	376.3	0.833	0.3
FAM_I1009	I	6	6	100.0%	core	I17C	191	191	191	191.0	0.667	0.0
FAM_I1010	I	2	2	33.3%	accessory	I4R9	805	805	805	805.0	1.000	0.0
FAM_I1011	I	6	6	100.0%	core	I2PR	130	130	130	130.0	1.000	0.0
FAM_I1012	I	4	4	66.7%	accessory	I2XA	N/A	N/A	N/A	N/A	N/A	N/A
FAM_I1013	I	6	6	100.0%	core	I1SW	418	227	418	386.2	0.833	6080.2
FAM_I1014	I	6	6	100.0%	core	I1JC	216	216	216	216.0	0.333	0.0
FAM_I1015	I	6	6	100.0%	core	I28U	352	352	352	352.0	0.667	0.0
FAM_I1016	I	5	5	83.3%	accessory	I1PQ	501	222	501	380.0	0.800	14443.5
FAM_I1017	I	6	6	100.0%	core	I13Q	57	57	57	57.0	0.333	0.0
FAM_I1018	I	6	6	100.0%	core	I11R	104	104	104	104.0	0.833	0.0
FAM_I1019	I	5	3	50.0%	accessory	I96T	316	316	316	316.0	0.400	0.0
FAM_I1020	I	34	6	100.0%	core	I12P	137	105	137	131.0	0.875	123.4
FAM_I1021	I	6	6	100.0%	core	I249	168	168	169	168.3	0.833	0.3
FAM_I1022	I	6	6	100.0%	core	I22U	244	244	254	246.2	0.667	15.0
FAM_I1023	I	6	6	100.0%	core	I1L	87	87	87	87.0	0.333	0.0
SING_IL	I	1	1	16.7%	accessory	IL	85	85	85	85.0	1.000	0.0
FAM_I1024	I	6	6	100.0%	core	I1Z2	180	153	180	171.0	0.667	194.4
FAM_I1025	I	6	3	50.0%	accessory	I3P	113	88	585	224.8	1.000	57818.9
SING_I45	I	1	1	16.7%	accessory	I45	148	148	148	148.0	1.000	0.0
FAM_I1026	I	4	4	66.7%	accessory	I2IN	244	244	254	249.0	0.750	33.3
FAM_I1027	I	6	6	100.0%	core	I254	180	180	180	180.0	0.833	0.0
FAM_I1028	I	6	6	100.0%	core	I25K	53	53	53	53.0	0.500	0.0
FAM_I1029	I	6	6	100.0%	core	I262	117	117	117	117.0	0.833	0.0
FAM_I1030	I	6	6	100.0%	core	I26H	70	70	70	70.0	0.667	0.0
FAM_I1031	I	6	6	100.0%	core	I28D	396	396	396	396.0	0.833	0.0
FAM_I1032	I	6	6	100.0%	core	I2E5	586	586	589	586.7	0.833	1.5
FAM_I1033	I	6	6	100.0%	core	I2GE	114	114	114	114.0	0.333	0.0
FAM_I1034	I	6	6	100.0%	core	I2GU	159	159	159	159.0	0.833	0.0
FAM_I1035	I	6	6	100.0%	core	I2HA	79	79	79	79.0	0.333	0.0
FAM_I1036	I	2	2	33.3%	accessory	IB6P	233	233	233	233.0	1.000	0.0
FAM_I1037	I	12	4	66.7%	accessory	I2BN	564	274	564	370.5	0.600	13934.7
FAM_I1038	I	6	6	100.0%	core	I2P9	N/A	N/A	N/A	N/A	N/A	N/A
FAM_I1039	I	2	2	33.3%	accessory	IAZR	436	384	436	410.0	1.000	1352.0
FAM_I1040	I	8	6	100.0%	core	I2T2	242	242	640	448.5	0.750	42039.7
FAM_I1041	I	6	6	100.0%	core	I2TZ	310	310	310	310.0	0.333	0.0
FAM_I1042	I	6	6	100.0%	core	I2UF	131	131	131	131.0	0.833	0.0
FAM_I1043	I	6	6	100.0%	core	I2UU	105	105	105	105.0	0.333	0.0
FAM_I1044	I	6	6	100.0%	core	I2VA	166	166	166	166.0	0.833	0.0
FAM_I1045	I	6	6	100.0%	core	I2VT	435	435	435	435.0	0.833	0.0
FAM_I1046	I	6	6	100.0%	core	I2W9	81	81	81	81.0	0.500	0.0
FAM_I1047	I	6	6	100.0%	core	I2WP	143	143	143	143.0	0.833	0.0
FAM_I1048	I	6	6	100.0%	core	I2X3	234	234	234	234.0	0.833	0.0
FAM_I1049	I	6	6	100.0%	core	I2XJ	142	142	144	143.3	0.667	1.1
FAM_I1050	I	6	6	100.0%	core	I30U	54	53	54	53.8	0.833	0.2
FAM_I1051	I	6	6	100.0%	core	I31O	261	261	262	261.7	0.833	0.3
FAM_I1052	I	6	6	100.0%	core	I32Y	130	130	238	202.0	0.833	3110.4
FAM_I1053	I	6	6	100.0%	core	I111	73	73	73	73.0	0.333	0.0
FAM_I1054	I	141	6	100.0%	core	I11X	229	60	1022	242.3	0.818	36088.8
FAM_I1055	I	6	6	100.0%	core	I13P	257	102	257	230.8	0.833	3983.8
SING_I151	I	1	1	16.7%	accessory	I151	281	281	281	281.0	1.000	0.0
SING_I185	I	1	1	16.7%	accessory	I185	351	351	351	351.0	1.000	0.0
FAM_I1056	I	6	6	100.0%	core	I18L	111	111	111	111.0	0.333	0.0
FAM_I1057	I	4	4	66.7%	accessory	I1AD	110	110	110	110.0	0.750	0.0
FAM_I1058	I	6	6	100.0%	core	I1B9	306	306	315	307.5	0.833	13.5
FAM_I1059	I	6	6	100.0%	core	I1BP	146	146	146	146.0	0.833	0.0
FAM_I1060	I	5	5	83.3%	accessory	I1C5	54	54	54	54.0	0.800	0.0
FAM_I1061	I	2	2	33.3%	accessory	I1G5	223	94	223	158.5	1.000	8320.5
FAM_I1062	I	6	6	100.0%	core	I1HX	323	254	323	300.0	0.833	1269.6
SING_I1J9	I	1	1	16.7%	accessory	I1J9	70	70	70	70.0	1.000	0.0
FAM_I1063	I	7	6	100.0%	core	I1JP	1023	439	1025	737.3	0.857	51960.6
FAM_I1064	I	6	6	100.0%	core	I1O5	368	368	368	368.0	0.667	0.0
FAM_I1065	I	6	6	100.0%	core	I1P1	524	524	524	524.0	0.833	0.0
FAM_I1066	I	4	4	66.7%	accessory	I1QD	68	68	68	68.0	0.750	0.0
FAM_I1067	I	7	5	83.3%	accessory	I1SL	N/A	N/A	N/A	N/A	N/A	N/A
SING_I1T1	I	1	1	16.7%	accessory	I1T1	55	55	55	55.0	1.000	0.0
FAM_I1068	I	2	2	33.3%	accessory	I1TH	1311	1311	1828	1569.5	1.000	133644.5
SING_I1TX	I	1	1	16.7%	accessory	I1TX	961	961	961	961.0	1.000	0.0
FAM_I1069	I	2	2	33.3%	accessory	I1YD	83	83	83	83.0	0.500	0.0
FAM_I1070	I	2	2	33.3%	accessory	I1YT	90	90	90	90.0	0.500	0.0
FAM_I1071	I	2	2	33.3%	accessory	I26T	138	138	138	138.0	0.500	0.0
FAM_I1072	I	2	2	33.3%	accessory	I285	176	176	176	176.0	0.500	0.0
FAM_I1073	I	2	2	33.3%	accessory	I2BP	206	206	206	206.0	0.500	0.0
FAM_I1074	I	6	4	66.7%	accessory	I2DH	149	149	291	234.0	0.600	6021.0
FAM_I1075	I	2	2	33.3%	accessory	I2ED	1011	1011	1011	1011.0	0.500	0.0
FAM_I1076	I	2	2	33.3%	accessory	I2ET	380	380	380	380.0	0.500	0.0
FAM_I1077	I	2	2	33.3%	accessory	I2FP	368	368	368	368.0	0.500	0.0
FAM_I1078	I	2	2	33.3%	accessory	I2HH	237	237	237	237.0	0.500	0.0
FAM_I1079	I	2	2	33.3%	accessory	I2ID	124	124	124	124.0	0.500	0.0
FAM_I1080	I	2	2	33.3%	accessory	I2JP	164	164	164	164.0	0.500	0.0
FAM_I1081	I	4	4	66.7%	accessory	I2N9	318	318	318	318.0	0.750	0.0
FAM_I1082	I	9	2	33.3%	accessory	I2HY	58	58	68	63.2	0.444	25.4
FAM_I1083	I	6	6	100.0%	core	I2PX	403	401	403	401.7	1.000	1.1
FAM_I1084	I	4	2	33.3%	accessory	I2BW	63	63	261	201.2	1.000	8868.2
FAM_I1085	I	6	6	100.0%	core	I2TX	455	454	455	454.7	0.833	0.3
FAM_I1086	I	4	4	66.7%	accessory	I2YD	265	265	265	265.0	0.750	0.0
FAM_I1087	I	6	6	100.0%	core	I2YT	172	172	172	172.0	0.667	0.0
FAM_I1088	I	6	3	50.0%	accessory	I2C7	57	57	57	57.0	0.500	0.0
FAM_I1089	I	6	6	100.0%	core	I30L	N/A	N/A	N/A	N/A	N/A	N/A
FAM_I1090	I	6	6	100.0%	core	I311	317	317	317	317.0	0.833	0.0
FAM_I1091	I	4	4	66.7%	accessory	I32T	129	129	129	129.0	0.500	0.0
FAM_I1092	I	39	4	66.7%	accessory	I2BY	175	51	623	218.1	0.622	18799.2
FAM_I1093	I	6	6	100.0%	core	I11Z	60	60	60	60.0	0.333	0.0
FAM_I1094	I	6	6	100.0%	core	I12M	145	145	145	145.0	0.500	0.0
FAM_I1095	I	6	6	100.0%	core	I13H	65	65	65	65.0	0.667	0.0
FAM_I1096	I	5	5	83.3%	accessory	I15K	63	63	63	63.0	0.400	0.0
FAM_I1097	I	6	6	100.0%	core	I16H	251	251	251	251.0	0.667	0.0
FAM_I1098	I	6	6	100.0%	core	I16V	227	227	227	227.0	0.833	0.0
FAM_I1099	I	6	6	100.0%	core	I17S	128	128	128	128.0	0.833	0.0
FAM_I1100	I	6	6	100.0%	core	I19I	116	116	116	116.0	0.667	0.0
FAM_I1101	I	6	6	100.0%	core	I1DJ	218	218	219	218.2	0.833	0.2
FAM_I1102	I	6	6	100.0%	core	I1DZ	977	865	977	958.3	0.833	2090.7
FAM_I1103	I	6	6	100.0%	core	I1EW	50	50	50	50.0	0.667	0.0
FAM_I1104	I	6	6	100.0%	core	I1FD	119	119	119	119.0	0.500	0.0
FAM_I1105	I	6	6	100.0%	core	I1IE	77	77	77	77.0	0.667	0.0
FAM_I1106	I	6	6	100.0%	core	I1IW	536	433	536	518.7	0.667	1761.5
FAM_I1107	I	8	5	83.3%	accessory	I2FZ	84	84	92	85.1	0.714	9.1
FAM_I1108	I	37	6	100.0%	core	I11S	357	158	357	232.0	0.786	6985.8
FAM_I1109	I	6	6	100.0%	core	I1M0	261	261	261	261.0	0.833	0.0
FAM_I1110	I	6	6	100.0%	core	I1MG	188	188	188	188.0	0.667	0.0
FAM_I1111	I	4	4	66.7%	accessory	I1MW	147	147	147	147.0	0.750	0.0
FAM_I1112	I	2	2	33.3%	accessory	I3V9	70	70	71	70.5	1.000	0.5
FAM_I1113	I	6	6	100.0%	core	I1PY	151	150	151	150.2	0.667	0.2
FAM_I1114	I	6	6	100.0%	core	I1QV	570	570	570	570.0	0.833	0.0
FAM_I1115	I	6	6	100.0%	core	I1V0	392	392	392	392.0	0.833	0.0
FAM_I1116	I	6	6	100.0%	core	I1HY	228	228	228	228.0	0.667	0.0
FAM_I1117	I	5	5	83.3%	accessory	I1H4	628	626	628	627.0	0.750	1.3
SING_I45X	I	1	1	16.7%	accessory	I45X	374	374	374	374.0	1.000	0.0
FAM_I1118	I	2	2	33.3%	accessory	I485	355	355	356	355.5	1.000	0.5
FAM_I1119	I	6	6	100.0%	core	I1D3	54	54	54	54.0	0.333	0.0
FAM_I1120	I	6	6	100.0%	core	I1CM	179	179	179	179.0	0.333	0.0
FAM_I1121	I	6	6	100.0%	core	I1B3	110	110	110	110.0	0.333	0.0
SING_I4GL	I	1	1	16.7%	accessory	I4GL	52	52	52	52.0	1.000	0.0
SING_I4H1	I	1	1	16.7%	accessory	I4H1	108	108	108	108.0	1.000	0.0
SING_I4HH	I	1	1	16.7%	accessory	I4HH	210	210	210	210.0	1.000	0.0
FAM_I1122	I	4	4	66.7%	accessory	I11K	59	59	60	59.5	0.750	0.3
SING_I4LH	I	1	1	16.7%	accessory	I4LH	371	371	371	371.0	1.000	0.0
SING_I4QD	I	1	1	16.7%	accessory	I4QD	341	341	341	341.0	1.000	0.0
SING_I4RP	I	1	1	16.7%	accessory	I4RP	279	279	279	279.0	1.000	0.0
SING_I511	I	1	1	16.7%	accessory	I511	96	96	96	96.0	1.000	0.0
FAM_I1123	I	6	6	100.0%	core	I2MK	53	53	53	53.0	0.500	0.0
SING_I52D	I	1	1	16.7%	accessory	I52D	66	66	66	66.0	1.000	0.0
SING_I52T	I	1	1	16.7%	accessory	I52T	71	71	71	71.0	1.000	0.0
FAM_I1124	I	6	6	100.0%	core	I2JY	84	84	84	84.0	0.500	0.0
FAM_I1125	I	6	6	100.0%	core	I2JF	145	145	145	145.0	0.333	0.0
SING_I551	I	1	1	16.7%	accessory	I551	90	90	90	90.0	1.000	0.0
SING_I57P	I	1	1	16.7%	accessory	I57P	911	911	911	911.0	1.000	0.0
FAM_I1126	I	6	6	100.0%	core	I27I	154	154	154	154.0	0.667	0.0
SING_I5DH	I	1	1	16.7%	accessory	I5DH	219	219	219	219.0	1.000	0.0
SING_I5F9	I	1	1	16.7%	accessory	I5F9	110	110	110	110.0	1.000	0.0
FAM_I1127	I	6	6	100.0%	core	I23Y	145	145	145	145.0	0.500	0.0
FAM_I1128	I	6	6	100.0%	core	I22M	205	205	205	205.0	0.833	0.0
SING_I5IT	I	1	1	16.7%	accessory	I5IT	124	124	124	124.0	1.000	0.0
FAM_I1129	I	4	3	50.0%	accessory	I2P6	99	99	270	141.8	1.000	7310.2
SING_I5L1	I	1	1	16.7%	accessory	I5L1	361	361	361	361.0	1.000	0.0
SING_I5LH	I	1	1	16.7%	accessory	I5LH	455	455	455	455.0	1.000	0.0
SING_I5O5	I	1	1	16.7%	accessory	I5O5	690	690	690	690.0	1.000	0.0
SING_I5OL	I	1	1	16.7%	accessory	I5OL	74	74	74	74.0	1.000	0.0
SING_I5PH	I	1	1	16.7%	accessory	I5PH	122	122	122	122.0	1.000	0.0
SING_I5PX	I	1	1	16.7%	accessory	I5PX	304	304	304	304.0	1.000	0.0
SING_I5QD	I	1	1	16.7%	accessory	I5QD	50	50	50	50.0	1.000	0.0
FAM_I1130	I	6	6	100.0%	core	I1T2	161	161	161	161.0	0.833	0.0
SING_I5S5	I	1	1	16.7%	accessory	I5S5	142	142	142	142.0	1.000	0.0
SING_I5XH	I	1	1	16.7%	accessory	I5XH	61	61	61	61.0	1.000	0.0
FAM_I1131	I	2	2	33.3%	accessory	I5YD	77	77	77	77.0	0.500	0.0
FAM_I1132	I	6	6	100.0%	core	I2PB	81	81	94	85.3	0.667	45.1
FAM_I1133	I	6	6	100.0%	core	I2OV	386	386	386	386.0	1.000	0.0
FAM_I1134	I	6	6	100.0%	core	I2OF	188	188	188	188.0	1.000	0.0
FAM_I1135	I	6	6	100.0%	core	I2SF	134	134	134	134.0	0.833	0.0
FAM_I1136	I	6	6	100.0%	core	I2U7	226	226	226	226.0	0.667	0.0
FAM_I1137	I	6	6	100.0%	core	I2UN	96	96	96	96.0	0.667	0.0
FAM_I1138	I	6	6	100.0%	core	I319	405	398	482	418.3	0.833	1002.3
FAM_I1139	I	6	6	100.0%	core	I31P	131	131	131	131.0	0.500	0.0
FAM_I1140	I	4	2	33.3%	accessory	I2DE	134	134	137	135.5	0.500	3.0
FAM_I1141	I	6	6	100.0%	core	I33I	154	154	154	154.0	0.500	0.0
FAM_I1142	I	6	6	100.0%	core	I33Y	217	217	217	217.0	0.833	0.0
FAM_I1143	I	3	3	50.0%	accessory	I34E	151	151	151	151.0	0.667	0.0
FAM_I1144	I	6	6	100.0%	core	I34U	54	54	54	54.0	0.833	0.0
FAM_I1145	I	6	6	100.0%	core	I35A	74	74	74	74.0	0.500	0.0
FAM_I1146	I	6	6	100.0%	core	I10B	98	98	98	98.0	0.500	0.0
FAM_I1147	I	6	6	100.0%	core	I117	352	352	352	352.0	0.833	0.0
FAM_I1148	I	6	6	100.0%	core	I14O	158	131	158	149.0	0.667	194.4
FAM_I1149	I	6	6	100.0%	core	I174	556	555	556	555.8	0.833	0.2
FAM_I1150	I	5	5	83.3%	accessory	I18E	102	102	103	102.2	0.600	0.2
FAM_I1151	I	6	6	100.0%	core	I18V	388	388	781	519.3	0.833	41081.9
FAM_I1152	I	6	6	100.0%	core	I1A4	156	156	156	156.0	0.833	0.0
FAM_I1153	I	4	4	66.7%	accessory	I3FY	373	373	373	373.0	0.750	0.0
FAM_I1154	I	6	6	100.0%	core	I1BY	71	71	71	71.0	0.667	0.0
FAM_I1155	I	6	6	100.0%	core	I1CU	89	89	89	89.0	0.667	0.0
FAM_I1156	I	6	6	100.0%	core	I1G3	332	332	333	332.7	0.833	0.3
FAM_I1157	I	2	2	33.3%	accessory	I3PD	197	197	197	197.0	0.500	0.0
FAM_I1158	I	2	2	33.3%	accessory	I3QP	89	89	89	89.0	0.500	0.0
FAM_I1159	I	6	6	100.0%	core	I1Q9	272	272	290	278.3	0.833	82.3
FAM_I1160	I	6	6	100.0%	core	I1UE	115	115	115	115.0	0.667	0.0
FAM_I1161	I	6	6	100.0%	core	I1VR	88	88	88	88.0	0.500	0.0
FAM_I1162	I	6	6	100.0%	core	I15	163	163	371	266.8	0.833	12937.8
FAM_I1163	I	3	3	50.0%	accessory	I1YV	696	696	696	696.0	0.667	0.0
FAM_I1164	I	3	3	50.0%	accessory	I20N	1135	329	1135	866.3	0.667	216545.3
FAM_I1165	I	6	6	100.0%	core	I2G6	120	120	120	120.0	0.667	0.0
FAM_I1166	I	2	2	33.3%	accessory	I2LH	660	660	660	660.0	0.500	0.0
FAM_I1167	I	6	6	100.0%	core	I333	60	60	60	60.0	0.833	0.0
FAM_I1168	I	6	6	100.0%	core	I33Z	75	75	75	75.0	0.500	0.0
FAM_I1169	I	5	5	83.3%	accessory	I34V	64	64	64	64.0	0.600	0.0
FAM_I1170	I	6	6	100.0%	core	I35B	231	231	231	231.0	0.833	0.0
FAM_I1171	I	6	6	100.0%	core	I10C	264	264	274	267.3	0.833	26.7
FAM_I1172	I	6	6	100.0%	core	I118	491	491	491	491.0	0.833	0.0
FAM_I1173	I	9	6	100.0%	core	I14P	175	175	962	511.9	0.889	96389.9
FAM_I1174	I	6	6	100.0%	core	I15U	150	144	256	166.7	1.000	1921.5
FAM_I1175	I	6	6	100.0%	core	I168	105	105	105	105.0	0.833	0.0
FAM_I1176	I	5	5	83.3%	accessory	I18F	321	321	322	321.2	0.800	0.2
FAM_I1177	I	6	6	100.0%	core	I19C	423	423	436	431.5	0.833	43.5
FAM_I1178	I	6	6	100.0%	core	I1A5	190	190	190	190.0	0.833	0.0
FAM_I1179	I	6	6	100.0%	core	I1BJ	282	282	283	282.3	0.833	0.3
SING_I6UE	I	1	1	16.7%	accessory	I6UE	121	121	121	121.0	1.000	0.0
FAM_I1180	I	6	6	100.0%	core	I1CF	72	72	72	72.0	0.500	0.0
FAM_I1181	I	2	2	33.3%	accessory	I3PE	371	371	371	371.0	0.500	0.0
FAM_I1182	I	3	3	50.0%	accessory	I3QQ	424	424	426	424.7	0.667	1.3
FAM_I1183	I	2	2	33.3%	accessory	I3WX	54	54	54	54.0	0.500	0.0
FAM_I1184	I	2	2	33.3%	accessory	I401	1003	1003	1003	1003.0	0.500	0.0
FAM_I1185	I	3	3	50.0%	accessory	I1YW	209	186	209	201.3	0.667	176.3
FAM_I1186	I	2	2	33.3%	accessory	I1ZS	933	933	933	933.0	0.500	0.0
FAM_I1187	I	3	3	50.0%	accessory	I23S	337	337	337	337.0	0.667	0.0
FAM_I1188	I	6	6	100.0%	core	I248	100	99	100	99.3	0.667	0.3
FAM_I1189	I	2	2	33.3%	accessory	I2IG	856	856	856	856.0	0.500	0.0
FAM_I1190	I	2	2	33.3%	accessory	I2EJ	820	820	820	820.0	0.500	0.0
FAM_I1191	I	7	2	33.3%	accessory	I2DV	N/A	N/A	N/A	N/A	N/A	N/A
SING_ILP	I	1	1	16.7%	accessory	ILP	180	180	180	180.0	1.000	0.0
FAM_I1192	I	2	2	33.3%	accessory	IAON	208	208	208	208.0	1.000	0.0
FAM_I1193	I	3	3	50.0%	accessory	I10T	65	65	125	85.0	1.000	1200.0
SING_I125	I	1	1	16.7%	accessory	I125	474	474	474	474.0	1.000	0.0
SING_I14T	I	1	1	16.7%	accessory	I14T	152	152	152	152.0	1.000	0.0
FAM_I1194	I	3	3	50.0%	accessory	I19P	329	329	456	371.3	1.000	5376.3
FAM_I1195	I	3	3	50.0%	accessory	I1IL	117	117	117	117.0	1.000	0.0
SING_I1UL	I	1	1	16.7%	accessory	I1UL	143	143	143	143.0	1.000	0.0
FAM_I1196	I	2	2	33.3%	accessory	I1Z1	117	117	117	117.0	0.500	0.0
FAM_I1197	I	4	4	66.7%	accessory	I22L	54	54	54	54.0	0.750	0.0
FAM_I1198	I	6	6	100.0%	core	I28T	298	298	299	298.2	0.833	0.2
FAM_I1199	I	2	2	33.3%	accessory	I29P	50	50	50	50.0	0.500	0.0
FAM_I1200	I	2	2	33.3%	accessory	I2B1	168	168	168	168.0	0.500	0.0
FAM_I1201	I	2	2	33.3%	accessory	I2CT	52	52	52	52.0	0.500	0.0
FAM_I1202	I	2	2	33.3%	accessory	I2DP	56	56	56	56.0	0.500	0.0
FAM_I1203	I	2	2	33.3%	accessory	I2EL	161	161	161	161.0	0.500	0.0
FAM_I1204	I	2	2	33.3%	accessory	I2F1	319	319	319	319.0	0.500	0.0
FAM_I1205	I	2	2	33.3%	accessory	I2FH	457	457	457	457.0	0.500	0.0
FAM_I1206	I	2	2	33.3%	accessory	I2HP	147	147	147	147.0	0.500	0.0
FAM_I1207	I	2	2	33.3%	accessory	I2I5	161	161	161	161.0	0.500	0.0
FAM_I1208	I	3	3	50.0%	accessory	I2IL	103	103	139	115.0	0.667	432.0
FAM_I1209	I	2	2	33.3%	accessory	I2KT	263	263	263	263.0	0.500	0.0
FAM_I1210	I	3	3	50.0%	accessory	I2RH	391	391	391	391.0	1.000	0.0
FAM_I1211	I	2	2	33.3%	accessory	I2SD	500	500	500	500.0	0.500	0.0
FAM_I1212	I	2	2	33.3%	accessory	I2XP	79	79	79	79.0	0.500	0.0
FAM_I1213	I	5	5	83.3%	accessory	I1U8	140	140	140	140.0	0.800	0.0
FAM_I1214	I	6	6	100.0%	core	I1H2	538	332	542	504.8	0.833	7173.8
FAM_I1215	I	9	6	100.0%	core	I1C0	788	188	1507	490.2	0.778	206397.9
FAM_I1216	I	6	6	100.0%	core	I2UG	62	62	62	62.0	0.667	0.0
FAM_I1217	I	7	6	100.0%	core	I2PI	N/A	N/A	N/A	N/A	N/A	N/A
SING_I5XI	I	1	1	16.7%	accessory	I5XI	N/A	N/A	N/A	N/A	N/A	N/A
FAM_I1218	I	6	6	100.0%	core	I2PA	78	78	79	78.3	0.667	0.3
FAM_I1219	I	8	3	50.0%	accessory	I3FC	318	67	499	250.0	0.750	25647.4
FAM_I1220	I	6	6	100.0%	core	I253	188	188	374	250.0	0.833	9225.6
FAM_I1221	I	6	6	100.0%	core	I2XB	309	309	309	309.0	0.833	0.0
FAM_I1222	I	6	6	100.0%	core	I2WV	395	394	395	394.8	0.833	0.2
FAM_I1223	I	6	6	100.0%	core	I2WG	183	183	183	183.0	0.333	0.0
FAM_I1224	I	4	4	66.7%	accessory	I1K6	119	119	119	119.0	0.500	0.0
FAM_I1225	I	6	6	100.0%	core	I1BZ	98	98	98	98.0	0.667	0.0
FAM_I1226	I	6	6	100.0%	core	I15L	149	149	150	149.2	0.667	0.2
FAM_I1227	I	6	6	100.0%	core	I2X4	165	165	165	165.0	0.667	0.0
FAM_I1228	I	6	6	100.0%	core	I2WQ	176	176	176	176.0	0.667	0.0
FAM_I1229	I	6	6	100.0%	core	I2VU	112	112	112	112.0	0.833	0.0
FAM_I1230	I	6	6	100.0%	core	I2VB	66	66	66	66.0	0.500	0.0
FAM_I1231	I	6	6	100.0%	core	I2UV	146	146	146	146.0	0.667	0.0
FAM_I1232	I	6	6	100.0%	core	I2U0	62	62	63	62.5	0.833	0.3
FAM_I1233	I	6	6	100.0%	core	I2T4	85	85	85	85.0	0.500	0.0
FAM_I1234	I	6	6	100.0%	core	I2SP	411	410	411	410.8	0.833	0.2
FAM_I1235	I	6	6	100.0%	core	I1DO	434	434	434	434.0	0.667	0.0
SING_I8IF	I	1	1	16.7%	accessory	I8IF	65	65	65	65.0	1.000	0.0
SING_I8L3	I	1	1	16.7%	accessory	I8L3	81	81	81	81.0	1.000	0.0
FAM_I1236	I	9	6	100.0%	core	I15N	419	118	1591	575.7	0.778	219587.8
SING_I8NR	I	1	1	16.7%	accessory	I8NR	214	214	214	214.0	1.000	0.0
SING_I8RR	I	1	1	16.7%	accessory	I8RR	85	85	85	85.0	1.000	0.0
FAM_I1237	I	8	6	100.0%	core	I30K	621	82	621	449.2	0.875	55515.9
FAM_I1238	I	2	2	33.3%	accessory	I4LM	596	452	596	524.0	1.000	10368.0
SING_I97B	I	1	1	16.7%	accessory	I97B	101	101	101	101.0	1.000	0.0
SING_I99Z	I	1	1	16.7%	accessory	I99Z	281	281	281	281.0	1.000	0.0
SING_I9AF	I	1	1	16.7%	accessory	I9AF	392	392	392	392.0	1.000	0.0
FAM_I1239	I	6	6	100.0%	core	I2GF	289	286	289	288.2	0.833	1.8
SING_I9EV	I	1	1	16.7%	accessory	I9EV	99	99	99	99.0	1.000	0.0
FAM_I1240	I	6	6	100.0%	core	I2A6	544	438	544	526.2	0.667	1865.8
FAM_I1241	I	6	6	100.0%	core	I22Z	150	150	150	150.0	0.667	0.0
FAM_I1242	I	2	2	33.3%	accessory	I287	61	61	61	61.0	0.500	0.0
FAM_I1243	I	2	2	33.3%	accessory	I2BR	351	351	351	351.0	0.500	0.0
FAM_I1244	I	2	2	33.3%	accessory	I2DJ	157	157	157	157.0	0.500	0.0
FAM_I1245	I	2	2	33.3%	accessory	I2EF	73	73	73	73.0	0.500	0.0
FAM_I1246	I	2	2	33.3%	accessory	I2EV	255	255	255	255.0	0.500	0.0
FAM_I1247	I	2	2	33.3%	accessory	I2FB	51	51	51	51.0	0.500	0.0
FAM_I1248	I	2	2	33.3%	accessory	I2IF	289	289	289	289.0	0.500	0.0
FAM_I1249	I	6	6	100.0%	core	I2MV	243	189	243	234.0	0.833	486.0
FAM_I1250	I	3	3	50.0%	accessory	I2NB	79	79	79	79.0	0.667	0.0
FAM_I1251	I	4	2	33.3%	accessory	I2C9	190	190	190	190.0	0.500	0.0
FAM_I1252	I	6	6	100.0%	core	I2O7	63	62	298	101.8	0.833	9235.8
FAM_I1253	I	4	2	33.3%	accessory	I2NW	72	72	72	72.0	1.000	0.0
FAM_I1254	I	4	4	66.7%	accessory	I2VR	50	50	50	50.0	0.750	0.0
FAM_I1255	I	6	6	100.0%	core	I2YF	186	186	186	186.0	0.833	0.0
FAM_I1256	I	7	6	100.0%	core	I2YV	970	244	970	618.0	0.857	86264.3
FAM_I1257	I	6	6	100.0%	core	I30N	248	246	248	247.5	0.833	0.7
FAM_I1258	I	6	6	100.0%	core	I313	181	133	181	149.0	0.833	614.4
FAM_I1259	I	6	6	100.0%	core	I347	282	148	282	192.7	0.833	4788.3
FAM_I1260	I	6	6	100.0%	core	I160	148	148	148	148.0	0.833	0.0
FAM_I1261	I	6	6	100.0%	core	I1AV	794	418	794	668.3	0.833	37600.3
FAM_I1262	I	6	6	100.0%	core	I1XN	177	177	202	181.2	0.667	104.2
FAM_I1263	I	4	4	66.7%	accessory	I217	102	102	102	102.0	0.750	0.0
FAM_I1264	I	6	6	100.0%	core	I21N	87	85	87	86.3	0.667	1.1
FAM_I1265	I	6	6	100.0%	core	I27E	261	260	262	260.7	0.833	0.7
FAM_I1266	I	6	6	100.0%	core	I296	177	176	177	176.7	0.667	0.3
FAM_I1267	I	6	6	100.0%	core	I2AI	198	198	198	198.0	0.500	0.0
FAM_I1268	I	6	6	100.0%	core	I2AY	265	265	265	265.0	0.500	0.0
FAM_I1269	I	6	6	100.0%	core	I2BE	172	172	172	172.0	0.667	0.0
FAM_I1270	I	2	2	33.3%	accessory	I2E2	999	999	999	999.0	0.500	0.0
FAM_I1271	I	2	2	33.3%	accessory	I2LL	304	304	304	304.0	0.500	0.0
FAM_I1272	I	2	2	33.3%	accessory	I2ND	105	105	105	105.0	0.500	0.0
FAM_I1273	I	6	6	100.0%	core	I1JR	221	208	221	218.8	0.833	28.2
SING_I889	I	1	1	16.7%	accessory	I889	350	350	350	350.0	1.000	0.0
SING_I895	I	1	1	16.7%	accessory	I895	67	67	67	67.0	1.000	0.0
FAM_I1274	I	12	6	100.0%	core	I1FE	239	164	239	202.1	0.833	1487.7
FAM_I1275	I	11	6	100.0%	core	I1AY	N/A	N/A	N/A	N/A	N/A	N/A
FAM_I1276	I	6	6	100.0%	core	I157	746	336	860	560.0	0.833	61944.0
FAM_I1277	I	8	5	83.3%	accessory	I30W	55	55	55	55.0	1.000	0.0
SING_I8WP	I	1	1	16.7%	accessory	I8WP	52	52	52	52.0	1.000	0.0
FAM_I1278	I	2	2	33.3%	accessory	I4VA	76	76	76	76.0	0.500	0.0
FAM_I1279	I	5	5	83.3%	accessory	I2Q5	530	523	530	528.6	1.000	9.8
SING_I95L	I	1	1	16.7%	accessory	I95L	304	304	304	304.0	1.000	0.0
SING_I9A1	I	1	1	16.7%	accessory	I9A1	434	434	434	434.0	1.000	0.0
SING_I9AH	I	1	1	16.7%	accessory	I9AH	55	55	55	55.0	1.000	0.0
SING_I9AX	I	1	1	16.7%	accessory	I9AX	127	127	127	127.0	1.000	0.0
SING_I9C9	I	1	1	16.7%	accessory	I9C9	133	133	133	133.0	1.000	0.0
FAM_I1280	I	6	6	100.0%	core	I2CG	133	133	133	133.0	0.667	0.0
FAM_I1281	I	6	6	100.0%	core	I2AM	110	110	110	110.0	0.333	0.0
SING_I9EX	I	1	1	16.7%	accessory	I9EX	173	173	173	173.0	1.000	0.0
FAM_I1282	I	6	6	100.0%	core	I2A4	284	284	284	284.0	0.333	0.0
SING_I9KP	I	1	1	16.7%	accessory	I9KP	317	317	317	317.0	1.000	0.0
FAM_I1283	I	6	6	100.0%	core	I20Z	677	412	677	579.0	0.833	17088.4
SING_I9PL	I	1	1	16.7%	accessory	I9PL	130	130	130	130.0	1.000	0.0
FAM_I1284	I	6	6	100.0%	core	I1XI	81	81	81	81.0	1.000	0.0
FAM_I1285	I	2	2	33.3%	accessory	I5MY	611	554	611	582.5	1.000	1624.5
SING_I9UX	I	1	1	16.7%	accessory	I9UX	175	175	175	175.0	1.000	0.0
SING_IARE	I	1	1	16.7%	accessory	IARE	161	161	161	161.0	1.000	0.0
FAM_I1286	I	3	3	50.0%	accessory	I8VU	458	273	458	334.7	1.000	11408.3
FAM_I1287	I	6	6	100.0%	core	I2YG	108	106	108	107.7	0.833	0.7
SING_IAUI	I	1	1	16.7%	accessory	IAUI	137	137	137	137.0	1.000	0.0
FAM_I1288	I	6	6	100.0%	core	I2N2	274	274	274	274.0	0.833	0.0
SING_IB3U	I	1	1	16.7%	accessory	IB3U	99	99	99	99.0	1.000	0.0
FAM_I1289	I	6	6	100.0%	core	I2M5	89	89	89	89.0	0.667	0.0
FAM_I1290	I	6	6	100.0%	core	I2LQ	85	85	85	85.0	0.500	0.0
FAM_I1291	I	6	6	100.0%	core	I2KC	201	201	201	201.0	0.667	0.0
SING_IB6Y	I	1	1	16.7%	accessory	IB6Y	55	55	55	55.0	1.000	0.0
FAM_I1292	I	3	2	33.3%	accessory	I5B8	152	152	152	152.0	0.667	0.0
FAM_I1293	I	2	2	33.3%	accessory	IBA	59	59	59	59.0	1.000	0.0
FAM_I1294	I	4	4	66.7%	accessory	I54M	313	313	313	313.0	1.000	0.0
FAM_I1295	I	2	2	33.3%	accessory	IB6	147	147	147	147.0	1.000	0.0
SING_IBF2	I	1	1	16.7%	accessory	IBF2	62	62	62	62.0	1.000	0.0
FAM_I1296	I	4	4	66.7%	accessory	I5F3	657	511	657	548.5	1.000	5233.0
FAM_I1297	I	6	6	100.0%	core	I1	238	238	377	324.7	1.000	3741.9
SING_IBOU	I	1	1	16.7%	accessory	IBOU	198	198	198	198.0	1.000	0.0
SING_IBPQ	I	1	1	16.7%	accessory	IBPQ	64	64	64	64.0	1.000	0.0
SING_IBQ6	I	1	1	16.7%	accessory	IBQ6	191	191	191	191.0	1.000	0.0
FAM_I1298	I	6	5	83.3%	accessory	I1OZ	132	132	132	132.0	1.000	0.0
FAM_I1299	I	4	4	66.7%	accessory	I4V	874	874	877	875.0	1.000	2.0
FAM_I1300	I	6	6	100.0%	core	I1AL	696	109	696	328.0	0.833	84194.4
SING_IAG8	I	1	1	16.7%	accessory	IAG8	239	239	239	239.0	1.000	0.0
SING_IAJC	I	1	1	16.7%	accessory	IAJC	282	282	282	282.0	1.000	0.0
SING_IANC	I	1	1	16.7%	accessory	IANC	87	87	87	87.0	1.000	0.0
FAM_I1301	I	6	6	100.0%	core	I31V	183	124	280	159.8	1.000	4022.6
SING_IARC	I	1	1	16.7%	accessory	IARC	56	56	56	56.0	1.000	0.0
FAM_I1302	I	2	2	33.3%	accessory	I4RB	134	56	134	95.0	1.000	3042.0
FAM_I1303	I	6	6	100.0%	core	I2XQ	462	462	464	462.7	0.833	0.7
SING_IAUG	I	1	1	16.7%	accessory	IAUG	558	558	558	558.0	1.000	0.0
FAM_I1304	I	2	2	33.3%	accessory	IAZS	532	532	532	532.0	1.000	0.0
FAM_I1305	I	6	6	100.0%	core	I2MO	154	154	155	154.5	0.833	0.3
FAM_I1306	I	6	6	100.0%	core	I2LS	273	273	273	273.0	0.833	0.0
FAM_I1307	I	6	6	100.0%	core	I2KE	603	603	604	603.3	0.833	0.3
FAM_I1308	I	6	6	100.0%	core	I2JZ	213	144	213	190.0	0.833	1269.6
FAM_I1309	I	2	1	16.7%	accessory	IBBC	557	557	557	557.0	0.500	0.0
FAM_I1310	I	6	6	100.0%	core	I21A	122	122	122	122.0	0.833	0.0
FAM_I1311	I	6	6	100.0%	core	I195	284	284	371	342.0	0.667	2018.4
FAM_I1312	I	2	2	33.3%	accessory	I4SN	168	168	168	168.0	1.000	0.0
FAM_I1313	I	6	6	100.0%	core	I16R	1372	473	1372	969.7	0.833	128687.9
FAM_I1314	I	6	6	100.0%	core	I1AM	204	204	204	204.0	0.333	0.0
FAM_I1315	I	2	2	33.3%	accessory	I41E	N/A	N/A	N/A	N/A	N/A	N/A
FAM_I1316	I	6	6	100.0%	core	I1EH	237	237	378	307.5	0.833	5964.3
FAM_I1317	I	6	6	100.0%	core	I1W9	57	56	58	56.8	0.833	0.6
FAM_I1318	I	6	6	100.0%	core	I1I2	433	433	433	433.0	0.833	0.0
FAM_I1319	I	4	4	66.7%	accessory	I1A6	271	271	271	271.0	0.750	0.0
FAM_I1320	I	6	6	100.0%	core	I17U	286	286	286	286.0	0.833	0.0
FAM_I1321	I	6	6	100.0%	core	I16X	77	77	77	77.0	0.833	0.0
FAM_I1322	I	6	6	100.0%	core	I10D	158	158	158	158.0	0.833	0.0
FAM_I1323	I	6	6	100.0%	core	I35C	57	57	57	57.0	0.333	0.0
FAM_I1324	I	6	6	100.0%	core	I340	73	73	73	73.0	0.833	0.0
FAM_I1325	I	4	4	66.7%	accessory	I258	209	209	209	209.0	0.500	0.0
FAM_I1326	I	6	6	100.0%	core	I1UV	618	617	620	618.7	0.833	1.5
SING_I47	I	1	1	16.7%	accessory	I47	306	306	306	306.0	1.000	0.0
FAM_I1327	I	2	2	33.3%	accessory	I8N	214	214	214	214.0	1.000	0.0
FAM_I1328	I	6	6	100.0%	core	I256	108	108	119	109.8	0.667	20.2
FAM_I1329	I	6	6	100.0%	core	I29F	83	83	164	137.0	0.833	1749.6
FAM_I1330	I	9	6	100.0%	core	I332	137	119	137	128.0	1.000	108.0
FAM_I1331	I	4	4	66.7%	accessory	I54O	220	220	220	220.0	1.000	0.0
FAM_I1332	I	6	6	100.0%	core	I2JD	206	206	793	303.8	0.833	57428.2
FAM_I1333	I	6	6	100.0%	core	I2KL	300	299	300	299.5	0.833	0.3
SING_ION	I	1	1	16.7%	accessory	ION	166	166	166	166.0	1.000	0.0
FAM_I1334	I	6	6	100.0%	core	I2TL	334	333	334	333.7	0.833	0.3
FAM_I1335	I	6	6	100.0%	core	I2ZZ	306	306	306	306.0	0.833	0.0
SING_I153	I	1	1	16.7%	accessory	I153	363	363	363	363.0	1.000	0.0
FAM_I1336	I	6	6	100.0%	core	I187	307	307	468	386.5	0.833	5153.5
FAM_I1337	I	20	6	100.0%	core	I12C	94	76	94	83.7	0.714	92.6
FAM_I1338	I	6	6	100.0%	core	I19Z	291	291	291	291.0	0.833	0.0
FAM_I1339	I	6	6	100.0%	core	I1AF	233	233	234	233.2	0.667	0.2
FAM_I1340	I	6	6	100.0%	core	I1BB	183	183	183	183.0	0.667	0.0
FAM_I1341	I	6	6	100.0%	core	I1BR	69	69	69	69.0	0.833	0.0
SING_I1C7	I	1	1	16.7%	accessory	I1C7	67	67	67	67.0	1.000	0.0
FAM_I1342	I	7	5	83.3%	accessory	I1IV	1604	120	1604	1047.9	0.857	490067.1
FAM_I1343	I	3	3	50.0%	accessory	I1KN	285	285	285	285.0	1.000	0.0
FAM_I1344	I	6	6	100.0%	core	I1LZ	236	117	236	196.0	0.667	3744.8
FAM_I1345	I	6	6	100.0%	core	I1P3	113	113	114	113.2	0.833	0.2
FAM_I1346	I	6	6	100.0%	core	I1S7	107	107	107	107.0	0.667	0.0
FAM_I1347	I	2	2	33.3%	accessory	I1T3	144	144	176	160.0	1.000	512.0
FAM_I1348	I	2	2	33.3%	accessory	I1TJ	52	52	52	52.0	1.000	0.0
FAM_I1349	I	6	6	100.0%	core	I1W7	478	471	478	473.8	0.833	10.6
FAM_I1350	I	2	2	33.3%	accessory	I1XJ	134	134	134	134.0	0.500	0.0
FAM_I1351	I	2	2	33.3%	accessory	I1ZR	409	409	409	409.0	0.500	0.0
FAM_I1352	I	2	2	33.3%	accessory	I213	155	155	155	155.0	0.500	0.0
FAM_I1353	I	2	2	33.3%	accessory	I21J	84	84	84	84.0	0.500	0.0
FAM_I1354	I	2	2	33.3%	accessory	I24N	168	168	168	168.0	0.500	0.0
FAM_I1355	I	2	2	33.3%	accessory	I25Z	162	162	162	162.0	0.500	0.0
FAM_I1356	I	2	2	33.3%	accessory	I26V	386	386	386	386.0	0.500	0.0
FAM_I1357	I	3	3	50.0%	accessory	I1GQ	N/A	N/A	N/A	N/A	N/A	N/A
FAM_I1358	I	4	4	66.7%	accessory	I1JZ	107	107	108	107.5	0.750	0.3
FAM_I1359	I	6	6	100.0%	core	I1KF	131	131	132	131.2	0.833	0.2
FAM_I1360	I	2	2	33.3%	accessory	I3VD	211	211	211	211.0	1.000	0.0
FAM_I1361	I	6	6	100.0%	core	I1QJ	400	400	402	401.0	0.833	0.8
FAM_I1362	I	5	5	83.3%	accessory	I1RF	62	62	62	62.0	0.600	0.0
FAM_I1363	I	6	6	100.0%	core	I1SP	241	182	241	192.5	0.833	564.7
SING_I42H	I	1	1	16.7%	accessory	I42H	296	296	296	296.0	1.000	0.0
FAM_I1364	I	2	2	33.3%	accessory	I4JD	208	208	209	208.5	1.000	0.5
FAM_I1365	I	2	2	33.3%	accessory	I4M1	565	565	566	565.5	1.000	0.5
FAM_I1366	I	7	6	100.0%	core	I30L	96	95	185	110.7	0.833	1326.3
FAM_I1367	I	2	2	33.3%	accessory	I4QX	217	217	262	239.5	1.000	1012.5
FAM_I1368	I	2	1	16.7%	accessory	I4RD	228	228	228	228.0	1.000	0.0
FAM_I1369	I	6	4	66.7%	accessory	I4SP	512	512	1095	652.0	1.000	47797.2
FAM_I1370	I	6	6	100.0%	core	I2N3	128	128	128	128.0	0.833	0.0
FAM_I1371	I	5	5	83.3%	accessory	I2JJ	391	102	391	287.2	0.800	19965.2
FAM_I1372	I	2	2	33.3%	accessory	I325	77	77	77	77.0	0.500	0.0
FAM_I1373	I	2	2	33.3%	accessory	I32L	333	333	333	333.0	0.500	0.0
FAM_I1374	I	2	2	33.3%	accessory	I365	174	174	174	174.0	0.500	0.0
FAM_I1375	I	2	2	33.3%	accessory	I3A5	75	75	75	75.0	0.500	0.0
FAM_I1376	I	2	2	33.3%	accessory	I3D9	225	225	225	225.0	0.500	0.0
FAM_I1377	I	2	2	33.3%	accessory	I3F1	116	116	116	116.0	0.500	0.0
FAM_I1378	I	2	2	33.3%	accessory	I3P9	59	59	59	59.0	0.500	0.0
FAM_I1379	I	2	2	33.3%	accessory	I3ST	107	107	107	107.0	0.500	0.0
FAM_I1380	I	2	2	33.3%	accessory	I3TP	59	59	59	59.0	0.500	0.0
FAM_I1381	I	2	2	33.3%	accessory	I3VH	504	504	504	504.0	1.000	0.0
FAM_I1382	I	6	6	100.0%	core	I1US	137	136	139	137.3	0.833	1.9
SING_I431	I	1	1	16.7%	accessory	I431	69	69	69	69.0	1.000	0.0
SING_I45P	I	1	1	16.7%	accessory	I45P	103	103	103	103.0	1.000	0.0
SING_I48T	I	1	1	16.7%	accessory	I48T	67	67	67	67.0	1.000	0.0
SING_I4CD	I	1	1	16.7%	accessory	I4CD	149	149	149	149.0	1.000	0.0
SING_I4EL	I	1	1	16.7%	accessory	I4EL	74	74	74	74.0	1.000	0.0
SING_I4H9	I	1	1	16.7%	accessory	I4H9	97	97	97	97.0	1.000	0.0
SING_I4I5	I	1	1	16.7%	accessory	I4I5	137	137	137	137.0	1.000	0.0
FAM_I1383	I	3	3	50.0%	accessory	I10V	131	57	131	81.7	0.667	1825.3
SING_I4LP	I	1	1	16.7%	accessory	I4LP	90	90	90	90.0	1.000	0.0
SING_I4Q5	I	1	1	16.7%	accessory	I4Q5	80	80	80	80.0	1.000	0.0
SING_I4QL	I	1	1	16.7%	accessory	I4QL	73	73	73	73.0	1.000	0.0
FAM_I1384	I	2	1	16.7%	accessory	I4YV	88	88	88	88.0	0.500	0.0
SING_I4ZX	I	1	1	16.7%	accessory	I4ZX	333	333	333	333.0	1.000	0.0
FAM_I1385	I	6	6	100.0%	core	I2M7	234	233	235	234.3	0.833	0.7
SING_I52L	I	1	1	16.7%	accessory	I52L	105	105	105	105.0	1.000	0.0
SING_I57H	I	1	1	16.7%	accessory	I57H	886	886	886	886.0	1.000	0.0
SING_I57X	I	1	1	16.7%	accessory	I57X	69	69	69	69.0	1.000	0.0
SING_I5B1	I	1	1	16.7%	accessory	I5B1	95	95	95	95.0	1.000	0.0
FAM_I1386	I	7	5	83.3%	accessory	I26K	310	122	688	300.0	0.714	35910.7
SING_IVJ	I	1	1	16.7%	accessory	IVJ	120	120	120	120.0	1.000	0.0
SING_IVZ	I	1	1	16.7%	accessory	IVZ	127	127	127	127.0	1.000	0.0
FAM_I1387	I	3	3	50.0%	accessory	I8VO	64	64	64	64.0	1.000	0.0
SING_I127	I	1	1	16.7%	accessory	I127	148	148	148	148.0	1.000	0.0
SING_I14V	I	1	1	16.7%	accessory	I14V	764	764	764	764.0	1.000	0.0
FAM_I1388	I	2	2	33.3%	accessory	I1DB	559	559	559	559.0	1.000	0.0
FAM_I1389	I	6	6	100.0%	core	I1F3	246	246	254	250.2	0.833	13.0
FAM_I1390	I	2	2	33.3%	accessory	I1TB	61	61	64	62.5	1.000	4.5
SING_I1TR	I	1	1	16.7%	accessory	I1TR	346	346	346	346.0	1.000	0.0
SING_I5LK	I	1	1	16.7%	accessory	I5LK	527	527	527	527.0	1.000	0.0
FAM_I1391	I	6	6	100.0%	core	I1VT	528	234	585	451.8	0.833	26971.0
SING_I5O8	I	1	1	16.7%	accessory	I5O8	117	117	117	117.0	1.000	0.0
SING_I5OO	I	1	1	16.7%	accessory	I5OO	66	66	66	66.0	1.000	0.0
SING_I5P4	I	1	1	16.7%	accessory	I5P4	767	767	767	767.0	1.000	0.0
SING_I5Q0	I	1	1	16.7%	accessory	I5Q0	138	138	138	138.0	1.000	0.0
SING_I5QG	I	1	1	16.7%	accessory	I5QG	233	233	233	233.0	1.000	0.0
FAM_I1392	I	2	2	33.3%	accessory	I5QW	180	180	181	180.5	1.000	0.5
SING_I5RC	I	1	1	16.7%	accessory	I5RC	115	115	115	115.0	1.000	0.0
SING_I5U0	I	1	1	16.7%	accessory	I5U0	110	110	110	110.0	1.000	0.0
SING_I5UG	I	1	1	16.7%	accessory	I5UG	181	181	181	181.0	1.000	0.0
SING_I5VC	I	1	1	16.7%	accessory	I5VC	170	170	170	170.0	1.000	0.0
SING_I5XK	I	1	1	16.7%	accessory	I5XK	63	63	63	63.0	1.000	0.0
SING_I5YG	I	1	1	16.7%	accessory	I5YG	484	484	484	484.0	1.000	0.0
FAM_I1393	I	6	6	100.0%	core	I31S	61	60	61	60.3	0.833	0.3
FAM_I1394	I	2	2	33.3%	accessory	I34H	223	223	223	223.0	0.500	0.0
FAM_I1395	I	2	2	33.3%	accessory	I369	597	597	597	597.0	0.500	0.0
FAM_I1396	I	2	2	33.3%	accessory	I39T	182	182	182	182.0	0.500	0.0
FAM_I1397	I	2	2	33.3%	accessory	I3B5	104	104	104	104.0	0.500	0.0
SING_I4TL	I	1	1	16.7%	accessory	I4TL	N/A	N/A	N/A	N/A	N/A	N/A
FAM_I1398	I	4	4	66.7%	accessory	I54P	261	261	1128	910.0	1.000	187202.0
FAM_I1399	I	4	4	66.7%	accessory	I20S	N/A	N/A	N/A	N/A	N/A	N/A
FAM_I1400	I	8	5	83.3%	accessory	I2P7	368	99	1262	541.7	0.857	255518.9
FAM_I1401	I	2	2	33.3%	accessory	I3MB	53	53	53	53.0	0.500	0.0
FAM_I1402	I	4	2	33.3%	accessory	I1YZ	N/A	N/A	N/A	N/A	N/A	N/A
FAM_I1403	I	6	6	100.0%	core	I29M	N/A	N/A	N/A	N/A	N/A	N/A
FAM_I1404	I	6	6	100.0%	core	I29M	94	94	94	94.0	0.833	0.0
FAM_I1405	I	6	6	100.0%	core	I2QI	194	194	194	194.0	0.667	0.0
FAM_I1406	I	3	3	50.0%	accessory	I3DF	356	356	356	356.0	0.500	0.0
FAM_I1407	I	3	3	50.0%	accessory	I3PY	262	262	262	262.0	0.667	0.0
FAM_I1408	I	2	2	33.3%	accessory	I5FV	N/A	N/A	N/A	N/A	N/A	N/A
FAM_I1409	I	16	6	100.0%	core	I1UX	314	242	659	382.6	0.818	32260.1
FAM_I1410	I	6	6	100.0%	core	I1E4	398	398	398	398.0	0.833	0.0
FAM_I1411	I	4	4	66.7%	accessory	I4N2	137	137	137	137.0	1.000	0.0
FAM_I1412	I	17	6	100.0%	core	I1TI	626	56	626	245.0	1.000	66470.7
FAM_I1413	I	15	4	66.7%	accessory	I186	616	53	1474	347.9	1.000	123014.3
FAM_I1414	I	4	4	66.7%	accessory	I1Q0	177	177	180	178.5	0.750	3.0
FAM_I1415	I	2	2	33.3%	accessory	I22	97	97	97	97.0	1.000	0.0
SING_I3U	I	1	1	16.7%	accessory	I3U	76	76	76	76.0	1.000	0.0
SING_I4A	I	1	1	16.7%	accessory	I4A	343	343	343	343.0	1.000	0.0
FAM_I1416	I	53	6	100.0%	core	I11S	189	150	396	220.1	0.872	2849.2
FAM_I1417	I	6	6	100.0%	core	I2ML	74	74	74	74.0	0.833	0.0
FAM_I1418	I	14	6	100.0%	core	I19X	263	263	263	263.0	1.000	0.0
FAM_I1419	I	2	2	33.3%	accessory	IB2S	100	100	100	100.0	1.000	0.0
SING_IUY	I	1	1	16.7%	accessory	IUY	219	219	219	219.0	1.000	0.0
SING_I122	I	1	1	16.7%	accessory	I122	304	304	304	304.0	1.000	0.0
FAM_I1420	I	5	4	66.7%	accessory	I16I	950	80	950	462.7	1.000	197441.3
FAM_I1421	I	6	6	100.0%	core	I1NU	92	92	92	92.0	1.000	0.0
FAM_I1422	I	3	3	50.0%	accessory	I1OQ	62	62	63	62.3	1.000	0.3
FAM_I1423	I	6	6	100.0%	core	I1RE	88	87	88	87.5	0.667	0.3
SING_I1UI	I	1	1	16.7%	accessory	I1UI	498	498	498	498.0	1.000	0.0
FAM_I1424	I	2	2	33.3%	accessory	I1YY	68	68	68	68.0	0.500	0.0
FAM_I1425	I	2	2	33.3%	accessory	I1ZU	675	675	675	675.0	0.500	0.0
FAM_I1426	I	2	2	33.3%	accessory	I20Q	573	573	573	573.0	0.500	0.0
FAM_I1427	I	2	2	33.3%	accessory	I23U	207	207	207	207.0	0.500	0.0
FAM_I1428	I	2	2	33.3%	accessory	I27U	211	211	211	211.0	0.500	0.0
FAM_I1429	I	2	2	33.3%	accessory	I2BU	151	151	151	151.0	0.500	0.0
FAM_I1430	I	3	3	50.0%	accessory	I2D6	141	141	141	141.0	0.667	0.0
FAM_I1431	I	2	2	33.3%	accessory	I2DM	294	294	294	294.0	0.500	0.0
FAM_I1432	I	2	2	33.3%	accessory	I2EY	301	301	301	301.0	0.500	0.0
FAM_I1433	I	3	3	50.0%	accessory	I2FU	371	371	372	371.3	0.667	0.3
FAM_I1434	I	2	2	33.3%	accessory	I2I2	53	53	53	53.0	0.500	0.0
FAM_I1435	I	2	2	33.3%	accessory	I2IY	78	78	78	78.0	0.500	0.0
FAM_I1436	I	6	6	100.0%	core	I2U2	548	505	548	540.5	0.833	302.7
FAM_I1437	I	2	2	33.3%	accessory	I2Y2	150	150	150	150.0	0.500	0.0
FAM_I1438	I	2	2	33.3%	accessory	I30Q	318	318	318	318.0	0.500	0.0
FAM_I1439	I	2	2	33.3%	accessory	I31M	87	87	87	87.0	0.500	0.0
FAM_I1440	I	2	2	33.3%	accessory	I3A2	90	90	90	90.0	0.500	0.0
FAM_I1441	I	9	6	100.0%	core	I16L	74	74	74	74.0	1.000	0.0
FAM_I1442	I	6	6	100.0%	core	I1IJ	101	101	243	148.3	0.833	5377.1
FAM_I1443	I	6	6	100.0%	core	I1K0	166	166	166	166.0	0.500	0.0
FAM_I1444	I	6	6	100.0%	core	I1KG	156	156	156	156.0	0.833	0.0
FAM_I1445	I	4	4	66.7%	accessory	I3RU	82	82	82	82.0	0.750	0.0
FAM_I1446	I	6	6	100.0%	core	I1O9	941	941	941	941.0	0.833	0.0
FAM_I1447	I	6	6	100.0%	core	I1OR	156	156	156	156.0	0.667	0.0
SING_I3VE	I	1	1	16.7%	accessory	I3VE	118	118	118	118.0	1.000	0.0
SING_I42I	I	1	1	16.7%	accessory	I42I	569	569	569	569.0	1.000	0.0
SING_I48Q	I	1	1	16.7%	accessory	I48Q	116	116	116	116.0	1.000	0.0
FAM_I1448	I	3	3	50.0%	accessory	I19R	158	134	158	146.0	1.000	144.0
SING_I4EI	I	1	1	16.7%	accessory	I4EI	301	301	301	301.0	1.000	0.0
FAM_I1449	I	2	2	33.3%	accessory	I4EY	104	104	104	104.0	1.000	0.0
FAM_I1450	I	2	2	33.3%	accessory	I4H6	90	90	90	90.0	1.000	0.0
SING_I4I2	I	1	1	16.7%	accessory	I4I2	104	104	104	104.0	1.000	0.0
SING_I4JE	I	1	1	16.7%	accessory	I4JE	54	54	54	54.0	1.000	0.0
FAM_I1451	I	4	4	66.7%	accessory	I377	57	56	177	86.8	0.750	3620.2
SING_I4M2	I	1	1	16.7%	accessory	I4M2	176	176	176	176.0	1.000	0.0
SING_I4QY	I	1	1	16.7%	accessory	I4QY	428	428	428	428.0	1.000	0.0
SING_I4YI	I	1	1	16.7%	accessory	I4YI	56	56	56	56.0	1.000	0.0
FAM_I1452	I	2	1	16.7%	accessory	I4YS	99	99	99	99.0	0.500	0.0
SING_I54Q	I	1	1	16.7%	accessory	I54Q	193	193	193	193.0	1.000	0.0
SING_I57U	I	1	1	16.7%	accessory	I57U	493	493	493	493.0	1.000	0.0
SING_I58A	I	1	1	16.7%	accessory	I58A	805	805	805	805.0	1.000	0.0
SING_I5AY	I	1	1	16.7%	accessory	I5AY	142	142	142	142.0	1.000	0.0
FAM_I1453	I	9	6	100.0%	core	I21E	101	67	192	99.8	0.889	1466.9
SING_I5JU	I	1	1	16.7%	accessory	I5JU	106	106	106	106.0	1.000	0.0
FAM_I1454	I	7	5	83.3%	accessory	I1UN	60	60	60	60.0	0.500	0.0
SING_I5OQ	I	1	1	16.7%	accessory	I5OQ	129	129	129	129.0	1.000	0.0
SING_I5PM	I	1	1	16.7%	accessory	I5PM	53	53	53	53.0	1.000	0.0
SING_I5Q2	I	1	1	16.7%	accessory	I5Q2	139	139	139	139.0	1.000	0.0
SING_I5QI	I	1	1	16.7%	accessory	I5QI	62	62	62	62.0	1.000	0.0
SING_I5QY	I	1	1	16.7%	accessory	I5QY	451	451	451	451.0	1.000	0.0
SING_I5XM	I	1	1	16.7%	accessory	I5XM	98	98	98	98.0	1.000	0.0
FAM_I1455	I	6	2	33.3%	accessory	I2NE	251	126	347	241.3	0.667	9824.3
FAM_I1456	I	4	4	66.7%	accessory	I2Q2	360	360	362	360.8	1.000	0.9
FAM_I1457	I	2	2	33.3%	accessory	I2XV	298	298	298	298.0	0.500	0.0
FAM_I1458	I	2	2	33.3%	accessory	I2ZN	97	97	97	97.0	0.500	0.0
FAM_I1459	I	2	2	33.3%	accessory	I36B	215	215	215	215.0	0.500	0.0
FAM_I1460	I	2	2	33.3%	accessory	I39V	129	129	129	129.0	0.500	0.0
FAM_I1461	I	2	2	33.3%	accessory	I3F7	434	434	434	434.0	0.500	0.0
FAM_I1462	I	2	2	33.3%	accessory	I3VA	97	97	97	97.0	1.000	0.0
FAM_I1463	I	6	6	100.0%	core	I1G9	398	359	398	384.5	0.833	390.7
FAM_I1464	I	2	2	33.3%	accessory	I3NA	343	343	343	343.0	0.500	0.0
FAM_I1465	I	2	2	33.3%	accessory	I3P2	60	60	60	60.0	0.500	0.0
FAM_I1466	I	2	2	33.3%	accessory	I3PI	383	383	383	383.0	0.500	0.0
FAM_I1467	I	2	2	33.3%	accessory	I3QE	149	149	149	149.0	0.500	0.0
FAM_I1468	I	2	2	33.3%	accessory	I3QU	323	323	323	323.0	0.500	0.0
FAM_I1469	I	3	3	50.0%	accessory	I3TY	244	244	244	244.0	0.667	0.0
FAM_I1470	I	4	4	66.7%	accessory	I3ZP	56	56	100	70.8	0.750	430.2
FAM_I1471	I	2	2	33.3%	accessory	I405	122	122	122	122.0	0.500	0.0
FAM_I1472	I	4	4	66.7%	accessory	I1VW	301	300	301	300.8	0.750	0.2
FAM_I1473	I	6	6	100.0%	core	I1Q	354	354	354	354.0	0.833	0.0
FAM_I1474	I	6	6	100.0%	core	I21O	351	204	351	253.0	0.667	5762.4
FAM_I1475	I	6	6	100.0%	core	I224	57	57	57	57.0	0.667	0.0
FAM_I1476	I	4	4	66.7%	accessory	I23W	366	365	366	365.8	0.750	0.2
FAM_I1477	I	4	4	66.7%	accessory	I26J	56	56	173	85.2	0.750	3422.2
FAM_I1478	I	6	6	100.0%	core	I2AJ	70	70	70	70.0	0.500	0.0
FAM_I1479	I	5	5	83.3%	accessory	I2AZ	355	354	355	354.8	0.800	0.2
FAM_I1480	I	2	2	33.3%	accessory	I2EZ	871	871	871	871.0	0.500	0.0
FAM_I1481	I	6	6	100.0%	core	I2GB	426	171	426	256.0	0.667	17340.0
FAM_I1482	I	7	3	50.0%	accessory	I2HN	453	224	453	294.3	0.714	11813.2
FAM_I1483	I	6	6	100.0%	core	I2IJ	171	171	579	239.0	0.667	27744.0
FAM_I1484	I	2	2	33.3%	accessory	I2LM	754	754	754	754.0	0.500	0.0
FAM_I1485	I	2	2	33.3%	accessory	I2MY	110	110	110	110.0	0.500	0.0
SING_I86Y	I	1	1	16.7%	accessory	I86Y	124	124	124	124.0	1.000	0.0
FAM_I1486	I	2	2	33.3%	accessory	I486	60	60	60	60.0	1.000	0.0
FAM_I1487	I	2	2	33.3%	accessory	I4BM	70	70	70	70.0	0.500	0.0
FAM_I1488	I	2	2	33.3%	accessory	I4CF	809	795	809	802.0	1.000	98.0
FAM_I1489	I	2	2	33.3%	accessory	I4D1	376	376	376	376.0	1.000	0.0
FAM_I1490	I	2	2	33.3%	accessory	I4EH	71	71	71	71.0	0.500	0.0
FAM_I1491	I	6	5	83.3%	accessory	I156	1385	695	1388	1187.5	0.833	98816.7
SING_I8PM	I	1	1	16.7%	accessory	I8PM	55	55	55	55.0	1.000	0.0
FAM_I1492	I	5	5	83.3%	accessory	I31C	298	226	307	271.4	0.800	1656.8
SING_I8WA	I	1	1	16.7%	accessory	I8WA	181	181	181	181.0	1.000	0.0
SING_I95M	I	1	1	16.7%	accessory	I95M	65	65	65	65.0	1.000	0.0
SING_I98Q	I	1	1	16.7%	accessory	I98Q	56	56	56	56.0	1.000	0.0
SING_I9A2	I	1	1	16.7%	accessory	I9A2	552	552	552	552.0	1.000	0.0
FAM_I1493	I	2	2	33.3%	accessory	I53U	189	189	711	450.0	1.000	136242.0
FAM_I1494	I	5	5	83.3%	accessory	I2JE	372	371	372	371.8	0.800	0.2
SING_I9CA	I	1	1	16.7%	accessory	I9CA	65	65	65	65.0	1.000	0.0
FAM_I1495	I	4	4	66.7%	accessory	I58I	219	219	542	380.5	1.000	34776.3
FAM_I1496	I	6	6	100.0%	core	I2AL	172	172	172	172.0	0.333	0.0
SING_I9EY	I	1	1	16.7%	accessory	I9EY	666	666	666	666.0	1.000	0.0
FAM_I1497	I	5	5	83.3%	accessory	I2A3	686	684	748	697.6	0.800	794.8
FAM_I1498	I	4	4	66.7%	accessory	I54T	91	91	675	501.5	1.000	75565.7
SING_I9KQ	I	1	1	16.7%	accessory	I9KQ	106	106	106	106.0	1.000	0.0
FAM_I1499	I	2	2	33.3%	accessory	I5IV	199	199	199	199.0	1.000	0.0
FAM_I1500	I	6	6	100.0%	core	I1ZC	84	84	87	86.0	0.833	2.4
SING_I9QY	I	1	1	16.7%	accessory	I9QY	68	68	68	68.0	1.000	0.0
FAM_I1501	I	2	1	16.7%	accessory	I8A3	331	79	331	205.0	1.000	31752.0
SING_IA4Q	I	1	1	16.7%	accessory	IA4Q	473	473	473	473.0	1.000	0.0
FAM_I1502	I	6	6	100.0%	core	I1JA	405	405	412	409.8	0.833	11.4
FAM_I1503	I	3	3	50.0%	accessory	I1H3	53	53	54	53.3	1.000	0.3
FAM_I1504	I	3	3	50.0%	accessory	I1EJ	71	71	71	71.0	1.000	0.0
SING_IAGA	I	1	1	16.7%	accessory	IAGA	131	131	131	131.0	1.000	0.0
SING_IAJE	I	1	1	16.7%	accessory	IAJE	52	52	52	52.0	1.000	0.0
FAM_I1505	I	25	6	100.0%	core	I1GP	245	66	1649	467.8	0.941	225466.2
FAM_I1506	I	6	6	100.0%	core	I11	284	199	284	241.5	0.833	2167.5
SING_I9GF	I	1	1	16.7%	accessory	I9GF	293	293	293	293.0	1.000	0.0
SING_I9Z3	I	1	1	16.7%	accessory	I9Z3	144	144	144	144.0	1.000	0.0
FAM_I1507	I	2	2	33.3%	accessory	I5WE	381	381	381	381.0	1.000	0.0
FAM_I1508	I	2	2	33.3%	accessory	I1JL	168	165	168	166.5	1.000	4.5
SING_IAJJ	I	1	1	16.7%	accessory	IAJJ	61	61	61	61.0	1.000	0.0
FAM_I1509	I	11	6	100.0%	core	I13E	159	96	368	149.4	0.818	6250.5
FAM_I1510	I	3	3	50.0%	accessory	I11H	51	51	52	51.3	1.000	0.3
FAM_I1511	I	2	2	33.3%	accessory	IAZZ	362	362	362	362.0	1.000	0.0
FAM_I1512	I	4	4	66.7%	accessory	I5H3	53	53	53	53.0	1.000	0.0
FAM_I1513	I	4	4	66.7%	accessory	I5HY	607	607	615	613.0	1.000	16.0
FAM_I1514	I	22	6	100.0%	core	I1A3	297	80	940	392.5	0.864	84821.2
SING_IBQ7	I	1	1	16.7%	accessory	IBQ7	1201	1201	1201	1201.0	1.000	0.0
SING_I4JF	I	1	1	16.7%	accessory	I4JF	N/A	N/A	N/A	N/A	N/A	N/A
SING_I52J	I	1	1	16.7%	accessory	I52J	307	307	307	307.0	1.000	0.0
FAM_I1515	I	2	2	33.3%	accessory	I3P3	572	572	572	572.0	0.500	0.0
FAM_I1516	I	9	6	100.0%	core	I1LB	N/A	N/A	N/A	N/A	N/A	N/A
FAM_I1517	I	2	2	33.3%	accessory	I2F0	1532	1532	1532	1532.0	0.500	0.0
FAM_I1518	I	11	6	100.0%	core	I1HK	80	80	411	274.5	0.800	28076.1
FAM_I1519	I	6	6	100.0%	core	I26C	202	88	202	152.3	0.833	3024.7
FAM_I1520	I	6	6	100.0%	core	I1YP	537	534	537	536.2	0.833	1.4
FAM_I1521	I	5	5	83.3%	accessory	I2JH	51	51	51	51.0	0.800	0.0
FAM_I1522	I	6	6	100.0%	core	I225	406	406	406	406.0	0.833	0.0
FAM_I1523	I	10	6	100.0%	core	I16	88	88	327	142.2	0.900	9547.3
FAM_I1524	I	3	3	50.0%	accessory	I23	369	369	370	369.3	1.000	0.3
FAM_I1525	I	2	1	16.7%	accessory	I14Y	216	216	216	216.0	1.000	0.0
SING_I4B	I	1	1	16.7%	accessory	I4B	153	153	153	153.0	1.000	0.0
FAM_I1526	I	5	5	83.3%	accessory	I23Z	62	62	62	62.0	0.600	0.0
FAM_I1527	I	6	6	100.0%	core	I24E	117	95	117	113.3	0.667	80.7
FAM_I1528	I	6	6	100.0%	core	I2N0	329	329	531	362.8	0.833	6787.4
FAM_I1529	I	19	4	66.7%	accessory	I284	59	59	819	103.2	0.263	30048.0
FAM_I1530	I	3	3	50.0%	accessory	I50P	375	330	375	345.0	1.000	675.0
FAM_I1531	I	2	2	33.3%	accessory	IB01	151	151	151	151.0	1.000	0.0
SING_I10R	I	1	1	16.7%	accessory	I10R	340	340	340	340.0	1.000	0.0
SING_I123	I	1	1	16.7%	accessory	I123	472	472	472	472.0	1.000	0.0
SING_I14R	I	1	1	16.7%	accessory	I14R	243	243	243	243.0	1.000	0.0
FAM_I1532	I	6	6	100.0%	core	I1AZ	89	89	90	89.7	0.833	0.3
SING_I1L7	I	1	1	16.7%	accessory	I1L7	124	124	124	124.0	1.000	0.0
FAM_I1533	I	2	2	33.3%	accessory	I1MZ	300	300	300	300.0	1.000	0.0
FAM_I1534	I	6	6	100.0%	core	I1SR	393	270	393	352.0	0.667	4034.4
FAM_I1535	I	2	2	33.3%	accessory	I1TN	556	556	557	556.5	1.000	0.5
SING_I1UJ	I	1	1	16.7%	accessory	I1UJ	203	203	203	203.0	1.000	0.0
FAM_I1536	I	3	3	50.0%	accessory	I1VV	208	208	208	208.0	0.667	0.0
FAM_I1537	I	2	2	33.3%	accessory	I1ZV	98	98	98	98.0	0.500	0.0
FAM_I1538	I	2	2	33.3%	accessory	I20B	287	287	287	287.0	0.500	0.0
FAM_I1539	I	2	2	33.3%	accessory	I20R	141	141	141	141.0	0.500	0.0
FAM_I1540	I	2	2	33.3%	accessory	I22J	177	177	177	177.0	0.500	0.0
FAM_I1541	I	3	3	50.0%	accessory	I23V	84	84	88	85.3	0.667	5.3
FAM_I1542	I	2	2	33.3%	accessory	I27V	474	474	474	474.0	0.500	0.0
FAM_I1543	I	6	6	100.0%	core	I28R	137	137	138	137.7	0.833	0.3
FAM_I1544	I	3	3	50.0%	accessory	I297	69	69	69	69.0	0.667	0.0
FAM_I1545	I	2	2	33.3%	accessory	I2BV	286	286	286	286.0	0.500	0.0
FAM_I1546	I	2	2	33.3%	accessory	I2CR	109	109	109	109.0	0.500	0.0
FAM_I1547	I	2	2	33.3%	accessory	I2DN	90	90	90	90.0	0.500	0.0
FAM_I1548	I	2	2	33.3%	accessory	I2FF	418	418	418	418.0	0.500	0.0
FAM_I1549	I	2	2	33.3%	accessory	I2FV	110	110	110	110.0	0.500	0.0
FAM_I1550	I	2	2	33.3%	accessory	I2I3	590	590	590	590.0	0.500	0.0
FAM_I1551	I	2	2	33.3%	accessory	I2IZ	497	497	497	497.0	0.500	0.0
FAM_I1552	I	8	6	100.0%	core	I2OB	145	115	272	200.8	1.000	5849.4
FAM_I1553	I	2	2	33.3%	accessory	I2QJ	94	94	94	94.0	1.000	0.0
FAM_I1554	I	2	2	33.3%	accessory	I2Y3	54	54	54	54.0	0.500	0.0
FAM_I1555	I	9	5	83.3%	accessory	I2J6	290	81	750	207.2	0.667	46370.9
FAM_I1556	I	3	3	50.0%	accessory	I30R	242	242	242	242.0	0.667	0.0
FAM_I1557	I	15	4	66.7%	accessory	I27Y	356	356	454	377.7	0.455	1428.0
FAM_I1558	I	6	6	100.0%	core	I1NH	430	430	431	430.3	0.833	0.3
FAM_I1559	I	2	2	33.3%	accessory	I3VF	176	176	176	176.0	1.000	0.0
FAM_I1560	I	5	5	83.3%	accessory	I1T8	160	160	160	160.0	0.600	0.0
FAM_I1561	I	4	3	50.0%	accessory	I40B	952	513	952	757.0	0.750	52300.7
FAM_I1562	I	3	3	50.0%	accessory	I40R	330	120	330	260.0	0.667	14700.0
FAM_I1563	I	2	2	33.3%	accessory	I4CB	1057	1057	1061	1059.0	1.000	8.0
SING_I4EJ	I	1	1	16.7%	accessory	I4EJ	369	369	369	369.0	1.000	0.0
SING_I4H7	I	1	1	16.7%	accessory	I4H7	185	185	185	185.0	1.000	0.0
SING_I4LN	I	1	1	16.7%	accessory	I4LN	205	205	205	205.0	1.000	0.0
SING_I4M3	I	1	1	16.7%	accessory	I4M3	319	319	319	319.0	1.000	0.0
SING_I4QZ	I	1	1	16.7%	accessory	I4QZ	53	53	53	53.0	1.000	0.0
SING_I4RF	I	1	1	16.7%	accessory	I4RF	1047	1047	1047	1047.0	1.000	0.0
FAM_I1564	I	2	1	16.7%	accessory	I4YT	171	171	171	171.0	0.500	0.0
FAM_I1565	I	6	6	100.0%	core	I2PT	360	360	361	360.5	1.000	0.3
FAM_I1566	I	6	6	100.0%	core	I2KO	356	355	356	355.8	0.833	0.2
FAM_I1567	I	11	6	100.0%	core	I2K8	360	52	792	344.2	0.727	55310.0
SING_I54R	I	1	1	16.7%	accessory	I54R	122	122	122	122.0	1.000	0.0
FAM_I1568	I	4	2	33.3%	accessory	I52F	148	148	149	148.5	1.000	0.3
SING_I5AZ	I	1	1	16.7%	accessory	I5AZ	428	428	428	428.0	1.000	0.0
FAM_I1569	I	11	6	100.0%	core	I25O	208	208	819	286.5	0.727	31826.1
FAM_I1570	I	4	4	66.7%	accessory	I5EJ	208	204	208	206.0	1.000	5.3
FAM_I1571	I	6	6	100.0%	core	I24R	67	67	81	73.7	0.833	53.5
FAM_I1572	I	10	6	100.0%	core	I207	260	260	811	453.0	0.800	40650.2
SING_I5JV	I	1	1	16.7%	accessory	I5JV	85	85	85	85.0	1.000	0.0
FAM_I1573	I	10	6	100.0%	core	I11F	86	76	146	98.6	0.900	410.3
SING_I5OR	I	1	1	16.7%	accessory	I5OR	413	413	413	413.0	1.000	0.0
SING_I5PN	I	1	1	16.7%	accessory	I5PN	51	51	51	51.0	1.000	0.0
SING_I5Q3	I	1	1	16.7%	accessory	I5Q3	1183	1183	1183	1183.0	1.000	0.0
SING_I5QJ	I	1	1	16.7%	accessory	I5QJ	701	701	701	701.0	1.000	0.0
SING_I5UJ	I	1	1	16.7%	accessory	I5UJ	72	72	72	72.0	1.000	0.0
SING_I5XN	I	1	1	16.7%	accessory	I5XN	69	69	69	69.0	1.000	0.0
FAM_I1574	I	6	6	100.0%	core	I2O9	50	50	53	52.0	1.000	2.4
FAM_I1575	I	2	2	33.3%	accessory	I2S5	56	56	56	56.0	0.500	0.0
FAM_I1576	I	2	2	33.3%	accessory	I2XW	92	92	92	92.0	0.500	0.0
FAM_I1577	I	2	2	33.3%	accessory	I32C	114	114	114	114.0	0.500	0.0
FAM_I1578	I	2	2	33.3%	accessory	I34K	67	67	67	67.0	0.500	0.0
FAM_I1579	I	2	2	33.3%	accessory	I35W	81	81	81	81.0	0.500	0.0
FAM_I1580	I	2	2	33.3%	accessory	I36C	284	284	284	284.0	0.500	0.0
FAM_I1581	I	4	2	33.3%	accessory	I2RQ	179	175	179	177.0	0.750	5.3
FAM_I1582	I	2	2	33.3%	accessory	I3DG	78	78	78	78.0	0.500	0.0
FAM_I1583	I	2	2	33.3%	accessory	I3F8	651	651	651	651.0	0.500	0.0
FAM_I1584	I	2	2	33.3%	accessory	I3LH	118	118	118	118.0	0.500	0.0
FAM_I1585	I	2	2	33.3%	accessory	I3PJ	54	54	54	54.0	0.500	0.0
FAM_I1586	I	2	2	33.3%	accessory	I3QV	103	103	103	103.0	0.500	0.0
FAM_I1587	I	3	3	50.0%	accessory	I3TZ	144	144	144	144.0	0.667	0.0
FAM_I1588	I	2	2	33.3%	accessory	I406	715	715	715	715.0	0.500	0.0
FAM_I1589	I	2	2	33.3%	accessory	I412	66	66	66	66.0	0.500	0.0
FAM_I1590	I	5	5	83.3%	accessory	I1VX	469	306	484	442.2	0.800	5849.7
FAM_I1591	I	6	6	100.0%	core	I1B	601	601	601	601.0	0.833	0.0
FAM_I1592	I	6	6	100.0%	core	I1YL	261	216	261	253.5	0.833	337.5
FAM_I1593	I	2	2	33.3%	accessory	I1ZX	702	702	702	702.0	0.500	0.0
FAM_I1594	I	6	6	100.0%	core	I20T	462	257	462	325.3	0.833	11206.7
FAM_I1595	I	6	5	83.3%	accessory	I270	666	98	666	317.7	0.833	77072.3
FAM_I1596	I	6	6	100.0%	core	I2AK	168	135	169	162.7	0.833	183.9
FAM_I1597	I	5	5	83.3%	accessory	I2B0	82	82	82	82.0	0.800	0.0
FAM_I1598	I	13	4	66.7%	accessory	I2FW	N/A	N/A	N/A	N/A	N/A	N/A
FAM_I1599	I	6	6	100.0%	core	I2H8	82	81	83	81.7	0.833	0.7
FAM_I1600	I	3	3	50.0%	accessory	I2IK	113	113	113	113.0	0.667	0.0
FAM_I1601	I	6	6	100.0%	core	I2JG	221	220	222	220.8	0.833	0.6
FAM_I1602	I	2	2	33.3%	accessory	I2LN	183	183	183	183.0	0.500	0.0
SING_I86Z	I	1	1	16.7%	accessory	I86Z	88	88	88	88.0	1.000	0.0
SING_I88B	I	1	1	16.7%	accessory	I88B	602	602	602	602.0	1.000	0.0
FAM_I1603	I	2	2	33.3%	accessory	I487	91	91	91	91.0	1.000	0.0
SING_I8GB	I	1	1	16.7%	accessory	I8GB	291	291	291	291.0	1.000	0.0
SING_I8HN	I	1	1	16.7%	accessory	I8HN	167	167	167	167.0	1.000	0.0
SING_I8IJ	I	1	1	16.7%	accessory	I8IJ	236	236	236	236.0	1.000	0.0
FAM_I1604	I	2	2	33.3%	accessory	I4D2	148	148	148	148.0	0.500	0.0
SING_I8KR	I	1	1	16.7%	accessory	I8KR	113	113	113	113.0	1.000	0.0
FAM_I1605	I	3	3	50.0%	accessory	I16J	414	414	414	414.0	1.000	0.0
FAM_I1606	I	2	2	33.3%	accessory	I4JF	120	109	120	114.5	1.000	60.5
SING_I8WB	I	1	1	16.7%	accessory	I8WB	339	339	339	339.0	1.000	0.0
SING_I8WR	I	1	1	16.7%	accessory	I8WR	90	90	90	90.0	1.000	0.0
FAM_I1607	I	2	2	33.3%	accessory	I96Z	473	473	473	473.0	1.000	0.0
SING_I98R	I	1	1	16.7%	accessory	I98R	169	169	169	169.0	1.000	0.0
SING_I9A3	I	1	1	16.7%	accessory	I9A3	201	201	201	201.0	1.000	0.0
SING_I9E3	I	1	1	16.7%	accessory	I9E3	65	65	65	65.0	1.000	0.0
SING_I9EZ	I	1	1	16.7%	accessory	I9EZ	302	302	302	302.0	1.000	0.0
SING_I9H7	I	1	1	16.7%	accessory	I9H7	70	70	70	70.0	1.000	0.0
FAM_I1608	I	2	2	33.3%	accessory	I5D4	147	146	147	146.5	1.000	0.5
FAM_I1609	I	5	5	83.3%	accessory	I25V	69	69	69	69.0	0.600	0.0
SING_I9KR	I	1	1	16.7%	accessory	I9KR	587	587	587	587.0	1.000	0.0
SING_I9NF	I	1	1	16.7%	accessory	I9NF	64	64	64	64.0	1.000	0.0
SING_I9VF	I	1	1	16.7%	accessory	I9VF	66	66	66	66.0	1.000	0.0
FAM_I1610	I	13	6	100.0%	core	I1N0	450	174	450	269.3	0.833	10183.5
FAM_I1611	I	6	6	100.0%	core	I1N2	284	284	284	284.0	0.667	0.0
FAM_I1612	I	6	6	100.0%	core	I1KV	616	616	776	642.7	0.833	4266.7
SING_IA57	I	1	1	16.7%	accessory	IA57	163	163	163	163.0	1.000	0.0
FAM_I1613	I	2	2	33.3%	accessory	I1IF	195	195	195	195.0	1.000	0.0
FAM_I1614	I	2	2	33.3%	accessory	I1AI	204	204	204	204.0	1.000	0.0
SING_IAGB	I	1	1	16.7%	accessory	IAGB	61	61	61	61.0	1.000	0.0
SING_IAJF	I	1	1	16.7%	accessory	IAJF	81	81	81	81.0	1.000	0.0
FAM_I1615	I	6	6	100.0%	core	I14G	248	136	248	173.3	0.833	3345.1
FAM_I1616	I	2	2	33.3%	accessory	IAQZ	111	111	111	111.0	1.000	0.0
SING_IARF	I	1	1	16.7%	accessory	IARF	212	212	212	212.0	1.000	0.0
FAM_I1617	I	18	6	100.0%	core	I2C5	1349	364	1674	1160.1	0.778	319041.6
SING_IAUJ	I	1	1	16.7%	accessory	IAUJ	553	553	553	553.0	1.000	0.0
FAM_I1618	I	11	5	83.3%	accessory	I2BT	447	346	447	428.6	0.545	1669.3
FAM_I1619	I	2	2	33.3%	accessory	IB2J	258	258	258	258.0	1.000	0.0
FAM_I1620	I	4	4	66.7%	accessory	I54K	112	112	112	112.0	1.000	0.0
SING_IB6Z	I	1	1	16.7%	accessory	IB6Z	134	134	134	134.0	1.000	0.0
FAM_I1621	I	6	6	100.0%	core	I2B3	173	173	173	173.0	0.833	0.0
FAM_I1622	I	3	2	33.3%	accessory	I5B9	67	67	67	67.0	0.667	0.0
FAM_I1623	I	6	6	100.0%	core	I23J	120	120	180	160.0	0.833	960.0
FAM_I1624	I	6	6	100.0%	core	I20L	181	133	212	180.5	0.833	682.3
FAM_I1625	I	3	3	50.0%	accessory	I37	136	136	149	140.3	1.000	56.3
FAM_I1626	I	2	2	33.3%	accessory	I1TM	82	82	82	82.0	1.000	0.0
SING_IBQ3	I	1	1	16.7%	accessory	IBQ3	98	98	98	98.0	1.000	0.0
FAM_I1627	I	3	3	50.0%	accessory	I1KK	61	61	99	73.7	1.000	481.3
FAM_I1628	I	2	2	33.3%	accessory	I5OA	201	79	201	140.0	1.000	7442.0
SING_I47S	I	1	1	16.7%	accessory	I47S	51	51	51	51.0	1.000	0.0
FAM_I1629	I	3	3	50.0%	accessory	I19T	197	129	197	163.0	1.000	1156.0
FAM_I1630	I	2	2	33.3%	accessory	I4EG	257	257	258	257.5	1.000	0.5
SING_I4FS	I	1	1	16.7%	accessory	I4FS	142	142	142	142.0	1.000	0.0
SING_I4KO	I	1	1	16.7%	accessory	I4KO	50	50	50	50.0	1.000	0.0
SING_I4LK	I	1	1	16.7%	accessory	I4LK	69	69	69	69.0	1.000	0.0
FAM_I1631	I	5	4	66.7%	accessory	I4SO	501	141	501	241.4	1.000	21480.3
FAM_I1632	I	6	6	100.0%	core	I2SJ	193	193	196	194.0	0.833	1.2
SING_I4YG	I	1	1	16.7%	accessory	I4YG	114	114	114	114.0	1.000	0.0
SING_I554	I	1	1	16.7%	accessory	I554	97	97	97	97.0	1.000	0.0
SING_I57S	I	1	1	16.7%	accessory	I57S	103	103	103	103.0	1.000	0.0
SING_I588	I	1	1	16.7%	accessory	I588	168	168	168	168.0	1.000	0.0
SING_I5AW	I	1	1	16.7%	accessory	I5AW	126	126	126	126.0	1.000	0.0
SING_I5BC	I	1	1	16.7%	accessory	I5BC	90	90	90	90.0	1.000	0.0
SING_I5DK	I	1	1	16.7%	accessory	I5DK	107	107	107	107.0	1.000	0.0
FAM_I1633	I	6	6	100.0%	core	I25S	139	66	139	114.7	0.667	1421.1
FAM_I1634	I	2	2	33.3%	accessory	I34C	N/A	N/A	N/A	N/A	N/A	N/A
FAM_I1635	I	6	6	100.0%	core	I1HP	220	219	220	219.7	0.500	0.3
FAM_I1636	I	18	6	100.0%	core	I1CQ	163	163	164	163.3	0.833	0.3
FAM_I1637	I	2	2	33.3%	accessory	I2S6	N/A	N/A	N/A	N/A	N/A	N/A
FAM_I1638	I	6	6	100.0%	core	I18	838	835	838	836.7	0.833	1.5
SING_I3W	I	1	1	16.7%	accessory	I3W	91	91	91	91.0	1.000	0.0
SING_I4C	I	1	1	16.7%	accessory	I4C	90	90	90	90.0	1.000	0.0
FAM_I1639	I	8	4	66.7%	accessory	I5O	119	62	687	164.1	1.000	44884.1
FAM_I1640	I	6	6	100.0%	core	I2CS	290	290	534	351.3	0.833	10274.7
FAM_I1641	I	4	4	66.7%	accessory	I54J	510	331	510	375.8	1.000	8010.2
SING_IKC	I	1	1	16.7%	accessory	IKC	157	157	157	157.0	1.000	0.0
SING_IL8	I	1	1	16.7%	accessory	IL8	130	130	130	130.0	1.000	0.0
FAM_I1642	I	2	2	33.3%	accessory	IB00	673	672	673	672.5	1.000	0.5
FAM_I1643	I	2	2	33.3%	accessory	IAOO	272	272	272	272.0	1.000	0.0
SING_I10S	I	1	1	16.7%	accessory	I10S	357	357	357	357.0	1.000	0.0
SING_I124	I	1	1	16.7%	accessory	I124	117	117	117	117.0	1.000	0.0
SING_I14S	I	1	1	16.7%	accessory	I14S	128	128	128	128.0	1.000	0.0
FAM_I1644	I	2	2	33.3%	accessory	I1TO	86	86	86	86.0	1.000	0.0
SING_I1UK	I	1	1	16.7%	accessory	I1UK	56	56	56	56.0	1.000	0.0
FAM_I1645	I	4	4	66.7%	accessory	I1WC	85	85	85	85.0	0.750	0.0
FAM_I1646	I	2	2	33.3%	accessory	I1ZW	166	166	166	166.0	0.500	0.0
FAM_I1647	I	2	2	33.3%	accessory	I20C	192	192	192	192.0	0.500	0.0
FAM_I1648	I	2	2	33.3%	accessory	I22K	230	230	230	230.0	0.500	0.0
FAM_I1649	I	3	3	50.0%	accessory	I298	225	225	225	225.0	0.667	0.0
FAM_I1650	I	2	2	33.3%	accessory	I29O	297	297	297	297.0	0.500	0.0
FAM_I1651	I	2	2	33.3%	accessory	I2DO	232	232	232	232.0	0.500	0.0
FAM_I1652	I	2	2	33.3%	accessory	I2EK	154	154	154	154.0	0.500	0.0
FAM_I1653	I	2	2	33.3%	accessory	I2I4	168	168	168	168.0	0.500	0.0
FAM_I1654	I	2	2	33.3%	accessory	I2OC	124	124	124	124.0	1.000	0.0
FAM_I1655	I	2	2	33.3%	accessory	I2Y4	157	157	157	157.0	0.500	0.0
FAM_I1656	I	2	2	33.3%	accessory	I3A4	220	220	226	223.0	1.000	18.0
FAM_I1657	I	2	2	33.3%	accessory	I3AK	149	149	149	149.0	0.500	0.0
FAM_I1658	I	3	3	50.0%	accessory	I3NW	129	120	129	126.0	0.667	27.0
FAM_I1659	I	5	5	83.3%	accessory	I1JQ	110	110	518	273.2	0.600	49939.2
FAM_I1660	I	3	3	50.0%	accessory	I3RW	959	375	959	764.3	0.667	113685.3
FAM_I1661	I	4	4	66.7%	accessory	I3U4	93	93	93	93.0	0.750	0.0
FAM_I1662	I	2	2	33.3%	accessory	I3VG	126	126	126	126.0	1.000	0.0
SING_I430	I	1	1	16.7%	accessory	I430	81	81	81	81.0	1.000	0.0
SING_I4CC	I	1	1	16.7%	accessory	I4CC	62	62	62	62.0	1.000	0.0
SING_I4EK	I	1	1	16.7%	accessory	I4EK	256	256	256	256.0	1.000	0.0
SING_I4H8	I	1	1	16.7%	accessory	I4H8	444	444	444	444.0	1.000	0.0
SING_I4I4	I	1	1	16.7%	accessory	I4I4	243	243	243	243.0	1.000	0.0
FAM_I1663	I	8	6	100.0%	core	I1O0	82	68	82	75.0	1.000	98.0
FAM_I1664	I	2	2	33.3%	accessory	I4LO	227	227	365	296.0	1.000	9522.0
FAM_I1665	I	3	3	50.0%	accessory	I4Q4	128	128	177	160.7	1.000	800.3
SING_I4R0	I	1	1	16.7%	accessory	I4R0	530	530	530	530.0	1.000	0.0
SING_I4RG	I	1	1	16.7%	accessory	I4RG	254	254	254	254.0	1.000	0.0
FAM_I1666	I	6	6	100.0%	core	I2TD	272	272	273	272.7	0.833	0.3
FAM_I1667	I	2	1	16.7%	accessory	I4YU	64	64	64	64.0	0.500	0.0
SING_I4ZW	I	1	1	16.7%	accessory	I4ZW	316	316	316	316.0	1.000	0.0
SING_I54S	I	1	1	16.7%	accessory	I54S	698	698	698	698.0	1.000	0.0
FAM_I1668	I	2	1	16.7%	accessory	I52G	51	51	51	51.0	1.000	0.0
SING_I57W	I	1	1	16.7%	accessory	I57W	303	303	303	303.0	1.000	0.0
FAM_I1669	I	4	3	50.0%	accessory	I2EI	2050	631	2050	1491.5	0.750	476699.0
SING_I5B0	I	1	1	16.7%	accessory	I5B0	68	68	68	68.0	1.000	0.0
FAM_I1670	I	6	6	100.0%	core	I25N	100	99	100	99.8	0.500	0.2
FAM_I1671	I	2	2	33.3%	accessory	I5EK	146	146	146	146.0	1.000	0.0
FAM_I1672	I	3	3	50.0%	accessory	I20O	428	428	817	557.7	0.667	50440.3
FAM_I1673	I	8	6	100.0%	core	I205	824	69	1085	765.2	0.750	197548.8
SING_I5JW	I	1	1	16.7%	accessory	I5JW	705	705	705	705.0	1.000	0.0
FAM_I1674	I	6	6	100.0%	core	I2VP	341	341	341	341.0	0.500	0.0
FAM_I1675	I	6	6	100.0%	core	I2WM	165	165	165	165.0	0.667	0.0
FAM_I1676	I	6	6	100.0%	core	I2Y7	56	56	56	56.0	0.333	0.0
FAM_I1677	I	6	6	100.0%	core	I2YO	289	289	289	289.0	0.333	0.0
FAM_I1678	I	4	4	66.7%	accessory	I1YB	106	106	106	106.0	1.000	0.0
FAM_I1679	I	2	2	33.3%	accessory	I10I	680	680	680	680.0	1.000	0.0
FAM_I1680	I	6	6	100.0%	core	I12Q	85	85	85	85.0	0.500	0.0
FAM_I1681	I	6	6	100.0%	core	I142	206	206	206	206.0	0.833	0.0
FAM_I1682	I	6	6	100.0%	core	I16Q	318	318	318	318.0	0.833	0.0
SING_I176	I	1	1	16.7%	accessory	I176	111	111	111	111.0	1.000	0.0
FAM_I1683	I	4	4	66.7%	accessory	I182	167	166	167	166.5	0.750	0.3
FAM_I1684	I	6	6	100.0%	core	I18I	435	353	435	421.3	0.833	1120.7
FAM_I1685	I	5	5	83.3%	accessory	I1AQ	261	261	261	261.0	0.800	0.0
FAM_I1686	I	6	6	100.0%	core	I1C2	96	96	96	96.0	0.333	0.0
FAM_I1687	I	6	6	100.0%	core	I1CI	208	208	208	208.0	0.500	0.0
FAM_I1688	I	6	6	100.0%	core	I1CY	247	247	248	247.2	0.833	0.2
FAM_I1689	I	5	5	83.3%	accessory	I1DE	59	59	59	59.0	0.800	0.0
FAM_I1690	I	6	6	100.0%	core	I1G2	122	122	122	122.0	0.667	0.0
FAM_I1691	I	6	6	100.0%	core	I1GY	316	315	316	315.8	0.833	0.2
FAM_I1692	I	6	6	100.0%	core	I1JM	279	279	279	279.0	0.667	0.0
FAM_I1693	I	6	6	100.0%	core	I1K2	195	195	196	195.2	0.833	0.2
FAM_I1694	I	6	6	100.0%	core	I1KY	89	89	89	89.0	0.333	0.0
FAM_I1695	I	6	6	100.0%	core	I1LE	135	135	135	135.0	0.667	0.0
FAM_I1696	I	6	6	100.0%	core	I1LU	126	118	126	123.3	0.500	17.1
FAM_I1697	I	6	6	100.0%	core	I1MA	76	76	76	76.0	0.833	0.0
FAM_I1698	I	6	6	100.0%	core	I1N6	149	149	149	149.0	0.333	0.0
FAM_I1699	I	6	6	100.0%	core	I1O2	60	60	60	60.0	0.500	0.0
FAM_I1700	I	6	6	100.0%	core	I1OI	232	232	232	232.0	0.833	0.0
FAM_I1701	I	3	3	50.0%	accessory	I1OY	211	122	211	181.3	1.000	2640.3
FAM_I1702	I	6	6	100.0%	core	I1QQ	282	282	282	282.0	0.833	0.0
FAM_I1703	I	6	6	100.0%	core	I1R6	336	336	336	336.0	0.833	0.0
FAM_I1704	I	5	5	83.3%	accessory	I1SY	70	70	70	70.0	0.800	0.0
SING_I1TU	I	1	1	16.7%	accessory	I1TU	130	130	130	130.0	1.000	0.0
FAM_I1705	I	6	6	100.0%	core	I1W2	455	455	455	455.0	0.833	0.0
FAM_I1706	I	6	6	100.0%	core	I10	74	74	74	74.0	0.667	0.0
FAM_I1707	I	6	6	100.0%	core	I1G	61	61	61	61.0	0.333	0.0
FAM_I1708	I	6	6	100.0%	core	I1W	108	108	108	108.0	0.333	0.0
FAM_I1709	I	6	6	100.0%	core	I1XU	83	83	83	83.0	0.333	0.0
FAM_I1710	I	6	6	100.0%	core	I1YA	64	64	64	64.0	0.500	0.0
FAM_I1711	I	5	5	83.3%	accessory	I20Y	242	242	242	242.0	0.800	0.0
FAM_I1712	I	6	6	100.0%	core	I21U	101	101	101	101.0	0.667	0.0
FAM_I1713	I	4	4	66.7%	accessory	I242	743	743	744	743.5	0.750	0.3
FAM_I1714	I	5	5	83.3%	accessory	I24I	219	219	219	219.0	0.800	0.0
FAM_I1715	I	2	2	33.3%	accessory	I28I	607	607	607	607.0	0.500	0.0
FAM_I1716	I	2	2	33.3%	accessory	I2BM	186	186	186	186.0	0.500	0.0
FAM_I1717	I	16	2	33.3%	accessory	I2C2	50	50	159	63.6	0.188	1386.1
FAM_I1718	I	2	2	33.3%	accessory	I2EA	52	52	52	52.0	0.500	0.0
FAM_I1719	I	2	2	33.3%	accessory	I2EQ	685	685	685	685.0	0.500	0.0
FAM_I1720	I	2	2	33.3%	accessory	I2F6	421	421	421	421.0	0.500	0.0
FAM_I1721	I	2	2	33.3%	accessory	I2HE	61	61	61	61.0	0.500	0.0
FAM_I1722	I	2	2	33.3%	accessory	I2HU	222	222	222	222.0	0.500	0.0
FAM_I1723	I	2	2	33.3%	accessory	I2JM	187	187	187	187.0	0.500	0.0
FAM_I1724	I	3	3	50.0%	accessory	I2LE	151	151	151	151.0	0.667	0.0
FAM_I1725	I	6	6	100.0%	core	I2LU	219	219	219	219.0	0.833	0.0
FAM_I1726	I	4	4	66.7%	accessory	I2MA	477	477	477	477.0	0.500	0.0
FAM_I1727	I	6	6	100.0%	core	I2MQ	118	118	118	118.0	0.667	0.0
FAM_I1728	I	6	6	100.0%	core	I2SI	87	87	87	87.0	0.833	0.0
FAM_I1729	I	6	6	100.0%	core	I2TE	200	200	200	200.0	0.667	0.0
FAM_I1730	I	6	6	100.0%	core	I2TU	125	125	125	125.0	0.500	0.0
FAM_I1731	I	6	6	100.0%	core	I2UA	55	54	55	54.7	0.500	0.3
FAM_I1732	I	6	6	100.0%	core	I2VM	117	116	117	116.5	0.833	0.3
FAM_I1733	I	6	6	100.0%	core	I2WI	462	265	462	429.2	0.833	6468.2
FAM_I1734	I	6	6	100.0%	core	I2WY	208	208	208	208.0	0.667	0.0
FAM_I1735	I	6	6	100.0%	core	I2XE	387	387	387	387.0	0.833	0.0
FAM_I1736	I	6	6	100.0%	core	I2YA	229	229	229	229.0	0.833	0.0
FAM_I1737	I	6	2	33.3%	accessory	I2HJ	68	68	68	68.0	0.667	0.0
FAM_I1738	I	6	6	100.0%	core	I302	61	61	61	61.0	0.833	0.0
FAM_I1739	I	5	5	83.3%	accessory	I30I	232	232	232	232.0	0.800	0.0
FAM_I1740	I	6	6	100.0%	core	I31E	51	51	51	51.0	0.833	0.0
FAM_I1741	I	6	6	100.0%	core	I31U	1041	306	1041	592.7	0.833	123727.1
FAM_I1742	I	4	2	33.3%	accessory	I2D8	132	132	132	132.0	0.500	0.0
FAM_I1743	I	6	6	100.0%	core	I32Q	225	195	225	220.0	0.833	150.0
FAM_I1744	I	6	6	100.0%	core	I336	257	257	257	257.0	0.333	0.0
FAM_I1745	I	6	6	100.0%	core	I33M	180	180	180	180.0	0.500	0.0
FAM_I1746	I	6	6	100.0%	core	I342	738	738	738	738.0	0.833	0.0
FAM_I1747	I	6	6	100.0%	core	I34I	272	272	272	272.0	0.833	0.0
FAM_I1748	I	6	6	100.0%	core	I34Y	66	66	206	92.2	0.833	3156.2
FAM_I1749	I	6	6	100.0%	core	I35E	135	135	135	135.0	0.833	0.0
FAM_I1750	I	6	6	100.0%	core	I10F	165	165	165	165.0	0.667	0.0
FAM_I1751	I	6	6	100.0%	core	I11B	203	203	203	203.0	0.333	0.0
FAM_I1752	I	5	5	83.3%	accessory	I11W	163	163	163	163.0	0.800	0.0
FAM_I1753	I	6	6	100.0%	core	I12J	73	73	73	73.0	0.833	0.0
FAM_I1754	I	6	6	100.0%	core	I12Z	117	117	117	117.0	0.500	0.0
FAM_I1755	I	6	6	100.0%	core	I13U	271	266	272	270.7	0.833	5.5
FAM_I1756	I	6	6	100.0%	core	I14C	249	249	249	249.0	0.667	0.0
FAM_I1757	I	3	3	50.0%	accessory	I3AA	426	426	426	426.0	0.667	0.0
FAM_I1758	I	6	6	100.0%	core	I15H	123	123	123	123.0	0.500	0.0
FAM_I1759	I	6	6	100.0%	core	I15V	104	104	105	104.7	0.833	0.3
FAM_I1760	I	6	6	100.0%	core	I16E	62	62	62	62.0	0.333	0.0
FAM_I1761	I	6	6	100.0%	core	I179	108	108	108	108.0	0.667	0.0
FAM_I1762	I	6	6	100.0%	core	I17P	107	107	107	107.0	0.333	0.0
FAM_I1763	I	3	3	50.0%	accessory	I3DE	703	247	703	551.0	0.667	69312.0
FAM_I1764	I	6	6	100.0%	core	I190	166	157	167	164.7	0.833	14.3
FAM_I1765	I	6	6	100.0%	core	I19F	79	79	79	79.0	0.333	0.0
FAM_I1766	I	6	6	100.0%	core	I1A8	139	139	139	139.0	0.500	0.0
FAM_I1767	I	6	6	100.0%	core	I1AO	115	115	115	115.0	0.500	0.0
FAM_I1768	I	6	6	100.0%	core	I1ET	53	53	53	53.0	0.333	0.0
FAM_I1769	I	6	6	100.0%	core	I1FA	91	91	91	91.0	0.333	0.0
FAM_I1770	I	6	6	100.0%	core	I1FR	611	611	622	614.7	0.833	32.3
FAM_I1771	I	6	6	100.0%	core	I1G7	119	119	119	119.0	0.833	0.0
FAM_I1772	I	6	6	100.0%	core	I1HF	369	367	370	369.0	0.833	1.2
FAM_I1773	I	6	6	100.0%	core	I1IB	71	71	71	71.0	0.500	0.0
FAM_I1774	I	6	6	100.0%	core	I1IS	97	97	97	97.0	0.333	0.0
FAM_I1775	I	3	3	50.0%	accessory	I1J8	288	288	288	288.0	0.667	0.0
FAM_I1776	I	6	6	100.0%	core	I1L0	222	222	222	222.0	0.667	0.0
FAM_I1777	I	6	6	100.0%	core	I1LH	55	55	55	55.0	0.333	0.0
FAM_I1778	I	6	6	100.0%	core	I1LX	110	110	110	110.0	0.667	0.0
FAM_I1779	I	5	5	83.3%	accessory	I1MT	410	410	415	411.0	0.800	5.0
FAM_I1780	I	6	6	100.0%	core	I1NN	155	155	155	155.0	0.333	0.0
FAM_I1781	I	6	6	100.0%	core	I1OH	409	239	434	361.0	0.833	8910.0
FAM_I1782	I	4	4	66.7%	accessory	I3V6	51	51	51	51.0	0.500	0.0
FAM_I1783	I	4	4	66.7%	accessory	I3VM	65	65	65	65.0	0.500	0.0
FAM_I1784	I	6	6	100.0%	core	I1PF	170	170	170	170.0	0.667	0.0
FAM_I1785	I	6	6	100.0%	core	I1RO	85	85	85	85.0	0.333	0.0
FAM_I1786	I	5	5	83.3%	accessory	I1S4	346	269	859	535.8	0.800	88036.7
FAM_I1787	I	6	6	100.0%	core	I1U4	66	65	66	65.8	0.667	0.2
FAM_I1788	I	6	6	100.0%	core	I1JI	289	289	291	290.5	0.833	0.7
FAM_I1789	I	4	4	66.7%	accessory	I3MF	60	56	60	59.0	0.750	4.0
FAM_I1790	I	6	6	100.0%	core	I1FU	189	189	189	189.0	0.667	0.0
FAM_I1791	I	6	6	100.0%	core	I1E2	85	84	87	85.0	0.667	1.2
FAM_I1792	I	6	6	100.0%	core	I1D6	117	117	117	117.0	0.667	0.0
FAM_I1793	I	6	6	100.0%	core	I1CP	148	148	148	148.0	0.333	0.0
SING_I4B6	I	1	1	16.7%	accessory	I4B6	571	571	571	571.0	1.000	0.0
FAM_I1794	I	6	6	100.0%	core	I17F	578	578	1140	672.5	0.833	52457.5
FAM_I1795	I	6	6	100.0%	core	I16Y	56	56	56	56.0	0.333	0.0
SING_I4G2	I	1	1	16.7%	accessory	I4G2	244	244	244	244.0	1.000	0.0
FAM_I1796	I	6	6	100.0%	core	I15M	72	72	72	72.0	0.333	0.0
SING_I4HE	I	1	1	16.7%	accessory	I4HE	60	60	60	60.0	1.000	0.0
FAM_I1797	I	6	6	100.0%	core	I134	206	206	206	206.0	0.333	0.0
FAM_I1798	I	6	6	100.0%	core	I12S	171	170	171	170.7	0.667	0.3
FAM_I1799	I	2	2	33.3%	accessory	I4K2	76	76	76	76.0	1.000	0.0
FAM_I1800	I	6	6	100.0%	core	I116	76	76	76	76.0	0.667	0.0
SING_I4LE	I	1	1	16.7%	accessory	I4LE	58	58	58	58.0	1.000	0.0
SING_I4LU	I	1	1	16.7%	accessory	I4LU	1302	1302	1302	1302.0	1.000	0.0
FAM_I1801	I	6	6	100.0%	core	I109	82	82	82	82.0	0.500	0.0
FAM_I1802	I	6	6	100.0%	core	I34T	78	78	78	78.0	0.500	0.0
FAM_I1803	I	4	4	66.7%	accessory	I4QA	448	372	649	460.2	1.000	17117.6
FAM_I1804	I	7	6	100.0%	core	I30D	81	81	897	780.4	0.857	95122.3
SING_I4S2	I	1	1	16.7%	accessory	I4S2	190	190	190	190.0	1.000	0.0
FAM_I1805	I	6	6	100.0%	core	I2VK	92	92	92	92.0	0.500	0.0
FAM_I1806	I	11	6	100.0%	core	I2T6	127	127	610	241.4	0.636	20954.5
FAM_I1807	I	6	6	100.0%	core	I2QO	136	136	136	136.0	0.667	0.0
FAM_I1808	I	2	2	33.3%	accessory	I51E	N/A	N/A	N/A	N/A	N/A	N/A
FAM_I1809	I	6	6	100.0%	core	I2M2	132	130	133	131.8	0.833	1.4
FAM_I1810	I	4	3	50.0%	accessory	I52A	417	54	417	144.8	0.750	32942.2
SING_I54Y	I	1	1	16.7%	accessory	I54Y	97	97	97	97.0	1.000	0.0
FAM_I1811	I	6	6	100.0%	core	I2II	53	53	53	53.0	0.333	0.0
SING_I57M	I	1	1	16.7%	accessory	I57M	345	345	345	345.0	1.000	0.0
FAM_I1812	I	6	6	100.0%	core	I2BG	109	109	109	109.0	0.333	0.0
SING_I5AA	I	1	1	16.7%	accessory	I5AA	892	892	892	892.0	1.000	0.0
SING_I5B6	I	1	1	16.7%	accessory	I5B6	410	410	410	410.0	1.000	0.0
FAM_I1813	I	6	6	100.0%	core	I26F	288	288	288	288.0	0.500	0.0
SING_I5DU	I	1	1	16.7%	accessory	I5DU	N/A	N/A	N/A	N/A	N/A	N/A
FAM_I1814	I	6	6	100.0%	core	I21P	58	57	58	57.8	0.833	0.2
SING_I5J6	I	1	1	16.7%	accessory	I5J6	125	125	125	125.0	1.000	0.0
FAM_I1815	I	4	4	66.7%	accessory	I1YM	77	76	77	76.8	0.750	0.2
FAM_I1816	I	6	6	100.0%	core	I1Y4	91	91	91	91.0	0.333	0.0
SING_I5OI	I	1	1	16.7%	accessory	I5OI	86	86	86	86.0	1.000	0.0
SING_I5PU	I	1	1	16.7%	accessory	I5PU	N/A	N/A	N/A	N/A	N/A	N/A
FAM_I1817	I	2	1	16.7%	accessory	I57J	660	63	660	361.5	1.000	178204.5
SING_I5QQ	I	1	1	16.7%	accessory	I5QQ	85	85	85	85.0	1.000	0.0
FAM_I1818	I	2	2	33.3%	accessory	I5S2	211	211	212	211.5	1.000	0.5
FAM_I1819	I	6	6	100.0%	core	I1RQ	103	103	103	103.0	0.333	0.0
FAM_I1820	I	6	6	100.0%	core	I1PI	115	115	115	115.0	0.333	0.0
FAM_I1821	I	6	6	100.0%	core	I1OK	186	186	186	186.0	0.333	0.0
SING_I5WI	I	1	1	16.7%	accessory	I5WI	217	217	217	217.0	1.000	0.0
FAM_I1822	I	6	6	100.0%	core	I1KT	50	50	50	50.0	0.333	0.0
FAM_I1823	I	6	6	100.0%	core	I1P0	252	252	528	298.0	0.667	12696.0
FAM_I1824	I	5	3	50.0%	accessory	I96S	959	786	960	890.2	1.000	9048.2
SING_I5XJ	I	1	1	16.7%	accessory	I5XJ	228	228	228	228.0	1.000	0.0
SING_I5YF	I	1	1	16.7%	accessory	I5YF	50	50	50	50.0	1.000	0.0
FAM_I1825	I	6	6	100.0%	core	I2XS	191	190	191	190.3	0.833	0.3
FAM_I1826	I	4	2	33.3%	accessory	I2CD	124	124	125	124.5	0.500	0.3
FAM_I1827	I	6	6	100.0%	core	I30F	198	197	198	197.5	0.833	0.3
FAM_I1828	I	5	5	83.3%	accessory	I31B	99	99	99	99.0	0.400	0.0
FAM_I1829	I	6	6	100.0%	core	I33K	117	117	117	117.0	0.833	0.0
FAM_I1830	I	5	5	83.3%	accessory	I34W	190	190	190	190.0	0.800	0.0
FAM_I1831	I	6	6	100.0%	core	I119	375	375	376	375.7	0.833	0.3
FAM_I1832	I	4	4	66.7%	accessory	I183	184	184	186	185.0	0.750	1.3
FAM_I1833	I	10	6	100.0%	core	I18X	55	55	382	154.6	0.800	15988.7
FAM_I1834	I	7	5	83.3%	accessory	I1WG	417	404	1316	669.1	0.714	195289.8
FAM_I1835	I	2	2	33.3%	accessory	I3LD	368	368	368	368.0	0.500	0.0
FAM_I1836	I	2	2	33.3%	accessory	I3LT	391	391	391	391.0	0.500	0.0
FAM_I1837	I	2	2	33.3%	accessory	I3PF	59	59	59	59.0	0.500	0.0
FAM_I1838	I	5	5	83.3%	accessory	I2CQ	259	259	260	259.4	0.800	0.3
FAM_I1839	I	2	2	33.3%	accessory	I2IX	119	119	119	119.0	0.500	0.0
FAM_I1840	I	6	6	100.0%	core	I2PL	156	155	156	155.8	1.000	0.2
FAM_I1841	I	6	6	100.0%	core	I2Q1	59	58	59	58.7	1.000	0.3
SING_I2QX	I	1	1	16.7%	accessory	I2QX	133	133	133	133.0	1.000	0.0
FAM_I1842	I	7	6	100.0%	core	I2XL	779	320	779	678.9	1.000	33174.1
FAM_I1843	I	4	4	66.7%	accessory	I2YH	110	110	110	110.0	0.750	0.0
FAM_I1844	I	6	6	100.0%	core	I2YX	107	106	107	106.8	0.833	0.2
FAM_I1845	I	2	2	33.3%	accessory	I321	87	87	87	87.0	0.500	0.0
FAM_I1846	I	6	6	100.0%	core	I1DN	62	62	63	62.3	0.667	0.3
FAM_I1847	I	5	5	83.3%	accessory	I1GT	382	267	383	359.4	0.800	2668.3
FAM_I1848	I	4	4	66.7%	accessory	I3MH	84	84	84	84.0	0.750	0.0
FAM_I1849	I	4	4	66.7%	accessory	I241	429	429	430	429.5	0.750	0.3
FAM_I1850	I	6	6	100.0%	core	I1KI	164	164	166	165.0	0.833	0.8
SING_ID	I	1	1	16.7%	accessory	ID	190	190	190	190.0	1.000	0.0
SING_I3X	I	1	1	16.7%	accessory	I3X	328	328	328	328.0	1.000	0.0
SING_I4D	I	1	1	16.7%	accessory	I4D	271	271	271	271.0	1.000	0.0
FAM_I1851	I	13	6	100.0%	core	I24W	438	118	438	251.3	0.769	17793.4
FAM_I1852	I	2	2	33.3%	accessory	IBDF	168	168	168	168.0	1.000	0.0
FAM_I1853	I	6	6	100.0%	core	I1ZJ	204	204	843	454.7	0.833	81322.3
FAM_I1854	I	2	2	33.3%	accessory	I1ZZ	141	141	141	141.0	0.500	0.0
FAM_I1855	I	2	2	33.3%	accessory	I21B	114	114	114	114.0	0.500	0.0
FAM_I1856	I	2	2	33.3%	accessory	I27Z	94	94	94	94.0	0.500	0.0
FAM_I1857	I	2	2	33.3%	accessory	I2BJ	67	67	67	67.0	0.500	0.0
FAM_I1858	I	8	6	100.0%	core	I2BI	407	407	720	615.9	0.750	18631.6
FAM_I1859	I	2	2	33.3%	accessory	I2DR	69	69	69	69.0	0.500	0.0
FAM_I1860	I	2	2	33.3%	accessory	I2E7	101	101	101	101.0	0.500	0.0
FAM_I1861	I	2	2	33.3%	accessory	I2F3	260	260	260	260.0	0.500	0.0
FAM_I1862	I	3	3	50.0%	accessory	I2FJ	95	95	95	95.0	0.500	0.0
FAM_I1863	I	2	2	33.3%	accessory	I2I7	188	188	188	188.0	0.500	0.0
FAM_I1864	I	2	2	33.3%	accessory	I2J3	186	186	186	186.0	0.500	0.0
FAM_I1865	I	4	2	33.3%	accessory	I2KV	126	126	186	156.0	0.500	1200.0
FAM_I1866	I	2	2	33.3%	accessory	I2Z3	324	324	324	324.0	0.500	0.0
FAM_I1867	I	2	2	33.3%	accessory	I31R	189	189	189	189.0	0.500	0.0
FAM_I1868	I	2	2	33.3%	accessory	I327	N/A	N/A	N/A	N/A	N/A	N/A
FAM_I1869	I	2	2	33.3%	accessory	I32N	74	74	74	74.0	0.500	0.0
FAM_I1870	I	2	2	33.3%	accessory	I34F	153	153	153	153.0	0.500	0.0
FAM_I1871	I	2	2	33.3%	accessory	I367	186	186	186	186.0	0.500	0.0
FAM_I1872	I	3	3	50.0%	accessory	I2EH	186	186	186	186.0	0.667	0.0
FAM_I1873	I	6	6	100.0%	core	I2GP	52	52	52	52.0	0.667	0.0
FAM_I1874	I	6	6	100.0%	core	I2H5	226	209	226	220.3	0.833	77.1
FAM_I1875	I	14	4	66.7%	accessory	I2DV	233	186	1258	433.6	0.643	133753.5
FAM_I1876	I	6	4	66.7%	accessory	I2JT	843	244	843	477.0	0.833	82373.6
FAM_I1877	I	3	3	50.0%	accessory	I2KP	290	290	290	290.0	0.667	0.0
FAM_I1878	I	8	6	100.0%	core	I288	506	151	506	273.0	0.750	24050.9
FAM_I1879	I	5	5	83.3%	accessory	I2MG	211	211	223	213.4	0.800	28.8
FAM_I1880	I	2	2	33.3%	accessory	I2NC	77	77	77	77.0	0.500	0.0
SING_I87S	I	1	1	16.7%	accessory	I87S	301	301	301	301.0	1.000	0.0
SING_I888	I	1	1	16.7%	accessory	I888	497	497	497	497.0	1.000	0.0
FAM_I1881	I	3	3	50.0%	accessory	I432	213	213	213	213.0	1.000	0.0
SING_I894	I	1	1	16.7%	accessory	I894	308	308	308	308.0	1.000	0.0
FAM_I1882	I	4	4	66.7%	accessory	I3MI	51	51	51	51.0	0.750	0.0
FAM_I1883	I	5	5	83.3%	accessory	I1FW	128	124	128	126.4	0.800	4.8
FAM_I1884	I	2	2	33.3%	accessory	I484	92	92	92	92.0	1.000	0.0
FAM_I1885	I	6	6	100.0%	core	I1D5	209	209	209	209.0	0.833	0.0
SING_I8IG	I	1	1	16.7%	accessory	I8IG	491	491	491	491.0	1.000	0.0
SING_I8NC	I	1	1	16.7%	accessory	I8NC	311	311	311	311.0	1.000	0.0
FAM_I1886	I	2	2	33.3%	accessory	I4JC	62	61	62	61.5	1.000	0.5
FAM_I1887	I	6	6	100.0%	core	I112	69	68	69	68.8	0.667	0.2
FAM_I1888	I	6	6	100.0%	core	I2WJ	N/A	N/A	N/A	N/A	N/A	N/A
FAM_I1889	I	6	6	100.0%	core	I1GM	110	110	110	110.0	0.333	0.0
FAM_I1890	I	6	6	100.0%	core	I2WZ	59	59	59	59.0	0.667	0.0
FAM_I1891	I	15	6	100.0%	core	I218	124	56	245	126.3	0.800	4401.5
FAM_I1892	I	6	6	100.0%	core	I34S	88	88	88	88.0	0.333	0.0
FAM_I1893	I	5	5	83.3%	accessory	I18B	57	57	57	57.0	0.400	0.0
FAM_I1894	I	5	5	83.3%	accessory	I1PR	401	401	401	401.0	1.000	0.0
FAM_I1895	I	6	6	100.0%	core	I29W	132	132	132	132.0	0.667	0.0
FAM_I1896	I	6	6	100.0%	core	I2H0	119	119	119	119.0	0.667	0.0
FAM_I1897	I	6	6	100.0%	core	I2WJ	62	62	62	62.0	0.667	0.0
FAM_I1898	I	6	6	100.0%	core	I2W3	172	172	172	172.0	0.833	0.0
FAM_I1899	I	6	6	100.0%	core	I1CJ	80	80	80	80.0	0.500	0.0
FAM_I1900	I	6	6	100.0%	core	I165	73	73	73	73.0	0.333	0.0
FAM_I1901	I	6	6	100.0%	core	I11C	114	114	114	114.0	0.833	0.0
FAM_I1902	I	6	6	100.0%	core	I32R	173	173	173	173.0	0.667	0.0
FAM_I1903	I	6	6	100.0%	core	I2ZV	313	313	314	313.7	0.833	0.3
FAM_I1904	I	6	6	100.0%	core	I2WD	421	421	421	421.0	0.833	0.0
FAM_I1905	I	6	6	100.0%	core	I2VX	274	274	274	274.0	0.833	0.0
FAM_I1906	I	5	5	83.3%	accessory	I2MS	137	137	137	137.0	0.800	0.0
FAM_I1907	I	6	6	100.0%	core	I2LX	330	330	330	330.0	0.833	0.0
FAM_I1908	I	6	6	100.0%	core	I2J9	102	102	119	104.8	0.833	48.2
FAM_I1909	I	6	6	100.0%	core	I268	1238	1188	1240	1229.3	0.833	412.3
FAM_I1910	I	5	5	83.3%	accessory	I1Z9	94	94	94	94.0	0.600	0.0
FAM_I1911	I	6	6	100.0%	core	I1RK	94	94	94	94.0	0.500	0.0
FAM_I1912	I	6	6	100.0%	core	I1Q7	197	197	197	197.0	0.667	0.0
FAM_I1913	I	6	6	100.0%	core	I1NX	50	50	50	50.0	0.667	0.0
FAM_I1914	I	6	6	100.0%	core	I1WH	163	163	164	163.3	0.667	0.3
FAM_I1915	I	6	6	100.0%	core	I1XS	224	224	224	224.0	0.333	0.0
FAM_I1916	I	6	6	100.0%	core	I1Y7	104	104	104	104.0	0.333	0.0
FAM_I1917	I	6	6	100.0%	core	I1ZG	91	91	91	91.0	0.833	0.0
SING_I43	I	1	1	16.7%	accessory	I43	52	52	52	52.0	1.000	0.0
FAM_I1918	I	6	6	100.0%	core	I20X	86	86	376	202.0	0.800	25230.0
FAM_I1919	I	6	6	100.0%	core	I22A	54	54	55	54.5	0.667	0.3
FAM_I1920	I	6	6	100.0%	core	I23N	236	236	238	236.8	0.833	0.6
FAM_I1921	I	6	6	100.0%	core	I247	89	89	89	89.0	0.833	0.0
FAM_I1922	I	6	6	100.0%	core	I252	110	110	110	110.0	0.667	0.0
FAM_I1923	I	5	5	83.3%	accessory	I260	59	59	59	59.0	0.800	0.0
FAM_I1924	I	6	6	100.0%	core	I27A	113	113	113	113.0	0.833	0.0
FAM_I1925	I	6	6	100.0%	core	I28B	578	578	578	578.0	0.833	0.0
FAM_I1926	I	6	6	100.0%	core	I28S	403	403	403	403.0	0.833	0.0
FAM_I1927	I	6	6	100.0%	core	I29B	245	245	246	245.7	0.833	0.3
FAM_I1928	I	3	3	50.0%	accessory	I5AJ	125	125	125	125.0	1.000	0.0
FAM_I1929	I	6	6	100.0%	core	I2GC	224	224	224	224.0	0.500	0.0
FAM_I1930	I	6	6	100.0%	core	I2GS	572	572	572	572.0	0.833	0.0
FAM_I1931	I	13	6	100.0%	core	I19X	146	108	589	286.0	0.769	19486.0
FAM_I1932	I	4	4	66.7%	accessory	I2N8	74	74	74	74.0	0.500	0.0
FAM_I1933	I	3	3	50.0%	accessory	I963	72	72	72	72.0	1.000	0.0
FAM_I1934	I	5	5	83.3%	accessory	I2PP	257	257	257	257.0	1.000	0.0
FAM_I1935	I	5	5	83.3%	accessory	I2Q6	78	78	78	78.0	0.400	0.0
FAM_I1936	I	6	6	100.0%	core	I2SM	106	106	106	106.0	0.833	0.0
FAM_I1937	I	6	6	100.0%	core	I2T0	174	174	174	174.0	0.667	0.0
FAM_I1938	I	6	6	100.0%	core	I2TH	80	80	80	80.0	0.667	0.0
FAM_I1939	I	6	6	100.0%	core	I2UD	332	331	332	331.8	0.833	0.2
FAM_I1940	I	6	6	100.0%	core	I2US	286	285	286	285.8	0.833	0.2
FAM_I1941	I	6	6	100.0%	core	I2VQ	83	83	83	83.0	0.500	0.0
FAM_I1942	I	5	5	83.3%	accessory	I2W7	55	55	55	55.0	0.800	0.0
FAM_I1943	I	6	6	100.0%	core	I2WN	824	824	826	824.8	0.833	0.6
FAM_I1944	I	6	6	100.0%	core	I2X1	133	133	133	133.0	0.833	0.0
FAM_I1945	I	6	6	100.0%	core	I32U	52	52	52	52.0	0.833	0.0
FAM_I1946	I	6	6	100.0%	core	I10J	202	202	202	202.0	0.833	0.0
FAM_I1947	I	6	6	100.0%	core	I10Z	415	415	415	415.0	0.833	0.0
FAM_I1948	I	6	6	100.0%	core	I14J	54	53	54	53.8	0.833	0.2
SING_I14Z	I	1	1	16.7%	accessory	I14Z	224	224	224	224.0	1.000	0.0
FAM_I1949	I	6	6	100.0%	core	I15F	57	56	57	56.7	0.667	0.3
SING_I16B	I	1	1	16.7%	accessory	I16B	91	91	91	91.0	1.000	0.0
FAM_I1950	I	6	6	100.0%	core	I18J	122	122	187	132.8	0.667	704.2
FAM_I1951	I	6	6	100.0%	core	I1GZ	202	202	202	202.0	0.833	0.0
FAM_I1952	I	6	6	100.0%	core	I1IR	189	188	190	189.0	0.667	0.8
FAM_I1953	I	3	3	50.0%	accessory	I1KJ	66	66	66	66.0	1.000	0.0
FAM_I1954	I	6	6	100.0%	core	I1LF	130	130	130	130.0	0.333	0.0
FAM_I1955	I	6	6	100.0%	core	I1LV	63	63	64	63.2	0.833	0.2
FAM_I1956	I	6	6	100.0%	core	I1MB	154	154	154	154.0	0.667	0.0
FAM_I1957	I	6	6	100.0%	core	I1O3	266	251	266	261.0	0.833	60.0
FAM_I1958	I	6	6	100.0%	core	I1OJ	94	94	94	94.0	0.667	0.0
FAM_I1959	I	6	6	100.0%	core	I1PV	429	428	429	428.5	0.833	0.3
FAM_I1960	I	6	6	100.0%	core	I1SJ	79	78	379	128.8	0.667	15020.2
SING_I1TV	I	1	1	16.7%	accessory	I1TV	785	785	785	785.0	1.000	0.0
FAM_I1961	I	2	2	33.3%	accessory	I1YR	78	78	78	78.0	0.500	0.0
FAM_I1962	I	2	2	33.3%	accessory	I1ZN	118	118	118	118.0	0.500	0.0
FAM_I1963	I	2	2	33.3%	accessory	I27N	134	134	134	134.0	0.500	0.0
FAM_I1964	I	2	2	33.3%	accessory	I28J	283	283	283	283.0	0.500	0.0
FAM_I1965	I	2	2	33.3%	accessory	I2C3	255	255	255	255.0	0.500	0.0
FAM_I1966	I	2	2	33.3%	accessory	I2DF	76	76	76	76.0	0.500	0.0
FAM_I1967	I	2	2	33.3%	accessory	I2EB	85	85	85	85.0	0.500	0.0
FAM_I1968	I	2	2	33.3%	accessory	I2ER	92	92	92	92.0	0.500	0.0
FAM_I1969	I	2	2	33.3%	accessory	I2F7	591	591	591	591.0	0.500	0.0
FAM_I1970	I	2	2	33.3%	accessory	I2FN	240	240	240	240.0	0.500	0.0
FAM_I1971	I	2	2	33.3%	accessory	I2G3	63	63	63	63.0	0.500	0.0
FAM_I1972	I	2	2	33.3%	accessory	I2HF	177	177	177	177.0	0.500	0.0
FAM_I1973	I	2	2	33.3%	accessory	I2IB	610	610	610	610.0	0.500	0.0
FAM_I1974	I	2	2	33.3%	accessory	I2KZ	69	69	69	69.0	0.500	0.0
FAM_I1975	I	6	2	33.3%	accessory	I2LF	351	112	351	192.0	0.833	15168.8
FAM_I1976	I	4	4	66.7%	accessory	I2MB	148	148	148	148.0	0.750	0.0
FAM_I1977	I	6	6	100.0%	core	I2MR	290	81	290	202.3	0.833	10582.7
FAM_I1978	I	3	3	50.0%	accessory	I2PF	168	168	169	168.3	1.000	0.3
FAM_I1979	I	2	2	33.3%	accessory	I2RN	149	149	149	149.0	1.000	0.0
FAM_I1980	I	6	6	100.0%	core	I2TF	188	80	188	116.0	0.500	3110.4
FAM_I1981	I	6	6	100.0%	core	I2VN	136	136	136	136.0	0.667	0.0
FAM_I1982	I	6	6	100.0%	core	I2YB	104	104	104	104.0	0.667	0.0
FAM_I1983	I	6	6	100.0%	core	I2YR	170	170	257	184.5	0.833	1261.5
FAM_I1984	I	6	2	33.3%	accessory	I2R0	N/A	N/A	N/A	N/A	N/A	N/A
FAM_I1985	I	6	6	100.0%	core	I30J	266	265	266	265.8	0.833	0.2
FAM_I1986	I	3	3	50.0%	accessory	I30Z	52	52	52	52.0	0.667	0.0
FAM_I1987	I	6	6	100.0%	core	I31F	64	64	64	64.0	0.667	0.0
FAM_I1988	I	5	3	50.0%	accessory	I2D7	70	70	73	70.6	0.600	1.8
FAM_I1989	I	6	6	100.0%	core	I33N	81	81	81	81.0	0.333	0.0
FAM_I1990	I	6	6	100.0%	core	I34J	192	192	192	192.0	0.667	0.0
FAM_I1991	I	6	6	100.0%	core	I100	56	56	56	56.0	0.500	0.0
FAM_I1992	I	6	6	100.0%	core	I12K	167	167	167	167.0	0.833	0.0
FAM_I1993	I	6	6	100.0%	core	I130	110	110	110	110.0	0.333	0.0
FAM_I1994	I	5	5	83.3%	accessory	I13F	135	135	135	135.0	0.800	0.0
FAM_I1995	I	6	6	100.0%	core	I13V	197	197	197	197.0	0.333	0.0
FAM_I1996	I	6	6	100.0%	core	I14D	212	212	212	212.0	0.833	0.0
FAM_I1997	I	4	4	66.7%	accessory	I154	911	911	935	928.8	0.750	140.2
FAM_I1998	I	6	6	100.0%	core	I15I	90	90	90	90.0	0.500	0.0
FAM_I1999	I	6	6	100.0%	core	I15W	66	66	66	66.0	0.500	0.0
FAM_I2000	I	6	6	100.0%	core	I16F	139	139	139	139.0	0.833	0.0
FAM_I2001	I	6	6	100.0%	core	I16T	59	59	59	59.0	0.833	0.0
FAM_I2002	I	6	6	100.0%	core	I17A	57	57	57	57.0	0.333	0.0
FAM_I2003	I	6	6	100.0%	core	I191	92	92	92	92.0	0.500	0.0
FAM_I2004	I	6	6	100.0%	core	I1ED	55	55	55	55.0	0.500	0.0
FAM_I2005	I	6	6	100.0%	core	I1EU	54	54	54	54.0	0.833	0.0
FAM_I2006	I	6	6	100.0%	core	I1FB	56	56	56	56.0	0.333	0.0
FAM_I2007	I	6	6	100.0%	core	I1G8	97	97	97	97.0	0.667	0.0
FAM_I2008	I	6	6	100.0%	core	I1HG	210	210	210	210.0	0.833	0.0
FAM_I2009	I	16	6	100.0%	core	I1EX	66	66	1078	368.3	0.812	164662.2
FAM_I2010	I	6	6	100.0%	core	I1IC	365	365	365	365.0	0.833	0.0
FAM_I2011	I	10	6	100.0%	core	I1IT	227	70	242	217.4	0.800	2730.3
FAM_I2012	I	7	6	100.0%	core	I1JW	75	72	421	160.9	0.857	15052.1
FAM_I2013	I	6	6	100.0%	core	I1KA	606	606	606	606.0	0.833	0.0
FAM_I2014	I	6	6	100.0%	core	I1L1	166	166	166	166.0	0.833	0.0
FAM_I2015	I	6	6	100.0%	core	I1LI	190	190	190	190.0	0.833	0.0
FAM_I2016	I	6	6	100.0%	core	I1LY	75	75	75	75.0	0.833	0.0
FAM_I2017	I	6	6	100.0%	core	I1ME	380	380	381	380.7	0.833	0.3
FAM_I2018	I	6	6	100.0%	core	I1MU	84	84	695	472.2	0.833	67208.6
FAM_I2019	I	6	6	100.0%	core	I1NO	202	202	202	202.0	0.833	0.0
FAM_I2020	I	2	2	33.3%	accessory	I3V7	232	232	254	243.0	1.000	242.0
FAM_I2021	I	4	4	66.7%	accessory	I3VN	69	69	69	69.0	0.750	0.0
FAM_I2022	I	6	6	100.0%	core	I1PG	109	109	109	109.0	0.500	0.0
FAM_I2023	I	6	6	100.0%	core	I1QT	121	121	122	121.8	0.667	0.2
FAM_I2024	I	6	6	100.0%	core	I1RP	81	81	81	81.0	0.667	0.0
FAM_I2025	I	5	5	83.3%	accessory	I1SZ	144	144	144	144.0	0.800	0.0
FAM_I2026	I	4	4	66.7%	accessory	I1UH	176	176	176	176.0	0.750	0.0
FAM_I2027	I	6	6	100.0%	core	I1UY	102	102	102	102.0	0.333	0.0
FAM_I2028	I	6	6	100.0%	core	I1VE	51	51	51	51.0	0.500	0.0
SING_I42R	I	1	1	16.7%	accessory	I42R	156	156	156	156.0	1.000	0.0
SING_I46B	I	1	1	16.7%	accessory	I46B	50	50	50	50.0	1.000	0.0
FAM_I2029	I	6	6	100.0%	core	I1EG	164	164	164	164.0	0.667	0.0
FAM_I2030	I	2	1	16.7%	accessory	I49V	51	51	62	56.5	1.000	60.5
SING_I4B7	I	1	1	16.7%	accessory	I4B7	61	61	61	61.0	1.000	0.0
FAM_I2031	I	4	4	66.7%	accessory	I19Y	188	188	189	188.5	0.750	0.3
FAM_I2032	I	6	6	100.0%	core	I19M	64	64	64	64.0	0.500	0.0
FAM_I2033	I	13	6	100.0%	core	I162	68	50	406	176.1	1.000	14021.9
SING_I4HF	I	1	1	16.7%	accessory	I4HF	95	95	95	95.0	1.000	0.0
FAM_I2034	I	2	1	16.7%	accessory	I4LF	78	78	213	145.5	1.000	9112.5
FAM_I2035	I	9	6	100.0%	core	I33B	55	55	267	103.0	0.667	4236.0
FAM_I2036	I	2	2	33.3%	accessory	I4QB	57	57	57	57.0	1.000	0.0
FAM_I2037	I	8	6	100.0%	core	I30B	88	88	89	88.2	0.625	0.2
FAM_I2038	I	2	2	33.3%	accessory	I4R7	199	199	199	199.0	1.000	0.0
SING_I4RN	I	1	1	16.7%	accessory	I4RN	401	401	401	401.0	1.000	0.0
SING_I4S3	I	1	1	16.7%	accessory	I4S3	166	166	166	166.0	1.000	0.0
FAM_I2039	I	6	6	100.0%	core	I2WK	54	54	54	54.0	0.500	0.0
FAM_I2040	I	6	6	100.0%	core	I2T5	76	76	76	76.0	0.333	0.0
FAM_I2041	I	6	6	100.0%	core	I2SO	275	275	275	275.0	0.833	0.0
FAM_I2042	I	6	6	100.0%	core	I2M1	148	148	148	148.0	0.833	0.0
SING_I54Z	I	1	1	16.7%	accessory	I54Z	214	214	214	214.0	1.000	0.0
FAM_I2043	I	4	4	66.7%	accessory	I55F	85	85	85	85.0	0.500	0.0
SING_I57N	I	1	1	16.7%	accessory	I57N	125	125	125	125.0	1.000	0.0
SING_I583	I	1	1	16.7%	accessory	I583	296	296	296	296.0	1.000	0.0
FAM_I2044	I	10	6	100.0%	core	I2DZ	54	54	422	169.2	0.700	20155.7
FAM_I2045	I	6	6	100.0%	core	I2BF	57	57	57	57.0	0.333	0.0
FAM_I2046	I	6	6	100.0%	core	I2AX	168	167	168	167.8	0.500	0.2
SING_I5B7	I	1	1	16.7%	accessory	I5B7	173	173	173	173.0	1.000	0.0
SING_I5CZ	I	1	1	16.7%	accessory	I5CZ	239	239	239	239.0	1.000	0.0
FAM_I2047	I	6	6	100.0%	core	I24G	107	107	107	107.0	0.500	0.0
SING_I5J7	I	1	1	16.7%	accessory	I5J7	434	434	434	434.0	1.000	0.0
FAM_I2048	I	6	6	100.0%	core	I1WD	52	52	52	52.0	0.333	0.0
FAM_I2049	I	2	2	33.3%	accessory	I5NN	77	77	77	77.0	0.500	0.0
SING_I5O3	I	1	1	16.7%	accessory	I5O3	138	138	138	138.0	1.000	0.0
SING_I5OJ	I	1	1	16.7%	accessory	I5OJ	286	286	286	286.0	1.000	0.0
SING_I5PF	I	1	1	16.7%	accessory	I5PF	1482	1482	1482	1482.0	1.000	0.0
SING_I5PV	I	1	1	16.7%	accessory	I5PV	97	97	97	97.0	1.000	0.0
SING_I5QB	I	1	1	16.7%	accessory	I5QB	855	855	855	855.0	1.000	0.0
SING_I5QR	I	1	1	16.7%	accessory	I5QR	75	75	75	75.0	1.000	0.0
SING_I5R7	I	1	1	16.7%	accessory	I5R7	192	192	192	192.0	1.000	0.0
FAM_I2050	I	6	6	100.0%	core	I1PH	72	72	72	72.0	0.500	0.0
FAM_I2051	I	6	6	100.0%	core	I1NR	276	276	276	276.0	0.833	0.0
FAM_I2052	I	6	6	100.0%	core	I1KS	352	348	353	351.0	0.833	2.8
FAM_I2053	I	2	2	33.3%	accessory	I2PD	62	62	62	62.0	1.000	0.0
FAM_I2054	I	6	6	100.0%	core	I2VH	160	160	160	160.0	0.833	0.0
FAM_I2055	I	6	6	100.0%	core	I2WS	96	96	96	96.0	0.333	0.0
FAM_I2056	I	6	6	100.0%	core	I2XO	796	795	796	795.8	0.833	0.2
FAM_I2057	I	4	4	66.7%	accessory	I2Z0	342	342	342	342.0	0.750	0.0
FAM_I2058	I	6	6	100.0%	core	I330	149	149	149	149.0	0.833	0.0
FAM_I2059	I	5	5	83.3%	accessory	I33G	423	422	423	422.6	0.800	0.3
FAM_I2060	I	6	6	100.0%	core	I358	82	82	82	82.0	0.500	0.0
FAM_I2061	I	6	6	100.0%	core	I10P	311	245	311	300.0	0.833	726.0
FAM_I2062	I	6	6	100.0%	core	I115	295	295	295	295.0	0.833	0.0
FAM_I2063	I	6	6	100.0%	core	I11P	184	184	184	184.0	0.833	0.0
FAM_I2064	I	6	6	100.0%	core	I138	95	95	95	95.0	0.500	0.0
FAM_I2065	I	6	6	100.0%	core	I13O	602	602	621	614.2	0.833	89.0
FAM_I2066	I	6	6	100.0%	core	I145	96	96	96	96.0	0.333	0.0
FAM_I2067	I	6	6	100.0%	core	I14M	148	148	148	148.0	0.500	0.0
FAM_I2068	I	4	4	66.7%	accessory	I17Z	193	193	429	311.0	0.750	18565.3
FAM_I2069	I	4	4	66.7%	accessory	I3EK	145	145	145	145.0	0.500	0.0
FAM_I2070	I	6	6	100.0%	core	I1A2	188	188	188	188.0	0.500	0.0
FAM_I2071	I	6	6	100.0%	core	I1AK	151	151	151	151.0	0.667	0.0
FAM_I2072	I	6	6	100.0%	core	I1B0	104	104	105	104.3	0.500	0.3
FAM_I2073	I	6	6	100.0%	core	I1BG	84	84	84	84.0	0.500	0.0
FAM_I2074	I	5	5	83.3%	accessory	I1BW	133	131	133	132.6	0.800	0.8
FAM_I2075	I	4	4	66.7%	accessory	I1CC	79	79	100	89.5	0.750	147.0
FAM_I2076	I	6	6	100.0%	core	I1D9	95	95	95	95.0	0.500	0.0
FAM_I2077	I	6	6	100.0%	core	I1DR	91	91	91	91.0	0.667	0.0
FAM_I2078	I	6	6	100.0%	core	I1HA	254	254	254	254.0	0.500	0.0
FAM_I2079	I	6	6	100.0%	core	I1IQ	164	107	164	126.0	0.833	866.4
FAM_I2080	I	6	6	100.0%	core	I1JN	120	120	120	120.0	0.500	0.0
FAM_I2081	I	6	6	100.0%	core	I1K5	100	100	100	100.0	0.833	0.0
FAM_I2082	I	6	6	100.0%	core	I1NK	66	66	66	66.0	0.333	0.0
FAM_I2083	I	6	6	100.0%	core	I1S0	354	354	354	354.0	0.833	0.0
FAM_I2084	I	6	6	100.0%	core	I1SE	324	324	324	324.0	0.667	0.0
FAM_I2085	I	8	6	100.0%	core	I1U0	1455	259	1465	993.0	0.875	288096.9
FAM_I2086	I	3	3	50.0%	accessory	I40U	265	265	265	265.0	0.667	0.0
FAM_I2087	I	6	6	100.0%	core	I1V9	105	105	105	105.0	0.500	0.0
FAM_I2088	I	6	6	100.0%	core	I1VP	148	148	148	148.0	0.500	0.0
FAM_I2089	I	6	6	100.0%	core	I1W5	73	72	106	78.2	0.667	186.2
FAM_I2090	I	6	6	100.0%	core	I13	85	85	154	100.8	0.667	786.6
FAM_I2091	I	6	6	100.0%	core	I1J	224	224	224	224.0	0.833	0.0
FAM_I2092	I	6	6	100.0%	core	I1XH	273	273	273	273.0	0.833	0.0
FAM_I2093	I	4	4	66.7%	accessory	I1XX	88	88	88	88.0	0.750	0.0
FAM_I2094	I	2	2	33.3%	accessory	I1ZP	823	823	823	823.0	0.500	0.0
FAM_I2095	I	6	6	100.0%	core	I211	97	97	100	98.0	0.833	2.4
FAM_I2096	I	6	6	100.0%	core	I22T	343	343	343	343.0	0.500	0.0
FAM_I2097	I	6	6	100.0%	core	I239	115	115	115	115.0	0.833	0.0
FAM_I2098	I	6	6	100.0%	core	I23P	83	83	137	108.3	0.833	773.5
FAM_I2099	I	6	6	100.0%	core	I24L	265	149	265	195.7	0.833	3229.9
FAM_I2100	I	6	6	100.0%	core	I28K	140	140	140	140.0	0.833	0.0
FAM_I2101	I	5	5	83.3%	accessory	I290	151	151	151	151.0	0.800	0.0
FAM_I2102	I	6	6	100.0%	core	I2AS	260	260	260	260.0	0.500	0.0
FAM_I2103	I	6	6	100.0%	core	I2B8	185	185	185	185.0	0.667	0.0
FAM_I2104	I	9	6	100.0%	core	I2CK	939	285	939	567.1	0.889	82495.4
FAM_I2105	I	6	4	66.7%	accessory	I2D0	72	72	72	72.0	0.500	0.0
FAM_I2106	I	6	6	100.0%	core	I2DW	958	372	958	567.3	0.667	91572.3
FAM_I2107	I	6	6	100.0%	core	I2JO	200	200	200	200.0	0.833	0.0
FAM_I2108	I	7	6	100.0%	core	I2KK	370	54	370	287.6	0.857	20069.3
SING_I883	I	1	1	16.7%	accessory	I883	116	116	116	116.0	1.000	0.0
FAM_I2109	I	6	6	100.0%	core	I1JE	106	106	106	106.0	0.500	0.0
FAM_I2110	I	6	6	100.0%	core	I1I4	186	186	188	186.8	0.833	0.6
SING_I8CJ	I	1	1	16.7%	accessory	I8CJ	58	58	58	58.0	1.000	0.0
FAM_I2111	I	6	6	100.0%	core	I1DS	182	182	182	182.0	0.833	0.0
FAM_I2112	I	6	6	100.0%	core	I1DA	581	580	581	580.7	0.833	0.3
FAM_I2113	I	6	6	100.0%	core	I1CD	64	64	64	64.0	0.333	0.0
FAM_I2114	I	6	6	100.0%	core	I1BH	76	76	76	76.0	0.667	0.0
FAM_I2115	I	2	2	33.3%	accessory	I5PE	100	100	100	100.0	1.000	0.0
FAM_I2116	I	6	6	100.0%	core	I19B	55	55	55	55.0	0.500	0.0
FAM_I2117	I	6	6	100.0%	core	I15S	79	79	79	79.0	0.333	0.0
SING_I8NN	I	1	1	16.7%	accessory	I8NN	112	112	112	112.0	1.000	0.0
FAM_I2118	I	6	6	100.0%	core	I13Z	102	102	102	102.0	0.667	0.0
FAM_I2119	I	6	6	100.0%	core	I13J	117	117	117	117.0	0.500	0.0
FAM_I2120	I	6	6	100.0%	core	I104	265	265	265	265.0	0.667	0.0
FAM_I2121	I	6	6	100.0%	core	I31L	81	81	553	159.7	0.833	37130.7
FAM_I2122	I	6	6	100.0%	core	I314	77	77	77	77.0	0.833	0.0
SING_I8W3	I	1	1	16.7%	accessory	I8W3	116	116	116	116.0	1.000	0.0
SING_I8WJ	I	1	1	16.7%	accessory	I8WJ	75	75	75	75.0	1.000	0.0
SING_I8YR	I	1	1	16.7%	accessory	I8YR	57	57	57	57.0	1.000	0.0
FAM_I2123	I	6	6	100.0%	core	I2TR	290	290	290	290.0	0.833	0.0
FAM_I2124	I	6	6	100.0%	core	I2TB	58	58	58	58.0	0.667	0.0
FAM_I2125	I	6	6	100.0%	core	I2SU	142	142	142	142.0	0.833	0.0
SING_I95F	I	1	1	16.7%	accessory	I95F	62	62	62	62.0	1.000	0.0
FAM_I2126	I	6	6	100.0%	core	I2NZ	140	140	140	140.0	0.500	0.0
SING_I977	I	1	1	16.7%	accessory	I977	778	778	778	778.0	1.000	0.0
FAM_I2127	I	3	3	50.0%	accessory	I2MH	N/A	N/A	N/A	N/A	N/A	N/A
FAM_I2128	I	6	6	100.0%	core	I2M0	169	169	169	169.0	0.667	0.0
FAM_I2129	I	6	6	100.0%	core	I2KN	104	104	105	104.2	0.667	0.2
SING_I99V	I	1	1	16.7%	accessory	I99V	213	213	213	213.0	1.000	0.0
SING_I9AB	I	1	1	16.7%	accessory	I9AB	58	58	58	58.0	1.000	0.0
FAM_I2130	I	2	2	33.3%	accessory	I595	77	76	77	76.5	1.000	0.5
SING_I9ER	I	1	1	16.7%	accessory	I9ER	144	144	144	144.0	1.000	0.0
FAM_I2131	I	6	6	100.0%	core	I29C	57	57	57	57.0	0.333	0.0
FAM_I2132	I	6	6	100.0%	core	I28W	185	185	185	185.0	0.500	0.0
FAM_I2133	I	6	6	100.0%	core	I28G	132	132	132	132.0	0.500	0.0
SING_I9HV	I	1	1	16.7%	accessory	I9HV	163	163	163	163.0	1.000	0.0
FAM_I2134	I	4	2	33.3%	accessory	I4I3	224	224	224	224.0	0.750	0.0
SING_I9IR	I	1	1	16.7%	accessory	I9IR	132	132	132	132.0	1.000	0.0
FAM_I2135	I	8	5	83.3%	accessory	I24O	593	593	820	743.1	0.875	9799.8
FAM_I2136	I	6	6	100.0%	core	I24F	173	173	173	173.0	0.667	0.0
FAM_I2137	I	6	6	100.0%	core	I22N	53	53	53	53.0	0.500	0.0
SING_I9O3	I	1	1	16.7%	accessory	I9O3	87	87	87	87.0	1.000	0.0
FAM_I2138	I	6	6	100.0%	core	I20J	526	525	526	525.8	0.833	0.2
FAM_I2139	I	6	6	100.0%	core	I1YH	117	117	117	117.0	0.500	0.0
FAM_I2140	I	6	6	100.0%	core	I1XZ	61	61	61	61.0	0.667	0.0
FAM_I2141	I	6	6	100.0%	core	I1A	179	179	179	179.0	0.667	0.0
FAM_I2142	I	3	3	50.0%	accessory	I5NP	130	130	130	130.0	0.667	0.0
SING_I9TV	I	1	1	16.7%	accessory	I9TV	330	330	330	330.0	1.000	0.0
FAM_I2143	I	6	6	100.0%	core	I1SM	175	175	175	175.0	0.667	0.0
FAM_I2144	I	6	6	100.0%	core	I1R8	137	134	137	136.5	0.500	1.5
FAM_I2145	I	2	2	33.3%	accessory	I5W2	66	66	66	66.0	1.000	0.0
FAM_I2146	I	2	2	33.3%	accessory	I5YI	488	93	488	290.5	1.000	78012.5
FAM_I2147	I	6	6	100.0%	core	I1L2	125	124	125	124.8	0.500	0.2
FAM_I2148	I	6	6	100.0%	core	I1I7	278	219	278	260.2	0.833	468.2
FAM_I2149	I	6	6	100.0%	core	I1HB	798	181	798	695.0	1.000	63407.2
SING_IA7N	I	1	1	16.7%	accessory	IA7N	142	142	142	142.0	1.000	0.0
FAM_I2150	I	6	6	100.0%	core	I197	277	277	277	277.0	0.833	0.0
FAM_I2151	I	2	2	33.3%	accessory	I5W3	497	485	497	491.0	1.000	72.0
FAM_I2152	I	6	6	100.0%	core	I1LL	678	614	678	667.3	0.833	682.7
SING_IA38	I	1	1	16.7%	accessory	IA38	67	67	67	67.0	1.000	0.0
SING_IA44	I	1	1	16.7%	accessory	IA44	110	110	110	110.0	1.000	0.0
FAM_I2153	I	6	6	100.0%	core	I1JG	126	126	126	126.0	0.333	0.0
FAM_I2154	I	3	3	50.0%	accessory	I1I5	79	79	80	79.3	1.000	0.3
SING_IA7O	I	1	1	16.7%	accessory	IA7O	352	352	352	352.0	1.000	0.0
FAM_I2155	I	4	4	66.7%	accessory	I196	313	313	313	313.0	0.750	0.0
FAM_I2156	I	6	6	100.0%	core	I16K	358	263	358	310.7	0.833	2688.7
FAM_I2157	I	6	6	100.0%	core	I13R	208	208	208	208.0	0.667	0.0
FAM_I2158	I	6	6	100.0%	core	I13B	118	118	118	118.0	0.667	0.0
FAM_I2159	I	6	6	100.0%	core	I12V	92	92	94	92.5	0.833	0.7
FAM_I2160	I	6	6	100.0%	core	I12F	205	205	205	205.0	0.667	0.0
FAM_I2161	I	2	2	33.3%	accessory	I10G	70	57	70	63.5	1.000	84.5
FAM_I2162	I	4	4	66.7%	accessory	I4MZ	163	163	165	163.5	1.000	1.0
FAM_I2163	I	6	6	100.0%	core	I34N	219	219	219	219.0	0.833	0.0
SING_IAS4	I	1	1	16.7%	accessory	IAS4	72	72	72	72.0	1.000	0.0
FAM_I2164	I	6	6	100.0%	core	I2VD	235	235	235	235.0	0.667	0.0
FAM_I2165	I	6	6	100.0%	core	I2UX	132	132	132	132.0	0.667	0.0
FAM_I2166	I	6	6	100.0%	core	I2QD	100	100	100	100.0	0.833	0.0
FAM_I2167	I	6	6	100.0%	core	I2PH	288	288	288	288.0	0.833	0.0
FAM_I2168	I	6	6	100.0%	core	I2OL	139	139	139	139.0	0.667	0.0
FAM_I2169	I	6	6	100.0%	core	I1OB	158	158	158	158.0	0.667	0.0
FAM_I2170	I	6	6	100.0%	core	I1NF	96	96	96	96.0	0.667	0.0
FAM_I2171	I	6	6	100.0%	core	I1MJ	285	173	285	210.3	0.667	3345.1
FAM_I2172	I	6	6	100.0%	core	I1M3	78	78	78	78.0	0.500	0.0
FAM_I2173	I	6	6	100.0%	core	I1LN	462	188	462	370.7	0.833	20020.3
FAM_I2174	I	8	6	100.0%	core	I1L6	590	154	590	420.0	0.750	38294.9
FAM_I2175	I	6	6	100.0%	core	I28V	271	271	271	271.0	0.833	0.0
SING_I86T	I	1	1	16.7%	accessory	I86T	73	73	73	73.0	1.000	0.0
SING_I87P	I	1	1	16.7%	accessory	I87P	51	51	51	51.0	1.000	0.0
FAM_I2176	I	6	6	100.0%	core	I1DQ	55	54	56	55.0	0.667	0.4
SING_I8H1	I	1	1	16.7%	accessory	I8H1	79	79	79	79.0	1.000	0.0
SING_I8ID	I	1	1	16.7%	accessory	I8ID	59	59	59	59.0	1.000	0.0
SING_I8IT	I	1	1	16.7%	accessory	I8IT	669	669	669	669.0	1.000	0.0
SING_I8J9	I	1	1	16.7%	accessory	I8J9	255	255	255	255.0	1.000	0.0
SING_I8NP	I	1	1	16.7%	accessory	I8NP	192	192	192	192.0	1.000	0.0
FAM_I2177	I	6	6	100.0%	core	I2XC	52	52	52	52.0	0.333	0.0
FAM_I2178	I	6	6	100.0%	core	I2WW	138	138	138	138.0	0.833	0.0
SING_I979	I	1	1	16.7%	accessory	I979	466	466	466	466.0	1.000	0.0
FAM_I2179	I	6	6	100.0%	core	I2MX	194	194	194	194.0	0.500	0.0
FAM_I2180	I	8	6	100.0%	core	I2LY	372	113	373	253.4	0.875	15592.3
SING_I99X	I	1	1	16.7%	accessory	I99X	217	217	217	217.0	1.000	0.0
SING_I9AD	I	1	1	16.7%	accessory	I9AD	189	189	189	189.0	1.000	0.0
FAM_I2181	I	6	6	100.0%	core	I2GV	51	51	51	51.0	0.333	0.0
FAM_I2182	I	6	6	100.0%	core	I2CM	71	71	82	74.7	0.667	32.3
SING_I57Q	I	1	1	16.7%	accessory	I57Q	894	894	894	894.0	1.000	0.0
FAM_I2183	I	6	6	100.0%	core	I2AC	209	96	209	190.2	0.667	2128.2
SING_I5BA	I	1	1	16.7%	accessory	I5BA	117	117	117	117.0	1.000	0.0
SING_I5DI	I	1	1	16.7%	accessory	I5DI	169	169	169	169.0	1.000	0.0
FAM_I2184	I	6	6	100.0%	core	I221	58	58	58	58.0	0.333	0.0
SING_I5JQ	I	1	1	16.7%	accessory	I5JQ	93	93	93	93.0	1.000	0.0
SING_I5L2	I	1	1	16.7%	accessory	I5L2	108	108	108	108.0	1.000	0.0
SING_I5MU	I	1	1	16.7%	accessory	I5MU	95	95	95	95.0	1.000	0.0
SING_I5O6	I	1	1	16.7%	accessory	I5O6	63	63	63	63.0	1.000	0.0
SING_I5OM	I	1	1	16.7%	accessory	I5OM	55	55	55	55.0	1.000	0.0
SING_I5PY	I	1	1	16.7%	accessory	I5PY	380	380	380	380.0	1.000	0.0
SING_I5QE	I	1	1	16.7%	accessory	I5QE	575	575	575	575.0	1.000	0.0
SING_I5RA	I	1	1	16.7%	accessory	I5RA	677	677	677	677.0	1.000	0.0
SING_I5TY	I	1	1	16.7%	accessory	I5TY	374	374	374	374.0	1.000	0.0
FAM_I2185	I	4	4	66.7%	accessory	I3WE	400	276	400	369.0	0.750	3844.0
SING_I5YE	I	1	1	16.7%	accessory	I5YE	200	200	200	200.0	1.000	0.0
FAM_I2186	I	6	6	100.0%	core	I1L5	118	118	118	118.0	0.333	0.0
SING_I606	I	1	1	16.7%	accessory	I606	170	170	170	170.0	1.000	0.0
FAM_I2187	I	10	4	66.7%	accessory	I2KR	473	399	564	459.1	0.750	5212.1
FAM_I2188	I	6	6	100.0%	core	I2PQ	376	363	566	403.2	1.000	6402.2
FAM_I2189	I	6	6	100.0%	core	I2OU	244	244	244	244.0	1.000	0.0
FAM_I2190	I	4	2	33.3%	accessory	I2NY	580	161	580	370.5	1.000	58520.3
FAM_I2191	I	6	6	100.0%	core	I2V4	299	298	299	298.3	0.833	0.3
FAM_I2192	I	6	6	100.0%	core	I2W0	182	182	182	182.0	0.833	0.0
FAM_I2193	I	6	6	100.0%	core	I2XR	170	170	171	170.2	0.667	0.2
FAM_I2194	I	5	5	83.3%	accessory	I31A	81	81	81	81.0	0.500	0.0
FAM_I2195	I	6	6	100.0%	core	I31Q	140	140	140	140.0	0.833	0.0
SING_I1IU	I	1	1	16.7%	accessory	I1IU	254	254	254	254.0	1.000	0.0
FAM_I2196	I	3	3	50.0%	accessory	I1KM	133	133	133	133.0	1.000	0.0
FAM_I2197	I	11	6	100.0%	core	I1P2	95	95	199	136.6	1.000	3244.8
SING_I1TY	I	1	1	16.7%	accessory	I1TY	582	582	582	582.0	1.000	0.0
FAM_I2198	I	2	2	33.3%	accessory	I1ZQ	567	567	567	567.0	0.500	0.0
FAM_I2199	I	2	2	33.3%	accessory	I20M	623	623	623	623.0	0.500	0.0
FAM_I2200	I	2	2	33.3%	accessory	I21I	68	68	68	68.0	0.500	0.0
FAM_I2201	I	2	2	33.3%	accessory	I26U	58	58	58	58.0	0.500	0.0
FAM_I2202	I	2	2	33.3%	accessory	I27Q	210	210	210	210.0	0.500	0.0
FAM_I2203	I	2	2	33.3%	accessory	I286	1100	1100	1100	1100.0	0.500	0.0
FAM_I2204	I	2	2	33.3%	accessory	I292	77	77	77	77.0	0.500	0.0
FAM_I2205	I	3	3	50.0%	accessory	I2AU	221	50	221	107.0	0.667	9747.0
FAM_I2206	I	2	2	33.3%	accessory	I2BQ	78	78	78	78.0	0.500	0.0
FAM_I2207	I	2	2	33.3%	accessory	I2C6	77	77	77	77.0	0.500	0.0
FAM_I2208	I	3	3	50.0%	accessory	I2D2	58	58	62	59.3	0.667	5.3
FAM_I2209	I	2	2	33.3%	accessory	I2DI	55	55	55	55.0	0.500	0.0
FAM_I2210	I	2	2	33.3%	accessory	I2EE	88	88	88	88.0	0.500	0.0
FAM_I2211	I	2	2	33.3%	accessory	I2EU	90	90	90	90.0	0.500	0.0
FAM_I2212	I	2	2	33.3%	accessory	I2FA	342	342	342	342.0	0.500	0.0
FAM_I2213	I	2	2	33.3%	accessory	I2FQ	315	315	315	315.0	0.500	0.0
FAM_I2214	I	2	2	33.3%	accessory	I2HI	124	124	124	124.0	0.500	0.0
FAM_I2215	I	2	2	33.3%	accessory	I2IE	292	292	292	292.0	0.500	0.0
FAM_I2216	I	4	4	66.7%	accessory	I2JQ	107	107	336	219.8	0.750	16958.2
FAM_I2217	I	6	6	100.0%	core	I2KM	223	127	223	202.0	1.000	1404.0
FAM_I2218	I	6	6	100.0%	core	I22I	77	77	77	77.0	0.833	0.0
FAM_I2219	I	9	5	83.3%	accessory	I20F	248	159	589	246.1	0.778	18491.9
SING_I9QV	I	1	1	16.7%	accessory	I9QV	53	53	53	53.0	1.000	0.0
SING_I9UV	I	1	1	16.7%	accessory	I9UV	297	297	297	297.0	1.000	0.0
SING_IA2F	I	1	1	16.7%	accessory	IA2F	158	158	158	158.0	1.000	0.0
FAM_I2220	I	4	4	66.7%	accessory	I1J0	197	185	197	191.0	0.750	48.0
FAM_I2221	I	6	6	100.0%	core	I1HM	69	69	69	69.0	0.500	0.0
FAM_I2222	I	6	6	100.0%	core	I1GD	244	244	244	244.0	0.833	0.0
FAM_I2223	I	6	6	100.0%	core	I1FY	192	191	192	191.3	0.667	0.3
FAM_I2224	I	6	6	100.0%	core	I1FH	62	62	133	73.8	0.833	840.2
FAM_I2225	I	6	6	100.0%	core	I1F1	261	261	261	261.0	0.833	0.0
FAM_I2226	I	2	2	33.3%	accessory	I8WT	131	121	131	126.0	1.000	50.0
SING_IAS7	I	1	1	16.7%	accessory	IAS7	248	248	248	248.0	1.000	0.0
FAM_I2227	I	3	3	50.0%	accessory	I4RA	651	651	1695	999.0	1.000	363312.0
SING_IAUF	I	1	1	16.7%	accessory	IAUF	1609	1609	1609	1609.0	1.000	0.0
FAM_I2228	I	6	6	100.0%	core	I1E1	328	328	328	328.0	0.833	0.0
FAM_I2229	I	6	6	100.0%	core	I1EY	85	85	85	85.0	0.833	0.0
FAM_I2230	I	6	6	100.0%	core	I1FF	319	319	331	325.0	0.667	43.2
FAM_I2231	I	6	6	100.0%	core	I1GR	365	365	721	424.3	0.833	21122.7
FAM_I2232	I	6	6	100.0%	core	I1IG	319	319	319	319.0	0.833	0.0
FAM_I2233	I	6	6	100.0%	core	I1IY	284	283	284	283.7	0.833	0.3
FAM_I2234	I	6	5	83.3%	accessory	I1JX	768	105	768	623.5	0.833	71180.7
FAM_I2235	I	6	6	100.0%	core	I1KD	537	536	694	589.2	0.833	6594.2
FAM_I2236	I	6	6	100.0%	core	I1OM	237	106	237	127.8	0.833	2860.2
FAM_I2237	I	6	6	100.0%	core	I1QH	132	132	132	132.0	0.833	0.0
FAM_I2238	I	6	6	100.0%	core	I1RD	175	175	175	175.0	0.667	0.0
FAM_I2239	I	6	6	100.0%	core	I1RT	126	125	127	126.0	1.000	0.4
FAM_I2240	I	5	5	83.3%	accessory	I1T4	192	192	192	192.0	0.800	0.0
FAM_I2241	I	5	4	66.7%	accessory	I407	459	74	459	286.0	0.800	31183.0
SING_I4FR	I	1	1	16.7%	accessory	I4FR	224	224	224	224.0	1.000	0.0
FAM_I2242	I	6	6	100.0%	core	I12N	252	98	252	226.3	0.833	3952.7
FAM_I2243	I	2	2	33.3%	accessory	I4LJ	62	62	62	62.0	0.500	0.0
SING_IA4P	I	1	1	16.7%	accessory	IA4P	891	891	891	891.0	1.000	0.0
FAM_I2244	I	3	3	50.0%	accessory	I1EK	168	168	168	168.0	1.000	0.0
SING_IAG9	I	1	1	16.7%	accessory	IAG9	497	497	497	497.0	1.000	0.0
SING_IAJD	I	1	1	16.7%	accessory	IAJD	324	324	324	324.0	1.000	0.0
FAM_I2245	I	2	2	33.3%	accessory	I10Q	511	150	511	330.5	1.000	65160.5
FAM_I2246	I	5	4	66.7%	accessory	I4FJ	73	73	73	73.0	1.000	0.0
FAM_I2247	I	6	6	100.0%	core	I33J	213	213	222	219.0	0.833	21.6
SING_IARD	I	1	1	16.7%	accessory	IARD	101	101	101	101.0	1.000	0.0
FAM_I2248	I	2	2	33.3%	accessory	I4RC	375	195	375	285.0	1.000	16200.0
FAM_I2249	I	6	6	100.0%	core	I2YY	107	107	108	107.7	0.833	0.3
FAM_I2250	I	4	4	66.7%	accessory	I4T5	77	77	78	77.8	1.000	0.2
SING_IAUH	I	1	1	16.7%	accessory	IAUH	294	294	294	294.0	1.000	0.0
FAM_I2251	I	2	2	33.3%	accessory	IAZT	71	71	71	71.0	1.000	0.0
SING_IB0P	I	1	1	16.7%	accessory	IB0P	87	87	87	87.0	1.000	0.0
FAM_I2252	I	3	3	50.0%	accessory	I96M	260	171	260	200.7	1.000	2640.3
FAM_I2253	I	5	5	83.3%	accessory	I2MN	50	50	110	98.0	0.800	720.0
FAM_I2254	I	6	6	100.0%	core	I2M6	147	146	147	146.8	0.833	0.2
FAM_I2255	I	6	6	100.0%	core	I2LR	380	380	400	383.3	0.833	66.7
FAM_I2256	I	6	6	100.0%	core	I2KD	143	143	144	143.2	0.833	0.2
FAM_I2257	I	2	1	16.7%	accessory	IBBD	266	266	266	266.0	0.500	0.0
FAM_I2258	I	2	2	33.3%	accessory	IBB	389	389	389	389.0	1.000	0.0
FAM_I2259	I	6	6	100.0%	core	I21Q	259	259	259	259.0	0.833	0.0
FAM_I2260	I	6	6	100.0%	core	I1V8	166	160	274	182.0	0.833	2040.0
SING_IBP5	I	1	1	16.7%	accessory	IBP5	251	251	251	251.0	1.000	0.0
SING_IBQ1	I	1	1	16.7%	accessory	IBQ1	391	391	391	391.0	1.000	0.0
SING_IBQX	I	1	1	16.7%	accessory	IBQX	190	190	190	190.0	1.000	0.0
FAM_I2261	I	11	6	100.0%	core	I1SA	128	117	128	124.3	0.833	32.3
FAM_I2262	I	3	3	50.0%	accessory	I1KL	68	68	85	73.7	1.000	96.3
FAM_I2263	I	6	6	100.0%	core	I2G4	753	752	755	753.5	0.833	1.1
FAM_I2264	I	2	2	33.3%	accessory	I3BQ	389	389	389	389.0	0.500	0.0
SING_I88F	I	1	1	16.7%	accessory	I88F	188	188	188	188.0	1.000	0.0
SING_I8B3	I	1	1	16.7%	accessory	I8B3	363	363	363	363.0	1.000	0.0
SING_I8BJ	I	1	1	16.7%	accessory	I8BJ	119	119	119	119.0	1.000	0.0
FAM_I2265	I	3	3	50.0%	accessory	I19V	354	354	355	354.3	1.000	0.3
SING_I8J3	I	1	1	16.7%	accessory	I8J3	410	410	410	410.0	1.000	0.0
FAM_I2266	I	9	6	100.0%	core	I1RA	241	173	394	256.8	0.667	6752.7
SING_I8NJ	I	1	1	16.7%	accessory	I8NJ	114	114	114	114.0	1.000	0.0
FAM_I2267	I	2	2	33.3%	accessory	I4J3	58	58	58	58.0	0.500	0.0
SING_I8TB	I	1	1	16.7%	accessory	I8TB	77	77	77	77.0	1.000	0.0
FAM_I2268	I	6	6	100.0%	core	I317	147	146	487	213.0	0.833	18566.0
SING_I8WV	I	1	1	16.7%	accessory	I8WV	325	325	325	325.0	1.000	0.0
FAM_I2269	I	2	2	33.3%	accessory	I973	137	137	137	137.0	1.000	0.0
SING_I9A7	I	1	1	16.7%	accessory	I9A7	101	101	101	101.0	1.000	0.0
FAM_I2270	I	2	2	33.3%	accessory	I4R3	1025	928	1025	976.5	1.000	4704.5
FAM_I2271	I	6	6	100.0%	core	I2YW	591	591	595	591.8	0.833	2.6
FAM_I2272	I	3	3	50.0%	accessory	I308	81	81	81	81.0	0.667	0.0
FAM_I2273	I	8	5	83.3%	accessory	I2D1	182	182	260	214.9	0.750	1234.7
FAM_I2274	I	6	6	100.0%	core	I14I	65	65	66	65.3	0.667	0.3
FAM_I2275	I	6	6	100.0%	core	I161	256	255	340	269.8	0.833	1181.8
FAM_I2276	I	6	6	100.0%	core	I1DM	89	89	89	89.0	0.833	0.0
FAM_I2277	I	6	6	100.0%	core	I1IH	177	177	177	177.0	0.667	0.0
FAM_I2278	I	6	6	100.0%	core	I1JY	279	279	604	333.2	0.833	17604.2
FAM_I2279	I	4	4	66.7%	accessory	I3T4	477	353	477	445.8	0.750	3823.6
FAM_I2280	I	42	6	100.0%	core	I148	1629	1549	1803	1633.2	0.833	6913.3
FAM_I2281	I	6	6	100.0%	core	I1PL	133	133	133	133.0	0.833	0.0
FAM_I2282	I	4	4	66.7%	accessory	I1RU	50	50	50	50.0	0.750	0.0
SING_I46G	I	1	1	16.7%	accessory	I46G	103	103	103	103.0	1.000	0.0
FAM_I2283	I	2	2	33.3%	accessory	I2F8	1452	1452	1452	1452.0	0.500	0.0
FAM_I2284	I	11	6	100.0%	core	I2W4	53	53	542	130.6	0.727	19946.5
FAM_I2285	I	6	6	100.0%	core	I1NA	106	106	106	106.0	0.667	0.0
FAM_I2286	I	6	6	100.0%	core	I1JH	220	200	388	244.8	0.833	4985.0
FAM_I2287	I	6	6	100.0%	core	I17D	N/A	N/A	N/A	N/A	N/A	N/A
FAM_I2288	I	6	6	100.0%	core	I140	55	54	55	54.8	0.667	0.2
FAM_I2289	I	6	6	100.0%	core	I1KB	223	223	223	223.0	0.500	0.0
FAM_I2290	I	14	6	100.0%	core	I1OT	536	72	536	210.3	0.778	17797.7
FAM_I2291	I	6	6	100.0%	core	I19A	487	487	487	487.0	0.667	0.0
FAM_I2292	I	6	6	100.0%	core	I2U6	99	99	99	99.0	0.833	0.0
FAM_I2293	I	6	6	100.0%	core	I2TQ	112	112	112	112.0	0.500	0.0
FAM_I2294	I	6	6	100.0%	core	I2TA	128	128	128	128.0	0.333	0.0
FAM_I2295	I	2	2	33.3%	accessory	I5DV	453	453	453	453.0	1.000	0.0
FAM_I2296	I	3	3	50.0%	accessory	I2I	122	53	122	76.0	1.000	1587.0
FAM_I2297	I	3	3	50.0%	accessory	I5P2	211	137	378	242.0	1.000	15241.0
FAM_I2298	I	6	6	100.0%	core	I1JT	52	52	52	52.0	0.500	0.0
FAM_I2299	I	6	6	100.0%	core	I14N	61	61	61	61.0	0.667	0.0
FAM_I2300	I	6	6	100.0%	core	I33O	332	332	333	332.2	0.833	0.2
FAM_I2301	I	6	6	100.0%	core	I338	204	204	204	204.0	0.667	0.0
FAM_I2302	I	6	6	100.0%	core	I2AT	180	180	180	180.0	0.833	0.0
FAM_I2303	I	6	6	100.0%	core	I291	145	145	145	145.0	0.833	0.0
FAM_I2304	I	6	6	100.0%	core	I1Y8	98	97	98	97.8	0.500	0.2
SING_I44	I	1	1	16.7%	accessory	I44	108	108	108	108.0	1.000	0.0
FAM_I2305	I	4	4	66.7%	accessory	I5FY	217	217	217	217.0	1.000	0.0
FAM_I2306	I	6	6	100.0%	core	I25J	174	174	174	174.0	0.833	0.0
FAM_I2307	I	5	5	83.3%	accessory	I261	83	83	83	83.0	0.400	0.0
FAM_I2308	I	6	6	100.0%	core	I27B	315	315	315	315.0	0.833	0.0
FAM_I2309	I	17	6	100.0%	core	I1Z4	100	100	350	205.9	0.833	15053.9
FAM_I2310	I	6	6	100.0%	core	I2GD	260	260	260	260.0	0.833	0.0
FAM_I2311	I	6	6	100.0%	core	I2H9	146	145	147	146.0	0.667	0.4
FAM_I2312	I	2	2	33.3%	accessory	IB6Q	106	106	106	106.0	1.000	0.0
FAM_I2313	I	6	6	100.0%	core	I2OE	196	196	196	196.0	1.000	0.0
FAM_I2314	I	6	6	100.0%	core	I2OR	91	91	91	91.0	1.000	0.0
FAM_I2315	I	6	6	100.0%	core	I2P8	172	172	174	172.7	0.833	1.1
FAM_I2316	I	5	5	83.3%	accessory	I2Q7	248	248	248	248.0	1.000	0.0
FAM_I2317	I	6	6	100.0%	core	I2SN	423	423	424	423.2	0.833	0.2
FAM_I2318	I	6	6	100.0%	core	I2T1	103	103	103	103.0	0.333	0.0
FAM_I2319	I	6	6	100.0%	core	I2TI	102	102	102	102.0	0.667	0.0
FAM_I2320	I	6	6	100.0%	core	I2TY	556	556	556	556.0	0.833	0.0
FAM_I2321	I	6	6	100.0%	core	I2UE	156	156	156	156.0	0.667	0.0
FAM_I2322	I	6	6	100.0%	core	I2UT	100	100	100	100.0	0.667	0.0
FAM_I2323	I	6	6	100.0%	core	I2V9	445	445	445	445.0	0.833	0.0
FAM_I2324	I	6	6	100.0%	core	I2VS	89	89	89	89.0	0.667	0.0
FAM_I2325	I	6	6	100.0%	core	I2X2	55	55	55	55.0	0.667	0.0
FAM_I2326	I	6	6	100.0%	core	I2XI	201	201	236	208.0	0.833	196.0
FAM_I2327	I	11	6	100.0%	core	I29Y	457	137	924	551.3	0.818	44770.6
FAM_I2328	I	6	6	100.0%	core	I33T	251	251	253	251.8	0.833	1.0
FAM_I2329	I	6	6	100.0%	core	I346	143	143	143	143.0	0.833	0.0
FAM_I2330	I	6	6	100.0%	core	I10K	180	179	180	179.7	0.833	0.3
FAM_I2331	I	6	6	100.0%	core	I110	55	55	55	55.0	0.667	0.0
FAM_I2332	I	6	6	100.0%	core	I11G	619	617	619	618.2	0.833	0.6
SING_I150	I	1	1	16.7%	accessory	I150	75	75	75	75.0	1.000	0.0
FAM_I2333	I	3	3	50.0%	accessory	I16C	88	88	88	88.0	1.000	0.0
FAM_I2334	I	6	6	100.0%	core	I18K	307	307	307	307.0	0.500	0.0
FAM_I2335	I	2	2	33.3%	accessory	I1AS	283	283	283	283.0	1.000	0.0
FAM_I2336	I	6	6	100.0%	core	I1FO	58	58	58	58.0	0.333	0.0
FAM_I2337	I	6	6	100.0%	core	I1H0	71	71	71	71.0	0.833	0.0
FAM_I2338	I	4	4	66.7%	accessory	I1JO	52	52	52	52.0	0.750	0.0
FAM_I2339	I	6	6	100.0%	core	I1SK	309	309	309	309.0	0.833	0.0
SING_I1TG	I	1	1	16.7%	accessory	I1TG	123	123	123	123.0	1.000	0.0
SING_I1TW	I	1	1	16.7%	accessory	I1TW	55	55	55	55.0	1.000	0.0
FAM_I2340	I	2	2	33.3%	accessory	I1YS	136	136	136	136.0	0.500	0.0
FAM_I2341	I	3	3	50.0%	accessory	I1ZO	57	57	57	57.0	0.500	0.0
FAM_I2342	I	2	2	33.3%	accessory	I22C	150	150	150	150.0	0.500	0.0
FAM_I2343	I	2	2	33.3%	accessory	I25W	234	234	234	234.0	0.500	0.0
FAM_I2344	I	6	6	100.0%	core	I26S	148	148	151	149.8	0.833	2.2
FAM_I2345	I	2	2	33.3%	accessory	I27O	531	531	531	531.0	0.500	0.0
FAM_I2346	I	2	2	33.3%	accessory	I2BO	108	108	108	108.0	0.500	0.0
FAM_I2347	I	2	2	33.3%	accessory	I2EC	268	268	268	268.0	0.500	0.0
FAM_I2348	I	2	2	33.3%	accessory	I2ES	224	224	224	224.0	0.500	0.0
FAM_I2349	I	2	2	33.3%	accessory	I2FO	500	500	500	500.0	0.500	0.0
FAM_I2350	I	2	2	33.3%	accessory	I2HG	114	114	114	114.0	0.500	0.0
FAM_I2351	I	2	2	33.3%	accessory	I2IC	370	370	370	370.0	0.500	0.0
FAM_I2352	I	6	6	100.0%	core	I2QC	63	63	63	63.0	0.667	0.0
FAM_I2353	I	2	2	33.3%	accessory	I2RO	273	273	273	273.0	1.000	0.0
FAM_I2354	I	6	2	33.3%	accessory	I2HK	115	109	115	113.0	0.500	9.6
FAM_I2355	I	6	6	100.0%	core	I2V8	328	328	329	328.8	0.833	0.2
FAM_I2356	I	6	6	100.0%	core	I2YS	78	78	78	78.0	0.833	0.0
FAM_I2357	I	4	2	33.3%	accessory	I2C8	92	92	92	92.0	0.500	0.0
FAM_I2358	I	6	6	100.0%	core	I310	91	91	91	91.0	0.667	0.0
FAM_I2359	I	6	6	100.0%	core	I31W	514	221	514	318.7	0.667	22893.1
FAM_I2360	I	6	6	100.0%	core	I11Y	95	95	95	95.0	0.500	0.0
FAM_I2361	I	6	6	100.0%	core	I12L	71	71	71	71.0	0.500	0.0
FAM_I2362	I	6	6	100.0%	core	I131	284	284	284	284.0	0.667	0.0
FAM_I2363	I	6	6	100.0%	core	I13W	407	407	407	407.0	0.833	0.0
FAM_I2364	I	6	6	100.0%	core	I14E	149	148	149	148.8	0.833	0.2
FAM_I2365	I	6	6	100.0%	core	I15J	126	126	126	126.0	0.667	0.0
FAM_I2366	I	6	6	100.0%	core	I15X	186	186	186	186.0	0.833	0.0
FAM_I2367	I	6	6	100.0%	core	I16G	193	192	193	192.8	0.833	0.2
FAM_I2368	I	6	6	100.0%	core	I16U	87	86	87	86.8	0.833	0.2
FAM_I2369	I	6	6	100.0%	core	I17B	350	350	350	350.0	0.667	0.0
FAM_I2370	I	6	6	100.0%	core	I17R	121	121	121	121.0	0.500	0.0
FAM_I2371	I	6	6	100.0%	core	I192	138	138	138	138.0	0.500	0.0
FAM_I2372	I	6	6	100.0%	core	I1DI	394	393	394	393.8	0.833	0.2
FAM_I2373	I	6	6	100.0%	core	I1DY	151	151	151	151.0	0.333	0.0
FAM_I2374	I	6	6	100.0%	core	I1EE	106	106	106	106.0	0.833	0.0
FAM_I2375	I	6	6	100.0%	core	I1EV	301	301	301	301.0	0.500	0.0
FAM_I2376	I	6	6	100.0%	core	I1FS	188	187	188	187.5	0.833	0.3
FAM_I2377	I	3	3	50.0%	accessory	I3LW	198	63	198	153.0	0.667	6075.0
FAM_I2378	I	6	6	100.0%	core	I1HH	403	403	404	403.7	0.833	0.3
FAM_I2379	I	6	6	100.0%	core	I1ID	77	77	77	77.0	0.833	0.0
FAM_I2380	I	6	6	100.0%	core	I1JB	97	97	97	97.0	0.667	0.0
FAM_I2381	I	6	6	100.0%	core	I1MF	581	581	581	581.0	0.833	0.0
FAM_I2382	I	6	6	100.0%	core	I1NP	60	60	159	109.5	0.833	2940.3
FAM_I2383	I	6	6	100.0%	core	I1PX	545	545	546	545.2	0.833	0.2
FAM_I2384	I	5	5	83.3%	accessory	I1T0	122	122	122	122.0	0.800	0.0
FAM_I2385	I	6	6	100.0%	core	I1U6	339	339	339	339.0	0.833	0.0
FAM_I2386	I	6	6	100.0%	core	I1UZ	90	63	90	81.0	0.500	194.4
FAM_I2387	I	6	6	100.0%	core	I1HZ	157	157	157	157.0	0.333	0.0
FAM_I2388	I	6	6	100.0%	core	I1HI	50	50	73	53.8	0.500	88.2
FAM_I2389	I	3	3	50.0%	accessory	I1G6	199	199	449	282.3	1.000	20833.3
FAM_I2390	I	6	6	100.0%	core	I1FC	400	244	400	348.0	0.500	6489.6
FAM_I2391	I	6	6	100.0%	core	I1EF	146	146	146	146.0	0.333	0.0
FAM_I2392	I	6	6	100.0%	core	I1D4	144	144	144	144.0	0.500	0.0
FAM_I2393	I	6	6	100.0%	core	I1CN	108	108	108	108.0	0.333	0.0
FAM_I2394	I	6	6	100.0%	core	I1B4	194	194	194	194.0	0.333	0.0
FAM_I2395	I	6	6	100.0%	core	I19L	160	160	160	160.0	0.833	0.0
SING_I4GK	I	1	1	16.7%	accessory	I4GK	50	50	50	50.0	1.000	0.0
SING_I4HG	I	1	1	16.7%	accessory	I4HG	1051	1051	1051	1051.0	1.000	0.0
FAM_I2396	I	6	6	100.0%	core	I132	149	149	149	149.0	0.500	0.0
FAM_I2397	I	4	4	66.7%	accessory	I11L	248	248	248	248.0	1.000	0.0
SING_I4QC	I	1	1	16.7%	accessory	I4QC	56	56	56	56.0	1.000	0.0
FAM_I2398	I	2	2	33.3%	accessory	I4R8	165	165	259	212.0	1.000	4418.0
SING_I4RO	I	1	1	16.7%	accessory	I4RO	61	61	61	61.0	1.000	0.0
SING_I4S4	I	1	1	16.7%	accessory	I4S4	274	274	274	274.0	1.000	0.0
FAM_I2399	I	8	6	100.0%	core	I2XU	399	399	697	573.5	0.833	18620.7
FAM_I2400	I	6	6	100.0%	core	I2UI	77	77	77	77.0	0.333	0.0
FAM_I2401	I	6	6	100.0%	core	I2TM	127	127	127	127.0	0.333	0.0
FAM_I2402	I	6	6	100.0%	core	I2QL	218	218	218	218.0	0.667	0.0
SING_I4ZO	I	1	1	16.7%	accessory	I4ZO	95	95	95	95.0	1.000	0.0
SING_I510	I	1	1	16.7%	accessory	I510	194	194	194	194.0	1.000	0.0
SING_I52S	I	1	1	16.7%	accessory	I52S	131	131	131	131.0	1.000	0.0
SING_I550	I	1	1	16.7%	accessory	I550	130	130	130	130.0	1.000	0.0
SING_I55G	I	1	1	16.7%	accessory	I55G	206	206	206	206.0	1.000	0.0
FAM_I2403	I	6	6	100.0%	core	I2GZ	87	86	87	86.8	0.500	0.2
SING_I57O	I	1	1	16.7%	accessory	I57O	458	458	458	458.0	1.000	0.0
SING_I584	I	1	1	16.7%	accessory	I584	191	191	191	191.0	1.000	0.0
FAM_I2404	I	6	6	100.0%	core	I2DY	287	286	287	286.8	0.833	0.2
FAM_I2405	I	6	6	100.0%	core	I26Z	93	93	365	168.5	0.667	14508.7
FAM_I2406	I	6	6	100.0%	core	I263	169	169	169	169.0	0.667	0.0
FAM_I2407	I	6	6	100.0%	core	I23I	109	109	109	109.0	0.833	0.0
FAM_I2408	I	6	6	100.0%	core	I233	99	99	99	99.0	0.667	0.0
FAM_I2409	I	6	6	100.0%	core	I223	189	189	189	189.0	0.333	0.0
FAM_I2410	I	6	6	100.0%	core	I1Y2	146	146	146	146.0	0.500	0.0
SING_I5MC	I	1	1	16.7%	accessory	I5MC	189	189	189	189.0	1.000	0.0
SING_I5O4	I	1	1	16.7%	accessory	I5O4	170	170	170	170.0	1.000	0.0
SING_I5OK	I	1	1	16.7%	accessory	I5OK	393	393	393	393.0	1.000	0.0
SING_I5PG	I	1	1	16.7%	accessory	I5PG	327	327	327	327.0	1.000	0.0
SING_I5PW	I	1	1	16.7%	accessory	I5PW	363	363	363	363.0	1.000	0.0
SING_I5QC	I	1	1	16.7%	accessory	I5QC	169	169	169	169.0	1.000	0.0
FAM_I2411	I	3	2	33.3%	accessory	I57V	197	197	313	268.3	1.000	3897.3
SING_I5S4	I	1	1	16.7%	accessory	I5S4	81	81	81	81.0	1.000	0.0
SING_I5XG	I	1	1	16.7%	accessory	I5XG	395	395	395	395.0	1.000	0.0
FAM_I2412	I	2	2	33.3%	accessory	I5YC	94	94	94	94.0	1.000	0.0
FAM_I2413	I	6	6	100.0%	core	I1L8	64	64	64	64.0	0.333	0.0
FAM_I2414	I	6	6	100.0%	core	I2PS	155	155	155	155.0	0.500	0.0
FAM_I2415	I	6	6	100.0%	core	I2OW	85	85	85	85.0	0.500	0.0
FAM_I2416	I	6	6	100.0%	core	I2OG	244	244	244	244.0	1.000	0.0
FAM_I2417	I	6	6	100.0%	core	I2UM	52	52	53	52.2	0.500	0.2
FAM_I2418	I	6	6	100.0%	core	I2V2	50	50	50	50.0	0.500	0.0
FAM_I2419	I	6	6	100.0%	core	I2YL	214	214	214	214.0	0.833	0.0
FAM_I2420	I	3	3	50.0%	accessory	I30S	157	157	157	157.0	0.667	0.0
FAM_I2421	I	6	6	100.0%	core	I318	329	272	519	379.5	0.833	10589.5
FAM_I2422	I	6	6	100.0%	core	I331	193	193	193	193.0	0.833	0.0
FAM_I2423	I	6	6	100.0%	core	I33H	367	366	367	366.8	0.833	0.2
FAM_I2424	I	6	6	100.0%	core	I34D	80	80	214	145.0	0.833	5089.2
FAM_I2425	I	6	6	100.0%	core	I11Q	383	383	383	383.0	0.833	0.0
FAM_I2426	I	6	6	100.0%	core	I12E	67	67	67	67.0	0.500	0.0
FAM_I2427	I	6	6	100.0%	core	I12U	313	313	313	313.0	0.833	0.0
FAM_I2428	I	6	6	100.0%	core	I139	111	111	111	111.0	0.667	0.0
FAM_I2429	I	6	6	100.0%	core	I16O	147	146	147	146.8	0.833	0.2
FAM_I2430	I	6	6	100.0%	core	I18U	245	245	245	245.0	0.500	0.0
FAM_I2431	I	6	6	100.0%	core	I1B1	206	206	206	206.0	0.667	0.0
FAM_I2432	I	6	6	100.0%	core	I1CT	227	227	227	227.0	0.833	0.0
FAM_I2433	I	4	4	66.7%	accessory	I3O0	129	129	129	129.0	0.500	0.0
FAM_I2434	I	4	3	50.0%	accessory	I3QO	468	144	468	313.8	0.750	31884.2
FAM_I2435	I	5	5	83.3%	accessory	I1MR	167	167	176	168.8	0.800	16.2
FAM_I2436	I	5	5	83.3%	accessory	I1PB	101	101	228	177.0	0.800	4813.5
FAM_I2437	I	6	6	100.0%	core	I1S1	129	128	129	128.3	0.833	0.3
FAM_I2438	I	6	6	100.0%	core	I1SF	78	60	95	80.5	0.833	173.1
FAM_I2439	I	3	3	50.0%	accessory	I40V	311	197	311	273.0	0.667	4332.0
FAM_I2440	I	6	6	100.0%	core	I1UU	106	106	107	106.3	0.667	0.3
FAM_I2441	I	6	6	100.0%	core	I1VQ	376	371	376	375.0	0.833	4.0
FAM_I2442	I	6	6	100.0%	core	I1K	202	202	203	202.2	0.833	0.2
FAM_I2443	I	4	4	66.7%	accessory	I1XI	298	73	298	185.5	0.750	16875.0
FAM_I2444	I	6	6	100.0%	core	I1XY	314	161	314	237.0	0.833	6932.4
FAM_I2445	I	3	3	50.0%	accessory	I1YU	50	50	50	50.0	0.667	0.0
FAM_I2446	I	6	6	100.0%	core	I212	238	238	238	238.0	0.833	0.0
FAM_I2447	I	6	6	100.0%	core	I23A	171	171	173	171.3	0.500	0.7
FAM_I2448	I	6	6	100.0%	core	I25H	379	378	459	392.0	0.833	1077.6
FAM_I2449	I	5	5	83.3%	accessory	I25X	164	163	164	163.4	0.800	0.3
FAM_I2450	I	77	6	100.0%	core	I13K	197	51	578	193.4	0.773	14484.9
FAM_I2451	I	2	2	33.3%	accessory	I279	1134	1133	1134	1133.5	1.000	0.5
FAM_I2452	I	6	6	100.0%	core	I29X	143	142	143	142.8	0.667	0.2
FAM_I2453	I	5	5	83.3%	accessory	I2AD	209	81	209	132.2	0.800	4915.2
FAM_I2454	I	4	4	66.7%	accessory	I2B9	75	75	75	75.0	0.500	0.0
FAM_I2455	I	6	6	100.0%	core	I2CL	614	393	614	466.7	0.833	13024.3
FAM_I2456	I	2	2	33.3%	accessory	I2F9	1277	1277	1277	1277.0	0.500	0.0
FAM_I2457	I	6	6	100.0%	core	I2G5	58	58	58	58.0	0.833	0.0
FAM_I2458	I	6	6	100.0%	core	I2H1	294	294	294	294.0	0.833	0.0
FAM_I2459	I	3	2	33.3%	accessory	I2HX	79	79	79	79.0	0.333	0.0
FAM_I2460	I	5	3	50.0%	accessory	I2IT	55	55	55	55.0	0.600	0.0
FAM_I2461	I	3	3	50.0%	accessory	I2L1	150	150	150	150.0	0.667	0.0
FAM_I2462	I	2	2	33.3%	accessory	I2LG	339	339	339	339.0	0.500	0.0
FAM_I2463	I	2	2	33.3%	accessory	I2MC	51	51	51	51.0	0.500	0.0
SING_I87O	I	1	1	16.7%	accessory	I87O	333	333	333	333.0	1.000	0.0
FAM_I2464	I	6	6	100.0%	core	I1I3	280	280	280	280.0	0.500	0.0
SING_I8CK	I	1	1	16.7%	accessory	I8CK	114	114	114	114.0	1.000	0.0
FAM_I2465	I	6	6	100.0%	core	I1EM	70	70	70	70.0	0.333	0.0
SING_I8IS	I	1	1	16.7%	accessory	I8IS	1163	1163	1163	1163.0	1.000	0.0
SING_I8J8	I	1	1	16.7%	accessory	I8J8	358	358	358	358.0	1.000	0.0
FAM_I2466	I	2	1	16.7%	accessory	I8MC	80	80	180	130.0	1.000	5000.0
SING_I8NO	I	1	1	16.7%	accessory	I8NO	67	67	67	67.0	1.000	0.0
FAM_I2467	I	6	6	100.0%	core	I13X	131	131	131	131.0	0.333	0.0
SING_I8QC	I	1	1	16.7%	accessory	I8QC	365	365	365	365.0	1.000	0.0
FAM_I2468	I	6	6	100.0%	core	I11M	89	89	89	89.0	0.500	0.0
FAM_I2469	I	6	6	100.0%	core	I32S	169	168	169	168.8	0.833	0.2
FAM_I2470	I	3	3	50.0%	accessory	I2XU	356	356	598	436.7	0.667	19521.3
FAM_I2471	I	6	6	100.0%	core	I2V3	84	84	84	84.0	0.500	0.0
FAM_I2472	I	6	6	100.0%	core	I2QA	226	52	227	197.2	1.000	5057.8
FAM_I2473	I	6	6	100.0%	core	I2PC	305	272	323	306.2	1.000	349.0
SING_I978	I	1	1	16.7%	accessory	I978	128	128	128	128.0	1.000	0.0
FAM_I2474	I	5	5	83.3%	accessory	I2MZ	175	175	175	175.0	0.400	0.0
FAM_I2475	I	6	6	100.0%	core	I2LZ	63	63	63	63.0	0.833	0.0
FAM_I2476	I	6	6	100.0%	core	I2K6	94	94	94	94.0	0.333	0.0
SING_I99W	I	1	1	16.7%	accessory	I99W	307	307	307	307.0	1.000	0.0
SING_I9AC	I	1	1	16.7%	accessory	I9AC	231	231	231	231.0	1.000	0.0
FAM_I2477	I	6	6	100.0%	core	I2GW	110	110	110	110.0	0.667	0.0
SING_I9ES	I	1	1	16.7%	accessory	I9ES	55	55	55	55.0	1.000	0.0
FAM_I2478	I	6	6	100.0%	core	I27D	201	201	202	201.3	0.833	0.3
SING_I9HW	I	1	1	16.7%	accessory	I9HW	311	311	311	311.0	1.000	0.0
FAM_I2479	I	6	6	100.0%	core	I25M	128	128	128	128.0	0.500	0.0
SING_I9K4	I	1	1	16.7%	accessory	I9K4	82	82	82	82.0	1.000	0.0
FAM_I2480	I	3	3	50.0%	accessory	I5FQ	75	75	75	75.0	1.000	0.0
FAM_I2481	I	6	6	100.0%	core	I23H	52	52	52	52.0	0.333	0.0
FAM_I2482	I	5	5	83.3%	accessory	I216	109	108	109	108.6	0.800	0.3
FAM_I2483	I	6	6	100.0%	core	I1YG	110	110	111	110.3	0.667	0.3
FAM_I2484	I	6	6	100.0%	core	I1VH	59	59	59	59.0	0.500	0.0
SING_I9TW	I	1	1	16.7%	accessory	I9TW	240	240	240	240.0	1.000	0.0
FAM_I2485	I	6	6	100.0%	core	I1U7	80	80	80	80.0	0.667	0.0
FAM_I2486	I	3	2	33.3%	accessory	I4OZ	119	118	119	118.5	1.000	0.5
FAM_I2487	I	2	2	33.3%	accessory	I5S3	198	92	198	145.0	1.000	5618.0
SING_I9ET	I	1	1	16.7%	accessory	I9ET	59	59	59	59.0	1.000	0.0
SING_I9HX	I	1	1	16.7%	accessory	I9HX	326	326	326	326.0	1.000	0.0
FAM_I2488	I	6	6	100.0%	core	I26I	184	184	184	184.0	0.500	0.0
FAM_I2489	I	6	6	100.0%	core	I25L	92	92	95	93.0	0.500	2.4
FAM_I2490	I	6	6	100.0%	core	I23G	128	128	128	128.0	0.667	0.0
FAM_I2491	I	6	6	100.0%	core	I231	51	51	51	51.0	0.333	0.0
FAM_I2492	I	4	4	66.7%	accessory	I55	324	324	324	324.0	1.000	0.0
FAM_I2493	I	6	6	100.0%	core	I1ZH	57	57	151	72.7	0.667	1472.7
SING_I9QT	I	1	1	16.7%	accessory	I9QT	97	97	97	97.0	1.000	0.0
FAM_I2494	I	6	6	100.0%	core	I1V2	121	121	121	121.0	0.333	0.0
SING_I9UT	I	1	1	16.7%	accessory	I9UT	110	110	110	110.0	1.000	0.0
FAM_I2495	I	6	6	100.0%	core	I1N8	130	130	180	155.0	0.667	750.0
FAM_I2496	I	6	6	100.0%	core	I1JS	162	115	162	138.5	0.833	662.7
FAM_I2497	I	6	6	100.0%	core	I1J2	79	79	79	79.0	0.667	0.0
FAM_I2498	I	6	6	100.0%	core	I1HO	95	95	95	95.0	0.833	0.0
FAM_I2499	I	2	2	33.3%	accessory	I1DD	184	184	184	184.0	1.000	0.0
FAM_I2500	I	13	6	100.0%	core	I18Q	118	81	398	258.5	0.923	15744.1
FAM_I2501	I	4	4	66.7%	accessory	I17W	459	459	459	459.0	0.750	0.0
FAM_I2502	I	6	6	100.0%	core	I17G	231	231	231	231.0	0.833	0.0
SING_I7NQ	I	1	1	16.7%	accessory	I7NQ	53	53	53	53.0	1.000	0.0
FAM_I2503	I	6	6	100.0%	core	I28N	75	73	75	73.7	0.833	1.1
FAM_I2504	I	3	3	50.0%	accessory	I2D3	568	436	568	524.0	0.667	5808.0
FAM_I2505	I	5	3	50.0%	accessory	I2FR	53	50	53	51.8	0.800	2.7
FAM_I2506	I	6	6	100.0%	core	I2G7	94	94	94	94.0	0.500	0.0
FAM_I2507	I	6	6	100.0%	core	I2GN	154	154	155	154.2	0.667	0.2
FAM_I2508	I	6	6	100.0%	core	I2H3	345	333	351	338.0	0.833	63.6
FAM_I2509	I	7	2	33.3%	accessory	I2HZ	95	95	227	113.9	0.571	2489.1
SING_I5M4	I	1	1	16.7%	accessory	I5M4	514	514	514	514.0	1.000	0.0
FAM_I2510	I	6	6	100.0%	core	I1VB	210	206	210	209.3	0.833	2.7
FAM_I2511	I	2	2	33.3%	accessory	I5OS	214	214	214	214.0	1.000	0.0
FAM_I2512	I	3	3	50.0%	accessory	I5PO	671	123	671	305.7	1.000	100101.3
SING_I5Q4	I	1	1	16.7%	accessory	I5Q4	70	70	70	70.0	1.000	0.0
SING_I5QK	I	1	1	16.7%	accessory	I5QK	138	138	138	138.0	1.000	0.0
SING_I5UK	I	1	1	16.7%	accessory	I5UK	255	255	255	255.0	1.000	0.0
SING_I5XO	I	1	1	16.7%	accessory	I5XO	171	171	171	171.0	1.000	0.0
FAM_I2513	I	2	2	33.3%	accessory	I2RT	341	341	341	341.0	1.000	0.0
FAM_I2514	I	2	2	33.3%	accessory	I2XX	322	322	322	322.0	0.500	0.0
FAM_I2515	I	2	2	33.3%	accessory	I32D	117	117	117	117.0	0.500	0.0
FAM_I2516	I	2	2	33.3%	accessory	I345	72	72	72	72.0	0.500	0.0
FAM_I2517	I	2	2	33.3%	accessory	I35X	645	645	645	645.0	0.500	0.0
FAM_I2518	I	2	2	33.3%	accessory	I3DH	72	72	72	72.0	0.500	0.0
FAM_I2519	I	2	2	33.3%	accessory	I3V8	440	417	440	428.5	1.000	264.5
FAM_I2520	I	3	3	50.0%	accessory	I3LY	72	72	344	162.7	0.667	24661.3
FAM_I2521	I	2	2	33.3%	accessory	I3O8	644	644	644	644.0	0.500	0.0
FAM_I2522	I	2	2	33.3%	accessory	I3P4	864	864	864	864.0	0.500	0.0
FAM_I2523	I	2	2	33.3%	accessory	I3PK	195	195	195	195.0	0.500	0.0
FAM_I2524	I	2	2	33.3%	accessory	I3QW	699	699	699	699.0	0.500	0.0
FAM_I2525	I	4	4	66.7%	accessory	I3U0	59	59	59	59.0	0.750	0.0
FAM_I2526	I	5	5	83.3%	accessory	I1PK	362	361	422	373.6	1.000	732.3
FAM_I2527	I	2	2	33.3%	accessory	I413	277	277	277	277.0	0.500	0.0
FAM_I2528	I	6	6	100.0%	core	I1VY	334	328	334	330.0	0.667	9.6
FAM_I2529	I	6	6	100.0%	core	I1XQ	219	219	219	219.0	0.833	0.0
FAM_I2530	I	6	6	100.0%	core	I232	64	64	64	64.0	0.667	0.0
FAM_I2531	I	3	3	50.0%	accessory	I271	107	107	107	107.0	0.667	0.0
FAM_I2532	I	6	6	100.0%	core	I2A5	122	122	122	122.0	0.500	0.0
FAM_I2533	I	6	6	100.0%	core	I2BH	90	90	91	90.3	0.833	0.3
FAM_I2534	I	6	3	50.0%	accessory	I2D9	453	175	453	286.2	0.600	23185.2
FAM_I2535	I	3	3	50.0%	accessory	I2FX	90	90	90	90.0	0.667	0.0
FAM_I2536	I	2	2	33.3%	accessory	I2LO	1647	1647	1647	1647.0	0.500	0.0
FAM_I2537	I	2	2	33.3%	accessory	I2NG	499	499	499	499.0	0.500	0.0
FAM_I2538	I	2	2	33.3%	accessory	I42K	294	294	294	294.0	1.000	0.0
SING_I88C	I	1	1	16.7%	accessory	I88C	176	176	176	176.0	1.000	0.0
FAM_I2539	I	6	6	100.0%	core	I1H7	155	152	155	154.0	0.667	2.4
SING_I8GC	I	1	1	16.7%	accessory	I8GC	90	90	90	90.0	1.000	0.0
FAM_I2540	I	2	2	33.3%	accessory	I4BN	72	72	72	72.0	1.000	0.0
SING_I8KS	I	1	1	16.7%	accessory	I8KS	348	348	348	348.0	1.000	0.0
FAM_I2541	I	6	6	100.0%	core	I17E	238	76	238	184.0	0.667	6998.4
SING_I8M4	I	1	1	16.7%	accessory	I8M4	765	765	765	765.0	1.000	0.0
SING_I8PO	I	1	1	16.7%	accessory	I8PO	53	53	53	53.0	1.000	0.0
SING_I8UK	I	1	1	16.7%	accessory	I8UK	70	70	70	70.0	1.000	0.0
SING_I8VG	I	1	1	16.7%	accessory	I8VG	81	81	81	81.0	1.000	0.0
SING_I8WS	I	1	1	16.7%	accessory	I8WS	70	70	70	70.0	1.000	0.0
SING_I95O	I	1	1	16.7%	accessory	I95O	372	372	372	372.0	1.000	0.0
SING_I970	I	1	1	16.7%	accessory	I970	92	92	92	92.0	1.000	0.0
SING_I9A4	I	1	1	16.7%	accessory	I9A4	297	297	297	297.0	1.000	0.0
SING_I9F0	I	1	1	16.7%	accessory	I9F0	63	63	63	63.0	1.000	0.0
FAM_I2542	I	3	2	33.3%	accessory	I5EE	142	123	355	206.7	1.000	16592.3
SING_I9OC	I	1	1	16.7%	accessory	I9OC	95	95	95	95.0	1.000	0.0
FAM_I2543	I	4	4	66.7%	accessory	I209	234	171	244	220.8	0.750	1122.2
FAM_I2544	I	5	4	66.7%	accessory	I1GQ	55	55	164	111.0	1.000	2765.5
SING_I9Y4	I	1	1	16.7%	accessory	I9Y4	81	81	81	81.0	1.000	0.0
SING_I9ZG	I	1	1	16.7%	accessory	I9ZG	N/A	N/A	N/A	N/A	N/A	N/A
SING_IA0C	I	1	1	16.7%	accessory	IA0C	330	330	330	330.0	1.000	0.0
FAM_I2545	I	2	2	33.3%	accessory	I5Z6	86	86	86	86.0	0.500	0.0
SING_IA58	I	1	1	16.7%	accessory	IA58	71	71	71	71.0	1.000	0.0
FAM_I2546	I	3	3	50.0%	accessory	I16D	93	93	177	121.0	1.000	2352.0
SING_IAJG	I	1	1	16.7%	accessory	IAJG	79	79	79	79.0	1.000	0.0
FAM_I2547	I	6	6	100.0%	core	I133	148	140	148	145.3	0.833	17.1
SING_IARG	I	1	1	16.7%	accessory	IARG	68	68	68	68.0	1.000	0.0
SING_IAUK	I	1	1	16.7%	accessory	IAUK	96	96	96	96.0	1.000	0.0
FAM_I2548	I	4	4	66.7%	accessory	I54L	343	343	343	343.0	1.000	0.0
SING_IB70	I	1	1	16.7%	accessory	IB70	562	562	562	562.0	1.000	0.0
FAM_I2549	I	6	6	100.0%	core	I2G8	425	425	426	425.7	0.833	0.3
FAM_I2550	I	25	6	100.0%	core	I19K	382	82	846	241.8	0.800	40394.0
FAM_I2551	I	2	1	16.7%	accessory	IBBG	125	125	125	125.0	0.500	0.0
FAM_I2552	I	6	6	100.0%	core	I1U2	481	464	481	474.7	0.833	69.5
SING_IBQ4	I	1	1	16.7%	accessory	IBQ4	52	52	52	52.0	1.000	0.0
FAM_I2553	I	3	3	50.0%	accessory	I1O4	276	276	277	276.3	1.000	0.3
FAM_I2554	I	6	6	100.0%	core	I2P0	114	112	114	112.7	1.000	1.1
FAM_I2555	I	2	2	33.3%	accessory	I1LP	146	146	146	146.0	1.000	0.0
FAM_I2556	I	52	6	100.0%	core	I19G	132	106	336	200.0	0.821	4823.7
FAM_I2557	I	2	2	33.3%	accessory	I27X	801	801	801	801.0	0.500	0.0
FAM_I2558	I	6	6	100.0%	core	I2OP	303	301	303	302.0	1.000	0.8
SING_I971	I	1	1	16.7%	accessory	I971	98	98	98	98.0	1.000	0.0
SING_I9F1	I	1	1	16.7%	accessory	I9F1	108	108	108	108.0	1.000	0.0
FAM_I2559	I	6	3	50.0%	accessory	I27R	98	98	319	134.8	0.500	8140.2
FAM_I2560	I	5	5	83.3%	accessory	I21D	179	179	179	179.0	1.000	0.0
FAM_I2561	I	2	1	16.7%	accessory	I9PA	97	64	97	80.5	1.000	544.5
SING_I9Z1	I	1	1	16.7%	accessory	I9Z1	54	54	54	54.0	1.000	0.0
SING_IA59	I	1	1	16.7%	accessory	IA59	52	52	52	52.0	1.000	0.0
FAM_I2562	I	2	2	33.3%	accessory	I1GN	202	202	202	202.0	1.000	0.0
FAM_I2563	I	6	6	100.0%	core	I15E	353	353	355	354.3	0.833	1.1
SING_IARH	I	1	1	16.7%	accessory	IARH	73	73	73	73.0	1.000	0.0
SING_IATP	I	1	1	16.7%	accessory	IATP	254	254	254	254.0	1.000	0.0
SING_IAUL	I	1	1	16.7%	accessory	IAUL	156	156	156	156.0	1.000	0.0
FAM_I2564	I	6	6	100.0%	core	I2UP	522	522	523	522.3	0.833	0.3
SING_IB71	I	1	1	16.7%	accessory	IB71	408	408	408	408.0	1.000	0.0
FAM_I2565	I	2	1	16.7%	accessory	IBBH	186	186	186	186.0	0.500	0.0
SING_IBEL	I	1	1	16.7%	accessory	IBEL	126	126	126	126.0	1.000	0.0
FAM_I2566	I	6	6	100.0%	core	I21M	525	523	525	524.3	0.833	1.1
FAM_I2567	I	6	6	100.0%	core	I1U1	477	476	477	476.8	0.833	0.2
SING_IBPP	I	1	1	16.7%	accessory	IBPP	206	206	206	206.0	1.000	0.0
SING_IBQ5	I	1	1	16.7%	accessory	IBQ5	455	455	455	455.0	1.000	0.0
FAM_I2568	I	6	6	100.0%	core	I203	57	56	57	56.8	0.667	0.2
SING_I5JX	I	1	1	16.7%	accessory	I5JX	86	86	86	86.0	1.000	0.0
SING_I5P9	I	1	1	16.7%	accessory	I5P9	86	86	86	86.0	1.000	0.0
SING_I5Q5	I	1	1	16.7%	accessory	I5Q5	945	945	945	945.0	1.000	0.0
SING_I5QL	I	1	1	16.7%	accessory	I5QL	166	166	166	166.0	1.000	0.0
SING_I5UL	I	1	1	16.7%	accessory	I5UL	90	90	90	90.0	1.000	0.0
FAM_I2569	I	6	6	100.0%	core	I1ML	216	106	216	197.7	0.667	2016.7
FAM_I2570	I	2	2	33.3%	accessory	I2RC	121	121	121	121.0	1.000	0.0
FAM_I2571	I	2	2	33.3%	accessory	I2QF	78	78	78	78.0	1.000	0.0
FAM_I2572	I	2	2	33.3%	accessory	I2ON	234	234	234	234.0	1.000	0.0
FAM_I2573	I	2	2	33.3%	accessory	I2S7	97	97	97	97.0	0.500	0.0
FAM_I2574	I	2	2	33.3%	accessory	I2XY	72	72	72	72.0	0.500	0.0
FAM_I2575	I	2	2	33.3%	accessory	I31H	1050	1050	1050	1050.0	0.500	0.0
FAM_I2576	I	8	6	100.0%	core	I202	889	367	891	732.9	0.750	55828.7
FAM_I2577	I	2	2	33.3%	accessory	I32E	122	122	122	122.0	0.500	0.0
FAM_I2578	I	2	2	33.3%	accessory	I3DI	345	345	345	345.0	0.500	0.0
FAM_I2579	I	2	2	33.3%	accessory	I3FA	222	222	222	222.0	0.500	0.0
FAM_I2580	I	2	2	33.3%	accessory	I3LJ	149	149	149	149.0	0.500	0.0
FAM_I2581	I	2	2	33.3%	accessory	I3P5	84	84	84	84.0	0.500	0.0
FAM_I2582	I	2	2	33.3%	accessory	I3PL	1313	1313	1313	1313.0	0.500	0.0
FAM_I2583	I	3	3	50.0%	accessory	I408	245	209	245	233.0	0.667	432.0
FAM_I2584	I	2	2	33.3%	accessory	I414	68	68	68	68.0	0.500	0.0
FAM_I2585	I	4	4	66.7%	accessory	I20V	70	70	298	240.8	0.750	12958.2
FAM_I2586	I	6	6	100.0%	core	I25A	98	98	214	143.7	0.833	3232.7
FAM_I2587	I	3	3	50.0%	accessory	I272	160	160	160	160.0	0.667	0.0
FAM_I2588	I	3	3	50.0%	accessory	I27Y	674	141	674	496.3	0.667	94696.3
FAM_I2589	I	5	5	83.3%	accessory	I2B2	277	110	277	176.8	0.800	8366.7
FAM_I2590	I	6	6	100.0%	core	I2JI	362	329	362	340.0	0.833	290.4
FAM_I2591	I	2	2	33.3%	accessory	I42L	80	80	80	80.0	0.500	0.0
SING_I88D	I	1	1	16.7%	accessory	I88D	114	114	114	114.0	1.000	0.0
SING_I8GD	I	1	1	16.7%	accessory	I8GD	75	75	75	75.0	1.000	0.0
FAM_I2592	I	2	2	33.3%	accessory	I4BO	322	322	322	322.0	1.000	0.0
FAM_I2593	I	3	3	50.0%	accessory	I4C4	403	371	409	394.3	1.000	417.3
SING_I8J1	I	1	1	16.7%	accessory	I8J1	312	312	312	312.0	1.000	0.0
FAM_I2594	I	6	6	100.0%	core	I16W	70	70	71	70.3	0.833	0.3
SING_I8ML	I	1	1	16.7%	accessory	I8ML	77	77	77	77.0	1.000	0.0
SING_I8X9	I	1	1	16.7%	accessory	I8X9	312	312	312	312.0	1.000	0.0
FAM_I2595	I	6	6	100.0%	core	I2Q0	333	332	338	333.7	1.000	4.7
FAM_I2596	I	5	5	83.3%	accessory	I1NV	274	273	275	273.8	0.800	0.7
SING_I4HB	I	1	1	16.7%	accessory	I4HB	102	102	102	102.0	1.000	0.0
SING_I4LB	I	1	1	16.7%	accessory	I4LB	94	94	94	94.0	1.000	0.0
SING_I4LR	I	1	1	16.7%	accessory	I4LR	105	105	105	105.0	1.000	0.0
SING_I4N3	I	1	1	16.7%	accessory	I4N3	120	120	120	120.0	1.000	0.0
SING_I4RJ	I	1	1	16.7%	accessory	I4RJ	318	318	318	318.0	1.000	0.0
SING_I4RZ	I	1	1	16.7%	accessory	I4RZ	650	650	650	650.0	1.000	0.0
SING_I50V	I	1	1	16.7%	accessory	I50V	236	236	236	236.0	1.000	0.0
SING_I54F	I	1	1	16.7%	accessory	I54F	145	145	145	145.0	1.000	0.0
SING_I54V	I	1	1	16.7%	accessory	I54V	603	603	603	603.0	1.000	0.0
SING_I55B	I	1	1	16.7%	accessory	I55B	122	122	122	122.0	1.000	0.0
SING_I57Z	I	1	1	16.7%	accessory	I57Z	107	107	107	107.0	1.000	0.0
SING_I5A7	I	1	1	16.7%	accessory	I5A7	1041	1041	1041	1041.0	1.000	0.0
SING_I5AN	I	1	1	16.7%	accessory	I5AN	88	88	88	88.0	1.000	0.0
SING_I5J3	I	1	1	16.7%	accessory	I5J3	1301	1301	1301	1301.0	1.000	0.0
FAM_I2597	I	3	3	50.0%	accessory	I5MN	289	260	289	270.0	1.000	271.0
FAM_I2598	I	2	2	33.3%	accessory	I2I1	793	793	793	793.0	0.500	0.0
FAM_I2599	I	11	6	100.0%	core	I106	258	235	893	429.8	0.889	77749.2
FAM_I2600	I	15	3	50.0%	accessory	I2BX	510	450	1274	664.0	0.600	41789.6
FAM_I2601	I	2	2	33.3%	accessory	I2Y5	880	880	880	880.0	0.500	0.0
FAM_I2602	I	2	2	33.3%	accessory	I5PR	246	246	247	246.5	1.000	0.5
SING_I5QN	I	1	1	16.7%	accessory	I5QN	458	458	458	458.0	1.000	0.0
FAM_I2603	I	6	6	100.0%	core	I1T9	77	77	129	111.7	0.833	721.1
FAM_I2604	I	2	2	33.3%	accessory	I2O5	219	219	219	219.0	1.000	0.0
FAM_I2605	I	17	2	33.3%	accessory	I2DG	270	117	270	247.5	0.412	2576.9
FAM_I2606	I	2	2	33.3%	accessory	I32W	159	159	159	159.0	0.500	0.0
FAM_I2607	I	6	6	100.0%	core	I354	919	919	920	919.2	0.833	0.2
FAM_I2608	I	2	2	33.3%	accessory	I3BS	191	191	191	191.0	0.500	0.0
FAM_I2609	I	2	2	33.3%	accessory	I3VL	123	123	123	123.0	1.000	0.0
FAM_I2610	I	3	3	50.0%	accessory	I3JT	182	182	182	182.0	0.667	0.0
FAM_I2611	I	8	2	33.3%	accessory	I2DC	796	240	796	426.3	0.500	81993.9
FAM_I2612	I	3	3	50.0%	accessory	I2RI	211	211	211	211.0	1.000	0.0
FAM_I2613	I	8	6	100.0%	core	I13A	52	52	52	52.0	0.500	0.0
FAM_I2614	I	4	4	66.7%	accessory	I181	334	333	495	373.8	0.750	6534.2
FAM_I2615	I	2	2	33.3%	accessory	I5CU	1145	1145	1215	1180.0	1.000	2450.0
FAM_I2616	I	3	3	50.0%	accessory	I2GO	137	136	137	136.7	0.667	0.3
FAM_I2617	I	8	6	100.0%	core	I1BE	N/A	N/A	N/A	N/A	N/A	N/A
FAM_I2618	I	6	6	100.0%	core	I2W2	146	146	147	146.7	0.833	0.3
FAM_I2619	I	6	6	100.0%	core	I2QK	107	107	126	119.7	1.000	96.3
FAM_I2620	I	8	6	100.0%	core	I2Q4	56	56	307	154.1	1.000	8783.8
FAM_I2621	I	2	2	33.3%	accessory	IBDA	1539	1539	1695	1617.0	1.000	12168.0
FAM_I2622	I	2	2	33.3%	accessory	I1MQ	113	113	113	113.0	1.000	0.0
SING_I4E	I	1	1	16.7%	accessory	I4E	118	118	118	118.0	1.000	0.0
FAM_I2623	I	2	2	33.3%	accessory	IB2	117	117	117	117.0	1.000	0.0
SING_IHA	I	1	1	16.7%	accessory	IHA	493	493	493	493.0	1.000	0.0
FAM_I2624	I	6	6	100.0%	core	I2O6	219	207	230	216.8	1.000	76.2
SING_IUM	I	1	1	16.7%	accessory	IUM	461	461	461	461.0	1.000	0.0
SING_IVI	I	1	1	16.7%	accessory	IVI	327	327	327	327.0	1.000	0.0
FAM_I2625	I	3	3	50.0%	accessory	I8VP	200	199	200	199.3	1.000	0.3
FAM_I2626	I	2	2	33.3%	accessory	IAOM	58	58	58	58.0	1.000	0.0
FAM_I2627	I	3	3	50.0%	accessory	I10U	127	127	128	127.3	1.000	0.3
SING_I126	I	1	1	16.7%	accessory	I126	150	150	150	150.0	1.000	0.0
SING_I14U	I	1	1	16.7%	accessory	I14U	177	177	177	177.0	1.000	0.0
SING_I19Q	I	1	1	16.7%	accessory	I19Q	83	83	83	83.0	1.000	0.0
SING_I1I6	I	1	1	16.7%	accessory	I1I6	482	482	482	482.0	1.000	0.0
FAM_I2628	I	2	2	33.3%	accessory	I1IM	346	346	346	346.0	1.000	0.0
FAM_I2629	I	2	2	33.3%	accessory	I1RI	51	51	51	51.0	1.000	0.0
SING_I1TQ	I	1	1	16.7%	accessory	I1TQ	113	113	113	113.0	1.000	0.0
FAM_I2630	I	5	5	83.3%	accessory	I1UM	227	214	228	221.8	0.800	33.2
FAM_I2631	I	6	6	100.0%	core	I1Y6	120	120	121	120.7	0.667	0.3
FAM_I2632	I	2	2	33.3%	accessory	I1ZY	245	245	245	245.0	0.500	0.0
FAM_I2633	I	3	3	50.0%	accessory	I20E	120	120	120	120.0	0.667	0.0
FAM_I2634	I	6	6	100.0%	core	I29Q	153	153	290	222.7	0.833	3757.1
FAM_I2635	I	2	2	33.3%	accessory	I2CE	638	638	638	638.0	0.500	0.0
FAM_I2636	I	2	2	33.3%	accessory	I2CU	85	85	85	85.0	0.500	0.0
FAM_I2637	I	2	2	33.3%	accessory	I2DA	74	74	74	74.0	0.500	0.0
FAM_I2638	I	2	2	33.3%	accessory	I2DQ	93	93	93	93.0	0.500	0.0
FAM_I2639	I	2	2	33.3%	accessory	I2E6	97	97	97	97.0	0.500	0.0
FAM_I2640	I	2	2	33.3%	accessory	I2EM	325	325	325	325.0	0.500	0.0
FAM_I2641	I	2	2	33.3%	accessory	I2F2	81	81	81	81.0	0.500	0.0
FAM_I2642	I	4	3	50.0%	accessory	I2FI	267	88	267	171.0	0.750	9298.0
FAM_I2643	I	2	2	33.3%	accessory	I2HQ	75	75	75	75.0	0.500	0.0
FAM_I2644	I	2	2	33.3%	accessory	I2I6	141	141	141	141.0	0.500	0.0
FAM_I2645	I	6	6	100.0%	core	I2IM	67	67	344	198.0	0.833	20713.6
FAM_I2646	I	2	2	33.3%	accessory	I2J2	302	302	302	302.0	0.500	0.0
FAM_I2647	I	2	2	33.3%	accessory	I2KU	76	76	76	76.0	0.500	0.0
FAM_I2648	I	2	2	33.3%	accessory	I2VI	115	115	115	115.0	0.500	0.0
FAM_I2649	I	2	2	33.3%	accessory	I2YM	61	61	61	61.0	0.500	0.0
FAM_I2650	I	2	2	33.3%	accessory	I2Z2	207	207	207	207.0	0.500	0.0
FAM_I2651	I	7	5	83.3%	accessory	I2ZY	973	54	973	543.0	1.000	81300.0
FAM_I2652	I	2	2	33.3%	accessory	I32M	87	87	87	87.0	0.500	0.0
FAM_I2653	I	2	2	33.3%	accessory	I366	669	669	669	669.0	0.500	0.0
FAM_I2654	I	2	2	33.3%	accessory	I3A6	395	395	395	395.0	0.500	0.0
FAM_I2655	I	2	2	33.3%	accessory	I3F2	88	88	88	88.0	0.500	0.0
FAM_I2656	I	2	2	33.3%	accessory	I3KE	50	50	50	50.0	0.500	0.0
FAM_I2657	I	6	4	66.7%	accessory	I1IO	113	113	544	291.7	0.833	40408.3
FAM_I2658	I	2	2	33.3%	accessory	I3PA	137	137	137	137.0	0.500	0.0
FAM_I2659	I	3	3	50.0%	accessory	I3PQ	185	185	230	200.0	0.667	675.0
FAM_I2660	I	2	2	33.3%	accessory	I3SU	60	60	60	60.0	0.500	0.0
FAM_I2661	I	2	2	33.3%	accessory	I3VI	99	99	99	99.0	1.000	0.0
SING_I45A	I	1	1	16.7%	accessory	I45A	86	86	86	86.0	1.000	0.0
FAM_I2662	I	6	6	100.0%	core	I1GC	270	270	934	380.8	0.833	73438.6
SING_I466	I	1	1	16.7%	accessory	I466	493	493	493	493.0	1.000	0.0
FAM_I2663	I	6	6	100.0%	core	I1F0	270	269	270	269.8	0.667	0.2
FAM_I2664	I	6	6	100.0%	core	I1DT	133	127	133	131.0	0.833	9.6
SING_I4BI	I	1	1	16.7%	accessory	I4BI	97	97	97	97.0	1.000	0.0
FAM_I2665	I	2	2	33.3%	accessory	I4CE	71	71	71	71.0	1.000	0.0
SING_I4EM	I	1	1	16.7%	accessory	I4EM	463	463	463	463.0	1.000	0.0
FAM_I2666	I	10	6	100.0%	core	I166	76	56	285	94.5	0.700	4518.1
SING_I4HA	I	1	1	16.7%	accessory	I4HA	378	378	378	378.0	1.000	0.0
SING_I4I6	I	1	1	16.7%	accessory	I4I6	342	342	342	342.0	1.000	0.0
SING_I4LQ	I	1	1	16.7%	accessory	I4LQ	60	60	60	60.0	1.000	0.0
SING_I4RY	I	1	1	16.7%	accessory	I4RY	132	132	132	132.0	1.000	0.0
FAM_I2667	I	2	1	16.7%	accessory	I4YW	196	196	196	196.0	0.500	0.0
SING_I4ZY	I	1	1	16.7%	accessory	I4ZY	52	52	52	52.0	1.000	0.0
SING_I55A	I	1	1	16.7%	accessory	I55A	475	475	475	475.0	1.000	0.0
FAM_I2668	I	8	3	50.0%	accessory	I27S	76	76	550	138.0	0.625	27772.6
SING_I57I	I	1	1	16.7%	accessory	I57I	1849	1849	1849	1849.0	1.000	0.0
SING_I57Y	I	1	1	16.7%	accessory	I57Y	163	163	163	163.0	1.000	0.0
SING_I5EM	I	1	1	16.7%	accessory	I5EM	112	112	112	112.0	1.000	0.0
SING_I5JY	I	1	1	16.7%	accessory	I5JY	339	339	339	339.0	1.000	0.0
FAM_I2669	I	4	4	66.7%	accessory	I5MM	118	118	118	118.0	1.000	0.0
SING_I5NI	I	1	1	16.7%	accessory	I5NI	91	91	91	91.0	1.000	0.0
FAM_I2670	I	3	2	33.3%	accessory	I5PQ	1110	244	1148	834.0	1.000	261436.0
SING_I5Q6	I	1	1	16.7%	accessory	I5Q6	373	373	373	373.0	1.000	0.0
FAM_I2671	I	2	1	16.7%	accessory	I581	274	105	274	189.5	1.000	14280.5
FAM_I2672	I	2	2	33.3%	accessory	I1TA	66	66	66	66.0	1.000	0.0
FAM_I2673	I	6	6	100.0%	core	I1QX	226	226	228	226.5	0.833	0.7
SING_I5U6	I	1	1	16.7%	accessory	I5U6	103	103	103	103.0	1.000	0.0
SING_I5UM	I	1	1	16.7%	accessory	I5UM	105	105	105	105.0	1.000	0.0
SING_I5Z2	I	1	1	16.7%	accessory	I5Z2	239	239	239	239.0	1.000	0.0
FAM_I2674	I	2	2	33.3%	accessory	I2RB	62	62	62	62.0	1.000	0.0
FAM_I2675	I	2	2	33.3%	accessory	I2XZ	76	76	76	76.0	0.500	0.0
FAM_I2676	I	2	2	33.3%	accessory	I2ZR	58	58	58	58.0	0.500	0.0
FAM_I2677	I	2	2	33.3%	accessory	I31I	109	109	109	109.0	0.500	0.0
FAM_I2678	I	2	2	33.3%	accessory	I32F	512	512	512	512.0	0.500	0.0
FAM_I2679	I	5	5	83.3%	accessory	I128	99	99	99	99.0	0.500	0.0
FAM_I2680	I	2	2	33.3%	accessory	I387	163	163	163	163.0	0.500	0.0
FAM_I2681	I	2	2	33.3%	accessory	I3BR	97	97	97	97.0	0.500	0.0
FAM_I2682	I	2	2	33.3%	accessory	I3DJ	66	66	66	66.0	0.500	0.0
FAM_I2683	I	2	2	33.3%	accessory	I3FB	212	212	212	212.0	0.500	0.0
FAM_I2684	I	2	2	33.3%	accessory	I3P6	58	58	58	58.0	0.500	0.0
FAM_I2685	I	2	2	33.3%	accessory	I3PM	127	127	127	127.0	0.500	0.0
FAM_I2686	I	3	3	50.0%	accessory	I409	211	211	211	211.0	0.667	0.0
FAM_I2687	I	3	3	50.0%	accessory	I228	187	186	187	186.7	0.667	0.3
FAM_I2688	I	5	5	83.3%	accessory	I24V	113	65	113	84.2	0.600	691.2
FAM_I2689	I	3	3	50.0%	accessory	I273	547	546	547	546.7	0.667	0.3
FAM_I2690	I	6	6	100.0%	core	I28F	207	87	207	185.7	0.833	2338.3
FAM_I2691	I	12	6	100.0%	core	I2KF	125	54	356	179.4	0.917	12950.3
SING_I87Y	I	1	1	16.7%	accessory	I87Y	52	52	52	52.0	1.000	0.0
SING_I88E	I	1	1	16.7%	accessory	I88E	95	95	95	95.0	1.000	0.0
FAM_I2692	I	2	2	33.3%	accessory	I4B9	484	477	484	480.5	1.000	24.5
FAM_I2693	I	2	2	33.3%	accessory	I4BP	251	251	251	251.0	1.000	0.0
FAM_I2694	I	3	3	50.0%	accessory	I19W	250	250	250	250.0	1.000	0.0
SING_I8J2	I	1	1	16.7%	accessory	I8J2	303	303	303	303.0	1.000	0.0
FAM_I2695	I	2	2	33.3%	accessory	I4CO	68	68	68	68.0	0.500	0.0
SING_I8NI	I	1	1	16.7%	accessory	I8NI	334	334	334	334.0	1.000	0.0
SING_I8WU	I	1	1	16.7%	accessory	I8WU	87	87	87	87.0	1.000	0.0
FAM_I2696	I	3	2	33.3%	accessory	I4R1	734	696	1621	1017.0	1.000	273973.0
SING_I972	I	1	1	16.7%	accessory	I972	104	104	104	104.0	1.000	0.0
FAM_I2697	I	6	6	100.0%	core	I2MM	209	209	213	210.7	0.833	3.5
SING_I9A6	I	1	1	16.7%	accessory	I9A6	613	613	613	613.0	1.000	0.0
FAM_I2698	I	6	6	100.0%	core	I2JA	70	70	241	183.8	0.833	7775.0
SING_I9BI	I	1	1	16.7%	accessory	I9BI	332	332	332	332.0	1.000	0.0
SING_I9F2	I	1	1	16.7%	accessory	I9F2	93	93	93	93.0	1.000	0.0
FAM_I2699	I	2	2	33.3%	accessory	I5D7	100	100	100	100.0	0.500	0.0
SING_I9QM	I	1	1	16.7%	accessory	I9QM	244	244	244	244.0	1.000	0.0
FAM_I2700	I	2	2	33.3%	accessory	I3A7	97	97	97	97.0	0.500	0.0
FAM_I2701	I	3	3	50.0%	accessory	I3IN	183	183	183	183.0	0.667	0.0
FAM_I2702	I	2	2	33.3%	accessory	I3PB	423	423	423	423.0	0.500	0.0
FAM_I2703	I	2	2	33.3%	accessory	I3QN	90	90	90	90.0	0.500	0.0
FAM_I2704	I	3	3	50.0%	accessory	I3SV	66	66	67	66.3	0.667	0.3
FAM_I2705	I	2	2	33.3%	accessory	I3VJ	146	146	146	146.0	1.000	0.0
SING_I467	I	1	1	16.7%	accessory	I467	100	100	100	100.0	1.000	0.0
FAM_I2706	I	6	6	100.0%	core	I1CS	667	662	667	665.8	0.833	4.2
SING_I4DR	I	1	1	16.7%	accessory	I4DR	50	50	50	50.0	1.000	0.0
SING_I4EN	I	1	1	16.7%	accessory	I4EN	191	191	191	191.0	1.000	0.0
FAM_I2707	I	3	3	50.0%	accessory	I3BL	119	119	120	119.3	0.667	0.3
FAM_I2708	I	2	2	33.3%	accessory	I3DT	218	218	218	218.0	0.500	0.0
FAM_I2709	I	2	2	33.3%	accessory	I3VC	71	71	71	71.0	1.000	0.0
FAM_I2710	I	2	2	33.3%	accessory	I3LU	68	68	68	68.0	0.500	0.0
FAM_I2711	I	2	2	33.3%	accessory	I3P0	250	250	250	250.0	0.500	0.0
FAM_I2712	I	2	2	33.3%	accessory	I3PG	184	184	184	184.0	0.500	0.0
FAM_I2713	I	3	3	50.0%	accessory	I3PW	277	277	278	277.3	0.667	0.3
FAM_I2714	I	6	6	100.0%	core	I1LJ	685	685	911	760.3	0.833	13620.3
FAM_I2715	I	2	2	33.3%	accessory	I3WZ	68	68	68	68.0	0.500	0.0
FAM_I2716	I	2	2	33.3%	accessory	I403	198	198	198	198.0	0.500	0.0
FAM_I2717	I	4	4	66.7%	accessory	I20A	156	156	156	156.0	0.750	0.0
FAM_I2718	I	5	5	83.3%	accessory	I255	181	143	182	173.8	0.800	296.7
FAM_I2719	I	4	4	66.7%	accessory	I27T	175	175	392	324.2	0.750	10548.2
FAM_I2720	I	6	6	100.0%	core	I28P	275	275	275	275.0	0.667	0.0
FAM_I2721	I	6	6	100.0%	core	I29L	350	349	350	349.8	0.833	0.2
FAM_I2722	I	59	6	100.0%	core	I10E	355	75	419	169.7	0.816	6792.6
FAM_I2723	I	7	5	83.3%	accessory	I27P	242	71	253	158.4	0.714	7611.6
FAM_I2724	I	6	6	100.0%	core	I2VJ	131	131	166	154.3	0.833	326.7
FAM_I2725	I	2	2	33.3%	accessory	I3F3	853	853	853	853.0	0.500	0.0
SING_I4OF	I	1	1	16.7%	accessory	I4OF	455	455	455	455.0	1.000	0.0
FAM_I2726	I	7	6	100.0%	core	I2LP	1313	59	1313	548.3	0.667	378306.7
FAM_I2727	I	4	2	33.3%	accessory	I2KS	72	72	92	82.0	0.500	133.3
FAM_I2728	I	27	6	100.0%	core	I18N	157	90	512	240.6	0.833	25174.0
FAM_I2729	I	6	6	100.0%	core	I1U5	242	172	272	212.3	0.833	2008.3
SING_IBQ0	I	1	1	16.7%	accessory	IBQ0	270	270	270	270.0	1.000	0.0
FAM_I2730	I	6	6	100.0%	core	I1SB	189	189	189	189.0	0.833	0.0
FAM_I2731	I	6	6	100.0%	core	I1RV	83	83	83	83.0	0.333	0.0
FAM_I2732	I	6	6	100.0%	core	I1Q2	392	391	392	391.8	0.667	0.2
FAM_I2733	I	6	6	100.0%	core	I1PM	165	164	165	164.8	0.500	0.2
FAM_I2734	I	6	6	100.0%	core	I1P5	371	93	371	278.3	0.500	20609.1
FAM_I2735	I	2	1	16.7%	accessory	I152	897	97	897	497.0	1.000	320000.0
FAM_I2736	I	2	2	33.3%	accessory	I2DC	486	486	486	486.0	0.500	0.0
SING_I4RK	I	1	1	16.7%	accessory	I4RK	307	307	307	307.0	1.000	0.0
FAM_I2737	I	5	5	83.3%	accessory	I12A	292	292	292	292.0	0.800	0.0
FAM_I2738	I	2	2	33.3%	accessory	I3BD	123	123	123	123.0	0.500	0.0
FAM_I2739	I	17	6	100.0%	core	I1HT	86	85	568	326.1	0.882	31672.4
FAM_I2740	I	6	6	100.0%	core	I20D	565	565	1114	748.0	0.833	80373.6
FAM_I2741	I	54	6	100.0%	core	I146	1584	140	3957	2960.6	0.833	1622423.2
FAM_I2742	I	6	6	100.0%	core	I1O0	597	301	597	416.3	0.833	20084.3
FAM_I2743	I	4	4	66.7%	accessory	I1LC	428	198	428	313.0	0.750	17633.3
SING_I40	I	1	1	16.7%	accessory	I40	591	591	591	591.0	1.000	0.0
SING_I4G	I	1	1	16.7%	accessory	I4G	359	359	359	359.0	1.000	0.0
FAM_I2744	I	6	6	100.0%	core	I20S	91	91	91	91.0	0.833	0.0
SING_IHC	I	1	1	16.7%	accessory	IHC	90	90	90	90.0	1.000	0.0
FAM_I2745	I	6	6	100.0%	core	I2Q3	N/A	N/A	N/A	N/A	N/A	N/A
FAM_I2746	I	2	2	33.3%	accessory	IAZW	421	421	421	421.0	1.000	0.0
FAM_I2747	I	8	6	100.0%	core	I2UQ	174	52	766	286.6	0.875	65997.1
FAM_I2748	I	3	3	50.0%	accessory	I10W	183	183	186	184.0	1.000	3.0
SING_I14W	I	1	1	16.7%	accessory	I14W	354	354	354	354.0	1.000	0.0
FAM_I2749	I	2	2	33.3%	accessory	I180	267	267	267	267.0	1.000	0.0
FAM_I2750	I	2	2	33.3%	accessory	I18G	50	50	50	50.0	1.000	0.0
FAM_I2751	I	3	3	50.0%	accessory	I19S	65	65	65	65.0	1.000	0.0
FAM_I2752	I	2	2	33.3%	accessory	I1DC	171	171	171	171.0	1.000	0.0
SING_I1PC	I	1	1	16.7%	accessory	I1PC	57	57	57	57.0	1.000	0.0
FAM_I2753	I	2	2	33.3%	accessory	I1TC	216	216	216	216.0	1.000	0.0
SING_I1TS	I	1	1	16.7%	accessory	I1TS	106	106	106	106.0	1.000	0.0
FAM_I2754	I	2	2	33.3%	accessory	I1UO	187	187	187	187.0	1.000	0.0
FAM_I2755	I	2	2	33.3%	accessory	I1ZK	375	375	375	375.0	0.500	0.0
FAM_I2756	I	2	2	33.3%	accessory	I200	178	178	178	178.0	0.500	0.0
FAM_I2757	I	3	3	50.0%	accessory	I20W	250	250	250	250.0	0.667	0.0
FAM_I2758	I	5	5	83.3%	accessory	I21C	76	76	190	121.6	0.800	3898.8
FAM_I2759	I	2	2	33.3%	accessory	I280	86	86	86	86.0	0.500	0.0
FAM_I2760	I	3	3	50.0%	accessory	I29S	623	623	647	631.0	0.667	192.0
FAM_I2761	I	2	2	33.3%	accessory	I2CW	151	151	151	151.0	0.500	0.0
FAM_I2762	I	2	2	33.3%	accessory	I2DS	122	122	122	122.0	0.500	0.0
FAM_I2763	I	2	2	33.3%	accessory	I2E8	687	687	687	687.0	0.500	0.0
FAM_I2764	I	2	2	33.3%	accessory	I2EO	139	139	139	139.0	0.500	0.0
FAM_I2765	I	2	2	33.3%	accessory	I2F4	322	322	322	322.0	0.500	0.0
FAM_I2766	I	2	2	33.3%	accessory	I2FK	52	52	52	52.0	0.500	0.0
FAM_I2767	I	2	2	33.3%	accessory	I2I8	363	363	363	363.0	0.500	0.0
FAM_I2768	I	2	2	33.3%	accessory	I2IO	501	501	501	501.0	0.500	0.0
FAM_I2769	I	2	2	33.3%	accessory	I2J4	498	498	498	498.0	0.500	0.0
FAM_I2770	I	2	2	33.3%	accessory	I2KW	698	698	698	698.0	0.500	0.0
FAM_I2771	I	6	6	100.0%	core	I2TC	103	103	103	103.0	0.667	0.0
FAM_I2772	I	2	2	33.3%	accessory	I328	506	506	506	506.0	0.500	0.0
FAM_I2773	I	6	6	100.0%	core	I334	278	278	279	278.7	0.833	0.3
FAM_I2774	I	2	2	33.3%	accessory	I34G	178	178	178	178.0	0.500	0.0
FAM_I2775	I	2	2	33.3%	accessory	I368	302	302	302	302.0	0.500	0.0
FAM_I2776	I	2	2	33.3%	accessory	I39S	501	501	501	501.0	0.500	0.0
FAM_I2777	I	2	2	33.3%	accessory	I3A8	322	322	322	322.0	0.500	0.0
FAM_I2778	I	2	2	33.3%	accessory	I3B4	163	163	163	163.0	0.500	0.0
FAM_I2779	I	3	3	50.0%	accessory	I3BK	146	146	146	146.0	0.667	0.0
FAM_I2780	I	2	2	33.3%	accessory	I3CG	54	54	54	54.0	0.500	0.0
FAM_I2781	I	2	2	33.3%	accessory	I3LC	210	210	210	210.0	0.500	0.0
FAM_I2782	I	2	2	33.3%	accessory	I3PC	265	265	265	265.0	0.500	0.0
FAM_I2783	I	6	6	100.0%	core	I1K7	277	245	278	266.5	0.833	277.5
FAM_I2784	I	2	2	33.3%	accessory	I400	121	121	121	121.0	0.500	0.0
SING_I43K	I	1	1	16.7%	accessory	I43K	113	113	113	113.0	1.000	0.0
SING_I468	I	1	1	16.7%	accessory	I468	172	172	172	172.0	1.000	0.0
SING_I4B4	I	1	1	16.7%	accessory	I4B4	53	53	53	53.0	1.000	0.0
SING_I4EO	I	1	1	16.7%	accessory	I4EO	57	57	57	57.0	1.000	0.0
FAM_I2785	I	2	2	33.3%	accessory	I4HC	125	125	125	125.0	1.000	0.0
FAM_I2786	I	2	2	33.3%	accessory	I4LC	75	75	75	75.0	1.000	0.0
SING_I4LS	I	1	1	16.7%	accessory	I4LS	63	63	63	63.0	1.000	0.0
SING_I4PS	I	1	1	16.7%	accessory	I4PS	60	60	60	60.0	1.000	0.0
SING_I4S0	I	1	1	16.7%	accessory	I4S0	131	131	131	131.0	1.000	0.0
SING_I4TC	I	1	1	16.7%	accessory	I4TC	125	125	125	125.0	1.000	0.0
SING_I4Z4	I	1	1	16.7%	accessory	I4Z4	125	125	125	125.0	1.000	0.0
FAM_I2787	I	6	6	100.0%	core	I2N4	51	51	1868	353.8	0.500	550248.2
SING_I528	I	1	1	16.7%	accessory	I528	114	114	114	114.0	1.000	0.0
SING_I54G	I	1	1	16.7%	accessory	I54G	355	355	355	355.0	1.000	0.0
SING_I54W	I	1	1	16.7%	accessory	I54W	54	54	54	54.0	1.000	0.0
SING_I55C	I	1	1	16.7%	accessory	I55C	480	480	480	480.0	1.000	0.0
SING_I57K	I	1	1	16.7%	accessory	I57K	106	106	106	106.0	1.000	0.0
SING_I580	I	1	1	16.7%	accessory	I580	921	921	921	921.0	1.000	0.0
SING_I59C	I	1	1	16.7%	accessory	I59C	236	236	236	236.0	1.000	0.0
SING_I5A8	I	1	1	16.7%	accessory	I5A8	66	66	66	66.0	1.000	0.0
SING_I5B4	I	1	1	16.7%	accessory	I5B4	55	55	55	55.0	1.000	0.0
SING_I5J4	I	1	1	16.7%	accessory	I5J4	592	592	592	592.0	1.000	0.0
SING_I5MO	I	1	1	16.7%	accessory	I5MO	223	223	223	223.0	1.000	0.0
SING_I5O0	I	1	1	16.7%	accessory	I5O0	51	51	51	51.0	1.000	0.0
FAM_I2788	I	6	6	100.0%	core	I1UC	249	140	249	212.7	0.833	3168.3
FAM_I2789	I	2	2	33.3%	accessory	I5PC	147	147	147	147.0	0.500	0.0
SING_I5PS	I	1	1	16.7%	accessory	I5PS	68	68	68	68.0	1.000	0.0
SING_I5Q8	I	1	1	16.7%	accessory	I5Q8	397	397	397	397.0	1.000	0.0
SING_I5QO	I	1	1	16.7%	accessory	I5QO	207	207	207	207.0	1.000	0.0
SING_I5SG	I	1	1	16.7%	accessory	I5SG	91	91	91	91.0	1.000	0.0
FAM_I2790	I	4	4	66.7%	accessory	I1QC	358	358	359	358.2	1.000	0.2
SING_I5WG	I	1	1	16.7%	accessory	I5WG	232	232	232	232.0	1.000	0.0
SING_I5XC	I	1	1	16.7%	accessory	I5XC	113	113	113	113.0	1.000	0.0
FAM_I2791	I	2	2	33.3%	accessory	I2RP	290	290	290	290.0	1.000	0.0
FAM_I2792	I	2	2	33.3%	accessory	I2O4	413	413	413	413.0	1.000	0.0
FAM_I2793	I	2	2	33.3%	accessory	I2UY	50	50	50	50.0	0.500	0.0
FAM_I2794	I	2	2	33.3%	accessory	I2Y1	156	156	156	156.0	0.500	0.0
FAM_I2795	I	2	2	33.3%	accessory	I30O	200	200	200	200.0	0.500	0.0
FAM_I2796	I	2	2	33.3%	accessory	I32X	126	126	126	126.0	0.500	0.0
FAM_I2797	I	47	6	100.0%	core	I11D	149	122	714	307.3	0.760	34549.5
FAM_I2798	I	2	2	33.3%	accessory	I3AH	52	52	52	52.0	0.500	0.0
FAM_I2799	I	4	4	66.7%	accessory	I3E1	165	165	174	167.2	0.750	20.2
FAM_I2800	I	5	5	83.3%	accessory	I1BT	241	240	241	240.6	0.800	0.3
FAM_I2801	I	2	2	33.3%	accessory	I3VK	268	268	268	268.0	1.000	0.0
FAM_I2802	I	2	2	33.3%	accessory	I3HM	212	212	212	212.0	0.500	0.0
FAM_I2803	I	2	2	33.3%	accessory	I3L6	58	58	58	58.0	0.500	0.0
FAM_I2804	I	2	2	33.3%	accessory	I3P8	263	263	263	263.0	0.500	0.0
FAM_I2805	I	2	2	33.3%	accessory	I3TO	122	122	122	122.0	0.500	0.0
FAM_I2806	I	2	2	33.3%	accessory	I1YQ	184	184	184	184.0	0.500	0.0
FAM_I2807	I	2	2	33.3%	accessory	I1ZM	100	100	100	100.0	0.500	0.0
FAM_I2808	I	2	2	33.3%	accessory	I26P	148	148	148	148.0	0.500	0.0
FAM_I2809	I	2	2	33.3%	accessory	I281	60	60	60	60.0	0.500	0.0
FAM_I2810	I	2	2	33.3%	accessory	I29T	274	274	274	274.0	0.500	0.0
FAM_I2811	I	4	2	33.3%	accessory	I2BL	480	480	573	526.5	0.500	2883.0
FAM_I2812	I	3	3	50.0%	accessory	I2C1	220	220	298	246.0	0.667	2028.0
FAM_I2813	I	2	2	33.3%	accessory	I2DT	332	332	332	332.0	0.500	0.0
FAM_I2814	I	2	2	33.3%	accessory	I2E9	145	145	145	145.0	0.500	0.0
FAM_I2815	I	2	2	33.3%	accessory	I2EP	112	112	112	112.0	0.500	0.0
FAM_I2816	I	2	2	33.3%	accessory	I2F5	68	68	68	68.0	0.500	0.0
FAM_I2817	I	2	2	33.3%	accessory	I2FL	593	593	593	593.0	0.500	0.0
FAM_I2818	I	2	2	33.3%	accessory	I2HD	166	166	166	166.0	0.500	0.0
FAM_I2819	I	2	2	33.3%	accessory	I2IP	321	321	321	321.0	0.500	0.0
FAM_I2820	I	8	2	33.3%	accessory	I2LC	240	187	240	226.8	0.375	601.9
FAM_I2821	I	2	2	33.3%	accessory	I43B	558	558	558	558.0	1.000	0.0
SING_I89C	I	1	1	16.7%	accessory	I89C	472	472	472	472.0	1.000	0.0
SING_I8B4	I	1	1	16.7%	accessory	I8B4	106	106	106	106.0	1.000	0.0
SING_I8C0	I	1	1	16.7%	accessory	I8C0	60	60	60	60.0	1.000	0.0
FAM_I2822	I	3	3	50.0%	accessory	I19U	484	483	484	483.3	1.000	0.3
FAM_I2823	I	13	4	66.7%	accessory	I2FW	339	89	339	201.2	0.769	8062.5
FAM_I2824	I	2	2	33.3%	accessory	I5QT	484	348	484	416.0	1.000	9248.0
SING_I8NK	I	1	1	16.7%	accessory	I8NK	57	57	57	57.0	1.000	0.0
SING_I8TC	I	1	1	16.7%	accessory	I8TC	237	237	237	237.0	1.000	0.0
SING_I8U8	I	1	1	16.7%	accessory	I8U8	68	68	68	68.0	1.000	0.0
SING_I8VK	I	1	1	16.7%	accessory	I8VK	122	122	122	122.0	1.000	0.0
FAM_I2825	I	2	2	33.3%	accessory	I4LG	521	353	521	437.0	1.000	14112.0
FAM_I2826	I	2	2	33.3%	accessory	I4R4	93	93	93	93.0	1.000	0.0
SING_I8YO	I	1	1	16.7%	accessory	I8YO	351	351	351	351.0	1.000	0.0
SING_I8Z4	I	1	1	16.7%	accessory	I8Z4	87	87	87	87.0	1.000	0.0
SING_I98W	I	1	1	16.7%	accessory	I98W	272	272	272	272.0	1.000	0.0
FAM_I2827	I	2	2	33.3%	accessory	I9FK	95	95	679	387.0	1.000	170528.0
FAM_I2828	I	7	6	100.0%	core	I1Y1	257	134	257	210.7	0.714	3557.6
FAM_I2829	I	17	6	100.0%	core	I2G9	58	58	199	165.8	0.875	1759.4
FAM_I2830	I	11	6	100.0%	core	I1LB	86	79	195	127.7	0.818	2864.6
SING_I9Z4	I	1	1	16.7%	accessory	I9Z4	50	50	50	50.0	1.000	0.0
FAM_I2831	I	2	2	33.3%	accessory	I5WF	132	132	132	132.0	1.000	0.0
FAM_I2832	I	2	2	33.3%	accessory	I5YB	130	130	130	130.0	1.000	0.0
SING_IA2O	I	1	1	16.7%	accessory	IA2O	54	54	54	54.0	1.000	0.0
SING_IA3K	I	1	1	16.7%	accessory	IA3K	307	307	307	307.0	1.000	0.0
SING_IA8G	I	1	1	16.7%	accessory	IA8G	52	52	52	52.0	1.000	0.0
SING_IADS	I	1	1	16.7%	accessory	IADS	50	50	50	50.0	1.000	0.0
SING_IAJK	I	1	1	16.7%	accessory	IAJK	74	74	74	74.0	1.000	0.0
FAM_I2833	I	6	6	100.0%	core	I353	203	202	203	202.7	0.833	0.3
SING_IAPC	I	1	1	16.7%	accessory	IAPC	60	60	60	60.0	1.000	0.0
SING_IB0G	I	1	1	16.7%	accessory	IB0G	110	110	110	110.0	1.000	0.0
FAM_I2834	I	2	2	33.3%	accessory	IB28	236	236	236	236.0	1.000	0.0
FAM_I2835	I	6	5	83.3%	accessory	I1UN	200	149	274	199.2	0.833	3750.2
FAM_I2836	I	2	2	33.3%	accessory	IB5S	99	99	99	99.0	1.000	0.0
FAM_I2837	I	6	6	100.0%	core	I2IH	168	168	168	168.0	0.833	0.0
FAM_I2838	I	11	6	100.0%	core	I21Z	143	84	646	232.0	0.818	31783.6
FAM_I2839	I	2	2	33.3%	accessory	IBN4	77	77	77	77.0	1.000	0.0
SING_IBNK	I	1	1	16.7%	accessory	IBNK	140	140	140	140.0	1.000	0.0
SING_IBPS	I	1	1	16.7%	accessory	IBPS	153	153	153	153.0	1.000	0.0
SING_IBQ8	I	1	1	16.7%	accessory	IBQ8	303	303	303	303.0	1.000	0.0
FAM_I2840	I	2	2	33.3%	accessory	I1MO	67	67	67	67.0	1.000	0.0
FAM_I2841	I	6	6	100.0%	core	I27H	166	166	166	166.0	0.667	0.0
FAM_I2842	I	6	6	100.0%	core	I259	371	371	371	371.0	0.667	0.0
FAM_I2843	I	6	6	100.0%	core	I24T	93	78	93	90.5	0.500	37.5
FAM_I2844	I	44	6	100.0%	core	I14	113	50	641	163.4	0.795	12465.8
FAM_I2845	I	6	6	100.0%	core	I1RX	148	148	148	148.0	0.500	0.0
FAM_I2846	I	6	6	100.0%	core	I1RH	263	263	263	263.0	0.833	0.0
FAM_I2847	I	6	6	100.0%	core	I1R0	58	58	58	58.0	0.333	0.0
FAM_I2848	I	6	6	100.0%	core	I1QK	263	263	263	263.0	0.833	0.0
FAM_I2849	I	6	6	100.0%	core	I1Q4	341	341	342	341.2	0.833	0.2
FAM_I2850	I	6	6	100.0%	core	I1PO	52	52	52	52.0	0.500	0.0
FAM_I2851	I	6	6	100.0%	core	I1OA	229	229	229	229.0	0.500	0.0
FAM_I2852	I	6	6	100.0%	core	I1NE	211	211	211	211.0	0.833	0.0
FAM_I2853	I	6	6	100.0%	core	I1MY	152	87	152	141.2	0.833	704.2
FAM_I2854	I	6	6	100.0%	core	I1MI	111	111	111	111.0	0.833	0.0
FAM_I2855	I	6	6	100.0%	core	I1M2	94	94	94	94.0	0.500	0.0
FAM_I2856	I	9	6	100.0%	core	I2EG	366	177	1056	519.4	0.778	74365.5
FAM_I2857	I	170	6	100.0%	core	I11D	149	50	657	177.7	0.806	11280.0
FAM_I2858	I	6	6	100.0%	core	I1VI	635	635	635	635.0	0.833	0.0
FAM_I2859	I	3	3	50.0%	accessory	I9F4	99	99	99	99.0	1.000	0.0
FAM_I2860	I	6	6	100.0%	core	I1LM	365	365	365	365.0	0.833	0.0
FAM_I2861	I	6	6	100.0%	core	I1Z3	239	239	239	239.0	0.833	0.0
FAM_I2862	I	6	6	100.0%	core	I1ZI	287	287	288	287.2	0.833	0.2
SING_I46	I	1	1	16.7%	accessory	I46	93	93	93	93.0	1.000	0.0
SING_I4YF	I	1	1	16.7%	accessory	I4YF	198	198	198	198.0	1.000	0.0
FAM_I2863	I	11	6	100.0%	core	I2OS	281	78	553	213.5	0.727	22984.3
FAM_I2864	I	11	6	100.0%	core	I2ME	133	119	426	156.3	0.818	8031.0
FAM_I2865	I	6	6	100.0%	core	I2JW	54	54	54	54.0	0.500	0.0
SING_I553	I	1	1	16.7%	accessory	I553	52	52	52	52.0	1.000	0.0
SING_I57R	I	1	1	16.7%	accessory	I57R	139	139	139	139.0	1.000	0.0
SING_I587	I	1	1	16.7%	accessory	I587	136	136	136	136.0	1.000	0.0
SING_I5BB	I	1	1	16.7%	accessory	I5BB	125	125	125	125.0	1.000	0.0
SING_I5DJ	I	1	1	16.7%	accessory	I5DJ	59	59	59	59.0	1.000	0.0
FAM_I2866	I	2	2	33.3%	accessory	I5EV	74	74	451	262.5	1.000	71064.5
SING_I5FB	I	1	1	16.7%	accessory	I5FB	152	152	152	152.0	1.000	0.0
FAM_I2867	I	6	6	100.0%	core	I21H	159	159	188	177.3	0.833	203.5
SING_I5JR	I	1	1	16.7%	accessory	I5JR	228	228	228	228.0	1.000	0.0
FAM_I2868	I	2	1	16.7%	accessory	I5LI	408	407	408	407.5	1.000	0.5
SING_I5ON	I	1	1	16.7%	accessory	I5ON	52	52	52	52.0	1.000	0.0
SING_I5P3	I	1	1	16.7%	accessory	I5P3	622	622	622	622.0	1.000	0.0
SING_I5PZ	I	1	1	16.7%	accessory	I5PZ	680	680	680	680.0	1.000	0.0
SING_I5QF	I	1	1	16.7%	accessory	I5QF	64	64	64	64.0	1.000	0.0
FAM_I2869	I	2	2	33.3%	accessory	I5QV	217	217	217	217.0	1.000	0.0
SING_I5RB	I	1	1	16.7%	accessory	I5RB	56	56	56	56.0	1.000	0.0
SING_I5TZ	I	1	1	16.7%	accessory	I5TZ	99	99	99	99.0	1.000	0.0
SING_I5UF	I	1	1	16.7%	accessory	I5UF	211	211	211	211.0	1.000	0.0
FAM_I2870	I	6	6	100.0%	core	I1PD	222	178	222	214.7	0.833	322.7
FAM_I2871	I	5	5	83.3%	accessory	I1NG	134	134	229	179.2	0.800	2282.7
SING_I4YH	I	1	1	16.7%	accessory	I4YH	54	54	54	54.0	1.000	0.0
FAM_I2872	I	3	1	16.7%	accessory	I4YR	175	175	687	366.3	1.000	78081.3
FAM_I2873	I	6	6	100.0%	core	I2KB	91	91	91	91.0	0.333	0.0
SING_I555	I	1	1	16.7%	accessory	I555	129	129	129	129.0	1.000	0.0
SING_I57T	I	1	1	16.7%	accessory	I57T	84	84	84	84.0	1.000	0.0
SING_I589	I	1	1	16.7%	accessory	I589	101	101	101	101.0	1.000	0.0
SING_I5AX	I	1	1	16.7%	accessory	I5AX	54	54	54	54.0	1.000	0.0
FAM_I2874	I	3	2	33.3%	accessory	I5BD	104	104	165	124.3	1.000	1240.3
SING_I5DL	I	1	1	16.7%	accessory	I5DL	64	64	64	64.0	1.000	0.0
FAM_I2875	I	6	6	100.0%	core	I24B	227	128	227	194.0	0.667	2613.6
FAM_I2876	I	2	2	33.3%	accessory	I5KP	53	53	53	53.0	1.000	0.0
FAM_I2877	I	2	2	33.3%	accessory	I5MX	128	128	129	128.5	1.000	0.5
SING_I5OP	I	1	1	16.7%	accessory	I5OP	324	324	324	324.0	1.000	0.0
FAM_I2878	I	2	2	33.3%	accessory	I5P5	238	238	480	359.0	1.000	29282.0
SING_I5PL	I	1	1	16.7%	accessory	I5PL	519	519	519	519.0	1.000	0.0
SING_I5Q1	I	1	1	16.7%	accessory	I5Q1	700	700	700	700.0	1.000	0.0
SING_I5QH	I	1	1	16.7%	accessory	I5QH	451	451	451	451.0	1.000	0.0
SING_I5QX	I	1	1	16.7%	accessory	I5QX	108	108	108	108.0	1.000	0.0
SING_I5U1	I	1	1	16.7%	accessory	I5U1	147	147	147	147.0	1.000	0.0
SING_I5VD	I	1	1	16.7%	accessory	I5VD	59	59	59	59.0	1.000	0.0
SING_I5YH	I	1	1	16.7%	accessory	I5YH	411	411	411	411.0	1.000	0.0
FAM_I2879	I	6	6	100.0%	core	I2Q3	973	527	973	829.8	1.000	26891.8
SING_I49	I	1	1	16.7%	accessory	I49	138	138	138	138.0	1.000	0.0
FAM_I2880	I	3	3	50.0%	accessory	I9IA	348	348	348	348.0	1.000	0.0
FAM_I2881	I	6	6	100.0%	core	I2JV	277	277	277	277.0	0.833	0.0
FAM_I2882	I	2	2	33.3%	accessory	IB2T	284	284	284	284.0	1.000	0.0
FAM_I2883	I	6	6	100.0%	core	I33W	133	133	134	133.7	0.667	0.3
SING_I121	I	1	1	16.7%	accessory	I121	178	178	178	178.0	1.000	0.0
SING_I155	I	1	1	16.7%	accessory	I155	99	99	99	99.0	1.000	0.0
FAM_I2884	I	6	6	100.0%	core	I2M4	268	268	268	268.0	0.667	0.0
FAM_I2885	I	6	6	100.0%	core	I1H6	798	245	798	398.2	0.833	42057.0
SING_I9Z2	I	1	1	16.7%	accessory	I9Z2	537	537	537	537.0	1.000	0.0
SING_IA5A	I	1	1	16.7%	accessory	IA5A	53	53	53	53.0	1.000	0.0
FAM_I2886	I	6	6	100.0%	core	I18W	255	254	255	254.7	0.833	0.3
FAM_I2887	I	2	2	33.3%	accessory	I177	54	54	54	54.0	1.000	0.0
FAM_I2888	I	3	3	50.0%	accessory	I16A	195	195	195	195.0	1.000	0.0
SING_IAJI	I	1	1	16.7%	accessory	IAJI	91	91	91	91.0	1.000	0.0
FAM_I2889	I	6	6	100.0%	core	I2YC	319	164	320	293.3	0.833	4014.7
SING_IAUM	I	1	1	16.7%	accessory	IAUM	52	52	52	52.0	1.000	0.0
FAM_I2890	I	2	2	33.3%	accessory	IAZ2	69	69	69	69.0	1.000	0.0
FAM_I2891	I	2	2	33.3%	accessory	IAZY	601	601	601	601.0	1.000	0.0
FAM_I2892	I	22	6	100.0%	core	I194	214	157	306	211.3	0.818	2363.1
FAM_I2893	I	6	6	100.0%	core	I1Y3	149	149	291	196.3	0.667	5377.1
FAM_I2894	I	11	3	50.0%	accessory	I2C5	61	61	180	82.0	0.455	1087.8
SING_I4F	I	1	1	16.7%	accessory	I4F	116	116	116	116.0	1.000	0.0
FAM_I2895	I	11	5	83.3%	accessory	I1YZ	745	130	745	301.9	0.818	49514.9
SING_IHB	I	1	1	16.7%	accessory	IHB	466	466	466	466.0	1.000	0.0
FAM_I2896	I	2	2	33.3%	accessory	IB6F	84	84	84	84.0	1.000	0.0
FAM_I2897	I	4	4	66.7%	accessory	I40C	295	120	295	208.0	0.750	10092.7
FAM_I2898	I	2	2	33.3%	accessory	IAZ1	60	60	60	60.0	1.000	0.0
SING_I9A0	I	1	1	16.7%	accessory	I9A0	545	545	545	545.0	1.000	0.0
SING_I9AG	I	1	1	16.7%	accessory	I9AG	55	55	55	55.0	1.000	0.0
SING_I9EW	I	1	1	16.7%	accessory	I9EW	58	58	58	58.0	1.000	0.0
FAM_I2899	I	6	6	100.0%	core	I29N	59	59	59	59.0	0.500	0.0
SING_I9P4	I	1	1	16.7%	accessory	I9P4	61	61	61	61.0	1.000	0.0
FAM_I2900	I	4	4	66.7%	accessory	I21	113	111	113	112.0	0.750	1.3
FAM_I2901	I	6	6	100.0%	core	I1I1	103	103	103	103.0	0.667	0.0
FAM_I2902	I	3	3	50.0%	accessory	I1EL	291	291	291	291.0	1.000	0.0
FAM_T1	T	2	2	33.3%	accessory	T2W	77	77	77	77.0	0.500	0.0
FAM_T2	T	3	3	50.0%	accessory	T60	74	74	74	74.0	0.333	0.0
FAM_T3	T	6	6	100.0%	core	T3G	97	97	97	97.0	0.500	0.0
SING_T4A	T	1	1	16.7%	accessory	T4A	81	81	81	81.0	1.000	0.0
FAM_T4	T	2	2	33.3%	accessory	T3T	71	71	71	71.0	0.500	0.0
FAM_T5	T	2	2	33.3%	accessory	T2Z	77	77	77	77.0	0.500	0.0
SING_TBF	T	1	1	16.7%	accessory	TBF	75	75	75	75.0	1.000	0.0
SING_TBG	T	1	1	16.7%	accessory	TBG	76	76	76	76.0	1.000	0.0
FAM_T6	T	3	3	50.0%	accessory	T7M	77	77	77	77.0	0.333	0.0
SING_T8I	T	1	1	16.7%	accessory	T8I	80	80	80	80.0	1.000	0.0
FAM_T7	T	6	6	100.0%	core	T1O	76	76	76	76.0	0.333	0.0
FAM_T8	T	3	3	50.0%	accessory	T7N	75	75	75	75.0	0.333	0.0
FAM_T9	T	15	3	50.0%	accessory	T2Q	76	75	76	75.9	0.200	0.1
FAM_T10	T	6	6	100.0%	core	T1P	87	87	87	87.0	0.333	0.0
FAM_T11	T	3	3	50.0%	accessory	T6S	76	76	76	76.0	0.333	0.0
FAM_T12	T	3	3	50.0%	accessory	T5Y	90	90	90	90.0	0.333	0.0
FAM_T13	T	3	3	50.0%	accessory	T6U	75	75	75	75.0	0.333	0.0
FAM_T14	T	9	6	100.0%	core	T1	77	77	77	77.0	0.111	0.0
FAM_T15	T	12	3	50.0%	accessory	T1T	77	77	77	77.0	0.083	0.0
FAM_T16	T	16	3	50.0%	accessory	T2P	76	76	76	76.0	0.062	0.0
FAM_T17	T	5	5	83.3%	accessory	T3L	76	76	76	76.0	0.600	0.0
FAM_T18	T	3	3	50.0%	accessory	T1R	74	74	74	74.0	0.333	0.0
FAM_T19	T	12	3	50.0%	accessory	T2D	75	75	75	75.0	0.167	0.0
FAM_T20	T	12	3	50.0%	accessory	T69	75	75	75	75.0	0.167	0.0
FAM_T21	T	3	3	50.0%	accessory	T75	76	76	76	76.0	0.333	0.0
FAM_T22	T	6	3	50.0%	accessory	T35	77	77	77	77.0	0.333	0.0
FAM_T23	T	9	6	100.0%	core	T19	85	85	85	85.0	0.222	0.0
FAM_T24	T	9	6	100.0%	core	T26	85	85	85	85.0	0.222	0.0
FAM_T25	T	6	3	50.0%	accessory	T4T	76	76	76	76.0	0.333	0.0
FAM_T26	T	12	6	100.0%	core	T23	76	76	76	76.0	0.083	0.0
FAM_T27	T	12	6	100.0%	core	T1Q	77	77	77	77.0	0.250	0.0
FAM_T28	T	9	6	100.0%	core	T1M	77	77	77	77.0	0.111	0.0
FAM_T29	T	15	6	100.0%	core	T16	76	76	76	76.0	0.133	0.0
FAM_T30	T	12	6	100.0%	core	T17	76	76	76	76.0	0.083	0.0
FAM_T31	T	3	3	50.0%	accessory	T76	77	77	77	77.0	0.333	0.0
FAM_T32	T	3	3	50.0%	accessory	T1A	75	75	75	75.0	0.333	0.0
FAM_T33	T	4	2	33.3%	accessory	T4U	77	77	77	77.0	0.250	0.0
FAM_T34	T	6	6	100.0%	core	T1K	76	76	76	76.0	0.500	0.0
FAM_T35	T	11	6	100.0%	core	T28	88	88	89	88.1	0.273	0.1
FAM_T36	T	15	6	100.0%	core	T1N	76	76	76	76.0	0.133	0.0
FAM_T37	T	9	3	50.0%	accessory	T2K	77	77	77	77.0	0.111	0.0
FAM_T38	T	6	3	50.0%	accessory	T2B	77	77	77	77.0	0.167	0.0
FAM_T39	T	6	3	50.0%	accessory	T67	77	77	77	77.0	0.167	0.0
FAM_T40	T	18	3	50.0%	accessory	T77	76	76	76	76.0	0.056	0.0
FAM_T41	T	13	6	100.0%	core	T37	76	76	76	76.0	0.077	0.0
FAM_T42	T	6	6	100.0%	core	T1B	76	76	76	76.0	0.333	0.0
FAM_T43	T	6	6	100.0%	core	T29	88	88	88	88.0	0.333	0.0
FAM_T44	T	6	3	50.0%	accessory	T4V	77	77	77	77.0	0.667	0.0
FAM_T45	T	6	6	100.0%	core	T1X	76	76	76	76.0	0.500	0.0
FAM_T46	T	9	3	50.0%	accessory	T6J	77	77	77	77.0	0.111	0.0
FAM_T47	T	3	3	50.0%	accessory	T10	76	76	76	76.0	0.333	0.0
FAM_T48	T	15	3	50.0%	accessory	T78	76	76	76	76.0	0.067	0.0
FAM_T49	T	6	6	100.0%	core	T3M	95	95	95	95.0	0.333	0.0
FAM_T50	T	3	3	50.0%	accessory	T2M	76	76	76	76.0	0.333	0.0
FAM_T51	T	3	3	50.0%	accessory	T11	77	77	77	77.0	0.333	0.0
FAM_T52	T	12	6	100.0%	core	T1D	76	76	76	76.0	0.083	0.0
SING_TDH	T	1	1	16.7%	accessory	TDH	75	75	75	75.0	1.000	0.0
SING_T6	T	1	1	16.7%	accessory	T6	71	71	71	71.0	1.000	0.0
FAM_T53	T	3	3	50.0%	accessory	T12	76	76	76	76.0	0.333	0.0
FAM_T54	T	12	6	100.0%	core	T1Y	76	76	76	76.0	0.083	0.0
FAM_T55	T	3	3	50.0%	accessory	T5I	77	77	77	77.0	0.333	0.0
FAM_T56	T	3	3	50.0%	accessory	T3A	77	77	77	77.0	0.333	0.0
FAM_T57	T	2	2	33.3%	accessory	T59	90	90	90	90.0	0.500	0.0
SING_T66	T	1	1	16.7%	accessory	T66	88	88	88	88.0	1.000	0.0
FAM_T58	T	2	2	33.3%	accessory	T2N	84	84	84	84.0	0.500	0.0
FAM_T59	T	3	3	50.0%	accessory	T22	90	90	90	90.0	0.667	0.0
FAM_T60	T	3	3	50.0%	accessory	T24	74	74	74	74.0	0.333	0.0
SING_TDI	T	1	1	16.7%	accessory	TDI	87	87	87	87.0	1.000	0.0
FAM_T61	T	3	3	50.0%	accessory	T2O	77	77	77	77.0	0.333	0.0
FAM_T62	T	9	2	33.3%	accessory	T2V	76	76	76	76.0	0.333	0.0
FAM_T63	T	3	3	50.0%	accessory	T3B	75	75	75	75.0	0.333	0.0
FAM_T64	T	6	6	100.0%	core	T2C	85	85	85	85.0	0.333	0.0
FAM_T65	T	6	6	100.0%	core	T25	87	87	87	87.0	0.333	0.0
SING_TDJ	T	1	1	16.7%	accessory	TDJ	76	76	76	76.0	1.000	0.0
FAM_T66	T	3	3	50.0%	accessory	T14	77	77	77	77.0	0.333	0.0
FAM_T67	T	6	6	100.0%	core	T1G	85	85	85	85.0	0.333	0.0
SING_TDK	T	1	1	16.7%	accessory	TDK	87	87	87	87.0	1.000	0.0
FAM_T68	T	11	6	100.0%	core	T21	76	76	76	76.0	0.091	0.0
FAM_T69	T	9	2	33.3%	accessory	T2X	77	77	77	77.0	0.444	0.0
FAM_T70	T	6	6	100.0%	core	T3K	76	76	76	76.0	0.167	0.0
SING_T7E	T	1	1	16.7%	accessory	T7E	77	77	77	77.0	1.000	0.0
FAM_T71	T	12	6	100.0%	core	T3H	77	77	77	77.0	0.083	0.0
FAM_T72	T	3	3	50.0%	accessory	T8	95	95	95	95.0	0.667	0.0
FAM_T73	T	3	3	50.0%	accessory	T18	76	76	76	76.0	0.333	0.0
FAM_T74	T	3	3	50.0%	accessory	T5O	74	74	74	74.0	0.333	0.0
FAM_T75	T	3	3	50.0%	accessory	T6K	76	76	76	76.0	0.333	0.0
SING_T7G	T	1	1	16.7%	accessory	T7G	77	77	77	77.0	1.000	0.0
FAM_T76	T	6	6	100.0%	core	T1S	93	93	93	93.0	0.333	0.0
FAM_T77	T	3	3	50.0%	accessory	T6L	77	77	77	77.0	0.333	0.0
FAM_T78	T	22	6	100.0%	core	T13	87	86	87	86.8	0.273	0.2
FAM_T79	T	11	3	50.0%	accessory	T5Q	77	77	77	77.0	0.091	0.0
FAM_T80	T	3	3	50.0%	accessory	T6M	76	76	76	76.0	0.333	0.0
FAM_T81	T	6	3	50.0%	accessory	T7I	77	77	77	77.0	0.333	0.0
FAM_T82	T	3	3	50.0%	accessory	T1L	77	77	77	77.0	0.333	0.0
FAM_T83	T	2	2	33.3%	accessory	T4W	90	90	90	90.0	0.500	0.0
FAM_T84	T	3	3	50.0%	accessory	T6O	77	77	77	77.0	0.333	0.0
FAM_R1	R	42	6	100.0%	core	R1	1538	1535	1539	1537.9	0.571	0.3
FAM_R2	R	48	6	100.0%	core	R12	111	111	111	111.0	0.104	0.0
FAM_R3	R	42	6	100.0%	core	R11	2902	2898	2903	2901.1	0.714	1.1
FAM_C1	C	81	4	66.7%	accessory	C1	10	10	10	10.0	1.000	0.0
SING_CH	C	1	1	16.7%	accessory	CH	10	10	10	10.0	1.000	0.0
SING_CX	C	1	1	16.7%	accessory	CX	10	10	10	10.0	1.000	0.0
SING_C1D	C	1	1	16.7%	accessory	C1D	10	10	10	10.0	1.000	0.0
SING_C1T	C	1	1	16.7%	accessory	C1T	10	10	10	10.0	1.000	0.0
SING_C29	C	1	1	16.7%	accessory	C29	10	10	10	10.0	1.000	0.0
SING_C2	C	1	1	16.7%	accessory	C2	10	10	10	10.0	1.000	0.0
SING_CI	C	1	1	16.7%	accessory	CI	10	10	10	10.0	1.000	0.0
SING_CY	C	1	1	16.7%	accessory	CY	10	10	10	10.0	1.000	0.0
SING_C1E	C	1	1	16.7%	accessory	C1E	10	10	10	10.0	1.000	0.0
SING_C1U	C	1	1	16.7%	accessory	C1U	10	10	10	10.0	1.000	0.0
SING_C2A	C	1	1	16.7%	accessory	C2A	10	10	10	10.0	1.000	0.0
SING_CJ	C	1	1	16.7%	accessory	CJ	10	10	10	10.0	1.000	0.0
SING_C3	C	1	1	16.7%	accessory	C3	10	10	10	10.0	1.000	0.0
SING_CZ	C	1	1	16.7%	accessory	CZ	10	10	10	10.0	1.000	0.0
SING_C1F	C	1	1	16.7%	accessory	C1F	10	10	10	10.0	1.000	0.0
SING_C1V	C	1	1	16.7%	accessory	C1V	10	10	10	10.0	1.000	0.0
SING_C2B	C	1	1	16.7%	accessory	C2B	10	10	10	10.0	1.000	0.0
SING_CK	C	1	1	16.7%	accessory	CK	10	10	10	10.0	1.000	0.0
SING_C10	C	1	1	16.7%	accessory	C10	10	10	10	10.0	1.000	0.0
SING_C4	C	1	1	16.7%	accessory	C4	10	10	10	10.0	1.000	0.0
SING_C1G	C	1	1	16.7%	accessory	C1G	10	10	10	10.0	1.000	0.0
SING_C1W	C	1	1	16.7%	accessory	C1W	10	10	10	10.0	1.000	0.0
SING_C2C	C	1	1	16.7%	accessory	C2C	10	10	10	10.0	1.000	0.0
SING_CL	C	1	1	16.7%	accessory	CL	10	10	10	10.0	1.000	0.0
SING_C11	C	1	1	16.7%	accessory	C11	10	10	10	10.0	1.000	0.0
SING_C5	C	1	1	16.7%	accessory	C5	10	10	10	10.0	1.000	0.0
SING_C1H	C	1	1	16.7%	accessory	C1H	10	10	10	10.0	1.000	0.0
SING_C1X	C	1	1	16.7%	accessory	C1X	10	10	10	10.0	1.000	0.0
SING_C2D	C	1	1	16.7%	accessory	C2D	10	10	10	10.0	1.000	0.0
SING_C12	C	1	1	16.7%	accessory	C12	10	10	10	10.0	1.000	0.0
SING_C6	C	1	1	16.7%	accessory	C6	10	10	10	10.0	1.000	0.0
SING_CM	C	1	1	16.7%	accessory	CM	10	10	10	10.0	1.000	0.0
SING_C1I	C	1	1	16.7%	accessory	C1I	10	10	10	10.0	1.000	0.0
SING_C1Y	C	1	1	16.7%	accessory	C1Y	10	10	10	10.0	1.000	0.0
SING_C2E	C	1	1	16.7%	accessory	C2E	10	10	10	10.0	1.000	0.0
SING_C7	C	1	1	16.7%	accessory	C7	10	10	10	10.0	1.000	0.0
SING_CN	C	1	1	16.7%	accessory	CN	10	10	10	10.0	1.000	0.0
SING_C13	C	1	1	16.7%	accessory	C13	10	10	10	10.0	1.000	0.0
SING_C1J	C	1	1	16.7%	accessory	C1J	10	10	10	10.0	1.000	0.0
SING_C1Z	C	1	1	16.7%	accessory	C1Z	10	10	10	10.0	1.000	0.0
SING_C2F	C	1	1	16.7%	accessory	C2F	10	10	10	10.0	1.000	0.0
SING_C8	C	1	1	16.7%	accessory	C8	10	10	10	10.0	1.000	0.0
SING_CO	C	1	1	16.7%	accessory	CO	10	10	10	10.0	1.000	0.0
SING_C14	C	1	1	16.7%	accessory	C14	10	10	10	10.0	1.000	0.0
SING_C1K	C	1	1	16.7%	accessory	C1K	10	10	10	10.0	1.000	0.0
SING_C20	C	1	1	16.7%	accessory	C20	10	10	10	10.0	1.000	0.0
SING_C9	C	1	1	16.7%	accessory	C9	10	10	10	10.0	1.000	0.0
SING_CP	C	1	1	16.7%	accessory	CP	10	10	10	10.0	1.000	0.0
SING_C15	C	1	1	16.7%	accessory	C15	10	10	10	10.0	1.000	0.0
SING_C1L	C	1	1	16.7%	accessory	C1L	10	10	10	10.0	1.000	0.0
SING_C21	C	1	1	16.7%	accessory	C21	10	10	10	10.0	1.000	0.0
SING_CA	C	1	1	16.7%	accessory	CA	10	10	10	10.0	1.000	0.0
SING_CQ	C	1	1	16.7%	accessory	CQ	10	10	10	10.0	1.000	0.0
SING_C16	C	1	1	16.7%	accessory	C16	10	10	10	10.0	1.000	0.0
SING_C1M	C	1	1	16.7%	accessory	C1M	10	10	10	10.0	1.000	0.0
SING_C22	C	1	1	16.7%	accessory	C22	10	10	10	10.0	1.000	0.0
SING_CB	C	1	1	16.7%	accessory	CB	10	10	10	10.0	1.000	0.0
SING_CR	C	1	1	16.7%	accessory	CR	10	10	10	10.0	1.000	0.0
SING_C17	C	1	1	16.7%	accessory	C17	10	10	10	10.0	1.000	0.0
SING_C1N	C	1	1	16.7%	accessory	C1N	10	10	10	10.0	1.000	0.0
SING_C23	C	1	1	16.7%	accessory	C23	10	10	10	10.0	1.000	0.0
SING_CC	C	1	1	16.7%	accessory	CC	10	10	10	10.0	1.000	0.0
SING_CS	C	1	1	16.7%	accessory	CS	10	10	10	10.0	1.000	0.0
SING_C18	C	1	1	16.7%	accessory	C18	10	10	10	10.0	1.000	0.0
SING_C1O	C	1	1	16.7%	accessory	C1O	10	10	10	10.0	1.000	0.0
SING_C24	C	1	1	16.7%	accessory	C24	10	10	10	10.0	1.000	0.0
SING_CD	C	1	1	16.7%	accessory	CD	10	10	10	10.0	1.000	0.0
SING_CT	C	1	1	16.7%	accessory	CT	10	10	10	10.0	1.000	0.0
SING_C19	C	1	1	16.7%	accessory	C19	10	10	10	10.0	1.000	0.0
SING_C1P	C	1	1	16.7%	accessory	C1P	10	10	10	10.0	1.000	0.0
SING_C25	C	1	1	16.7%	accessory	C25	10	10	10	10.0	1.000	0.0
SING_CE	C	1	1	16.7%	accessory	CE	10	10	10	10.0	1.000	0.0
SING_CU	C	1	1	16.7%	accessory	CU	10	10	10	10.0	1.000	0.0
SING_C1A	C	1	1	16.7%	accessory	C1A	10	10	10	10.0	1.000	0.0
SING_C1Q	C	1	1	16.7%	accessory	C1Q	10	10	10	10.0	1.000	0.0
SING_C26	C	1	1	16.7%	accessory	C26	10	10	10	10.0	1.000	0.0
SING_CF	C	1	1	16.7%	accessory	CF	10	10	10	10.0	1.000	0.0
SING_CV	C	1	1	16.7%	accessory	CV	10	10	10	10.0	1.000	0.0
SING_C1B	C	1	1	16.7%	accessory	C1B	10	10	10	10.0	1.000	0.0
SING_C1R	C	1	1	16.7%	accessory	C1R	10	10	10	10.0	1.000	0.0
SING_C27	C	1	1	16.7%	accessory	C27	10	10	10	10.0	1.000	0.0
SING_CG	C	1	1	16.7%	accessory	CG	10	10	10	10.0	1.000	0.0
SING_CW	C	1	1	16.7%	accessory	CW	10	10	10	10.0	1.000	0.0
SING_C1C	C	1	1	16.7%	accessory	C1C	10	10	10	10.0	1.000	0.0
SING_C1S	C	1	1	16.7%	accessory	C1S	10	10	10	10.0	1.000	0.0
SING_C28	C	1	1	16.7%	accessory	C28	10	10	10	10.0	1.000	0.0
